from_tconst,from_title,from_year,from_runtimeMinutes,from_averageRating,from_numVotes,from_budget,from_revenue,from_budget_formatted,from_revenue_formatted,budget_2023,revenue_2023,budget_2023_formatted,revenue_2023_formatted
tt0035423,Kate & Leopold,2001,118,6.4,91466,48000000,76019048,"48,000,000","76,019,048",82584392.99830605,130791394.48727272,"82,584,392","130,791,394"
tt0065134,Two Mules for Sister Sara,1970,116,7.0,31918,2500000,5050000,"2,500,000","5,050,000",19632860.82474227,39658378.86597938,"19,632,860","39,658,378"
tt0065377,Airport,1970,137,6.6,22999,10000000,100489151,"10,000,000","100,489,151",78531443.29896908,789155806.3918041,"78,531,443","789,155,806"
tt0065462,Beneath the Planet of the Apes,1970,95,6.0,55550,3000000,18999718,"3,000,000","18,999,718",23559432.989690725,149207527.68134022,"23,559,432","149,207,527"
tt0065466,Beyond the Valley of the Dolls,1970,109,6.1,12467,2090000,9000000,"2,090,000","9,000,000",16413071.649484538,70678298.96907216,"16,413,071","70,678,298"
tt0065488,The Boys in the Band,1970,120,7.6,6183,5500000,3500000,"5,500,000","3,500,000",43192293.81443299,27486005.154639177,"43,192,293","27,486,005"
tt0065528,Catch-22,1970,122,7.1,27289,18000000,24911670,"18,000,000","24,911,670",141356597.93814433,195634940.0087629,"141,356,597","195,634,940"
tt0065611,Darling Lili,1970,136,6.0,2532,25000000,3250000,"25,000,000","3,250,000",196328608.2474227,25522719.07216495,"196,328,608","25,522,719"
tt0065856,House of Dark Shadows,1970,97,6.3,3576,750000,3672000,"750,000","3,672,000",5889858.247422681,28836745.979381446,"5,889,858","28,836,745"
tt0065988,Little Big Man,1970,139,7.5,38856,15000000,31559552,"15,000,000","31,559,552",117797164.94845362,247841716.8428866,"117,797,164","247,841,716"
tt0066011,Love Story,1970,100,6.9,38690,2200000,136400000,"2,200,000","136,400,000",17276917.525773197,1071168886.5979382,"17,276,917","1,071,168,886"
tt0066026,M*A*S*H,1970,116,7.3,79899,3500000,81600000,"3,500,000","81,600,000",27486005.154639177,640816577.3195877,"27,486,005","640,816,577"
tt0066090,The Molly Maguires,1970,124,6.8,4484,11000000,2200000,"11,000,000","2,200,000",86384587.62886599,17276917.525773197,"86,384,587","17,276,917"
tt0066115,Myra Breckinridge,1970,94,4.5,3581,5000000,3000000,"5,000,000","3,000,000",39265721.64948454,23559432.989690725,"39,265,721","23,559,432"
tt0066206,Patton,1970,172,7.9,110690,12000000,89800000,"12,000,000","89,800,000",94237731.9587629,705212360.8247423,"94,237,731","705,212,360"
tt0066319,Ryan's Daughter,1970,200,7.4,11094,13300000,30800000,"13,300,000","30,800,000",104446819.58762887,241876845.36082476,"104,446,819","241,876,845"
tt0066473,Tora! Tora! Tora!,1970,144,7.5,38422,25485000,37150000,"25,485,000","37,150,000",200137383.2474227,291744311.85567015,"200,137,383","291,744,311"
tt0066495,The Twelve Chairs,1970,94,6.4,7353,1500000,1806258,"1,500,000","1,806,258",11779716.494845362,14184804.77103093,"11,779,716","14,184,804"
tt0066549,Waterloo,1970,123,7.3,13428,25000000,3052000,"25,000,000","3,052,000",196328608.2474227,23967796.494845364,"196,328,608","23,967,796"
tt0066769,The Andromeda Strain,1971,131,7.2,41813,6500000,12376563,"6,500,000","12,376,563",48902790.12345679,93115148.12903704,"48,902,790","93,115,148"
tt0066808,Bananas,1971,82,6.9,38733,2000000,11833696,"2,000,000","11,833,696",15047012.345679013,89030884.90350617,"15,047,012","89,030,884"
tt0066921,A Clockwork Orange,1971,136,8.2,906884,2200000,27033812,"2,200,000","27,033,812",16551713.580246914,203389051.4573827,"16,551,713","203,389,051"
tt0066952,"Count Yorga, Vampire",1970,93,5.7,3195,64000,7000000,"64,000","7,000,000",502601.2371134021,54972010.309278354,"502,601","54,972,010"
tt0066993,The Devils,1971,111,7.7,19623,2000000,11000000,"2,000,000","11,000,000",15047012.345679013,82758567.90123457,"15,047,012","82,758,567"
tt0066995,Diamonds Are Forever,1971,120,6.5,117642,7200000,116019547,"7,200,000","116,019,547",54169244.44444445,872873778.0245433,"54,169,244","872,873,778"
tt0066999,Dirty Harry,1971,102,7.7,174104,4000000,35976000,"4,000,000","35,976,000",30094024.691358026,270665658.0740741,"30,094,024","270,665,658"
tt0067065,Escape from the Planet of the Apes,1971,98,6.3,42805,2500000,12348905,"2,500,000","12,348,905",18808765.432098765,92907062.99530864,"18,808,765","92,907,062"
tt0067093,Fiddler on the Roof,1971,181,8.0,49579,9000000,83304330,"9,000,000","83,304,330",67711555.55555555,626740640.9792593,"67,711,555","626,740,640"
tt0067116,The French Connection,1971,104,7.7,142990,1800000,41200000,"1,800,000","41,200,000",13542311.111111112,309968454.32098764,"13,542,311","309,968,454"
tt0067309,Klute,1971,114,7.1,31669,2500000,12512637,"2,500,000","12,512,637",18808765.432098765,94138901.70799999,"18,808,765","94,138,901"
tt0067328,The Last Picture Show,1971,118,8.0,54624,1300000,29133000,"1,300,000","29,133,000",9780558.024691358,219182305.33333334,"9,780,558","219,182,305"
tt0067372,Macbeth,1971,140,7.4,15474,2400000,1000000,"2,400,000","1,000,000",18056414.814814813,7523506.1728395065,"18,056,414","7,523,506"
tt0067482,A New Leaf,1971,102,7.3,8061,4000000,5000000,"4,000,000","5,000,000",30094024.691358026,37617530.86419753,"30,094,024","37,617,530"
tt0067588,Play Misty for Me,1971,102,6.9,33288,725000,10600000,"725,000","10,600,000",5454541.975308642,79749165.43209876,"5,454,541","79,749,165"
tt0067800,Straw Dogs,1971,113,7.4,66170,2200000,3251794,"2,200,000","3,251,794",16551713.580246914,24464892.23180247,"16,551,713","24,464,892"
tt0067927,Vanishing Point,1971,99,7.2,31453,1300000,72266306,"1,300,000","72,266,306",9780558.024691358,543695999.2793087,"9,780,558","543,695,999"
tt0067992,Willy Wonka & the Chocolate Factory,1971,100,7.8,235735,3000000,4000000,"3,000,000","4,000,000",22570518.51851852,30094024.691358026,"22,570,518","30,094,024"
tt0068334,The Candidate,1972,110,7.0,12405,1600000,2500000,"1,600,000","2,500,000",11663234.449760767,18223803.827751197,"11,663,234","18,223,803"
tt0068408,Conquest of the Planet of the Apes,1972,88,6.1,38944,1700000,9700000,"1,700,000","9,700,000",12392186.602870815,70708358.85167465,"12,392,186","70,708,358"
tt0068473,Deliverance,1972,109,7.6,123802,2000000,46122355,"2,000,000","46,122,355",14579043.062200958,336209899.8375598,"14,579,043","336,209,899"
tt0068555,Everything You Always Wanted to Know About Sex * But Were Afraid to Ask,1972,88,6.7,42673,2000000,18016290,"2,000,000","18,016,290",14579043.062200958,131330133.86555025,"14,579,043","131,330,133"
tt0068611,Frenzy,1972,116,7.4,51120,2000000,12600000,"2,000,000","12,600,000",14579043.062200958,91847971.29186603,"14,579,043","91,847,971"
tt0068638,The Getaway,1972,123,7.3,36969,3352254,36734619,"3,352,254","36,734,619",24436327.710717704,267777796.13727275,"24,436,327","267,777,796"
tt0068646,The Godfather,1972,175,9.2,2107137,6000000,245066411,"6,000,000","245,066,411",43737129.186602876,1786416879.5340192,"43,737,129","1,786,416,879"
tt0068699,High Plains Drifter,1973,105,7.4,66998,5500000,15700000,"5,500,000","15,700,000",37744617.11711712,107743725.22522523,"37,744,617","107,743,725"
tt0068718,The Hot Rock,1972,101,6.8,7171,4895000,3500000,"4,895,000","3,500,000",35682207.89473684,25513325.358851675,"35,682,207","25,513,325"
tt0068828,Lady Sings the Blues,1972,144,7.0,5044,2000000,19726490,"2,000,000","19,726,490",14579043.062200958,143796673.58803827,"14,579,043","143,796,673"
tt0068909,Man of La Mancha,1972,132,6.5,4960,12000000,11500000,"12,000,000","11,500,000",87474258.37320575,83829497.60765551,"87,474,258","83,829,497"
tt0069089,Pink Flamingos,1972,93,6.0,29343,12000,6000000,"12,000","6,000,000",87474.25837320575,43737129.186602876,"87,474","43,737,129"
tt0069113,The Poseidon Adventure,1972,117,7.1,51395,5000000,84563118,"5,000,000","84,563,118",36447607.655502394,616424669.3979905,"36,447,607","616,424,669"
tt0069332,Super Fly,1972,91,6.4,8919,500000,30000000,"500,000","30,000,000",3644760.7655502395,218685645.93301436,"3,644,760","218,685,645"
tt0069449,Up the Sandbox,1972,97,5.7,1725,2926000,3500000,"2,926,000","3,500,000",21329140.0,25513325.358851675,"21,329,140","25,513,325"
tt0069495,"What's Up, Doc?",1972,94,7.7,28524,4000000,66000000,"4,000,000","66,000,000",29158086.124401916,481108421.0526316,"29,158,086","481,108,421"
tt0069704,American Graffiti,1973,110,7.4,101572,777000,140000000,"777,000","140,000,000",5332285.0,960772072.0720721,"5,332,285","960,772,072"
tt0069768,Battle for the Planet of the Apes,1973,93,5.4,36465,1700000,8844595,"1,700,000","8,844,595",11666518.018018018,60697427.605630636,"11,666,518","60,697,427"
tt0069897,Coffy,1973,90,6.8,13802,500000,4000000,"500,000","4,000,000",3431328.828828829,27450630.63063063,"3,431,328","27,450,630"
tt0069976,Dillinger,1973,107,6.9,6111,1000000,2000000,"1,000,000","2,000,000",6862657.657657658,13725315.315315315,"6,862,657","13,725,315"
tt0070034,Enter the Dragon,1973,102,7.6,116125,850000,400000000,"850,000","400,000,000",5833259.009009009,2745063063.063063,"5,833,259","2,745,063,063"
tt0070047,The Exorcist,1973,122,8.1,474372,12000000,441306145,"12,000,000","441,306,145",82351891.8918919,3028532995.3556304,"82,351,891","3,028,532,995"
tt0070165,Heavy Traffic,1973,77,6.5,3927,950000,1500000,"950,000","1,500,000",6519524.774774775,10293986.486486487,"6,519,524","10,293,986"
tt0070239,Jesus Christ Superstar,1973,106,7.4,30805,3500000,24593103,"3,500,000","24,593,103",24019301.8018018,168774046.62851351,"24,019,301","168,774,046"
tt0070287,The Last American Hero,1973,95,6.4,2343,2000000,1000000,"2,000,000","1,000,000",13725315.315315315,6862657.657657658,"13,725,315","6,862,657"
tt0070290,The Last Detail,1973,104,7.5,29709,2300000,10000000,"2,300,000","10,000,000",15784112.612612613,68626576.57657658,"15,784,112","68,626,576"
tt0070328,Live and Let Die,1973,121,6.7,119114,7000000,126400000,"7,000,000","126,400,000",48038603.6036036,867439927.927928,"48,038,603","867,439,927"
tt0070334,The Long Goodbye,1973,112,7.5,40039,1700000,959000,"1,700,000","959,000",11666518.018018018,6581288.693693694,"11,666,518","6,581,288"
tt0070337,Lost Horizon,1973,150,5.2,2991,5900000,3800000,"5,900,000","3,800,000",40489680.180180185,26078099.0990991,"40,489,680","26,078,099"
tt0070379,Mean Streets,1973,112,7.2,123546,500000,3000000,"500,000","3,000,000",3431328.828828829,20587972.972972974,"3,431,328","20,587,972"
tt0070510,Paper Moon,1973,102,8.1,54618,2500000,30900000,"2,500,000","30,900,000",17156644.144144144,212056121.62162164,"17,156,644","212,056,121"
tt0070511,Papillon,1973,151,8.0,141701,12000000,53267000,"12,000,000","53,267,000",82351891.8918919,365553185.4504505,"82,351,891","365,553,185"
tt0070608,Robin Hood,1973,83,7.5,143785,5000000,33000000,"5,000,000","33,000,000",34313288.28828829,226467702.7027027,"34,313,288","226,467,702"
tt0070666,Serpico,1973,130,7.7,140101,3000000,29800000,"3,000,000","29,800,000",20587972.972972974,204507198.1981982,"20,587,972","204,507,198"
tt0070698,Sisters,1972,93,6.9,22030,500000,1000000,"500,000","1,000,000",3644760.7655502395,7289521.531100479,"3,644,760","7,289,521"
tt0070707,Sleeper,1973,89,7.1,45569,2000000,18344729,"2,000,000","18,344,729",13725315.315315315,125893594.94950451,"13,725,315","125,893,594"
tt0070735,The Sting,1973,129,8.3,288607,5500000,159616327,"5,500,000","159,616,327",37744617.11711712,1095392208.7737389,"37,744,617","1,095,392,208"
tt0070909,Westworld,1973,88,6.9,64791,1200000,10000000,"1,200,000","10,000,000",8235189.189189189,68626576.57657658,"8,235,189","68,626,576"
tt0070917,The Wicker Man,1973,88,7.5,98869,810000,513000,"810,000","513,000",5558752.702702703,3520543.3783783787,"5,558,752","3,520,543"
tt0071110,Airport 1975,1974,107,5.7,12595,3000000,47000000,"3,000,000","47,000,000",18541703.853955377,290486693.7119676,"18,541,703","290,486,693"
tt0071222,Black Christmas,1974,98,7.1,52490,686000,4000000,"686,000","4,000,000",4239869.614604463,24722271.805273835,"4,239,869","24,722,271"
tt0071230,Blazing Saddles,1974,93,7.7,157787,2600000,119500000,"2,600,000","119,500,000",16069476.673427993,738577870.1825558,"16,069,476","738,577,870"
tt0071249,Bring Me the Head of Alfredo Garcia,1974,112,7.4,22285,1500000,700000,"1,500,000","700,000",9270851.926977688,4326397.5659229215,"9,270,851","4,326,397"
tt0071315,Chinatown,1974,130,8.1,362781,6000000,30000000,"6,000,000","30,000,000",37083407.707910754,185417038.53955376,"37,083,407","185,417,038"
tt0071360,The Conversation,1974,113,7.7,129032,1600000,4794457,"1,600,000","4,794,457",9888908.722109534,29632467.27817444,"9,888,908","29,632,467"
tt0071402,Death Wish,1974,93,6.9,45755,3000000,76600000,"3,000,000","76,600,000",18541703.853955377,473431505.07099396,"18,541,703","473,431,505"
tt0071455,Earthquake,1974,122,5.9,18539,7000000,79666653,"7,000,000","79,666,653",43263975.65922921,492385162.3206085,"43,263,975","492,385,162"
tt0071562,The Godfather Part II,1974,202,9.0,1419160,13000000,102600000,"13,000,000","102,600,000",80347383.36713997,634126271.8052739,"80,347,383","634,126,271"
tt0071571,Gone in 60 Seconds,1974,98,6.3,10294,1000000,40000000,"1,000,000","40,000,000",6180567.951318459,247222718.05273834,"6,180,567","247,222,718"
tt0071577,The Great Gatsby,1974,144,6.4,27484,6500000,26533200,"6,500,000","26,533,200",40173691.68356998,163990245.56592292,"40,173,691","163,990,245"
tt0071598,Harry and Tonto,1974,115,7.3,6467,980000,4600000,"980,000","4,600,000",6056956.59229209,28430612.57606491,"6,056,956","28,430,612"
tt0071675,It's Alive,1974,91,5.8,9347,500000,7100000,"500,000","7,100,000",3090283.9756592293,43882032.45436106,"3,090,283","43,882,032"
tt0071771,The Longest Yard,1974,121,7.1,22245,2900000,43008075,"2,900,000","43,008,075",17923647.05882353,265814329.9929006,"17,923,647","265,814,329"
tt0071807,The Man with the Golden Gun,1974,125,6.7,116513,7000000,97600000,"7,000,000","97,600,000",43263975.65922921,603223432.0486816,"43,263,975","603,223,432"
tt0071853,Monty Python and the Holy Grail,1975,91,8.2,584675,400000,5028948,"400,000","5,028,948",2265442.379182156,28481979.804758366,"2,265,442","28,481,979"
tt0071877,Murder on the Orient Express,1974,128,7.2,71644,1400000,35700000,"1,400,000","35,700,000",8652795.131845843,220646275.86206898,"8,652,795","220,646,275"
tt0072081,The Return of the Pink Panther,1975,113,7.0,30891,5000000,41833347,"5,000,000","41,833,347",28318029.739776954,236927592.8920818,"28,318,029","236,927,592"
tt0072226,The Sugarland Express,1974,110,6.7,20421,3000000,12800000,"3,000,000","12,800,000",18541703.853955377,79111269.77687627,"18,541,703","79,111,269"
tt0072271,The Texas Chain Saw Massacre,1974,83,7.4,196455,140000,30900000,"140,000","30,900,000",865279.5131845842,190979549.69574037,"865,279","190,979,549"
tt0072288,Thunderbolt and Lightfoot,1974,115,7.0,30310,4000000,25000000,"4,000,000","25,000,000",24722271.805273835,154514198.78296146,"24,722,271","154,514,198"
tt0072308,The Towering Inferno,1974,165,7.0,50079,14000000,116000000,"14,000,000","116,000,000",86527951.31845842,716945882.3529413,"86,527,951","716,945,882"
tt0072431,Young Frankenstein,1974,106,8.0,174699,2800000,86273333,"2,800,000","86,273,333",17305590.263691686,533218196.99322516,"17,305,590","533,218,196"
tt0072608,The Adventure of Sherlock Holmes' Smarter Brother,1975,91,6.0,7553,2800000,20000000,"2,800,000","20,000,000",15858096.654275093,113272118.95910782,"15,858,096","113,272,118"
tt0072665,At Long Last Love,1975,118,5.3,1458,6000000,1500000,"6,000,000","1,500,000",33981635.68773235,8495408.921933087,"33,981,635","8,495,408"
tt0072730,A Boy and His Dog,1975,91,6.4,20034,400000,6900000,"400,000","6,900,000",2265442.379182156,39078881.0408922,"2,265,442","39,078,881"
tt0072761,Capone,1975,101,5.7,3342,970000,2000000,"970,000","2,000,000",5493697.769516729,11327211.89591078,"5,493,697","11,327,211"
tt0072856,Death Race 2000,1975,80,6.2,32273,300000,8000000,"300,000","8,000,000",1699081.7843866171,45308847.58364312,"1,699,081","45,308,847"
tt0072890,Dog Day Afternoon,1975,125,8.0,280655,1800000,46665856,"1,800,000","46,665,856",10194490.706319703,264297019.60802975,"10,194,490","264,297,019"
tt0072895,Dolemite,1975,90,5.6,7066,120000,12000000,"120,000","12,000,000",679632.7137546468,67963271.3754647,"679,632","67,963,271"
tt0072973,"Farewell, My Lovely",1975,95,7.0,10182,2500000,2000000,"2,500,000","2,000,000",14159014.869888477,11327211.89591078,"14,159,014","11,327,211"
tt0073096,Hearts of the West,1975,102,6.5,1832,2000000,1600000,"2,000,000","1,600,000",11327211.89591078,9061769.516728625,"11,327,211","9,061,769"
tt0073195,Jaws,1975,124,8.1,689396,7000000,470653000,"7,000,000","470,653,000",39645241.63568773,2665593130.2230487,"39,645,241","2,665,593,130"
tt0073240,The Killer Elite,1975,122,6.0,7661,5000000,1000000,"5,000,000","1,000,000",28318029.739776954,5663605.94795539,"28,318,029","5,663,605"
tt0073282,Let's Do It Again,1975,110,6.7,3465,70000,11800000,"70,000","11,800,000",396452.41635687737,66830550.18587361,"396,452","66,830,550"
tt0073312,Love and Death,1975,85,7.6,42121,3000000,20173742,"3,000,000","20,173,742",16990817.843866173,114256125.18371747,"16,990,817","114,256,125"
tt0073317,Lucky Lady,1975,118,5.2,1422,13000000,24441725,"13,000,000","24,441,725",73626877.32342008,138428299.08828998,"73,626,877","138,428,299"
tt0073440,Nashville,1975,160,7.6,29638,2200000,9991258,"2,200,000","9,991,258",12459933.085501859,56586548.236356884,"12,459,933","56,586,548"
tt0073486,One Flew Over the Cuckoo's Nest,1975,133,8.7,1109867,3000000,108981275,"3,000,000","108,981,275",16990817.843866173,617226997.305762,"16,990,817","617,226,997"
tt0073629,The Rocky Horror Picture Show,1975,100,7.4,174013,1400000,170000000,"1,400,000","170,000,000",7929048.327137547,962813011.1524163,"7,929,048","962,813,011"
tt0073631,Rollerball,1975,125,6.5,30644,6000000,30000000,"6,000,000","30,000,000",33981635.68773235,169908178.43866172,"33,981,635","169,908,178"
tt0073692,Shampoo,1975,110,6.4,14902,4000000,60000000,"4,000,000","60,000,000",22654423.79182156,339816356.87732345,"22,654,423","339,816,356"
tt0073705,Shivers,1975,87,6.3,24648,179000,1000000,"179,000","1,000,000",1013785.4646840149,5663605.94795539,"1,013,785","5,663,605"
tt0073747,The Stepford Wives,1975,115,6.9,20474,500000,8700000,"500,000","8,700,000",2831802.973977695,49273371.747211896,"2,831,802","49,273,371"
tt0073768,Supervixens,1975,106,5.9,5416,100000,17000000,"100,000","17,000,000",566360.594795539,96281301.11524165,"566,360","96,281,301"
tt0073802,Three Days of the Condor,1975,117,7.4,65360,7800000,41509797,"7,800,000","41,509,797",44176126.39405204,235095133.18762082,"44,176,126","235,095,133"
tt0073812,Tommy,1975,111,6.6,23404,5000000,34300000,"5,000,000","34,300,000",28318029.739776954,194261684.0148699,"28,318,029","194,261,684"
tt0073906,The Wind and the Lion,1975,119,6.8,10600,4500000,9200000,"4,500,000","9,200,000",25486226.765799258,52105174.721189596,"25,486,226","52,105,174"
tt0074119,All the President's Men,1976,138,7.9,130517,8500000,70600000,"8,500,000","70,600,000",45517873.46221441,378066101.93321615,"45,517,873","378,066,101"
tt0074174,The Bad News Bears,1976,102,7.3,26052,9000000,42349782,"9,000,000","42,349,782",48195395.43057997,226784943.3209842,"48,195,395","226,784,943"
tt0074285,Carrie,1976,98,7.4,216781,1800000,33800000,"1,800,000","33,800,000",9639079.086115994,181000485.06151143,"9,639,079","181,000,485"
tt0074292,The Cassandra Crossing,1976,129,6.3,10430,6000000,15300000,"6,000,000","15,300,000",32130263.620386645,81932172.23198594,"32,130,263","81,932,172"
tt0074483,The Enforcer,1976,96,6.7,50990,9000000,46236000,"9,000,000","46,236,000",48195395.43057997,247595811.45869946,"48,195,395","247,595,811"
tt0074559,Futureworld,1976,108,5.7,12308,2500000,4200000,"2,500,000","4,200,000",13387609.841827769,22491184.53427065,"13,387,609","22,491,184"
tt0074695,Cross of Iron,1977,119,7.4,30263,6000000,1509000,"6,000,000","1,509,000",30168514.851485148,7587381.485148515,"30,168,514","7,587,381"
tt0074751,King Kong,1976,134,6.0,36822,23000000,90614445,"23,000,000","90,614,445",123166010.54481547,485244334.2775044,"123,166,010","485,244,334"
tt0074812,Logan's Run,1976,119,6.8,63021,9000000,25000000,"9,000,000","25,000,000",48195395.43057997,133876098.41827768,"48,195,395","133,876,098"
tt0074896,The Message,1976,177,8.1,52196,10000000,15000000,"10,000,000","15,000,000",53550439.367311075,80325659.0509666,"53,550,439","80,325,659"
tt0074899,Midway,1976,132,6.8,22286,4000000,100000000,"4,000,000","100,000,000",21420175.74692443,535504393.6731107,"21,420,175","535,504,393"
tt0074958,Network,1976,121,8.1,177805,3800000,23700000,"3,800,000","23,700,000",20349166.95957821,126914541.30052724,"20,349,166","126,914,541"
tt0074991,Obsession,1976,98,6.7,12603,1400000,4468000,"1,400,000","4,468,000",7497061.511423551,23926336.309314586,"7,497,061","23,926,336"
tt0075005,The Omen,1976,111,7.5,140507,2800000,60922980,"2,800,000","60,922,980",14994123.022847101,326245234.6565905,"14,994,123","326,245,234"
tt0075066,The Pink Panther Strikes Again,1976,103,7.1,33115,6000000,33833201,"6,000,000","33,833,201",32130263.620386645,181178277.87525484,"32,130,263","181,178,277"
tt0075148,Rocky,1976,120,8.1,655175,1000000,225253184,"1,000,000","225,253,184",5355043.9367311075,1206240697.2085764,"5,355,043","1,206,240,697"
tt0075222,Silent Movie,1976,87,6.7,18995,4400000,36145695,"4,400,000","36,145,695",23562193.321616873,193561784.8486819,"23,562,193","193,561,784"
tt0075223,Silver Streak,1976,114,6.9,22550,6500000,51100000,"6,500,000","51,100,000",34807785.588752195,273642745.1669596,"34,807,785","273,642,745"
tt0075314,Taxi Driver,1976,114,8.2,970269,1900000,28579636,"1,900,000","28,579,636",10174583.479789104,153045206.47578207,"10,174,583","153,045,206"
tt0075359,Two-Minute Warning,1976,115,6.2,4554,6700000,6700000,"6,700,000","6,700,000",35878794.37609842,35878794.37609842,"35,878,794","35,878,794"
tt0075648,Airport '77,1977,114,5.8,13002,6000000,30000000,"6,000,000","30,000,000",30168514.851485148,150842574.25742573,"30,168,514","150,842,574"
tt0075686,Annie Hall,1977,93,7.9,283200,4000000,38288028,"4,000,000","38,288,028",20112343.23432343,192515490.22534654,"20,112,343","192,515,490"
tt0075765,Black Sunday,1977,143,6.8,9434,8000000,15769322,"8,000,000","15,769,322",40224686.46864686,79289504.15914191,"40,224,686","79,289,504"
tt0075774,Bobby Deerfield,1977,124,5.8,4892,6400000,9300000,"6,400,000","9,300,000",32179749.17491749,46761198.01980198,"32,179,749","46,761,198"
tt0075784,A Bridge Too Far,1977,175,7.4,64186,22000000,50750000,"22,000,000","50,750,000",110617887.78877887,255175354.78547853,"110,617,887","255,175,354"
tt0075860,Close Encounters of the Third Kind,1977,138,7.6,224375,20000000,306889114,"20,000,000","306,889,114",100561716.17161717,1543064798.911353,"100,561,716","1,543,064,798"
tt0075909,Damnation Alley,1977,91,5.3,6086,17000000,8720000,"17,000,000","8,720,000",85477458.74587458,43844908.250825085,"85,477,458","43,844,908"
tt0076009,Exorcist II: The Heretic,1977,117,3.8,29486,14000000,30749142,"14,000,000","30,749,142",70393201.32013202,154609324.51623762,"70,393,201","154,609,324"
tt0076059,Fun with Dick and Jane,1977,95,6.4,5025,4500000,13600000,"4,500,000","13,600,000",22626386.13861386,68381966.99669966,"22,626,386","68,381,966"
tt0076070,The Gauntlet,1977,109,6.4,26068,5500000,26400000,"5,500,000","26,400,000",27654471.947194718,132741465.34653465,"27,654,471","132,741,465"
tt0076138,Heroes,1977,112,6.1,2213,3200000,33500073,"3,200,000","33,500,073",16089874.587458745,168441241.63772276,"16,089,874","168,441,241"
tt0076141,High Anxiety,1977,94,6.6,24525,4015000,31063038,"4,015,000","31,063,038",20187764.521452144,156187620.53920794,"20,187,764","156,187,620"
tt0076299,The Last Wave,1977,106,6.9,11538,810000,1300000,"810,000","1,300,000",4072749.504950495,6536511.5511551155,"4,072,749","6,536,511"
tt0076636,Rollercoaster,1977,119,6.3,7182,9000000,8200000,"9,000,000","8,200,000",45252772.27722772,41230303.63036303,"45,252,772","41,230,303"
tt0076716,Sinbad and the Eye of the Tiger,1977,113,6.4,9045,3500000,16000000,"3,500,000","16,000,000",17598300.330033004,80449372.93729372,"17,598,300","80,449,372"
tt0076729,Smokey and the Bandit,1977,96,7.0,59300,4300000,126700000,"4,300,000","126,700,000",21620768.97689769,637058471.9471947,"21,620,768","637,058,471"
tt0076740,Sorcerer,1977,121,7.7,30464,22000000,9000000,"22,000,000","9,000,000",110617887.78877887,45252772.27722772,"110,617,887","45,252,772"
tt0076752,The Spy Who Loved Me,1977,125,7.0,119748,13500000,185438673,"13,500,000","185,438,673",67879158.41584158,932401560.0733663,"67,879,158","932,401,560"
tt0076759,Star Wars: Episode IV - A New Hope,1977,121,8.6,1497992,11000000,775398007,"11,000,000","775,398,007",55308943.894389436,3898767714.998581,"55,308,943","3,898,767,714"
tt0076929,Wizards,1977,80,6.3,13579,1200000,9000000,"1,200,000","9,000,000",6033702.970297029,45252772.27722772,"6,033,702","45,252,772"
tt0077248,Blue Collar,1978,114,7.5,11485,1700000,6521083,"1,700,000","6,521,083",7944684.049079754,30475261.231073618,"7,944,684","30,475,261"
tt0077269,The Boys from Brazil,1978,125,7.0,32048,12000000,19000000,"12,000,000","19,000,000",56080122.6993865,88793527.60736196,"56,080,122","88,793,527"
tt0077278,Buck Rogers in the 25th Century,1979,89,6.5,7218,3500000,21700000,"3,500,000","21,700,000",14689490.358126722,91074840.22038569,"14,689,490","91,074,840"
tt0077294,Capricorn One,1977,123,6.8,25980,5000000,12000000,"5,000,000","12,000,000",25140429.04290429,60337029.702970296,"25,140,429","60,337,029"
tt0077369,Convoy,1978,110,6.3,19805,12000000,45000000,"12,000,000","45,000,000",56080122.6993865,210300460.12269938,"56,080,122","210,300,460"
tt0077402,Dawn of the Dead,1978,127,7.8,132309,650000,55000000,"650,000","55,000,000",3037673.3128834353,257033895.70552146,"3,037,673","257,033,895"
tt0077413,Death on the Nile,1978,140,7.3,41993,7920000,14560084,"7,920,000","14,560,084",37012880.98159509,68044274.76944786,"37,012,880","68,044,274"
tt0077416,The Deer Hunter,1978,183,8.1,373457,15000000,49000000,"15,000,000","49,000,000",70100153.37423313,228993834.35582823,"70,100,153","228,993,834"
tt0077474,The Driver,1978,91,7.1,20420,4000000,4900000,"4,000,000","4,900,000",18693374.233128835,22899383.43558282,"18,693,374","22,899,383"
tt0077504,The End,1978,100,6.1,4558,3000000,45000000,"3,000,000","45,000,000",14020030.674846625,210300460.12269938,"14,020,030","210,300,460"
tt0077530,Eyes of Laura Mars,1978,104,6.2,12923,7000000,20000000,"7,000,000","20,000,000",32713404.907975458,93466871.16564417,"32,713,404","93,466,871"
tt0077531,F.I.S.T.,1978,145,6.4,9012,11000000,20388920,"11,000,000","20,388,920",51406779.141104296,95284427.94233128,"51,406,779","95,284,427"
tt0077572,Force 10 from Navarone,1978,118,6.4,20471,5000000,7230000,"5,000,000","7,230,000",23366717.791411042,33788273.926380366,"23,366,717","33,788,273"
tt0077578,Foul Play,1978,116,6.8,17827,5000000,45000000,"5,000,000","45,000,000",23366717.791411042,210300460.12269938,"23,366,717","210,300,460"
tt0077631,Grease,1978,110,7.2,312368,6000000,396271103,"6,000,000","396,271,103",28040061.34969325,1851911006.5384355,"28,040,061","1,851,911,006"
tt0077651,Halloween,1978,91,7.7,321662,325000,70260597,"325,000","70,260,597",1518836.6564417176,328351908.3910123,"1,518,836","328,351,908"
tt0077663,Heaven Can Wait,1978,101,6.9,24480,15000000,98800000,"15,000,000","98,800,000",70100153.37423313,461726343.5582822,"70,100,153","461,726,343"
tt0077681,The Hills Have Eyes,1977,90,6.3,40898,350000,25000000,"350,000","25,000,000",1759830.0330033002,125702145.21452145,"1,759,830","125,702,145"
tt0077745,Invasion of the Body Snatchers,1978,115,7.4,75246,3500000,24946533,"3,500,000","24,946,533",16356702.453987729,116583719.29702453,"16,356,702","116,583,719"
tt0077766,Jaws 2,1978,116,5.8,87560,20000000,187884000,"20,000,000","187,884,000",93466871.16564417,878046481.1042944,"93,466,871","878,046,481"
tt0077807,King of the Gypsies,1978,112,6.2,1531,5000000,7325177,"5,000,000","7,325,177",23366717.791411042,34233068.746226996,"23,366,717","34,233,068"
tt0077869,The Lord of the Rings,1978,132,6.2,37623,4000000,30500000,"4,000,000","30,500,000",18693374.233128835,142536978.52760735,"18,693,374","142,536,978"
tt0077928,Midnight Express,1978,121,7.5,90803,2300000,35000000,"2,300,000","35,000,000",10748690.18404908,163567024.5398773,"10,748,690","163,567,024"
tt0077975,National Lampoon's Animal House,1978,109,7.4,132395,2700000,141000000,"2,700,000","141,000,000",12618027.607361963,658941441.7177914,"12,618,027","658,941,441"
tt0078087,Piranha,1978,94,5.9,26229,660000,16000000,"660,000","16,000,000",3084406.7484662575,74773496.93251534,"3,084,406","74,773,496"
tt0078163,Revenge of the Pink Panther,1978,99,6.6,24071,12000000,49579269,"12,000,000","49,579,269",56080122.6993865,231700957.4054908,"56,080,122","231,700,957"
tt0078239,Sgt. Pepper's Lonely Hearts Club Band,1978,113,4.3,7264,18000000,20378470,"18,000,000","20,378,470",84120184.04907975,95235591.50214723,"84,120,184","95,235,591"
tt0078346,Superman,1978,143,7.4,195006,55000000,300500000,"55,000,000","300,500,000",257033895.70552146,1404339739.2638037,"257,033,895","1,404,339,739"
tt0078350,The Swarm,1978,116,4.5,8961,21000000,7700000,"21,000,000","7,700,000",98140214.72392638,35984745.39877301,"98,140,214","35,984,745"
tt0078504,The Wiz,1978,134,5.6,18084,24000000,21049053,"24,000,000","21,049,053",112160245.398773,98369456.2454908,"112,160,245","98,369,456"
tt0078718,And Justice for All,1979,119,7.4,42112,6000000,33300000,"6,000,000","33,300,000",25181983.471074384,139760008.26446283,"25,181,983","139,760,008"
tt0078721,10,1979,122,6.1,19823,7000000,107000000,"7,000,000","107,000,000",29378980.716253445,449078705.2341598,"29,378,980","449,078,705"
tt0078723,1941,1979,118,5.8,37417,35000000,94900000,"35,000,000","94,900,000",146894903.58126724,398295038.56749314,"146,894,903","398,295,038"
tt0078736,Agatha,1979,105,6.2,3822,3500000,7500000,"3,500,000","7,500,000",14689490.358126722,31477479.338842977,"14,689,490","31,477,479"
tt0078740,The Concorde... Airport '79,1979,113,4.5,7235,14000000,13015688,"14,000,000","13,015,688",58757961.43250689,54626806.680110194,"58,757,961","54,626,806"
tt0078748,Alien,1979,117,8.5,1008685,11000000,104931801,"11,000,000","104,931,801",46166969.6969697,440398479.7286777,"46,166,969","440,398,479"
tt0078754,All That Jazz,1979,123,7.8,37416,12000000,37823676,"12,000,000","37,823,676",50363966.94214877,158745863.97454548,"50,363,966","158,745,863"
tt0078788,Apocalypse Now,1979,147,8.4,737085,31500000,150000000,"31,500,000","150,000,000",132205413.22314051,629549586.7768595,"132,205,413","629,549,586"
tt0078869,The Black Hole,1979,98,5.9,28961,20000000,35841901,"20,000,000","35,841,901",83939944.90358128,150428359.75898075,"83,939,944","150,428,359"
tt0078902,Breaking Away,1979,101,7.7,26442,2300000,20000000,"2,300,000","20,000,000",9653093.663911847,83939944.90358128,"9,653,093","83,939,944"
tt0078908,The Brood,1979,92,6.8,36039,1355000,5000000,"1,355,000","5,000,000",5686931.267217631,20984986.22589532,"5,686,931","20,984,986"
tt0078966,The China Syndrome,1979,122,7.4,34365,5900000,51718367,"5,900,000","51,718,367",24762283.746556476,217061843.8241598,"24,762,283","217,061,843"
tt0079116,Escape from Alcatraz,1979,112,7.6,154156,8000000,43004381,"8,000,000","43,004,381",33575977.96143251,180489268.58763087,"33,575,977","180,489,268"
tt0079153,Firepower,1979,104,5.1,1249,8000000,1200000,"8,000,000","1,200,000",33575977.96143251,5036396.694214877,"33,575,977","5,036,396"
tt0079168,A Force of One,1979,90,5.1,4546,3500000,20166000,"3,500,000","20,166,000",14689490.358126722,84636646.446281,"14,689,490","84,636,646"
tt0079180,The Frisco Kid,1979,119,6.3,11909,9200000,9300000,"9,200,000","9,300,000",38612374.65564739,39032074.380165294,"38,612,374","39,032,074"
tt0079219,Going in Style,1979,97,7.1,4255,5500000,30000000,"5,500,000","30,000,000",23083484.84848485,125909917.3553719,"23,083,484","125,909,917"
tt0079227,Good Guys Wear Black,1978,95,5.1,3950,1000000,18300000,"1,000,000","18,300,000",4673343.558282209,85522187.11656441,"4,673,343","85,522,187"
tt0079239,The Great Santini,1979,115,7.1,7236,4000000,4700000,"4,000,000","4,700,000",16787988.980716255,19725887.0523416,"16,787,988","19,725,887"
tt0079261,Hair,1979,121,7.5,42409,11000000,15313606,"11,000,000","15,313,606",46166969.6969697,64271162.195757575,"46,166,969","64,271,162"
tt0079285,Saturn 3,1980,88,5.1,10994,10000000,4900000,"10,000,000","4,900,000",36978398.058252424,18119415.048543688,"36,978,398","18,119,415"
tt0079336,The In-Laws,1979,103,7.3,10503,9000000,38200000,"9,000,000","38,200,000",37772975.20661157,160325294.76584023,"37,772,975","160,325,294"
tt0079367,The Jerk,1979,94,7.1,66088,4000000,100000000,"4,000,000","100,000,000",16787988.980716255,419699724.51790637,"16,787,988","419,699,724"
tt0079470,Monty Python's Life of Brian,1979,94,8.0,427747,4000000,20700000,"4,000,000","20,700,000",16787988.980716255,86877842.97520661,"16,787,988","86,877,842"
tt0079501,Mad Max,1979,88,6.8,237297,350000,100000000,"350,000","100,000,000",1468949.0358126722,419699724.51790637,"1,468,949","419,699,724"
tt0079522,Manhattan,1979,96,7.8,150304,9000000,40194067,"9,000,000","40,194,067",37772975.20661157,168694388.47154272,"37,772,975","168,694,388"
tt0079550,Meteor,1979,108,5.1,8758,16000000,12600000,"16,000,000","12,600,000",67151955.92286502,52882165.2892562,"67,151,955","52,882,165"
tt0079574,Moonraker,1979,126,6.3,112299,34000000,210308099,"34,000,000","210,308,099",142697906.33608815,882662512.1418458,"142,697,906","882,662,512"
tt0079588,The Muppet Movie,1979,95,7.6,40782,8000000,75200000,"8,000,000","75,200,000",33575977.96143251,315614192.8374656,"33,575,977","315,614,192"
tt0079638,Norma Rae,1979,114,7.3,13319,4500000,22228000,"4,500,000","22,228,000",18886487.603305787,93290854.76584023,"18,886,487","93,290,854"
tt0079714,Phantasm,1979,89,6.6,42809,300000,11988469,"300,000","11,988,469",1259099.1735537192,50315571.3669146,"1,259,099","50,315,571"
tt0079753,The Prisoner of Zenda,1979,108,5.2,1407,10000000,15300000,"10,000,000","15,300,000",41969972.45179064,64214057.851239674,"41,969,972","64,214,057"
tt0079817,Rocky II,1979,119,7.3,238951,7000000,85187855,"7,000,000","85,187,855",29378980.716253445,357533192.7577135,"29,378,980","357,533,192"
tt0079945,Star Trek: The Motion Picture,1979,143,6.4,99197,44000000,139346243,"44,000,000","139,346,243",184667878.7878788,584835797.9970523,"184,667,878","584,835,797"
tt0080310,Breaker Morant,1980,107,7.8,14873,1000000,8200000,"1,000,000","8,200,000",3697839.8058252423,30322286.407766987,"3,697,839","30,322,286"
tt0080319,9 to 5,1980,109,6.9,41199,10000000,103300000,"10,000,000","103,300,000",36978398.058252424,381986851.94174755,"36,978,398","381,986,851"
tt0080339,Airplane!,1980,88,7.7,271669,3500000,83453539,"3,500,000","83,453,539",12942439.320388349,308597818.4511893,"12,942,439","308,597,818"
tt0080360,Altered States,1980,102,6.9,40006,15000000,19853892,"15,000,000","19,853,892",55467597.087378636,73416512.13815534,"55,467,597","73,416,512"
tt0080365,American Gigolo,1980,117,6.3,30800,5000000,52700000,"5,000,000","52,700,000",18489199.029126212,194876157.76699027,"18,489,199","194,876,157"
tt0080421,Battle Beyond the Stars,1980,104,5.5,10775,2000000,11000000,"2,000,000","11,000,000",7395679.611650485,40676237.864077665,"7,395,679","40,676,237"
tt0080437,The Big Red One,1980,113,7.1,22069,4500000,7206220,"4,500,000","7,206,220",16640279.126213592,26647447.16553398,"16,640,279","26,647,447"
tt0080453,The Blue Lagoon,1980,104,5.8,79834,4500000,58853106,"4,500,000","58,853,106",16640279.126213592,217629358.0632524,"16,640,279","217,629,358"
tt0080455,The Blues Brothers,1980,133,7.9,220997,27000000,115229890,"27,000,000","115,229,890",99841674.75728154,426101674.062864,"99,841,674","426,101,674"
tt0080465,Borderline,1980,97,6.0,2540,5800000,2300000,"5,800,000","2,300,000",21447470.873786405,8505031.553398058,"21,447,470","8,505,031"
tt0080472,Bronco Billy,1980,116,6.2,13182,6500000,24300000,"6,500,000","24,300,000",24035958.737864077,89857507.28155339,"24,035,958","89,857,507"
tt0080487,Caddyshack,1980,98,7.2,130551,6000000,39846344,"6,000,000","39,846,344",22187038.834951457,147345396.95980582,"22,187,038","147,345,396"
tt0080569,Cruising,1980,102,6.5,29925,11000000,19814523,"11,000,000","19,814,523",40676237.864077665,73270931.8828398,"40,676,237","73,270,931"
tt0080661,Dressed to Kill,1980,104,7.1,52158,6500000,31899000,"6,500,000","31,899,000",24035958.737864077,117957391.9660194,"24,035,958","117,957,391"
tt0080678,The Elephant Man,1980,124,8.2,270902,5000000,26000000,"5,000,000","26,000,000",18489199.029126212,96143834.95145631,"18,489,199","96,143,834"
tt0080684,Star Wars: Episode V - The Empire Strikes Back,1980,124,8.7,1430598,18000000,538400000,"18,000,000","538,400,000",66561116.504854366,1990916951.4563105,"66,561,116","1,990,916,951"
tt0080736,The Final Countdown,1980,103,6.7,28287,12000000,16647800,"12,000,000","16,647,800",44374077.66990291,61560897.51941748,"44,374,077","61,560,897"
tt0080745,Flash Gordon,1980,111,6.5,63643,35000000,27100000,"35,000,000","27,100,000",129424393.20388348,100211458.73786408,"129,424,393","100,211,458"
tt0080749,The Fog,1980,89,6.8,87037,1000000,21448830,"1,000,000","21,448,830",3697839.8058252423,79314337.36237863,"3,697,839","79,314,337"
tt0080761,Friday the 13th,1980,95,6.4,165410,550000,59754601,"550,000","59,754,601",2033811.8932038834,220962942.15900484,"2,033,811","220,962,942"
tt0080771,Galaxina,1980,95,3.7,3567,5500000,4865000,"5,500,000","4,865,000",20338118.932038832,17989990.655339804,"20,338,118","17,989,990"
tt0080801,The Gods Must Be Crazy,1980,109,7.3,61068,5000000,200000000,"5,000,000","200,000,000",18489199.029126212,739567961.1650485,"18,489,199","739,567,961"
tt0080850,He Knows You're Alone,1980,94,5.0,4409,300000,4900000,"300,000","4,900,000",1109351.9417475727,18119415.048543688,"1,109,351","18,119,415"
tt0080855,Heaven's Gate,1980,219,6.7,18167,44000000,3484331,"44,000,000","3,484,331",162704951.45631066,12884497.868470874,"162,704,951","12,884,497"
tt0080934,The Island,1980,114,5.3,4913,22000000,15700000,"22,000,000","15,700,000",81352475.72815533,58056084.95145631,"81,352,475","58,056,084"
tt0081059,Lion of the Desert,1980,173,8.2,18108,35000000,1502136,"35,000,000","1,502,136",129424393.20388348,5554658.294563106,"129,424,393","5,554,658"
tt0081114,Maniac,1980,87,6.3,21274,350000,10000000,"350,000","10,000,000",1294243.9320388348,36978398.058252424,"1,294,243","36,978,398"
tt0081184,Motel Hell,1980,101,6.0,14246,3000000,6342668,"3,000,000","6,342,668",11093519.417475728,23454170.205533978,"11,093,519","23,454,170"
tt0081259,The Octagon,1980,103,5.1,6496,4000000,18971000,"4,000,000","18,971,000",14791359.22330097,70151718.95631067,"14,791,359","70,151,718"
tt0081283,Ordinary People,1980,124,7.7,58940,6000000,54766923,"6,000,000","54,766,923",22187038.834951457,202519307.911966,"22,187,038","202,519,307"
tt0081353,Popeye,1980,114,5.4,36059,20000000,49823037,"20,000,000","49,823,037",73956796.11650485,184237609.46570385,"73,956,796","184,237,609"
tt0081375,Private Benjamin,1980,109,6.2,29668,15000000,69800000,"15,000,000","69,800,000",55467597.087378636,258109218.44660193,"55,467,597","258,109,218"
tt0081383,Prom Night,1980,92,5.3,22357,1500000,14796236,"1,500,000","14,796,236",5546759.708737864,54714110.457184464,"5,546,759","54,714,110"
tt0081398,Raging Bull,1980,129,8.1,393275,18000000,23380203,"18,000,000","23,380,203",66561116.504854366,86456245.32167475,"66,561,116","86,456,245"
tt0081439,Rough Cut,1980,112,5.7,1609,14000000,16656125,"14,000,000","16,656,125",51769757.281553395,61591682.03580096,"51,769,757","61,591,682"
tt0081455,Scanners,1981,103,6.7,64328,4100000,14225876,"4,100,000","14,225,876",13743434.543454345,47685950.15348734,"13,743,434","47,685,950"
tt0081505,The Shining,1980,146,8.4,1158697,19000000,44781695,"19,000,000","44,781,695",70258956.3106796,165595534.34332523,"70,258,956","165,595,534"
tt0081529,Smokey and the Bandit II,1980,100,5.3,18240,17000000,66100000,"17,000,000","66,100,000",62863276.699029125,244427211.16504854,"62,863,276","244,427,211"
tt0081554,Stardust Memories,1980,89,7.2,24473,10000000,10389003,"10,000,000","10,389,003",36978398.058252424,38416868.83623786,"36,978,398","38,416,868"
tt0081562,Stir Crazy,1980,111,6.7,31416,10000000,101300000,"10,000,000","101,300,000",36978398.058252424,374591172.3300971,"36,978,398","374,591,172"
tt0081573,Superman II,1980,127,6.8,118395,54000000,190458706,"54,000,000","190,458,706",199683349.51456308,704285784.4127669,"199,683,349","704,285,784"
tt0081633,Time Bandits,1981,110,6.9,71427,5000000,42365581,"5,000,000","42,365,581",16760286.028602859,142011851.06558853,"16,760,286","142,011,851"
tt0081696,Urban Cowboy,1980,132,6.5,17567,10000000,53300000,"10,000,000","53,300,000",36978398.058252424,197094861.65048543,"36,978,398","197,094,861"
tt0081698,Used Cars,1980,113,6.7,17601,8000000,11715321,"8,000,000","11,715,321",29582718.44660194,43321380.33182038,"29,582,718","43,321,380"
tt0081777,Xanadu,1980,96,5.4,16045,20000000,22762571,"20,000,000","22,762,571",73956796.11650485,84172341.12672329,"73,956,796","84,172,341"
tt0081974,Absence of Malice,1981,116,6.9,15820,12000000,40716963,"12,000,000","40,716,963",40224686.46864686,136485589.2192079,"40,224,686","136,485,589"
tt0082010,An American Werewolf in London,1981,97,7.5,127639,10000000,31973249,"10,000,000","31,973,249",33520572.057205718,107176159.70074807,"33,520,572","107,176,159"
tt0082031,Arthur,1981,97,6.9,32185,7000000,95461682,"7,000,000","95,461,682",23464400.440044004,319993019.01830584,"23,464,400","319,993,019"
tt0082085,Blow Out,1981,108,7.4,68870,18000000,12000000,"18,000,000","12,000,000",60337029.702970296,40224686.46864686,"60,337,029","40,224,686"
tt0082089,Body Heat,1981,113,7.4,41737,9000000,24058838,"9,000,000","24,058,838",30168514.851485148,80646601.27916391,"30,168,514","80,646,601"
tt0082111,Buddy Buddy,1981,96,6.5,5339,10000000,7258543,"10,000,000","7,258,543",33520572.057205718,24331051.366182614,"33,520,572","24,331,051"
tt0082136,The Cannonball Run,1981,95,6.2,41653,18000000,72179579,"18,000,000","72,179,579",60337029.702970296,241950077.89282727,"60,337,029","241,950,077"
tt0082158,Chariots of Fire,1981,125,7.1,68506,5500000,58972904,"5,500,000","58,972,904",18436314.631463144,197680547.79546756,"18,436,314","197,680,547"
tt0082186,Clash of the Titans,1981,118,6.9,49199,12000000,41092328,"12,000,000","41,092,328",40224686.46864686,137743834.17223322,"40,224,686","137,743,834"
tt0082198,Conan the Barbarian,1982,129,6.9,167448,20000000,73951475,"20,000,000","73,951,475",63150673.57512953,233504272.90621763,"63,150,673","233,504,272"
tt0082247,Death Hunt,1981,97,6.9,8667,10000000,5000000,"10,000,000","5,000,000",33520572.057205718,16760286.028602859,"33,520,572","16,760,286"
tt0082288,Dragonslayer,1981,109,6.6,20744,18000000,14110013,"18,000,000","14,110,013",60337029.702970296,47297570.74946095,"60,337,029","47,297,570"
tt0082340,Escape from New York,1981,99,7.1,164571,6000000,50244700,"6,000,000","50,244,700",20112343.23432343,168423108.68426841,"20,112,343","168,423,108"
tt0082348,Excalibur,1981,140,7.3,69741,11000000,35000000,"11,000,000","35,000,000",36872629.26292629,117322002.20022002,"36,872,629","117,322,002"
tt0082352,Eyes of a Stranger,1981,84,6.0,3372,800000,1118634,"800,000","1,118,634",2681645.7645764574,3749725.1602640264,"2,681,645","3,749,725"
tt0082362,The Fan,1981,95,5.8,3120,10000000,3100000,"10,000,000","3,100,000",33520572.057205718,10391377.337733774,"33,520,572","10,391,377"
tt0082378,Final Exam,1981,89,4.6,4882,374000,3000000,"374,000","3,000,000",1253669.3949394939,10056171.617161715,"1,253,669","10,056,171"
tt0082398,For Your Eyes Only,1981,127,6.7,111478,28000000,195300000,"28,000,000","195,300,000",93857601.76017602,654656772.2772276,"93,857,601","654,656,772"
tt0082418,Friday the 13th Part 2,1981,87,6.1,82101,1250000,21722776,"1,250,000","21,722,776",4190071.5071507148,72815987.8190539,"4,190,071","72,815,987"
tt0082432,Gallipoli,1981,110,7.4,43087,3000000,11700000,"3,000,000","11,700,000",10056171.617161715,39219069.30693069,"10,056,171","39,219,069"
tt0082474,The Great Muppet Caper,1981,97,7.1,17451,14000000,31200000,"14,000,000","31,200,000",46928800.88008801,104584184.81848185,"46,928,800","104,584,184"
tt0082495,Halloween II,1981,92,6.5,106501,2500000,25533818,"2,500,000","25,533,818",8380143.0143014295,85590818.61645764,"8,380,143","85,590,818"
tt0082498,Happy Birthday to Me,1981,110,6.0,11825,3500000,10600000,"3,500,000","10,600,000",11732200.220022002,35531806.38063806,"11,732,200","35,531,806"
tt0082507,Heartbeeps,1981,78,4.3,1742,12000000,2154696,"12,000,000","2,154,696",40224686.46864686,7222664.252937294,"40,224,686","7,222,664"
tt0082509,Heavy Metal,1981,86,6.6,39643,9300000,20118654,"9,300,000","20,118,654",31174132.01320132,67438879.110099,"31,174,132","67,438,879"
tt0082517,History of the World: Part I,1981,92,6.8,56662,11000000,31672907,"11,000,000","31,672,907",36872629.26292629,106169396.13546754,"36,872,629","106,169,396"
tt0082533,The Howling,1981,91,6.5,41856,1000000,17985893,"1,000,000","17,985,893",3352057.205720572,60289742.23196919,"3,352,057","60,289,742"
tt0082648,The Legend of the Lone Ranger,1981,98,4.9,2637,18000000,2945600,"18,000,000","2,945,600",60337029.702970296,9873819.705170518,"60,337,029","9,873,819"
tt0082694,The Road Warrior,1981,96,7.6,206737,2000000,24600832,"2,000,000","24,600,832",6704114.411441144,82463396.17232123,"6,704,114","82,463,396"
tt0082763,Modern Problems,1981,93,5.0,5979,8000000,26154211,"8,000,000","26,154,211",26816457.645764574,87670411.44248624,"26,816,457","87,670,411"
tt0082766,Mommie Dearest,1981,129,6.6,19155,5000000,19032261,"5,000,000","19,032,261",16760286.028602859,63797227.62620462,"16,760,286","63,797,227"
tt0082782,My Bloody Valentine,1981,90,6.2,26493,2200000,5672031,"2,200,000","5,672,031",7374525.852585258,19012972.38462046,"7,374,525","19,012,972"
tt0082799,Movie Madness,1982,89,3.2,1386,15000000,5027193,"15,000,000","5,027,193",47363005.18134715,15873531.207108809,"47,363,005","15,873,531"
tt0082869,Outland,1981,109,6.6,33513,18000000,17374595,"18,000,000","17,374,595",60337029.702970296,58240636.36622661,"60,337,029","58,240,636"
tt0082894,Pennies from Heaven,1981,108,6.5,6498,22000000,9171289,"22,000,000","9,171,289",73745258.52585258,30742685.378195815,"73,745,258","30,742,685"
tt0082934,The Postman Always Rings Twice,1981,122,6.6,26621,12000000,12376625,"12,000,000","12,376,625",40224686.46864686,41487155.01375137,"40,224,686","41,487,155"
tt0082971,Raiders of the Lost Ark,1981,115,8.4,1068229,18000000,389925971,"18,000,000","389,925,971",60337029.702970296,1307054160.7881408,"60,337,029","1,307,054,160"
tt0082979,Reds,1981,195,7.3,25509,35000000,40382659,"35,000,000","40,382,659",117322002.20022002,135364983.0871067,"117,322,002","135,364,983"
tt0083113,Sphinx,1981,118,5.2,1883,14000000,2022771,"14,000,000","2,022,771",46928800.88008801,6780444.1060726065,"46,928,800","6,780,444"
tt0083131,Stripes,1981,106,6.8,82399,10000000,85300000,"10,000,000","85,300,000",33520572.057205718,285930479.6479648,"33,520,572","285,930,479"
tt0083169,Taps,1981,126,6.8,21012,14000000,35900000,"14,000,000","35,900,000",46928800.88008801,120338853.68536852,"46,928,800","120,338,853"
tt0083190,Thief,1981,123,7.4,42993,5500000,11494812,"5,500,000","11,494,812",18436314.631463144,38531267.3930033,"18,436,314","38,531,267"
tt0083284,Victory,1981,116,6.6,34386,10000000,27453418,"10,000,000","27,453,418",33520572.057205718,92025427.62855884,"33,520,572","92,025,427"
tt0083296,Visiting Hours,1982,103,5.7,5102,6000000,13258670,"6,000,000","13,258,670",18945202.07253886,41864697.06051814,"18,945,202","41,864,697"
tt0083511,48 Hrs.,1982,96,6.9,88843,12000000,78868508,"12,000,000","78,868,508",37890404.14507772,249029970.20327464,"37,890,404","249,029,970"
tt0083530,Airplane II: The Sequel,1982,85,6.2,58484,15000000,27150534,"15,000,000","27,150,534",47363005.18134715,85728725.5012228,"47,363,005","85,728,725"
tt0083550,Amityville II: The Possession,1982,104,5.6,13493,5000000,12534817,"5,000,000","12,534,817",15787668.393782383,39579106.83454922,"15,787,668","39,579,106"
tt0083630,The Beastmaster,1982,118,6.2,26127,8000000,14056528,"8,000,000","14,056,528",25260269.430051815,44383960.56638342,"25,260,269","44,383,960"
tt0083658,Blade Runner,1982,117,8.1,849449,28000000,41722424,"28,000,000","41,722,424",88410943.00518134,131739958.93935752,"88,410,943","131,739,958"
tt0083678,The Border,1982,108,6.4,7321,22000000,6118683,"22,000,000","6,118,683",69465740.93264249,19319947.642134715,"69,465,740","19,319,947"
tt0083767,Creepshow,1982,120,6.8,55190,8000000,21028755,"8,000,000","21,028,755",25260269.430051815,66399002.13481866,"25,260,269","66,399,002"
tt0083791,The Dark Crystal,1982,93,7.1,74144,15000000,40600000,"15,000,000","40,600,000",47363005.18134715,128195867.35751295,"47,363,005","128,195,867"
tt0083798,Dead Men Don't Wear Plaid,1982,88,6.8,24458,9000000,18196170,"9,000,000","18,196,170",28417803.10880829,57455019.59937824,"28,417,803","57,455,019"
tt0083806,Deathtrap,1982,116,7.0,16621,10000000,19000000,"10,000,000","19,000,000",31575336.787564766,59993139.896373056,"31,575,336","59,993,139"
tt0083851,The Draughtsman's Contract,1982,108,7.2,11523,370800,2256246,"370,800","2,256,246",1170813.4880829016,7124172.732559586,"1,170,813","7,124,172"
tt0083866,E.T. the Extra-Terrestrial,1982,115,7.9,451568,10500000,792965500,"10,500,000","792,965,500",33154103.626943003,2503815272.341969,"33,154,103","2,503,815,272"
tt0083907,The Evil Dead,1981,85,7.4,241325,350000,29612367,"350,000","29,612,367",1173220.0220022001,99262348.18079208,"1,173,220","99,262,348"
tt0083908,Evil Under the Sun,1982,117,7.0,22202,10000000,6110804,"10,000,000","6,110,804",31575336.787564766,19295069.434279792,"31,575,336","19,295,069"
tt0083929,Fast Times at Ridgemont High,1982,90,7.1,120133,4500000,27100000,"4,500,000","27,100,000",14208901.554404145,85569162.69430052,"14,208,901","85,569,162"
tt0083943,Firefox,1982,136,5.9,30202,18000000,70700000,"18,000,000","70,700,000",56835606.21761658,223237631.0880829,"56,835,606","223,237,631"
tt0083944,First Blood,1982,93,7.7,287454,15000000,125212904,"15,000,000","125,212,904",47363005.18134715,395363961.3949016,"47,363,005","395,363,961"
tt0083972,Friday the 13th: Part 3,1982,95,5.6,63675,2200000,36690067,"2,200,000","36,690,067",6946574.093264249,115850122.22833161,"6,946,574","115,850,122"
tt0083987,Gandhi,1982,191,8.0,243378,22000000,77737889,"22,000,000","77,737,889",69465740.93264249,245460002.63293263,"69,465,740","245,460,002"
tt0084021,Grease 2,1982,115,4.6,39684,13200000,15172313,"13,200,000","15,172,313",41679444.55958549,47907089.28213471,"41,679,444","47,907,089"
tt0084088,Honkytonk Man,1982,122,6.6,9813,2000000,4400000,"2,000,000","4,400,000",6315067.357512954,13893148.186528498,"6,315,067","13,893,148"
tt0084296,The Man from Snowy River,1982,102,7.2,10396,3500000,20659423,"3,500,000","20,659,423",11051367.875647668,65232823.906176165,"11,051,367","65,232,823"
tt0084434,An Officer and a Gentleman,1982,124,7.1,64948,7500000,129795554,"7,500,000","129,795,554",23681502.590673573,409833833.1078549,"23,681,502","409,833,833"
tt0084503,Pink Floyd: The Wall,1982,95,8.0,87433,12000000,22244207,"12,000,000","22,244,207",37890404.14507772,70236832.75973058,"37,890,404","70,236,832"
tt0084516,Poltergeist,1982,114,7.3,187219,10700000,122200000,"10,700,000","122,200,000",33785610.3626943,385850615.54404145,"33,785,610","385,850,615"
tt0084522,Porky's,1981,94,6.2,47138,4000000,159989673,"4,000,000","159,989,673",13408228.822882287,536294536.220528,"13,408,228","536,294,536"
tt0084602,Rocky III,1982,99,6.8,218388,17000000,269952898,"17,000,000","269,952,898",53678072.538860105,852385367.1129118,"53,678,072","852,385,367"
tt0084649,The Secret of NIMH,1982,82,7.5,47276,7000000,14665733,"7,000,000","14,665,733",22102735.751295336,46307545.871150255,"22,102,735","46,307,545"
tt0084684,Silent Rage,1982,103,5.4,7096,4500000,10500000,"4,500,000","10,500,000",14208901.554404145,33154103.626943003,"14,208,901","33,154,103"
tt0084695,The Slumber Party Massacre,1982,77,5.6,19551,220000,3600000,"220,000","3,600,000",694657.4093264248,11367121.243523316,"694,657","11,367,121"
tt0084707,Sophie's Choice,1982,150,7.5,54750,12000000,30036166,"12,000,000","30,036,166",37890404.14507772,94840205.7257202,"37,890,404","94,840,205"
tt0084726,Star Trek II: The Wrath of Khan,1982,113,7.7,132171,12000000,96594943,"12,000,000","96,594,943",37890404.14507772,305001785.7200622,"37,890,404","305,001,785"
tt0084749,The Sword and the Sorcerer,1982,99,5.5,8137,4000000,39103425,"4,000,000","39,103,425",12630134.715025907,123470381.39222798,"12,630,134","123,470,381"
tt0084787,The Thing,1982,109,8.2,493460,15000000,19629760,"15,000,000","19,629,760",47363005.18134715,61981628.30590673,"47,363,005","61,981,628"
tt0084805,Tootsie,1982,116,7.4,118120,21000000,177200000,"21,000,000","177,200,000",66308207.25388601,559514967.8756477,"66,308,207","559,514,967"
tt0084827,Tron,1982,96,6.7,132736,17000000,33000000,"17,000,000","33,000,000",53678072.538860105,104198611.39896373,"53,678,072","104,198,611"
tt0084855,The Verdict,1982,129,7.7,48030,16000000,53977250,"16,000,000","53,977,250",50520538.86010363,170434984.76165804,"50,520,538","170,434,984"
tt0084865,Victor/Victoria,1982,134,7.6,24520,15000000,28215453,"15,000,000","28,215,453",47363005.18134715,89091243.10887048,"47,363,005","89,091,243"
tt0084887,Battletruck,1982,91,5.0,1614,1000000,3000000,"1,000,000","3,000,000",3157533.678756477,9472601.03626943,"3,157,533","9,472,601"
tt0084917,The World According to Garp,1982,136,7.1,29882,17000000,29712172,"17,000,000","29,712,172",53678072.538860105,93817183.75900517,"53,678,072","93,817,183"
tt0084938,Young Doctors in Love,1982,96,5.5,3567,7500000,30688860,"7,500,000","30,688,860",23681502.590673573,96901109.01264247,"23,681,502","96,901,109"
tt0085121,10 to Midnight,1983,101,6.3,9971,4520000,7175592,"4,520,000","7,175,592",13827841.767068274,21951980.256867472,"13,827,841","21,951,980"
tt0085159,Amityville 3-D,1983,105,4.2,7876,6000000,6333135,"6,000,000","6,333,135",18355542.1686747,19374687.75873494,"18,355,542","19,374,687"
tt0085271,Brainstorm,1983,106,6.4,13741,18000000,10219460,"18,000,000","10,219,460",55066626.5060241,31263954.82851406,"55,066,626","31,263,954"
tt0085333,Christine,1983,110,6.8,96831,9700000,21200000,"9,700,000","21,200,000",29674793.172690764,64856248.995983936,"29,674,793","64,856,248"
tt0085334,A Christmas Story,1983,93,7.9,174835,3300000,20700000,"3,300,000","20,700,000",10095548.192771085,63326620.481927715,"10,095,548","63,326,620"
tt0085384,Curse of the Pink Panther,1983,109,4.3,6971,11000000,4491986,"11,000,000","4,491,986",33651827.30923695,13742139.74068273,"33,651,827","13,742,139"
tt0085542,Fire and Ice,1983,81,6.5,13583,1200000,760883,"1,200,000","760,883",3671108.43373494,2327736.6653212854,"3,671,108","2,327,736"
tt0085549,Flashdance,1983,95,6.2,61638,7000000,201500000,"7,000,000","201,500,000",21414799.19678715,616440291.1646587,"21,414,799","616,440,291"
tt0085551,Get Crazy,1983,92,6.6,1570,5500000,1645711,"5,500,000","1,645,711",16825913.654618476,5034652.942991968,"16,825,913","5,034,652"
tt0085636,Halloween III: Season of the Witch,1982,98,5.2,64103,2500000,14400000,"2,500,000","14,400,000",7893834.196891191,45468484.974093266,"7,893,834","45,468,484"
tt0085672,Hercules,1983,98,4.1,4621,2500000,10676194,"2,500,000","10,676,194",7648142.570281125,32661221.527991973,"7,648,142","32,661,221"
tt0085694,The House on Sorority Row,1982,91,5.9,10574,425000,10604986,"425,000","10,604,986",1341951.8134715026,33485600.457740933,"1,341,951","33,485,600"
tt0085701,The Hunger,1983,97,6.6,30244,10000000,10200000,"10,000,000","10,200,000",30592570.2811245,31204421.68674699,"30,592,570","31,204,421"
tt0085750,Jaws 3-D,1983,99,3.7,50123,20500000,87987056,"20,500,000","87,987,056",62714769.076305225,269175019.45092374,"62,714,769","269,175,019"
tt0085764,Joysticks,1983,88,4.5,2878,300000,3952448,"300,000","3,952,448",917777.108433735,12091554.322248997,"917,777","12,091,554"
tt0085780,The Keep,1983,96,5.7,15420,6000000,3661757,"6,000,000","3,661,757",18355542.1686747,11202255.83748996,"18,355,542","11,202,255"
tt0085794,The King of Comedy,1982,109,7.8,125242,19000000,2536000,"19,000,000","2,536,000",59993139.896373056,8007505.409326425,"59,993,139","8,007,505"
tt0085811,Krull,1983,121,6.1,37588,27000000,16916617,"27,000,000","16,916,617",82599939.75903615,51752279.44913655,"82,599,939","51,752,279"
tt0085862,Lone Wolf McQuade,1983,107,6.3,14734,5000000,12232628,"5,000,000","12,232,628",15296285.14056225,37422753.18128514,"15,296,285","37,422,753"
tt0085959,Monty Python's the Meaning of Life,1983,107,7.5,127371,9000000,15000000,"9,000,000","15,000,000",27533313.25301205,45888855.421686746,"27,533,313","45,888,855"
tt0085995,Vacation,1983,98,7.3,123890,15000000,61418063,"15,000,000","61,418,063",45888855.421686746,187893640.88580325,"45,888,855","187,893,640"
tt0086066,The Outsiders,1983,91,7.0,103325,10000000,33697647,"10,000,000","33,697,647",30592570.2811245,103089763.41560242,"30,592,570","103,089,763"
tt0086129,Porky's II: The Next Day,1983,98,5.0,13104,6500000,54959266,"6,500,000","54,959,266",19885170.682730924,168134520.77040163,"19,885,170","168,134,520"
tt0086154,Psycho II,1983,113,6.6,33001,5000000,34725000,"5,000,000","34,725,000",15296285.14056225,106232700.30120483,"15,296,285","106,232,700"
tt0086190,Star Wars: Episode VI - Return of the Jedi,1983,131,8.3,1156942,32350000,572700000,"32,350,000","572,700,000",98966964.85943776,1752036500.0,"98,966,964","1,752,036,500"
tt0086197,The Right Stuff,1983,193,7.8,67005,27000000,21500000,"27,000,000","21,500,000",82599939.75903615,65774026.104417674,"82,599,939","65,774,026"
tt0086200,Risky Business,1983,99,6.8,103675,6200000,63541777,"6,200,000","63,541,777",18967393.57429719,194390627.86600402,"18,967,393","194,390,627"
tt0086205,Romantic Comedy,1983,103,5.3,1052,10000000,6857733,"10,000,000","6,857,733",30592570.2811245,20979567.877168674,"30,592,570","20,979,567"
tt0086216,Rumble Fish,1983,94,7.1,39491,10000000,2494480,"10,000,000","2,494,480",30592570.2811245,7631255.471485944,"30,592,570","7,631,255"
tt0086250,Scarface,1983,170,8.3,956158,25000000,66023329,"25,000,000","66,023,329",76481425.70281126,201982333.26263052,"76,481,425","201,982,333"
tt0086264,Screwballs,1983,80,4.6,3907,800000,2082215,"800,000","2,082,215",2447405.62248996,6370030.872791165,"2,447,405","6,370,030"
tt0086320,Sleepaway Camp,1983,84,6.2,40687,350000,11000000,"350,000","11,000,000",1070739.9598393575,33651827.30923695,"1,070,739","33,651,827"
tt0086325,Smokey and the Bandit Part 3,1983,85,3.5,9982,9000000,7000000,"9,000,000","7,000,000",27533313.25301205,21414799.19678715,"27,533,313","21,414,799"
tt0086336,Something Wicked This Way Comes,1983,95,6.7,11228,20000000,8400000,"20,000,000","8,400,000",61185140.562249,25697759.03614458,"61,185,140","25,697,759"
tt0086346,Spacehunter: Adventures in the Forbidden Zone,1983,90,5.5,6924,15000000,16478265,"15,000,000","16,478,265",45888855.421686746,50411248.0123494,"45,888,855","50,411,248"
tt0086356,The Star Chamber,1983,109,6.4,8021,8000000,5555305,"8,000,000","5,555,305",24474056.2248996,16995105.86455823,"24,474,056","16,995,105"
tt0086379,Stroker Ace,1983,96,4.9,4469,14000000,11400000,"14,000,000","11,400,000",42829598.3935743,34875530.12048193,"42,829,598","34,875,530"
tt0086393,Superman III,1983,125,5.0,77254,39000000,80200000,"39,000,000","80,200,000",119311024.09638555,245352413.6546185,"119,311,024","245,352,413"
tt0086429,Testament,1983,90,6.9,7505,1500000,2044892,"1,500,000","2,044,892",4588885.542168675,6255850.222730924,"4,588,885","6,255,850"
tt0086450,To Be or Not to Be,1983,107,6.9,12408,9000000,13030214,"9,000,000","13,030,214",27533313.25301205,39862773.75730924,"27,533,313","39,862,773"
tt0086465,Trading Places,1983,116,7.5,173597,15000000,90404800,"15,000,000","90,404,800",45888855.421686746,276571519.7751004,"45,888,855","276,571,519"
tt0086491,Twilight Zone: The Movie,1983,101,6.4,42834,10000000,29450920,"10,000,000","29,450,920",30592570.2811245,90097933.99437752,"30,592,570","90,097,933"
tt0086508,Uncommon Valor,1983,105,6.3,12183,11000000,30503151,"11,000,000","30,503,151",33651827.30923695,93316979.07632531,"33,651,827","93,316,979"
tt0086525,Valley Girl,1983,99,6.4,19589,350000,17343596,"350,000","17,343,596",1070739.9598393575,53058517.95574298,"1,070,739","53,058,517"
tt0086541,Videodrome,1983,87,7.2,107898,5952000,2120439,"5,952,000","2,120,439",18208697.831325304,6486967.913433735,"18,208,697","6,486,967"
tt0086567,WarGames,1983,114,7.1,115671,12000000,124600000,"12,000,000","124,600,000",36711084.3373494,381183425.70281124,"36,711,084","381,183,425"
tt0086617,The Year of Living Dangerously,1982,115,7.1,23766,6000000,1300000,"6,000,000","1,300,000",18945202.07253886,4104793.7823834196,"18,945,202","4,104,793"
tt0086837,2010: The Year We Make Contact,1984,116,6.7,59150,28000000,40400000,"28,000,000","40,400,000",82114109.72088546,118478929.74013475,"82,114,109","118,478,929"
tt0086856,The Adventures of Buckaroo Banzai Across the 8th Dimension,1984,103,6.2,30888,17000000,6254148,"17,000,000","6,254,148",49854995.18768046,18341206.967237726,"49,854,995","18,341,206"
tt0086879,Amadeus,1984,160,8.4,445706,18000000,90007557,"18,000,000","90,007,557",52787641.96342637,263960371.82881615,"52,787,641","263,960,371"
tt0086927,Bachelor Party,1984,105,6.3,43628,6000000,38435947,"6,000,000","38,435,947",17595880.654475458,112719056.04229066,"17,595,880","112,719,056"
tt0086960,Beverly Hills Cop,1984,105,7.4,222748,14000000,316360478,"14,000,000","316,360,478",41057054.86044273,927773535.7801347,"41,057,054","927,773,535"
tt0086973,Blame It on Rio,1984,100,5.8,12541,9000000,18644570,"9,000,000","18,644,570",26393820.981713183,54677938.09566891,"26,393,820","54,677,938"
tt0086979,Blood Simple,1984,99,7.5,109307,1500000,4229114,"1,500,000","4,229,114",4398970.1636188645,12402497.536361884,"4,398,970","12,402,497"
tt0086984,Body Double,1984,114,6.8,41896,10000000,8801940,"10,000,000","8,801,940",29326467.757459093,25812980.961308952,"29,326,467","25,812,980"
tt0086987,Bolero,1984,105,3.0,6238,7000000,8914881,"7,000,000","8,914,881",20528527.430221364,26144197.020808466,"20,528,527","26,144,197"
tt0086993,The Bounty,1984,132,7.0,32609,25000000,8613462,"25,000,000","8,613,462",73316169.39364773,25260241.56230991,"73,316,169","25,260,241"
tt0087032,Cannonball Run II,1984,108,5.1,18111,20000000,56278073,"20,000,000","56,278,073",58652935.514918186,165043709.3286429,"58,652,935","165,043,709"
tt0087050,Children of the Corn,1984,92,5.6,59780,800000,14568989,"800,000","14,568,989",2346117.4205967276,42725698.61672762,"2,346,117","42,725,698"
tt0087062,City Heat,1984,97,5.5,11294,25000000,38348988,"25,000,000","38,348,988",73316169.39364773,112464036.01131856,"73,316,169","112,464,036"
tt0087075,The Company of Wolves,1984,95,6.6,19634,2000000,4389334,"2,000,000","4,389,334",5865293.551491818,12872366.202771895,"5,865,293","12,872,366"
tt0087078,Conan the Destroyer,1984,103,5.9,87549,18000000,31042035,"18,000,000","31,042,035",52787641.96342637,91035323.85534167,"52,787,641","91,035,323"
tt0087182,Dune,1984,137,6.3,187124,40000000,30982607,"40,000,000","30,982,607",117305871.02983637,90861042.52275264,"117,305,871","90,861,042"
tt0087277,Footloose,1984,107,6.6,97375,8200000,80035402,"8,200,000","80,035,402",24047703.561116457,234715563.6208277,"24,047,703","234,715,563"
tt0087298,Friday the 13th: The Final Chapter,1984,91,6.0,62491,2200000,32981717,"2,200,000","32,981,717",6451822.906641001,96723726.01861404,"6,451,822","96,723,726"
tt0087332,Ghostbusters,1984,105,7.8,468009,30000000,296578797,"30,000,000","296,578,797",87979403.27237728,869760852.7766507,"87,979,403","869,760,852"
tt0087363,Gremlins,1984,106,7.3,260497,11000000,153083102,"11,000,000","153,083,102",32259114.533205003,448938665.5014821,"32,259,114","448,938,665"
tt0087385,Hardbodies,1984,88,4.9,4365,1995000,7100000,"1,995,000","7,100,000",5850630.317613089,20821792.107795957,"5,850,630","20,821,792"
tt0087428,The Hotel New Hampshire,1984,109,5.9,9455,7500000,5100000,"7,500,000","5,100,000",21994850.81809432,14956498.556304138,"21,994,850","14,956,498"
tt0087451,The Ice Pirates,1984,94,5.6,12260,9000000,14250000,"9,000,000","14,250,000",26393820.981713183,41790216.55437921,"26,393,820","41,790,216"
tt0087469,Indiana Jones and the Temple of Doom,1984,118,7.5,549605,28000000,333000000,"28,000,000","333,000,000",82114109.72088546,976571376.3233879,"82,114,109","976,571,376"
tt0087507,Johnny Dangerously,1984,90,6.5,16908,9000000,17000000,"9,000,000","17,000,000",26393820.981713183,49854995.18768046,"26,393,820","49,854,995"
tt0087538,The Karate Kid,1984,126,7.3,256754,8000000,130442786,"8,000,000","130,442,786",23461174.205967274,382542615.7822137,"23,461,174","382,542,615"
tt0087597,The Last Starfighter,1984,100,6.7,47798,15000000,28733290,"15,000,000","28,733,290",43989701.63618864,84264590.27507217,"43,989,701","84,264,590"
tt0087727,Missing in Action,1984,101,5.4,17369,2550000,22812411,"2,550,000","22,812,411",7478249.278152069,66900743.56614052,"7,478,249","66,900,743"
tt0087751,Mrs. Soffel,1984,110,6.1,3710,11000000,4385312,"11,000,000","4,385,312",32259114.533205003,12860571.097439844,"32,259,114","12,860,571"
tt0087781,The Natural,1984,138,7.4,53920,28000000,48000000,"28,000,000","48,000,000",82114109.72088546,140767045.23580366,"82,114,109","140,767,045"
tt0087799,Night of the Comet,1984,95,6.3,25463,3000000,14418922,"3,000,000","14,418,922",8797940.327237729,42285605.11303176,"8,797,940","42,285,605"
tt0087800,A Nightmare on Elm Street,1984,91,7.4,275920,1800000,57004513,"1,800,000","57,004,513",5278764.196342637,167174101.25241578,"5,278,764","167,174,101"
tt0087843,Once Upon a Time in America,1984,229,8.3,392294,30000000,5500000,"30,000,000","5,500,000",87979403.27237728,16129557.266602501,"87,979,403","16,129,557"
tt0087884,"Paris, Texas",1984,145,8.1,130009,1750000,2181987,"1,750,000","2,181,987",5132131.857555341,6398997.140269489,"5,132,131","6,398,997"
tt0087892,A Passage to India,1984,164,7.3,22061,8000000,27201487,"8,000,000","27,201,487",23461174.205967274,79772353.14604427,"23,461,174","79,772,353"
tt0087928,Police Academy,1984,96,6.7,142876,4500000,81198894,"4,500,000","81,198,894",13196910.490856592,238127674.6832339,"13,196,910","238,127,674"
tt0087951,Protocol,1984,96,5.5,5433,12000000,26200000,"12,000,000","26,200,000",35191761.308950916,76835345.52454282,"35,191,761","76,835,345"
tt0087981,Razorback,1984,95,6.0,8310,5500000,801000,"5,500,000","801,000",16129557.266602501,2349050.0673724734,"16,129,557","2,349,050"
tt0087995,Repo Man,1984,92,6.8,43326,1500000,2300000,"1,500,000","2,300,000",4398970.1636188645,6745087.584215592,"4,398,970","6,745,087"
tt0088011,Romancing the Stone,1984,106,6.9,107200,10000000,86572238,"10,000,000","86,572,238",29326467.757459093,253885794.6398075,"29,326,467","253,885,794"
tt0088024,Runaway,1984,100,5.9,15173,8000000,6770587,"8,000,000","6,770,587",23461174.205967274,19855740.13545717,"23,461,174","19,855,740"
tt0088044,Savage Streets,1984,93,6.2,5971,1500000,5000000,"1,500,000","5,000,000",4398970.1636188645,14663233.878729546,"4,398,970","14,663,233"
tt0088117,"Silent Night, Deadly Night",1984,79,5.8,20070,1065000,2491460,"1,065,000","2,491,460",3123268.8161693932,7306572.135899903,"3,123,268","7,306,572"
tt0088128,Sixteen Candles,1984,93,7.0,130926,6500000,23686027,"6,500,000","23,686,027",19062204.04234841,69462750.71178055,"19,062,204","69,462,750"
tt0088161,Splash,1984,111,6.3,85760,8000000,69800000,"8,000,000","69,800,000",23461174.205967274,204698744.94706446,"23,461,174","204,698,744"
tt0088170,Star Trek III: The Search for Spock,1984,105,6.6,88199,18000000,87000000,"18,000,000","87,000,000",52787641.96342637,255140269.48989412,"52,787,641","255,140,269"
tt0088172,Starman,1984,115,7.0,54668,22000000,28744356,"22,000,000","28,744,356",64518229.066410005,84297042.94429259,"64,518,229","84,297,042"
tt0088206,Supergirl,1984,124,4.4,24902,35000000,14296438,"35,000,000","14,296,438",102642637.15110683,41926402.805351295,"102,642,637","41,926,402"
tt0088247,The Terminator,1984,107,8.1,958296,6400000,78371200,"6,400,000","78,371,200",18768939.36477382,229835046.99133784,"18,768,939","229,835,046"
tt0088258,This Is Spinal Tap,1984,82,7.9,150852,2500000,4737539,"2,500,000","4,737,539",7331616.939364773,13893528.473320499,"7,331,616","13,893,528"
tt0088286,Top Secret!,1984,90,7.2,76059,9000000,20500000,"9,000,000","20,500,000",26393820.981713183,60119258.90279114,"26,393,820","60,119,258"
tt0088414,The Woman in Red,1984,87,6.0,18364,9000000,25300000,"9,000,000","25,300,000",26393820.981713183,74195963.4263715,"26,393,820","74,195,963"
tt0088680,After Hours,1985,97,7.6,87499,4500000,10609321,"4,500,000","10,609,321",12743113.382899629,30043506.759684015,"12,743,113","30,043,506"
tt0088708,American Ninja,1985,95,5.5,17504,1000000,10499694,"1,000,000","10,499,694",2831802.973977695,29733064.695055764,"2,831,802","29,733,064"
tt0088763,Back to the Future,1985,116,8.5,1366464,19000000,381109762,"19,000,000","381,109,762",53804256.50557621,1079227757.4435315,"53,804,256","1,079,227,757"
tt0088814,The Black Cauldron,1985,80,6.3,42730,25000000,21300000,"25,000,000","21,300,000",70795074.34944238,60317403.34572491,"70,795,074","60,317,403"
tt0088846,Brazil,1985,132,7.8,215735,15000000,9900000,"15,000,000","9,900,000",42477044.60966543,28034849.442379184,"42,477,044","28,034,849"
tt0088847,The Breakfast Club,1985,97,7.8,453659,1000000,51525171,"1,000,000","51,525,171",2831802.973977695,145909132.4725093,"2,831,802","145,909,132"
tt0088889,Cat's Eye,1985,94,6.3,29148,7000000,13100000,"7,000,000","13,100,000",19822620.817843866,37096618.95910781,"19,822,620","37,096,618"
tt0088930,Clue,1985,94,7.3,115189,15000000,14643997,"15,000,000","14,643,997",42477044.60966543,41468914.25552045,"42,477,044","41,468,914"
tt0088939,The Color Purple,1985,154,7.7,100448,15000000,146300000,"15,000,000","146,300,000",42477044.60966543,414292775.0929368,"42,477,044","414,292,775"
tt0088944,Commando,1985,90,6.7,180677,10000000,57500000,"10,000,000","57,500,000",28318029.739776954,162828671.00371748,"28,318,029","162,828,671"
tt0088979,D.A.R.Y.L.,1985,99,6.3,14483,10000000,7840873,"10,000,000","7,840,873",28318029.739776954,22203807.479981415,"28,318,029","22,203,807"
tt0089017,Desperately Seeking Susan,1985,104,6.1,27346,4500000,27399597,"4,500,000","27,399,597",12743113.382899629,77590260.27039033,"12,743,113","77,590,260"
tt0089092,Enemy Mine,1985,108,6.8,53037,40000000,12300000,"40,000,000","12,300,000",113272118.95910782,34831176.57992565,"113,272,118","34,831,176"
tt0089155,Fletch,1985,98,6.9,59332,8000000,59612888,"8,000,000","59,612,888",22654423.79182156,168811953.52579927,"22,654,423","168,811,953"
tt0089173,Friday the 13th: A New Beginning,1985,92,4.8,46438,2200000,21930418,"2,200,000","21,930,418",6229966.5427509295,62102622.91297398,"6,229,966","62,102,622"
tt0089175,Fright Night,1985,106,7.0,83704,9000000,24922237,"9,000,000","24,922,237",25486226.765799258,70574864.85477695,"25,486,226","70,574,864"
tt0089200,Ghoulies,1984,81,4.2,10815,5500000,35000000,"5,500,000","35,000,000",16129557.266602501,102642637.15110683,"16,129,557","102,642,637"
tt0089218,The Goonies,1985,114,7.7,310756,19000000,61389680,"19,000,000","61,389,680",53804256.50557621,173843478.39553905,"53,804,256","173,843,478"
tt0089243,Gymkata,1985,90,4.4,4782,8500000,5730596,"8,500,000","5,730,596",24070325.27881041,16227918.795464685,"24,070,325","16,227,918"
tt0089348,Invasion U.S.A.,1985,107,5.5,11861,12000000,17536256,"12,000,000","17,536,256",33981635.68773235,49659221.8932342,"33,981,635","49,659,221"
tt0089360,Jagged Edge,1985,108,6.5,17695,15000000,40500000,"15,000,000","40,500,000",42477044.60966543,114688020.44609666,"42,477,044","114,688,020"
tt0089370,The Jewel of the Nile,1985,106,6.1,64151,25000000,96800000,"25,000,000","96,800,000",70795074.34944238,274118527.88104093,"70,795,074","274,118,527"
tt0089393,Just One of the Guys,1985,100,6.5,18883,11500000,11528900,"11,500,000","11,528,900",32565734.200743496,32647573.306691453,"32,565,734","32,647,573"
tt0089421,King Solomon's Mines,1985,100,5.2,15559,12500000,15057465,"12,500,000","15,057,465",35397537.17472119,42639774.16756506,"35,397,537","42,639,774"
tt0089424,Kiss of the Spider Woman,1985,120,7.3,18113,1250000,17000000,"1,250,000","17,000,000",3539753.7174721193,48140650.55762082,"3,539,753","48,140,650"
tt0089457,Ladyhawke,1985,121,6.9,53047,20000000,18432000,"20,000,000","18,432,000",56636059.47955391,52195792.41635688,"56,636,059","52,195,792"
tt0089461,The Last Dragon,1985,109,6.8,18514,10000000,25754284,"10,000,000","25,754,284",28318029.739776954,72931058.02386618,"28,318,029","72,931,058"
tt0089469,Legend,1985,94,6.3,75556,24500000,15502112,"24,500,000","15,502,112",69379172.86245354,43898926.86453532,"69,379,172","43,898,926"
tt0089489,Lifeforce,1985,101,6.1,31736,25000000,11603545,"25,000,000","11,603,545",70795074.34944238,32858953.23968402,"70,795,074","32,858,953"
tt0089504,Lost in America,1985,91,7.0,10689,4000000,10179000,"4,000,000","10,179,000",11327211.89591078,28824922.47211896,"11,327,211","28,824,922"
tt0089530,Mad Max Beyond Thunderdome,1985,107,6.2,157525,10000000,36230219,"10,000,000","36,230,219",28318029.739776954,102596841.91206321,"28,318,029","102,596,841"
tt0089603,Mishima: A Life in Four Chapters,1985,120,7.9,15121,5000000,502758,"5,000,000","502,758",14159014.869888477,1423711.599591078,"14,159,014","1,423,711"
tt0089670,National Lampoon's European Vacation,1985,95,6.2,73666,17000000,49364621,"17,000,000","49,364,621",48140650.55762082,139790880.5570818,"48,140,650","139,790,880"
tt0089686,A Nightmare on Elm Street 2: Freddy's Revenge,1985,87,5.5,81413,3000000,29999213,"3,000,000","29,999,213",8495408.921933087,84951860.59039032,"8,495,408","84,951,860"
tt0089730,Once Bitten,1985,94,5.6,18079,3200000,10000000,"3,200,000","10,000,000",9061769.516728625,28318029.739776954,"9,061,769","28,318,029"
tt0089755,Out of Africa,1985,161,7.1,89059,31000000,227514205,"31,000,000","227,514,205",87785892.19330856,644275402.341171,"87,785,892","644,275,402"
tt0089791,Pee-wee's Big Adventure,1985,91,7.0,60844,6000000,40900000,"6,000,000","40,900,000",16990817.843866173,115820741.63568774,"16,990,817","115,820,741"
tt0089822,Police Academy 2: Their First Assignment,1985,87,5.8,61103,7600000,55600000,"7,600,000","55,600,000",21521702.602230486,157448245.35315984,"21,521,702","157,448,245"
tt0089826,Porky's Revenge,1985,92,4.8,9483,9000000,20518905,"9,000,000","20,518,905",25486226.765799258,58105496.201765805,"25,486,226","58,105,496"
tt0089853,The Purple Rose of Cairo,1985,82,7.7,56720,15000000,10631333,"15,000,000","10,631,333",42477044.60966543,30105840.40674721,"42,477,044","30,105,840"
tt0089885,Re-Animator,1985,84,7.1,74483,900000,2023414,"900,000","2,023,414",2548622.6765799257,5729909.782788104,"2,548,622","5,729,909"
tt0089886,Real Genius,1985,108,6.9,38882,8000000,12952019,"8,000,000","12,952,019",22654423.79182156,36677565.92321561,"22,654,423","36,677,565"
tt0089893,Red Sonja,1985,89,5.1,46134,17900000,6948633,"17,900,000","6,948,633",50689273.234200746,19677159.594479553,"50,689,273","19,677,159"
tt0089907,The Return of the Living Dead,1985,91,7.3,72991,4000000,14241310,"4,000,000","14,241,310",11327211.89591078,40328584.01133829,"11,327,211","40,328,584"
tt0089908,Return to Oz,1985,113,6.7,32208,25000000,11137801,"25,000,000","11,137,801",70795074.34944238,31540057.995371748,"70,795,074","31,540,057"
tt0089927,Rocky IV,1985,91,6.9,234108,31000000,300473716,"31,000,000","300,473,716",87785892.19330856,850882362.5709294,"87,785,892","850,882,362"
tt0089945,Rustlers' Rhapsody,1985,88,6.4,2635,5500000,6090497,"5,500,000","6,090,497",15574916.356877325,17247087.51760223,"15,574,916","17,247,087"
tt0089961,Santa Claus,1985,107,6.3,16509,50000000,23717291,"50,000,000","23,717,291",141590148.69888476,67162695.18849443,"141,590,148","67,162,695"
tt0090021,Silver Bullet,1985,95,6.4,33377,7000000,12400000,"7,000,000","12,400,000",19822620.817843866,35114356.87732342,"19,822,620","35,114,356"
tt0090022,Silverado,1985,133,7.2,51788,23000000,32192570,"23,000,000","32,192,570",65131468.40148699,91163015.46598513,"65,131,468","91,163,015"
tt0090056,Spies Like Us,1985,102,6.4,54230,22000000,60088980,"22,000,000","60,088,980",62299665.4275093,170160152.26728624,"62,299,665","170,160,152"
tt0090103,The Sure Thing,1985,95,7.0,22829,4500000,18135531,"4,500,000","18,135,531",12743113.382899629,51356250.62046469,"12,743,113","51,356,250"
tt0090142,Teen Wolf,1985,91,6.1,62485,1200000,80000000,"1,200,000","80,000,000",3398163.5687732343,226544237.91821563,"3,398,163","226,544,237"
tt0090190,The Toxic Avenger,1984,82,6.2,33882,500000,800000,"500,000","800,000",1466323.3878729546,2346117.4205967276,"1,466,323","2,346,117"
tt0090196,Transylvania 6-5000,1985,93,5.0,8829,3000000,7200000,"3,000,000","7,200,000",8495408.921933087,20388981.412639406,"8,495,408","20,388,981"
tt0090264,A View to a Kill,1985,131,6.3,108030,30000000,152427960,"30,000,000","152,427,960",84954089.21933086,431645950.44535315,"84,954,089","431,645,950"
tt0090305,Weird Science,1985,94,6.6,101364,7500000,38934048,"7,500,000","38,934,048",21238522.304832716,110253552.91539033,"21,238,522","110,253,552"
tt0090327,Witchboard,1986,98,5.7,8746,2000000,7369373,"2,000,000","7,369,373",5560255.474452555,20487798.283266425,"5,560,255","20,487,798"
tt0090357,Young Sherlock Holmes,1985,109,6.8,24115,18000000,63700000,"18,000,000","63,700,000",50972453.531598516,180385849.4423792,"50,972,453","180,385,849"
tt0090583,About Last Night,1986,113,6.3,18240,8500000,38702310,"8,500,000","38,702,310",23631085.76642336,107597365.52572994,"23,631,085","107,597,365"
tt0090605,Aliens,1986,137,8.4,804013,18500000,183316455,"18,500,000","183,316,455",51432363.138686135,509643161.2354927,"51,432,363","509,643,161"
tt0090633,An American Tail,1986,80,6.9,59736,9000000,84542002,"9,000,000","84,542,002",25021149.6350365,235037564.7208394,"25,021,149","235,037,564"
tt0090660,Armed and Dangerous,1986,88,5.7,13158,12000000,15945534,"12,000,000","15,945,534",33361532.84671533,44330621.358284675,"33,361,532","44,330,621"
tt0090728,Big Trouble in Little China,1986,99,7.2,159816,25000000,11102672,"25,000,000","11,102,672",69503193.43065694,30866846.38452555,"69,503,193","30,866,846"
tt0090738,Black Widow,1987,102,6.4,11432,10500000,25205460,"10,500,000","25,205,460",28163477.112676058,67606990.07852113,"28,163,477","67,606,990"
tt0090756,Blue Velvet,1986,120,7.7,229820,6000000,8636706,"6,000,000","8,636,706",16680766.423357666,24011145.908868615,"16,680,766","24,011,145"
tt0090856,Club Paradise,1986,96,5.1,7232,15000000,12308521,"15,000,000","12,308,521",41701916.058394164,34219260.63633212,"41,701,916","34,219,260"
tt0090859,Cobra,1986,87,5.8,82286,25000000,49042224,"25,000,000","49,042,224",69503193.43065694,136343647.23766422,"69,503,193","136,343,647"
tt0090886,Crimes of the Heart,1986,105,6.3,4632,20000000,22905522,"20,000,000","22,905,522",55602554.74452555,63680277.04784672,"55,602,554","63,680,277"
tt0090887,Critters,1986,86,6.1,41042,2000000,13167232,"2,000,000","13,167,232",5560255.474452555,36606586.905693434,"5,560,255","36,606,586"
tt0090966,Down and Out in Beverly Hills,1986,103,6.2,20650,14000000,62134225,"14,000,000","62,134,225",38921788.321167886,172741082.35355842,"38,921,788","172,741,082"
tt0091042,Ferris Bueller's Day Off,1986,103,7.8,400408,6000000,70100000,"6,000,000","70,100,000",16680766.423357666,194886954.37956205,"16,680,766","194,886,954"
tt0091055,Firewalker,1986,105,5.1,8206,8000000,11949484,"8,000,000","11,949,484",22241021.89781022,33221091.913941607,"22,241,021","33,221,091"
tt0091059,Flight of the Navigator,1986,90,6.9,53201,9000000,18564613,"9,000,000","18,564,613",25021149.6350365,51611995.53217154,"25,021,149","51,611,995"
tt0091064,The Fly,1986,96,7.6,213030,15000000,60629159,"15,000,000","60,629,159",41701916.058394164,168556806.6206022,"41,701,916","168,556,806"
tt0091080,Friday the 13th Part VI: Jason Lives,1986,86,6.0,54003,3000000,19472525,"3,000,000","19,472,525",8340383.211678833,54136106.86633212,"8,340,383","54,136,106"
tt0091083,From Beyond,1986,85,6.6,33029,4500000,1261000,"4,500,000","1,261,000",12510574.81751825,3505741.076642336,"12,510,574","3,505,741"
tt0091129,The Golden Child,1986,94,6.0,61403,25000000,79817939,"25,000,000","79,817,939",69503193.43065694,221904066.14213505,"69,503,193","221,904,066"
tt0091178,Haunted Honeymoon,1986,82,5.7,8389,13000000,8000000,"13,000,000","8,000,000",36141660.58394161,22241021.89781022,"36,141,660","22,241,021"
tt0091187,Heartbreak Ridge,1986,130,6.8,50046,15000000,42700000,"15,000,000","42,700,000",41701916.058394164,118711454.37956205,"41,701,916","118,711,454"
tt0091203,Highlander,1986,116,7.0,152188,19000000,12900000,"19,000,000","12,900,000",52822427.007299274,35863647.81021898,"52,822,427","35,863,647"
tt0091209,The Hitcher,1986,97,7.2,55771,6000000,5844868,"6,000,000","5,844,868",16680766.423357666,16249479.647226278,"16,680,766","16,249,479"
tt0091217,Hoosiers,1986,114,7.4,53757,9000000,28600000,"9,000,000","28,600,000",25021149.6350365,79511653.28467153,"25,021,149","79,511,653"
tt0091223,House,1985,93,6.1,31284,3000000,19444631,"3,000,000","19,444,631",8495408.921933087,55063363.893698886,"8,495,408","55,063,363"
tt0091225,Howard the Duck,1986,110,4.8,52616,37000000,38000000,"37,000,000","38,000,000",102864726.27737227,105644854.01459855,"102,864,726","105,644,854"
tt0091276,Invaders from Mars,1986,100,5.5,11258,12000000,4884663,"12,000,000","4,884,663",33361532.84671533,13579987.093302919,"33,361,532","13,579,987"
tt0091278,Iron Eagle,1986,117,5.5,16539,18000000,24159872,"18,000,000","24,159,872",50042299.270073,67167530.2750365,"50,042,299","67,167,530"
tt0091306,Jumpin' Jack Flash,1986,105,5.9,21208,18000000,29844101,"18,000,000","29,844,101",50042299.270073,82970412.9826825,"50,042,299","82,970,412"
tt0091369,Labyrinth,1986,101,7.3,156449,25000000,12729917,"25,000,000","12,729,917",69503193.43065694,35390795.34428833,"69,503,193","35,390,795"
tt0091396,Legal Eagles,1986,116,6.0,12588,40000000,93151591,"40,000,000","93,151,591",111205109.4890511,258973321.90585768,"111,205,109","258,973,321"
tt0091419,Little Shop of Horrors,1986,94,7.1,90136,25000000,38800000,"25,000,000","38,800,000",69503193.43065694,107868956.20437957,"69,503,193","107,868,956"
tt0091445,Lucas,1986,100,6.9,18098,6000000,8200000,"6,000,000","8,200,000",16680766.423357666,22797047.445255477,"16,680,766","22,797,047"
tt0091472,The Manhattan Project,1986,117,6.1,7114,18000000,3900000,"18,000,000","3,900,000",50042299.270073,10842498.175182482,"50,042,299","10,842,498"
tt0091474,Manhunter,1986,120,7.2,86120,150000000,8620929,"150,000,000","8,620,929",417019160.58394164,23967283.833558396,"417,019,160","23,967,283"
tt0091499,Maximum Overdrive,1986,98,5.4,37778,10000000,7400000,"10,000,000","7,400,000",27801277.372262776,20572945.255474452,"27,801,277","20,572,945"
tt0091530,The Mission,1986,125,7.4,68047,24500000,17200000,"24,500,000","17,200,000",68113129.5620438,47818197.08029197,"68,113,129","47,818,197"
tt0091541,The Money Pit,1986,91,6.4,64446,10000000,54999651,"10,000,000","54,999,651",27801277.372262776,152906055.282865,"27,801,277","152,906,055"
tt0091557,The Mosquito Coast,1986,117,6.6,32204,25000000,14302779,"25,000,000","14,302,779",69503193.43065694,39763552.61731752,"69,503,193","39,763,552"
tt0091575,Murphy's Law,1986,100,5.9,6937,6000000,9947631,"6,000,000","9,947,631",16680766.423357666,27655684.86279197,"16,680,766","27,655,684"
tt0091605,The Name of the Rose,1986,130,7.7,122006,18000000,77200000,"18,000,000","77,200,000",50042299.270073,214625861.3138686,"50,042,299","214,625,861"
tt0091630,Night of the Creeps,1986,88,6.7,27362,5000000,591366,"5,000,000","591,366",13900638.686131388,1644073.0194525549,"13,900,638","1,644,073"
tt0091635,9½ Weeks,1986,117,5.9,45176,17000000,6740470,"17,000,000","6,740,470",47262171.53284672,18739367.608941607,"47,262,171","18,739,367"
tt0091671,From a Whisper to a Scream,1987,99,5.7,3163,1100000,1400000,"1,100,000","1,400,000",2950459.507042254,3755130.281690141,"2,950,459","3,755,130"
tt0091707,The Outing,1987,87,5.1,2446,2000000,1083395,"2,000,000","1,083,395",5364471.830985916,2905920.979665493,"5,364,471","2,905,920"
tt0091738,Peggy Sue Got Married,1986,103,6.4,42385,18000000,41382841,"18,000,000","41,382,841",50042299.270073,115049584.10932483,"50,042,299","115,049,584"
tt0091757,Pirates,1986,121,6.0,9773,40000000,1641825,"40,000,000","1,641,825",111205109.4890511,4564483.222171533,"111,205,109","4,564,483"
tt0091778,Poltergeist II: The Other Side,1986,91,5.7,31427,19000000,40996665,"19,000,000","40,996,665",52822427.007299274,113975965.50027373,"52,822,427","113,975,965"
tt0091790,Pretty in Pink,1986,97,6.7,91926,9000000,40471663,"9,000,000","40,471,663",25021149.6350365,112516392.87797447,"25,021,149","112,516,392"
tt0091799,Psycho III,1986,93,5.5,17335,8400000,14481606,"8,400,000","14,481,606",23353072.99270073,40260714.52018248,"23,353,072","40,260,714"
tt0091828,Raw Deal,1986,106,5.6,39214,8500000,16209459,"8,500,000","16,209,459",23631085.76642336,45064366.57133212,"23,631,085","45,064,366"
tt0091860,River's Edge,1986,99,6.9,21885,1900000,4600000,"1,900,000","4,600,000",5282242.700729927,12788587.591240877,"5,282,242","12,788,587"
tt0091877,Ruthless People,1986,93,6.9,31433,11000000,71600000,"11,000,000","71,600,000",30581405.109489053,199057145.98540148,"30,581,405","199,057,145"
tt0091934,Shanghai Surprise,1986,97,3.3,5928,17000000,2315683,"17,000,000","2,315,683",47262171.53284672,6437894.538923358,"47,262,171","6,437,894"
tt0091939,She's Gotta Have It,1986,84,6.8,16880,175000,7137503,"175,000","7,137,503",486522.3540145986,19843170.06483577,"486,522","19,843,170"
tt0091949,Short Circuit,1986,98,6.6,68280,10000000,40697761,"10,000,000","40,697,761",27801277.372262776,113144974.19910584,"27,801,277","113,144,974"
tt0091954,Sid and Nancy,1986,112,7.0,35720,4000000,2826523,"4,000,000","2,826,523",11120510.94890511,7858094.99220803,"11,120,510","7,858,094"
tt0091991,Soul Man,1986,104,5.3,9432,4500000,35000000,"4,500,000","35,000,000",12510574.81751825,97304470.80291972,"12,510,574","97,304,470"
tt0091993,SpaceCamp,1986,107,5.7,16264,18000000,9697739,"18,000,000","9,697,739",50042299.270073,26960953.18228102,"50,042,299","26,960,953"
tt0092005,Stand by Me,1986,89,8.1,460833,8000000,52300000,"8,000,000","52,300,000",22241021.89781022,145400680.65693432,"22,241,021","145,400,680"
tt0092007,Star Trek IV: The Voyage Home,1986,119,7.3,93718,21000000,133000000,"21,000,000","133,000,000",58382682.48175183,369756989.0510949,"58,382,682","369,756,989"
tt0092076,The Texas Chainsaw Massacre 2,1986,101,5.6,40579,4500000,8000000,"4,500,000","8,000,000",12510574.81751825,22241021.89781022,"12,510,574","22,241,021"
tt0092086,Three Amigos!,1986,104,6.5,87992,25000000,39200000,"25,000,000","39,200,000",69503193.43065694,108981007.29927008,"69,503,193","108,981,007"
tt0092099,Top Gun,1986,109,7.0,522716,15000000,356830601,"15,000,000","356,830,601",41701916.058394164,992034651.3312227,"41,701,916","992,034,651"
tt0092106,The Transformers: The Movie,1986,84,7.2,43390,6000000,5860601,"6,000,000","5,860,601",16680766.423357666,16293219.396916058,"16,680,766","16,293,219"
tt0092115,Troll,1986,82,4.6,12196,1100000,5450815,"1,100,000","5,450,815",3058140.5109489053,15153961.97198905,"3,058,140","15,153,961"
tt0092147,Vamp,1986,93,5.9,7575,3300000,4941117,"3,300,000","4,941,117",9174421.532846715,13736936.424580293,"9,174,421","13,736,936"
tt0092226,Wise Guys,1986,100,5.6,6563,13000000,8475466,"13,000,000","8,475,466",36141660.58394161,23562878.11251825,"36,141,660","23,562,878"
tt0092240,The Wraith,1986,93,5.9,20404,2700000,3500000,"2,700,000","3,500,000",7506344.890510949,9730447.080291972,"7,506,344","9,730,447"
tt0092548,American Ninja 2: The Confrontation,1987,90,5.0,10103,350000,4000000,"350,000","4,000,000",938782.5704225353,10728943.661971832,"938,782","10,728,943"
tt0092563,Angel Heart,1987,113,7.2,99229,17000000,17185954,"17,000,000","17,185,954",45598010.563380286,46096783.060809866,"45,598,010","46,096,783"
tt0092585,Assassination,1987,88,5.2,3892,5000000,6075793,"5,000,000","6,075,793",13411179.57746479,16296710.199700704,"13,411,179","16,296,710"
tt0092605,Baby Boom,1987,110,6.3,19935,15000000,26712476,"15,000,000","26,712,476",40233538.73239437,71649162.51894367,"40,233,538","71,649,162"
tt0092615,The Barbarians,1987,87,5.0,5461,4000000,800000,"4,000,000","800,000",10728943.661971832,2145788.7323943665,"10,728,943","2,145,788"
tt0092627,The Bedroom Window,1987,112,6.4,7280,8300000,12640385,"8,300,000","12,640,385",22262558.09859155,33904494.63265845,"22,262,558","33,904,494"
tt0092644,Beverly Hills Cop II,1987,103,6.6,142738,28000000,299965036,"28,000,000","299,965,036",75102605.63380282,804576992.951338,"75,102,605","804,576,992"
tt0092666,Blind Date,1987,95,5.9,24928,18000000,39321715,"18,000,000","39,321,715",48280246.478873245,105470116.23177817,"48,280,246","105,470,116"
tt0092675,Bloodsport,1988,92,6.8,98082,1500000,65000000,"1,500,000","65,000,000",3863508.0304311076,167418681.31868133,"3,863,508","167,418,681"
tt0092699,Broadcast News,1987,133,7.3,35222,20000000,67330500,"20,000,000","67,330,500",53644718.30985916,180596285.3080986,"53,644,718","180,596,285"
tt0092718,Can't Buy Me Love,1987,94,6.8,43841,1800000,31623833,"1,800,000","31,623,833",4828024.647887324,84822580.65815142,"4,828,024","84,822,580"
tt0092796,Creepshow 2,1987,92,6.0,29456,3500000,14000000,"3,500,000","14,000,000",9387825.704225352,37551302.81690141,"9,387,825","37,551,302"
tt0092804,Cry Freedom,1987,157,7.4,14893,29000000,25900000,"29,000,000","25,900,000",77784841.54929578,69469910.2112676,"77,784,841","69,469,910"
tt0092890,Dirty Dancing,1987,100,7.1,267668,6000000,214577242,"6,000,000","214,577,242",16093415.492957747,575546785.139824,"16,093,415","575,546,785"
tt0092925,Dragnet,1987,106,6.0,38514,20000000,66700000,"20,000,000","66,700,000",53644718.30985916,178905135.5633803,"53,644,718","178,905,135"
tt0092965,Empire of the Sun,1987,153,7.7,137865,35000000,66700000,"35,000,000","66,700,000",93878257.04225352,178905135.5633803,"93,878,257","178,905,135"
tt0092974,Ernest Goes to Camp,1987,92,5.5,12844,3000000,23509382,"3,000,000","23,509,382",8046707.746478873,63057708.75144366,"8,046,707","63,057,708"
tt0092991,Evil Dead II,1987,84,7.7,188652,3500000,10900000,"3,500,000","10,900,000",9387825.704225352,29236371.47887324,"9,387,825","29,236,371"
tt0093010,Fatal Attraction,1987,119,6.9,105056,14000000,320145693,"14,000,000","320,145,693",37551302.81690141,858706275.9549824,"37,551,302","858,706,275"
tt0093029,Five Corners,1987,90,6.1,4007,5500000,969205,"5,500,000","969,205",14752297.535211269,2599636.4604753526,"14,752,297","2,599,636"
tt0093044,The Fourth Protocol,1987,119,6.5,11547,6000000,12423831,"6,000,000","12,423,831",16093415.492957747,33323645.71621479,"16,093,415","33,323,645"
tt0093051,From the Hip,1987,111,6.1,2728,9000000,9518342,"9,000,000","9,518,342",24140123.239436623,25530438.768345073,"24,140,123","25,530,438"
tt0093058,Full Metal Jacket,1987,116,8.2,816523,30000000,46357676,"30,000,000","46,357,676",80467077.46478873,124342223.52598593,"80,467,077","124,342,223"
tt0093075,The Gate,1987,85,6.0,20711,2500000,13539458,"2,500,000","13,539,458",6705589.788732395,36316020.52390845,"6,705,589","36,316,020"
tt0093105,"Good Morning, Vietnam",1987,121,7.3,159176,13000000,123922370,"13,000,000","123,922,370",34869066.90140845,332389031.547007,"34,869,066","332,389,031"
tt0093177,Hellraiser,1987,94,6.9,147010,1000000,14575193,"1,000,000","14,575,193",2682235.915492958,39094106.13984155,"2,682,235","39,094,106"
tt0093185,The Hidden,1987,97,7.0,24056,5000000,9747988,"5,000,000","9,747,988",13411179.57746479,26146403.517394368,"13,411,179","26,146,403"
tt0093278,Ishtar,1987,107,4.7,12448,51000000,14375181,"51,000,000","14,375,181",136794031.69014084,38557626.769911975,"136,794,031","38,557,626"
tt0093300,Jaws: The Revenge,1987,89,3.0,51218,23000000,51881012,"23,000,000","51,881,012",61691426.056338035,139157113.71852112,"61,691,426","139,157,113"
tt0093389,The Last Emperor,1987,163,7.7,115279,23800000,44000000,"23,800,000","44,000,000",63837214.788732395,118018380.28169015,"63,837,214","118,018,380"
tt0093405,Leonard Part 6,1987,85,2.2,8793,24000000,4600000,"24,000,000","4,600,000",64373661.97183099,12338285.211267605,"64,373,661","12,338,285"
tt0093409,Lethal Weapon,1987,109,7.6,285284,15000000,120207127,"15,000,000","120,207,127",40233538.73239437,322423873.33762324,"40,233,538","322,423,873"
tt0093418,Like Father Like Son,1987,100,5.2,6646,10500000,34377585,"10,500,000","34,377,585",28163477.112676058,92208793.17491198,"28,163,477","92,208,793"
tt0093428,The Living Daylights,1987,130,6.7,109448,40000000,191185897,"40,000,000","191,185,897",107289436.61971831,512805679.4691374,"107,289,436","512,805,679"
tt0093437,The Lost Boys,1987,97,7.2,168696,8500000,32222567,"8,500,000","32,222,567",22799005.281690143,86428526.49677818,"22,799,005","86,428,526"
tt0093493,Mannequin,1987,90,6.0,37532,6000000,42700000,"6,000,000","42,700,000",16093415.492957747,114531473.5915493,"16,093,415","114,531,473"
tt0093507,Masters of the Universe,1987,106,5.4,46081,22000000,17336370,"22,000,000","17,336,370",59009190.140845075,46500234.258274645,"59,009,190","46,500,234"
tt0093512,Maurice,1987,140,7.6,25227,2600000,2438304,"2,600,000","2,438,304",6973813.3802816905,6540106.561690141,"6,973,813","6,540,106"
tt0093560,The Monster Squad,1987,82,6.9,36986,12000000,3769990,"12,000,000","3,769,990",32186830.985915493,10112002.579049297,"32,186,830","10,112,002"
tt0093565,Moonstruck,1987,102,7.2,73190,15000000,122100000,"15,000,000","122,100,000",40233538.73239437,327501005.2816902,"40,233,538","327,501,005"
tt0093605,Near Dark,1987,94,6.9,47093,5000000,3400000,"5,000,000","3,400,000",13411179.57746479,9119602.112676056,"13,411,179","9,119,602"
tt0093624,Night of the Demons,1988,90,6.1,20394,1200000,3109904,"1,200,000","3,109,904",3090806.424344886,8010092.718579882,"3,090,806","8,010,092"
tt0093629,A Nightmare on Elm Street 3: Dream Warriors,1987,96,6.7,94689,4450000,44793222,"4,450,000","44,793,222",11935949.823943663,120145988.8190493,"11,935,949","120,145,988"
tt0093640,No Way Out,1987,114,7.1,50614,15000000,35509515,"15,000,000","35,509,515",40233538.73239437,95244896.47473593,"40,233,538","95,244,896"
tt0093692,Over the Top,1987,93,5.8,62010,25000000,16057580,"25,000,000","16,057,580",67055897.887323946,43070217.79190141,"67,055,897","43,070,217"
tt0093693,Overboard,1987,112,6.9,71295,22000000,26700000,"22,000,000","26,700,000",59009190.140845075,71615698.94366197,"59,009,190","71,615,698"
tt0093748,"Planes, Trains & Automobiles",1987,93,7.6,169376,15000000,49500000,"15,000,000","49,500,000",40233538.73239437,132770677.81690142,"40,233,538","132,770,677"
tt0093773,Predator,1987,107,7.8,473700,15000000,98267558,"15,000,000","98,267,558",40233538.73239437,263576773.39538732,"40,233,538","263,576,773"
tt0093779,The Princess Bride,1987,98,8.0,463668,16000000,30900000,"16,000,000","30,900,000",42915774.64788733,82881089.7887324,"42,915,774","82,881,089"
tt0093822,Raising Arizona,1987,94,7.3,155251,6000000,29180280,"6,000,000","29,180,280",16093415.492957747,78268395.04014084,"16,093,415","78,268,395"
tt0093870,RoboCop,1987,102,7.6,294292,13000000,53424681,"13,000,000","53,424,681",34869066.90140845,143297598.15195423,"34,869,066","143,297,598"
tt0093886,Roxanne,1987,107,6.6,48823,12000000,40050884,"12,000,000","40,050,884",32186830.985915493,107425919.51204227,"32,186,830","107,425,919"
tt0093894,The Running Man,1987,101,6.6,173499,27000000,38122105,"27,000,000","38,122,105",72420369.71830986,102252479.20519365,"72,420,369","102,252,479"
tt0093980,"Sister, Sister",1987,91,5.5,1452,4000000,743445,"4,000,000","743,445",10728943.661971832,1994094.880193662,"10,728,943","1,994,094"
tt0094008,Someone to Watch Over Me,1987,106,6.1,12393,17000000,10278549,"17,000,000","10,278,549",45598010.563380286,27569493.286954224,"45,598,010","27,569,493"
tt0094012,Spaceballs,1987,96,7.1,213935,22700000,38119483,"22,700,000","38,119,483",60886755.28169014,102245446.38262324,"60,886,755","102,245,446"
tt0094025,Stakeout,1987,117,6.7,29348,14500000,65673233,"14,500,000","65,673,233",38892420.77464789,176151104.23913732,"38,892,420","176,151,104"
tt0094074,Superman IV: The Quest for Peace,1987,90,3.7,54951,17000000,36681020,"17,000,000","36,681,020",45598010.563380286,98387149.26091549,"45,598,010","98,387,149"
tt0094118,Teen Wolf Too,1987,95,3.5,12819,3000000,7900000,"3,000,000","7,900,000",8046707.746478873,21189663.732394367,"8,046,707","21,189,663"
tt0094138,Three O'Clock High,1987,101,7.1,13714,6000000,3685862,"6,000,000","3,685,862",16093415.492957747,9886351.435950706,"16,093,415","9,886,351"
tt0094142,Throw Momma from the Train,1987,88,6.3,42367,14000000,57915972,"14,000,000","57,915,972",37551302.81690141,155344300.17908454,"37,551,302","155,344,300"
tt0094169,Tough Guys Don't Dance,1987,110,4.9,1985,5000000,858250,"5,000,000","858,250",13411179.57746479,2302028.974471831,"13,411,179","2,302,028"
tt0094226,The Untouchables,1987,119,7.8,341311,25000000,76270454,"25,000,000","76,270,454",67055897.887323946,204575351.00975353,"67,055,897","204,575,351"
tt0094291,Wall Street,1987,126,7.3,169064,15000000,43900000,"15,000,000","43,900,000",40233538.73239437,117750156.69014086,"40,233,538","117,750,156"
tt0094332,The Witches of Eastwick,1987,118,6.5,80683,22000000,63766510,"22,000,000","63,766,510",59009190.140845075,171036823.32764086,"59,009,190","171,036,823"
tt0094602,Above the Law,1988,99,6.0,35760,7500000,18869631,"7,500,000","18,869,631",19317540.152155537,48601980.599847846,"19,317,540","48,601,980"
tt0094612,Action Jackson,1988,96,5.6,13076,7000000,20256975,"7,000,000","20,256,975",18029704.142011836,52175323.72316145,"18,029,704","52,175,323"
tt0094631,Alien Nation,1988,91,6.3,17125,16000000,32155047,"16,000,000","32,155,047",41210752.32459848,82820854.86892645,"41,210,752","82,820,854"
tt0094667,Apartment Zero,1988,124,6.8,4341,4000000,670774,"4,000,000","670,774",10302688.08114962,1727693.8237362637,"10,302,688","1,727,693"
tt0094701,Bad Dreams,1988,84,5.6,4520,4000000,9797098,"4,000,000","9,797,098",10302688.08114962,25234111.198613696,"10,302,688","25,234,111"
tt0094721,Beetlejuice,1988,92,7.5,400725,15000000,84554197,"15,000,000","84,554,197",38635080.304311074,217783879.41076922,"38,635,080","217,783,879"
tt0094737,Big,1988,104,7.3,248939,18000000,151927281,"18,000,000","151,927,281",46362096.36517329,391314846.7900423,"46,362,096","391,314,846"
tt0094747,Bird,1988,161,7.1,13906,9000000,2000000,"9,000,000","2,000,000",23181048.182586644,5151344.04057481,"23,181,048","5,151,344"
tt0094761,The Blob,1988,95,6.7,46484,10000000,8247943,"10,000,000","8,247,943",25756720.20287405,21243996.01002536,"25,756,720","21,243,996"
tt0094792,Braddock: Missing in Action III,1988,103,4.9,7561,9000000,6193901,"9,000,000","6,193,901",23181048.182586644,15953457.502130179,"23,181,048","15,953,457"
tt0094812,Bull Durham,1988,108,7.0,61408,7000000,50888000,"7,000,000","50,888,000",18029704.142011836,131070797.76838547,"18,029,704","131,070,797"
tt0094862,Child's Play,1988,87,6.7,123936,9000000,44196684,"9,000,000","44,196,684",23181048.182586644,113836162.36828402,"23,181,048","113,836,162"
tt0094898,Coming to America,1988,117,7.1,231199,30000000,288752301,"30,000,000","288,752,301",77270160.60862215,743731222.4793069,"77,270,160","743,731,222"
tt0094924,A Cry in the Dark,1988,120,6.9,11617,15000000,6908797,"15,000,000","6,908,797",38635080.304311074,17794795.126745563,"38,635,080","17,794,795"
tt0094947,Dangerous Liaisons,1988,119,7.5,77203,14000000,34670720,"14,000,000","34,670,720",36059408.28402367,89300403.42721894,"36,059,408","89,300,403"
tt0094961,Dead Heat,1988,84,6.1,9637,5000000,3588626,"5,000,000","3,588,626",12878360.101437025,9243123.579475908,"12,878,360","9,243,123"
tt0094963,The Dead Pool,1988,91,6.3,50607,20000000,37900000,"20,000,000","37,900,000",51513440.4057481,97617969.56889264,"51,513,440","97,617,969"
tt0094964,Dead Ringers,1988,116,7.2,55980,13000000,8038508,"13,000,000","8,038,508",33483736.263736263,20704560.140456468,"33,483,736","20,704,560"
tt0095016,Die Hard,1988,132,8.2,984799,28000000,140767956,"28,000,000","140,767,956",72118816.56804734,362572085.62224853,"72,118,816","362,572,085"
tt0095031,Dirty Rotten Scoundrels,1988,110,7.4,82041,6500000,42000000,"6,500,000","42,000,000",16741868.131868131,108178224.852071,"16,741,868","108,178,224"
tt0095082,Eight Men Out,1988,119,7.2,22960,6100000,5700000,"6,100,000","5,700,000",15711599.32375317,14681330.515638208,"15,711,599","14,681,330"
tt0095107,Ernest Saves Christmas,1988,91,5.7,13568,6000000,28202109,"6,000,000","28,202,109",15454032.12172443,72639383.0643956,"15,454,032","72,639,383"
tt0095159,A Fish Called Wanda,1988,108,7.5,159060,7500000,188593712,"7,500,000","188,593,712",19317540.152155537,485755547.20054096,"19,317,540","485,755,547"
tt0095174,Frantic,1988,120,6.8,59522,20000000,17637950,"20,000,000","17,637,950",51513440.4057481,45429574.31022823,"51,513,440","45,429,574"
tt0095179,Friday the 13th: The New Blood,1988,88,5.2,44650,2800000,19170001,"2,800,000","19,170,001",7211881.656804734,49375635.20458157,"7,211,881","49,375,635"
tt0095188,Funny Farm,1988,101,6.2,25652,19000000,25537221,"19,000,000","25,537,221",48937768.3854607,65775505.60559595,"48,937,768","65,775,505"
tt0095270,Hairspray,1988,92,7.0,24276,2000000,6671108,"2,000,000","6,671,108",5151344.04057481,17182586.21991547,"5,151,344","17,182,586"
tt0095271,Halloween 4: The Return of Michael Myers,1988,88,5.8,61342,5000000,17768757,"5,000,000","17,768,757",12878360.101437025,45766490.24018597,"12,878,360","45,766,490"
tt0095294,Hellbound: Hellraiser II,1988,97,6.4,58324,3000000,12090735,"3,000,000","12,090,735",7727016.060862215,31141767.844209634,"7,727,016","31,141,767"
tt0095304,High Spirits,1988,99,5.8,11341,15000000,8500000,"15,000,000","8,500,000",38635080.304311074,21893212.172442943,"38,635,080","21,893,212"
tt0095348,I'm Gonna Git You Sucka,1988,88,6.6,15657,3000000,13000000,"3,000,000","13,000,000",7727016.060862215,33483736.263736263,"7,727,016","33,483,736"
tt0095444,Killer Klowns from Outer Space,1988,88,6.2,49209,1800000,43625095,"1,800,000","43,625,095",4636209.636517329,112363936.57387997,"4,636,209","112,363,936"
tt0095488,The Lair of the White Worm,1988,93,6.1,16535,2500000,1189315,"2,500,000","1,189,315",6439180.050718512,3063285.368808115,"6,439,180","3,063,285"
tt0095489,The Land Before Time,1988,69,7.4,102589,12500000,84704291,"12,500,000","84,704,291",32195900.253592562,218170472.32698226,"32,195,900","218,170,472"
tt0095497,The Last Temptation of Christ,1988,164,7.5,65123,7000000,33773585,"7,000,000","33,773,585",18029704.142011836,86989677.90929839,"18,029,704","86,989,677"
tt0095583,Maniac Cop,1988,85,6.0,21599,1100000,671382,"1,100,000","671,382",2833239.2223161454,1729259.8323245985,"2,833,239","1,729,259"
tt0095593,Married to the Mob,1988,104,6.2,20701,10000000,21486757,"10,000,000","21,486,757",25756720.20287405,55342838.811614536,"25,756,720","55,342,838"
tt0095631,Midnight Run,1988,126,7.5,98637,30000000,38413606,"30,000,000","38,413,606",77270160.60862215,98940850.17254439,"77,270,160","98,940,850"
tt0095647,Mississippi Burning,1988,128,7.8,119117,15000000,34604000,"15,000,000","34,604,000",38635080.304311074,89128554.59002537,"38,635,080","89,128,554"
tt0095655,Moonwalker,1988,93,6.1,18860,22000000,67000000,"22,000,000","67,000,000",56664784.44632291,172570025.35925612,"56,664,784","172,570,025"
tt0095687,My Stepmother Is an Alien,1988,105,5.4,28341,20000000,13854000,"20,000,000","13,854,000",51513440.4057481,35683360.169061705,"51,513,440","35,683,360"
tt0095690,Mystic Pizza,1988,104,6.3,34470,6000000,12793213,"6,000,000","12,793,213",15454032.12172443,32951120.773677092,"15,454,032","32,951,120"
tt0095705,The Naked Gun: From the Files of Police Squad!,1988,85,7.6,192991,12000000,152356177,"12,000,000","152,356,177",30908064.24344886,392419542.21685547,"30,908,064","392,419,542"
tt0095742,A Nightmare on Elm Street 4: The Dream Master,1988,93,5.6,64495,6500000,49369899,"6,500,000","49,369,899",16741868.131868131,127160667.49871513,"16,741,868","127,160,667"
tt0095776,Oliver & Company,1988,74,6.6,54791,31000000,121000000,"31,000,000","121,000,000",79845832.62890956,311656314.454776,"79,845,832","311,656,314"
tt0095863,Phantasm II,1988,97,6.4,17279,3000000,7282851,"3,000,000","7,282,851",7727016.060862215,18758235.548622146,"7,727,016","18,758,235"
tt0095882,Police Academy 5: Assignment: Miami Beach,1988,90,4.6,39455,14000000,19510371,"14,000,000","19,510,371",36059408.28402367,50252316.6901268,"36,059,408","50,252,316"
tt0095889,Poltergeist III,1988,98,4.7,21486,10500000,14144000,"10,500,000","14,144,000",27044556.21301775,36430305.05494506,"27,044,556","36,430,305"
tt0095925,Pumpkinhead,1988,86,6.2,29486,3500000,4400000,"3,500,000","4,400,000",9014852.071005918,11332956.889264582,"9,014,852","11,332,956"
tt0095953,Rain Man,1988,133,8.0,561699,25000000,354825435,"25,000,000","354,825,435",64391800.507185124,913913945.0158073,"64,391,800","913,913,945"
tt0095956,Rambo III,1988,102,5.8,144479,63000000,189015611,"63,000,000","189,015,611",162267337.2781065,486842220.6502282,"162,267,337","486,842,220"
tt0095963,Red Heat,1988,104,6.1,78520,29000000,34994648,"29,000,000","34,994,648",74694488.58833474,90134735.7134066,"74,694,488","90,134,735"
tt0095990,Return of the Living Dead II,1988,89,5.7,22415,6000000,9205924,"6,000,000","9,205,924",15454032.12172443,23711440.867692307,"15,454,032","23,711,440"
tt0096061,Scrooged,1988,101,6.9,123121,32000000,60300000,"32,000,000","60,300,000",82421504.64919695,155313022.82333052,"82,421,504","155,313,022"
tt0096101,Short Circuit 2,1988,110,5.8,27518,10000000,21600000,"10,000,000","21,600,000",25756720.20287405,55634515.63820795,"25,756,720","55,634,515"
tt0096193,Sunset,1988,102,5.7,4767,16000000,4594452,"16,000,000","4,594,452",41210752.32459848,11833801.464953508,"41,210,752","11,833,801"
tt0096203,Switching Channels,1988,105,5.9,4311,18000000,9129999,"18,000,000","9,129,999",46362096.36517329,23515882.969551984,"46,362,096","23,515,882"
tt0096219,Talk Radio,1988,110,7.2,15085,4000000,3468572,"4,000,000","3,468,572",10302688.08114962,8933903.850752326,"10,302,688","8,933,903"
tt0096244,Tequila Sunrise,1988,115,6.1,34915,23000000,105900000,"23,000,000","105,900,000",59240456.46661031,272763666.9484362,"59,240,456","272,763,666"
tt0096256,They Live,1988,94,7.2,153384,4000000,13000000,"4,000,000","13,000,000",10302688.08114962,33483736.263736263,"10,302,688","33,483,736"
tt0096320,Twins,1988,107,6.2,141949,15000000,216614388,"15,000,000","216,614,388",38635080.304311074,557927618.3632798,"38,635,080","557,927,618"
tt0096438,Who Framed Roger Rabbit,1988,104,7.7,224345,70000000,329800000,"70,000,000","329,800,000",180297041.42011836,849456632.2907861,"180,297,041","849,456,632"
tt0096446,Willow,1988,126,7.2,133174,35000000,57300000,"35,000,000","57,300,000",90148520.71005918,147586006.7624683,"90,148,520","147,586,006"
tt0096463,Working Girl,1988,113,6.8,64886,28000000,103173635,"28,000,000","103,173,635",72118816.56804734,265741444.90084532,"72,118,816","265,741,444"
tt0096734,The 'Burbs,1989,102,6.8,86743,18000000,49100000,"18,000,000","49,100,000",44230935.48387097,120652162.90322581,"44,230,935","120,652,162"
tt0096754,The Abyss,1989,140,7.5,200223,70000000,90000098,"70,000,000","90,000,098",172009193.5483871,221154918.2322258,"172,009,193","221,154,918"
tt0096764,The Adventures of Baron Munchausen,1988,126,7.1,58217,46630000,8083123,"46,630,000","8,083,123",120103586.3060017,20819473.74764159,"120,103,586","20,819,473"
tt0096874,Back to the Future Part II,1989,108,7.8,594187,40000000,332000000,"40,000,000","332,000,000",98290967.74193548,815815032.2580645,"98,290,967","815,815,032"
tt0096895,Batman,1989,126,7.5,417698,35000000,411348924,"35,000,000","411,348,924",86004596.77419356,1010797095.4890968,"86,004,596","1,010,797,095"
tt0096913,Best of the Best,1989,97,6.4,15997,5000000,1700000,"5,000,000","1,700,000",12286370.967741935,4177366.129032258,"12,286,370","4,177,366"
tt0096928,Bill & Ted's Excellent Adventure,1989,90,6.9,145194,10000000,40510984,"10,000,000","40,510,984",24572741.93548387,99546595.53845161,"24,572,741","99,546,595"
tt0096969,Born on the Fourth of July,1989,145,7.2,119725,14000000,161001698,"14,000,000","161,001,698",34401838.70967742,395625317.612871,"34,401,838","395,625,317"
tt0097001,C.H.U.D. II: Bud the Chud,1989,84,4.1,4222,49200000,62405000,"49,200,000","62,405,000",120897890.32258065,153346196.0483871,"120,897,890","153,346,196"
tt0097044,Chances Are,1989,108,6.5,14303,16000000,16300000,"16,000,000","16,300,000",39316387.09677419,40053569.35483871,"39,316,387","40,053,569"
tt0097108,"The Cook, the Thief, His Wife & Her Lover",1989,124,7.5,43248,2300000,7724701,"2,300,000","7,724,701",5651730.645161291,18981708.42017742,"5,651,730","18,981,708"
tt0097116,Cousins,1989,113,6.4,5257,13000000,22030000,"13,000,000","22,030,000",31944564.51612903,54133750.48387097,"31,944,564","54,133,750"
tt0097123,Crimes and Misdemeanors,1989,104,7.8,61865,19000000,18254702,"19,000,000","18,254,702",46688209.67741936,44856808.13551613,"46,688,209","44,856,808"
tt0097125,Criminal Law,1988,117,5.7,4853,5000000,9974446,"5,000,000","9,974,446",12878360.101437025,25690901.480067626,"12,878,360","25,690,901"
tt0097138,Cyborg,1989,86,5.0,35558,500000,10166459,"500,000","10,166,459",1228637.0967741935,24981777.34046774,"1,228,637","24,981,777"
tt0097162,Dead Calm,1989,96,6.8,45663,10400000,7825000,"10,400,000","7,825,000",25555651.612903226,19228170.56451613,"25,555,651","19,228,170"
tt0097165,Dead Poets Society,1989,128,8.1,584831,16400000,235900000,"16,400,000","235,900,000",40299296.77419355,579670982.2580645,"40,299,296","579,670,982"
tt0097179,DeepStar Six,1989,99,5.3,13884,8000000,8143225,"8,000,000","8,143,225",19658193.548387095,20010136.644758064,"19,658,193","20,010,136"
tt0097216,Do the Right Thing,1989,120,8.0,117379,6500000,37300000,"6,500,000","37,300,000",15972282.258064516,91656327.41935484,"15,972,282","91,656,327"
tt0097235,The Dream Team,1989,113,6.5,16847,14000000,28890240,"14,000,000","28,890,240",34401838.70967742,70991241.19741935,"34,401,838","70,991,241"
tt0097239,Driving Miss Daisy,1989,99,7.3,120507,7500000,145793296,"7,500,000","145,793,296",18429556.451612905,358254103.8531613,"18,429,556","358,254,103"
tt0097240,Drugstore Cowboy,1989,101,7.2,42229,2500000,4700000,"2,500,000","4,700,000",6143185.483870967,11549188.709677419,"6,143,185","11,549,188"
tt0097257,Earth Girls Are Easy,1988,100,5.5,26075,10000000,3916303,"10,000,000","3,916,303",25756720.20287405,10087112.060067626,"25,756,720","10,087,112"
tt0097276,"Enemies, A Love Story",1989,119,6.6,2683,9500000,7754571,"9,500,000","7,754,571",23344104.83870968,19055107.20033871,"23,344,104","19,055,107"
tt0097322,The Fabulous Baker Boys,1989,114,6.9,26490,13000000,18428904,"13,000,000","18,428,904",31944564.51612903,45284870.21458064,"31,944,564","45,284,870"
tt0097334,Farewell to the King,1989,117,6.2,3220,16000000,2420917,"16,000,000","2,420,917",39316387.09677419,5948856.86882258,"39,316,387","5,948,856"
tt0097351,Field of Dreams,1989,107,7.5,133182,15000000,84431625,"15,000,000","84,431,625",36859112.90322581,207471653.23185483,"36,859,112","207,471,653"
tt0097366,Fletch Lives,1989,95,6.1,23866,8000000,35150960,"8,000,000","35,150,960",19658193.548387095,86375546.88645162,"19,658,193","86,375,546"
tt0097368,The Fly II,1989,105,5.2,25539,16500000,38900000,"16,500,000","38,900,000",40545024.19354839,95587966.12903225,"40,545,024","95,587,966"
tt0097388,Friday the 13th Part VIII: Jason Takes Manhattan,1989,100,4.5,45407,5300000,14343976,"5,300,000","14,343,976",13023553.225806452,35247082.057677425,"13,023,553","35,247,082"
tt0097428,Ghostbusters II,1989,108,6.6,232396,37000000,215394738,"37,000,000","215,394,738",90919145.16129032,529283931.1135161,"90,919,145","529,283,931"
tt0097438,Gleaming the Cube,1989,105,6.3,9409,10000000,2777280,"10,000,000","2,777,280",24572741.93548387,6824538.472258064,"24,572,741","6,824,538"
tt0097441,Glory,1989,122,7.8,148626,18000000,26800000,"18,000,000","26,800,000",44230935.48387097,65854948.38709678,"44,230,935","65,854,948"
tt0097458,Gross Anatomy,1989,109,6.2,4215,8500000,11604598,"8,500,000","11,604,598",20886830.64516129,28515679.191903226,"20,886,830","28,515,679"
tt0097474,Halloween 5: The Revenge of Michael Myers,1989,96,4.9,49281,3000000,11642254,"3,000,000","11,642,254",7371822.580645162,28608210.308935486,"7,371,822","28,608,210"
tt0097481,Harlem Nights,1989,116,6.1,25786,30000000,60864870,"30,000,000","60,864,870",73718225.80645162,149561674.34467742,"73,718,225","149,561,674"
tt0097493,Heathers,1988,103,7.1,121765,3000000,1166207,"3,000,000","1,166,207",7727016.060862215,3003766.739763314,"7,727,016","3,003,766"
tt0097499,Henry V,1989,137,7.5,32483,9000000,10161211,"9,000,000","10,161,211",22115467.741935484,24968881.565500002,"22,115,467","24,968,881"
tt0097523,"Honey, I Shrunk the Kids",1989,93,6.4,171120,18000000,222724172,"18,000,000","222,724,172",44230935.48387097,547294360.1350323,"44,230,935","547,294,360"
tt0097576,Indiana Jones and the Last Crusade,1989,127,8.2,834096,48000000,474171806,"48,000,000","474,171,806",117949161.29032259,1165170142.1920323,"117,949,161","1,165,170,142"
tt0097637,K-9,1989,101,6.1,36439,17000000,78247647,"17,000,000","78,247,647",41773661.29032258,192275923.67898387,"41,773,661","192,275,923"
tt0097647,The Karate Kid Part III,1989,112,5.3,72586,12500000,38956288,"12,500,000","38,956,288",30715927.419354837,95726281.17883871,"30,715,927","95,726,281"
tt0097659,Kickboxer,1989,97,6.4,63524,1500000,14697005,"1,500,000","14,697,005",3685911.290322581,36114571.10895161,"3,685,911","36,114,571"
tt0097737,Leviathan,1989,98,5.8,25281,25000000,15704614,"25,000,000","15,704,614",61431854.838709675,38590542.70183871,"61,431,854","38,590,542"
tt0097742,Licence to Kill,1989,133,6.7,115401,32000000,156167015,"32,000,000","156,167,015",78632774.19354838,383745175.84298384,"78,632,774","383,745,175"
tt0097757,The Little Mermaid,1989,83,7.6,300091,40000000,211343479,"40,000,000","211,343,479",98290967.74193548,519328876.92143553,"98,290,967","519,328,876"
tt0097770,Lock Up,1989,109,6.4,47953,24000000,22099847,"24,000,000","22,099,847",58974580.64516129,54305383.71446774,"58,974,580","54,305,383"
tt0097815,Major League,1989,107,7.2,79275,11000000,75000000,"11,000,000","75,000,000",27030016.129032258,184295564.51612905,"27,030,016","184,295,564"
tt0097889,Miracle Mile,1988,87,7.0,13345,3700000,1145404,"3,700,000","1,145,404",9529986.475063398,2950185.0347252744,"9,529,986","2,950,185"
tt0097940,Mystery Train,1989,110,7.5,31784,2800000,1544973,"2,800,000","1,544,973",6880367.741935484,3796422.282629032,"6,880,367","3,796,422"
tt0097958,National Lampoon's Christmas Vacation,1989,97,7.5,234317,27000000,74542088,"27,000,000","74,542,088",66346403.22580645,183170349.1756129,"66,346,403","183,170,349"
tt0097965,New York Stories,1989,124,6.4,20392,15000000,10763469,"15,000,000","10,763,469",36859112.90322581,26448794.606758066,"36,859,112","26,448,794"
tt0097981,A Nightmare on Elm Street: The Dream Child,1989,89,5.0,53025,8000000,22168359,"8,000,000","22,168,359",19658193.548387095,54473736.48401613,"19,658,193","54,473,736"
tt0098051,The Package,1989,108,6.4,12796,16000000,10647219,"16,000,000","10,647,219",39316387.09677419,26163136.481758066,"39,316,387","26,163,136"
tt0098068,Parents,1989,81,6.1,8974,3000000,870532,"3,000,000","870,532",7371822.580645162,2139135.8182580643,"7,371,822","2,139,135"
tt0098084,Pet Sematary,1989,103,6.5,119134,11500000,57500000,"11,500,000","57,500,000",28258653.225806452,141293266.12903225,"28,258,653","141,293,266"
tt0098097,Pink Cadillac,1989,122,5.4,12711,19000000,12100000,"19,000,000","12,100,000",46688209.67741936,29733017.741935484,"46,688,209","29,733,017"
tt0098180,Red Scorpion,1988,105,5.2,10169,16000000,4192440,"16,000,000","4,192,440",41210752.32459848,10798350.404733727,"41,210,752","10,798,350"
tt0098188,Renegades,1989,106,5.4,4098,16000000,9015164,"16,000,000","9,015,164",39316387.09677419,22152729.84780645,"39,316,387","22,152,729"
tt0098206,Road House,1989,114,6.7,106433,15000000,30100000,"15,000,000","30,100,000",36859112.90322581,73963953.22580644,"36,859,112","73,963,953"
tt0098258,Say Anything,1989,100,7.3,98920,16000000,20036737,"16,000,000","20,036,737",39316387.09677419,49235756.75301613,"39,316,387","49,235,756"
tt0098273,Sea of Love,1989,113,6.8,46697,19000000,110879513,"19,000,000","110,879,513",46688209.67741936,272461365.8881129,"46,688,209","272,461,365"
tt0098282,"See No Evil, Hear No Evil",1989,103,6.8,60874,18000000,46900000,"18,000,000","46,900,000",44230935.48387097,115246159.67741935,"44,230,935","115,246,159"
tt0098309,She-Devil,1989,99,5.7,20061,20000000,15400000,"20,000,000","15,400,000",49145483.87096774,37842022.58064516,"49,145,483","37,842,022"
tt0098320,Shocker,1989,109,5.5,18485,5000000,16554699,"5,000,000","16,554,699",12286370.967741935,40679434.63466129,"12,286,370","40,679,434"
tt0098369,Speed Zone,1989,94,4.5,3830,18000000,3077361,"18,000,000","3,077,361",44230935.48387097,7561919.769532259,"44,230,935","7,561,919"
tt0098382,Star Trek V: The Final Frontier,1989,107,5.5,65862,33000000,63000000,"33,000,000","63,000,000",81090048.38709678,154808274.19354838,"81,090,048","154,808,274"
tt0098384,Steel Magnolias,1989,117,7.3,65741,15000000,95904091,"15,000,000","95,904,091",36859112.90322581,235662647.87001613,"36,859,112","235,662,647"
tt0098385,Stepfather II: Make Room for Daddy,1989,93,5.6,5176,1500000,1519796,"1,500,000","1,519,796",3685911.290322581,3734555.4902580646,"3,685,911","3,734,555"
tt0098439,Tango & Cash,1989,104,6.4,116933,55000000,63408614,"55,000,000","63,408,614",135150080.6451613,155812350.83087096,"135,150,080","155,812,350"
tt0098503,The Toxic Avenger Part II,1989,102,5.0,7740,2500000,792966,"2,500,000","792,966",6143185.483870967,1948534.8881612902,"6,143,185","1,948,534"
tt0098536,Turner & Hooch,1989,97,6.2,78326,13000000,71079915,"13,000,000","71,079,915",31944564.51612903,174662840.80911288,"31,944,564","174,662,840"
tt0098546,UHF,1989,97,6.9,32847,5000000,6157157,"5,000,000","6,157,157",12286370.967741935,15129823.001725806,"12,286,370","15,129,823"
tt0098575,Valmont,1989,137,7.0,14822,33000000,1132112,"33,000,000","1,132,112",81090048.38709678,2781909.6018064516,"81,090,048","2,781,909"
tt0098577,Vampire's Kiss,1988,103,6.1,23010,2000000,725131,"2,000,000","725,131",5151344.04057481,1867699.6277430262,"5,151,344","1,867,699"
tt0098621,The War of the Roses,1989,116,6.8,59056,26000000,160188546,"26,000,000","160,188,546",63889129.03225806,393627180.18783873,"63,889,129","393,627,180"
tt0098622,Warlock,1989,103,6.2,19861,7000000,9094451,"7,000,000","9,094,451",17200919.35483871,22347559.74679032,"17,200,919","22,347,559"
tt0098627,Weekend at Bernie's,1989,97,6.4,65363,6500000,30218387,"6,500,000","30,218,387",15972282.258064516,74254862.54575807,"15,972,282","74,254,862"
tt0098635,When Harry Met Sally...,1989,95,7.7,253998,16000000,92823546,"16,000,000","92,823,546",39316387.09677419,228092904.13945162,"39,316,387","228,092,904"
tt0098663,The Wizard,1989,100,6.1,17092,6000000,14278900,"6,000,000","14,278,900",14743645.161290323,35087172.48225807,"14,743,645","35,087,172"
tt0098724,"Sex, Lies, and Videotape",1989,100,7.2,61685,1200000,24741667,"1,200,000","24,741,667",2948729.0322580645,60797059.82446774,"2,948,729","60,797,059"
tt0099005,Air America,1990,113,5.8,31379,35000000,57661269,"35,000,000","57,661,269",81595791.88982403,134426197.29791892,"81,595,791","134,426,197"
tt0099044,Another 48 Hrs.,1990,95,5.9,46016,38000000,153518974,"38,000,000","153,518,974",88589716.9089518,357900064.3898088,"88,589,716","357,900,064"
tt0099052,Arachnophobia,1990,109,6.5,78116,31000000,53200000,"31,000,000","53,200,000",72270558.530987,124025603.67253253,"72,270,558","124,025,603"
tt0099077,Awakenings,1990,121,7.8,167521,31000000,52096475,"31,000,000","52,096,475",72270558.530987,121452946.63695487,"72,270,558","121,452,946"
tt0099088,Back to the Future Part III,1990,118,7.5,497565,40000000,244527583,"40,000,000","244,527,583",93252333.58837032,570069193.5368478,"93,252,333","570,069,193"
tt0099091,Bad Influence,1990,99,6.3,11692,7000000,12626043,"7,000,000","12,626,043",16319158.377964806,29435199.3434277,"16,319,158","29,435,199"
tt0099165,The Bonfire of the Vanities,1990,125,5.6,27476,47000000,15691192,"47,000,000","15,691,192",109571491.96633513,36581006.769579194,"109,571,491","36,581,006"
tt0099253,Child's Play 2,1990,84,6.0,60773,13000000,35763605,"13,000,000","35,763,605",30307008.416220356,83375990.59456772,"30,307,008","83,375,990"
tt0099277,Class of 1999,1990,99,5.9,9304,5200000,2459895,"5,200,000","2,459,895",12122803.366488142,5734773.728309105,"12,122,803","5,734,773"
tt0099348,Dances with Wolves,1990,181,8.0,299737,22000000,424208848,"22,000,000","424,208,848",51288783.47360367,988961625.120857,"51,288,783","988,961,625"
tt0099365,Darkman,1990,96,6.4,72327,16000000,48900000,"16,000,000","48,900,000",37300933.43534813,114000977.81178272,"37,300,933","114,000,977"
tt0099371,Days of Thunder,1990,107,6.1,99362,60000000,157920733,"60,000,000","157,920,733",139878500.38255548,368161921.85589904,"139,878,500","368,161,921"
tt0099422,Dick Tracy,1990,105,6.2,67737,47000000,103738726,"47,000,000","103,738,726",109571491.96633513,241846957.07461363,"109,571,491","241,846,957"
tt0099423,Die Hard 2,1990,124,7.1,395199,70000000,240031094,"70,000,000","240,031,094",163191583.77964807,559586491.2317369,"163,191,583","559,586,491"
tt0099472,DuckTales the Movie: Treasure of the Lost Lamp,1990,74,6.8,29468,20000000,18115724,"20,000,000","18,115,724",46626166.79418516,42233338.44107116,"46,626,166","42,233,338"
tt0099487,Edward Scissorhands,1990,105,7.9,543713,20000000,86024005,"20,000,000","86,024,005",46626166.79418516,200548480.2716909,"46,626,166","200,548,480"
tt0099528,The Exorcist III,1990,110,6.5,40958,9300000,39024251,"9,300,000","39,024,251",21681167.5592961,90977561.80720735,"21,681,167","90,977,561"
tt0099582,Flatliners,1990,115,6.6,95862,26000000,61489265,"26,000,000","61,489,265",60614016.83244071,143350436.2970926,"60,614,016","143,350,436"
tt0099587,Flight of the Intruder,1991,115,5.8,8013,35000000,14587732,"35,000,000","14,587,732",78300807.63582967,32635177.06214391,"78,300,807","32,635,177"
tt0099636,Gate 2: The Trespassers,1990,93,4.8,2797,6500000,2032973,"6,500,000","2,032,973",15153504.208110178,4739486.90930375,"15,153,504","4,739,486"
tt0099653,Ghost,1990,126,7.1,246523,22000000,505000000,"22,000,000","505,000,000",51288783.47360367,1177310711.5531752,"51,288,783","1,177,310,711"
tt0099674,The Godfather Part III,1990,162,7.6,437195,54000000,136766062,"54,000,000","136,766,062",125890650.34429993,318843860.9297935,"125,890,650","318,843,860"
tt0099685,Goodfellas,1990,145,8.7,1314363,25000000,46800000,"25,000,000","46,800,000",58282708.49273145,109105230.29839328,"58,282,708","109,105,230"
tt0099699,Green Card,1990,107,6.3,26618,12500000,29888235,"12,500,000","29,888,235",29141354.246365726,69678691.51469013,"29,141,354","69,678,691"
tt0099700,Gremlins 2: The New Batch,1990,106,6.4,116622,50000000,41482207,"50,000,000","41,482,207",116565416.9854629,96707815.12864576,"116,565,416","96,707,815"
tt0099731,The Handmaid's Tale,1990,108,6.0,11423,13000000,5000000,"13,000,000","5,000,000",30307008.416220356,11656541.69854629,"30,307,008","11,656,541"
tt0099739,Hard to Kill,1990,96,5.8,33331,10000000,47410000,"10,000,000","47,410,000",23313083.39709258,110527328.38561593,"23,313,083","110,527,328"
tt0099740,Hardware,1990,94,5.9,17038,1500000,5728953,"1,500,000","5,728,953",3496962.509563887,13355955.906702373,"3,496,962","13,355,955"
tt0099750,Heart Condition,1990,100,5.5,4198,10000000,4134992,"10,000,000","4,134,992",23313083.39709258,9639941.334231066,"23,313,083","9,639,941"
tt0099763,Henry: Portrait of a Serial Killer,1986,83,7.0,42302,111000,609939,"111,000","609,939",308594.1788321168,1695708.3319160584,"308,594","1,695,708"
tt0099785,Home Alone,1990,103,7.7,692068,18000000,476684675,"18,000,000","476,684,675",41963550.11476664,1111298958.2390974,"41,963,550","1,111,298,958"
tt0099810,The Hunt for Red October,1990,135,7.5,221746,30000000,200512643,"30,000,000","200,512,643",69939250.19127774,467456796.8430452,"69,939,250","467,456,796"
tt0099817,Dark Angel,1990,91,6.1,15194,7000000,9200000,"7,000,000","9,200,000",16319158.377964806,21448036.725325175,"16,319,158","21,448,036"
tt0099892,Joe Versus the Volcano,1990,102,5.9,40803,25000000,39400000,"25,000,000","39,400,000",58282708.49273145,91853548.58454476,"58,282,708","91,853,548"
tt0099938,Kindergarten Cop,1990,111,6.2,167430,15000000,201957688,"15,000,000","201,957,688",34969625.09563887,470825642.30280036,"34,969,625","470,825,642"
tt0099994,Leatherface: Texas Chainsaw Massacre III,1990,85,5.0,20390,2000000,55800000,"2,000,000","55,800,000",4662616.679418516,130087005.3557766,"4,662,616","130,087,005"
tt0100029,Lionheart,1990,108,6.2,41297,6000000,24271196,"6,000,000","24,271,196",13987850.038255548,56583641.64951798,"13,987,850","56,583,641"
tt0100053,Loose Cannons,1990,94,4.9,5474,15000000,5585154,"15,000,000","5,585,154",34969625.09563887,13020716.098760521,"34,969,625","13,020,716"
tt0100114,Marked for Death,1990,93,5.9,25154,12000000,46044400,"12,000,000","46,044,400",27975700.076511096,107343693.71690896,"27,975,700","107,343,693"
tt0100135,Men at Work,1990,98,5.9,28195,9000000,16200000,"9,000,000","16,200,000",20981775.05738332,37767195.10328998,"20,981,775","37,767,195"
tt0100140,Mermaids,1990,110,6.7,37905,31000000,35419397,"31,000,000","35,419,397",72270558.530987,82573535.61357307,"72,270,558","82,573,535"
tt0100142,Metropolitan,1989,98,7.3,13008,225000,2900000,"225,000","2,900,000",552886.6935483871,7126095.161290322,"552,886","7,126,095"
tt0100150,Miller's Crossing,1990,115,7.7,145383,14000000,5080409,"14,000,000","5,080,409",32638316.75592961,11843999.870833972,"32,638,316","11,843,999"
tt0100157,Misery,1990,107,7.8,248138,20000000,61300000,"20,000,000","61,300,000",46626166.79418516,142909201.2241775,"46,626,166","142,909,201"
tt0100168,Mo' Better Blues,1990,130,6.7,14172,10000000,16153593,"10,000,000","16,153,593",23313083.39709258,37659006.0771691,"23,313,083","37,659,006"
tt0100258,Night of the Living Dead,1990,92,6.8,47046,4200000,5835247,"4,200,000","5,835,247",9791495.026778884,13603759.99536343,"9,791,495","13,603,759"
tt0100260,Nightbreed,1990,102,6.5,27573,11000000,8862354,"11,000,000","8,862,354",25644391.736801837,20660879.7896557,"25,644,391","20,660,879"
tt0100318,Pacific Heights,1990,102,6.4,23892,18000000,55000000,"18,000,000","55,000,000",41963550.11476664,128221958.6840092,"41,963,550","128,221,958"
tt0100403,Predator 2,1990,108,6.3,190168,35000000,57120318,"35,000,000","57,120,318",81595791.88982403,133165073.72024485,"81,595,791","133,165,073"
tt0100404,Presumed Innocent,1990,127,6.9,49784,22000000,221303188,"22,000,000","221,303,188",51288783.47360367,515925967.7886458,"51,288,783","515,925,967"
tt0100405,Pretty Woman,1990,119,7.1,382854,14000000,463406268,"14,000,000","463,406,268",32638316.75592961,1080342897.2619433,"32,638,316","1,080,342,897"
tt0100419,Problem Child,1990,81,5.5,34103,10000000,72000000,"10,000,000","72,000,000",23313083.39709258,167854200.45906657,"23,313,083","167,854,200"
tt0100449,Quick Change,1990,89,6.8,23133,15000000,15260154,"15,000,000","15,260,154",34969625.09563887,35576124.28544759,"34,969,625","35,576,124"
tt0100477,The Rescuers Down Under,1990,77,6.8,48973,38000000,47431461,"38,000,000","47,431,461",88589716.9089518,110577360.59389442,"88,589,716","110,577,360"
tt0100502,RoboCop 2,1990,117,5.8,96129,35000000,45681173,"35,000,000","45,681,173",81595791.88982403,106496899.58260138,"81,595,791","106,496,899"
tt0100507,Rocky V,1990,104,5.4,155235,42000000,119946358,"42,000,000","119,946,358",97914950.26778884,279631944.7231523,"97,914,950","279,631,944"
tt0100514,The Rookie,1990,120,5.9,30193,10000000,21600000,"10,000,000","21,600,000",23313083.39709258,50356260.137719974,"23,313,083","50,356,260"
tt0100530,The Russia House,1990,123,6.1,18646,21800000,22997992,"21,800,000","22,997,992",50822521.80566183,53615410.5461668,"50,822,521","53,615,410"
tt0100594,The Sheltering Sky,1990,138,6.7,14212,25000000,2075084,"25,000,000","2,075,084",58282708.49273145,4837660.634797246,"58,282,708","4,837,660"
tt0100639,Slumber Party Massacre III,1990,87,4.5,3634,350000,1242995,"350,000","1,242,995",815957.9188982403,2897804.6097169095,"815,957","2,897,804"
tt0100666,Spaced Invaders,1990,100,5.3,4070,3000000,15369573,"3,000,000","15,369,573",6993925.019127774,35831213.712670244,"6,993,925","35,831,213"
tt0100740,Tales from the Darkside: The Movie,1990,93,6.2,20089,3500000,16324573,"3,500,000","16,324,573",8159579.188982403,38057613.17709258,"8,159,579","38,057,613"
tt0100758,Teenage Mutant Ninja Turtles,1990,93,6.8,107987,13500000,201965915,"13,500,000","201,965,915",31472662.58607498,470844821.9765111,"31,472,662","470,844,821"
tt0100802,Total Recall,1990,113,7.5,365834,65000000,261317921,"65,000,000","261,317,921",151535042.08110178,609212648.542785,"151,535,042","609,212,648"
tt0100814,Tremors,1990,96,7.2,157474,11000000,48572000,"11,000,000","48,572,000",25644391.736801837,113236308.67635809,"25,644,391","113,236,308"
tt0100828,The Two Jakes,1990,137,6.1,16099,19000000,10005969,"19,000,000","10,005,969",44294858.4544759,23326998.976572305,"44,294,858","23,326,998"
tt0100911,"Welcome Home, Roxy Carmichael",1990,95,5.9,6364,13000000,3989297,"13,000,000","3,989,297",30307008.416220356,9300281.365677124,"30,307,008","9,300,281"
tt0100928,White Hunter Black Heart,1990,112,6.5,13677,24000000,2300000,"24,000,000","2,300,000",55951400.15302219,5362009.181331294,"55,951,400","5,362,009"
tt0100934,Wild Orchid,1989,105,4.5,13285,7000000,11060485,"7,000,000","11,060,485",17200919.35483871,27178644.35862903,"17,200,919","27,178,644"
tt0100935,Wild at Heart,1990,125,7.2,106721,9500000,14569027,"9,500,000","14,569,027",22147429.22723795,33964894.14654935,"22,147,429","33,964,894"
tt0100944,The Witches,1990,91,6.8,56865,11000000,15400000,"11,000,000","15,400,000",25644391.736801837,35902148.43152257,"25,644,391","35,902,148"
tt0100994,Young Guns II,1990,104,6.5,40201,20000000,59000000,"20,000,000","59,000,000",46626166.79418516,137547192.04284623,"46,626,166","137,547,192"
tt0101272,The Addams Family,1991,99,6.9,190060,30000000,191502426,"30,000,000","191,502,426",67114977.97356829,428422703.42916304,"67,114,977","428,422,703"
tt0101371,Article 99,1992,100,6.1,3686,18000000,6400000,"18,000,000","6,400,000",39092202.423378475,13899449.750534568,"39,092,202","13,899,449"
tt0101410,Barton Fink,1991,116,7.6,131925,9000000,6153939,"9,000,000","6,153,939",20134493.392070487,13767382.681189429,"20,134,493","13,767,382"
tt0101412,Beastmaster 2: Through the Portal of Time,1991,107,4.1,3719,6000000,869325,"6,000,000","869,325",13422995.594713658,1944824.274229075,"13,422,995","1,944,824"
tt0101414,Beauty and the Beast,1991,84,8.0,490880,25000000,424967620,"25,000,000","424,967,620",55929148.31130691,950723081.8593247,"55,929,148","950,723,081"
tt0101452,Bill & Ted's Bogus Journey,1991,93,6.3,82788,20000000,38040268,"20,000,000","38,040,268",44743318.64904553,85102391.63095449,"44,743,318","85,102,391"
tt0101455,Bingo,1991,89,5.0,3226,10000000,8667684,"10,000,000","8,667,684",22371659.324522763,19391047.35806168,"22,371,659","19,391,047"
tt0101465,Black Robe,1991,101,7.1,7924,11000000,8211952,"11,000,000","8,211,952",24608825.25697504,18371499.253333334,"24,608,825","18,371,499"
tt0101507,Boyz n the Hood,1991,112,7.8,161210,6500000,57504069,"6,500,000","57,504,069",14541578.560939796,128646144.14418504,"14,541,578","128,646,144"
tt0101516,Bugsy,1991,136,6.8,31902,30000000,49114016,"30,000,000","49,114,016",67114977.97356829,109876203.40111601,"67,114,977","109,876,203"
tt0101540,Cape Fear,1991,128,7.3,225411,35000000,182300000,"35,000,000","182,300,000",78300807.63582967,407835349.48604995,"78,300,807","407,835,349"
tt0101545,Career Opportunities,1991,83,5.8,18864,6000000,11336986,"6,000,000","11,336,986",13422995.594713658,25362718.8558884,"13,422,995","25,362,718"
tt0101587,City Slickers,1991,113,6.8,65405,27000000,179033791,"27,000,000","179,033,791",60403480.17621146,400528297.9829809,"60,403,480","400,528,297"
tt0101625,Once Upon a Crime...,1992,94,5.8,5678,18000000,3520427,"18,000,000","3,520,427",39092202.423378475,7645624.716707055,"39,092,202","7,645,624"
tt0101701,Delirious,1991,96,5.8,9875,18000000,5546827,"18,000,000","5,546,827",40268986.784140974,12409172.397606462,"40,268,986","12,409,172"
tt0101745,Doc Hollywood,1991,104,6.3,41383,20000000,54830779,"20,000,000","54,830,779",44743318.64904553,122665550.82861969,"44,743,318","122,665,550"
tt0101746,The Doctor,1991,122,6.9,6058,12000000,38120905,"12,000,000","38,120,905",26845991.189427316,85282789.98024964,"26,845,991","85,282,789"
tt0101757,Don't Tell Mom the Babysitter's Dead,1991,102,6.3,39631,10000000,25196249,"10,000,000","25,196,249",22371659.324522763,56368189.88838474,"22,371,659","56,368,189"
tt0101761,The Doors,1991,140,7.2,101802,38000000,34416893,"38,000,000","34,416,893",85012305.4331865,76996300.52045521,"85,012,305","76,996,300"
tt0101764,Double Impact,1991,110,5.6,45566,15000000,30102717,"15,000,000","30,102,717",33557488.986784145,67344772.94665198,"33,557,488","67,344,772"
tt0101775,Drop Dead Fred,1991,103,6.0,32590,6788000,13878334,"6,788,000","13,878,334",15185882.349486051,31048136.02399413,"15,185,882","31,048,136"
tt0101798,Edward II,1991,87,6.8,3151,1003575,706131,"1,003,575","706,131",2245163.8006607927,1579732.2170484583,"2,245,163","1,579,732"
tt0101862,Father of the Bride,1991,105,6.6,87454,20000000,89325780,"20,000,000","89,325,780",44743318.64904553,199836591.9057269,"44,743,318","199,836,591"
tt0101889,The Fisher King,1991,137,7.5,93545,24000000,41895491,"24,000,000","41,895,491",53691982.37885463,93727165.18856095,"53,691,982","93,727,165"
tt0101912,Frankie and Johnny,1991,118,6.7,35749,29000000,22773535,"29,000,000","22,773,535",64877812.041116014,50948176.66350955,"64,877,812","50,948,176"
tt0101917,Freddy's Dead: The Final Nightmare,1991,89,4.7,53116,10000000,34872033,"10,000,000","34,872,033",22371659.324522763,78014524.22295155,"22,371,659","78,014,524"
tt0101921,Fried Green Tomatoes,1991,130,7.7,86931,11000000,119400000,"11,000,000","119,400,000",24608825.25697504,267117612.3348018,"24,608,825","267,117,612"
tt0102004,The Hard Way,1991,111,6.4,23029,24000000,65595485,"24,000,000","65,595,485",53691982.37885463,146747984.3646843,"53,691,982","146,747,984"
tt0102011,"He Said, She Said",1991,115,5.7,7455,15000000,9804775,"15,000,000","9,804,775",33557488.986784145,21934908.605359767,"33,557,488","21,934,908"
tt0102034,Highlander II: The Quickening,1991,91,4.2,49148,34000000,15556340,"34,000,000","15,556,340",76063641.7033774,34802113.881644644,"76,063,641","34,802,113"
tt0102048,Homicide,1991,102,6.9,8565,11000000,2900000,"11,000,000","2,900,000",24608825.25697504,6487781.204111601,"24,608,825","6,487,781"
tt0102057,Hook,1991,142,6.8,281089,70000000,300900000,"70,000,000","300,900,000",156601615.27165934,673163229.0748899,"156,601,615","673,163,229"
tt0102059,Hot Shots!,1991,85,6.7,120132,26000000,181096164,"26,000,000","181,096,164",58166314.243759185,405142168.5985903,"58,166,314","405,142,168"
tt0102070,Hudson Hawk,1991,100,5.7,61921,65000000,17218080,"65,000,000","17,218,080",145415785.60939795,38519701.998237886,"145,415,785","38,519,701"
tt0102138,JFK,1991,189,8.0,175471,40000000,205405498,"40,000,000","205,405,498",89486637.29809105,459526182.46399415,"89,486,637","459,526,182"
tt0102216,King Ralph,1991,97,5.4,17374,23000000,52487045,"23,000,000","52,487,045",51454816.446402356,117422228.96908958,"51,454,816","117,422,228"
tt0102266,The Last Boy Scout,1991,105,7.0,115777,29000000,59500000,"29,000,000","59,500,000",64877812.041116014,133111372.98091044,"64,877,812","133,111,372"
tt0102288,Let Him Have It,1991,115,7.1,3896,3735600,635064,"3,735,600","635,064",8357157.057268724,1420743.5457268723,"8,357,157","1,420,743"
tt0102316,Little Man Tate,1991,99,6.6,16789,10000000,25010896,"10,000,000","25,010,896",22371659.324522763,55953524.471306905,"22,371,659","55,953,524"
tt0102388,The Man in the Moon,1991,99,7.3,19996,1237669,2853801,"1,237,669","2,853,801",2768870.9224522766,6384426.3751982385,"2,768,870","6,384,426"
tt0102411,The Marrying Man,1991,115,5.7,6421,26000000,12454768,"26,000,000","12,454,768",58166314.243759185,27863382.666196775,"58,166,314","27,863,382"
tt0102460,Mobsters,1991,104,5.9,9952,23000000,20246790,"23,000,000","20,246,790",51454816.446402356,45295428.82951542,"51,454,816","45,295,428"
tt0102492,My Girl,1991,102,6.9,92684,17000000,59490000,"17,000,000","59,490,000",38031820.8516887,133089001.32158591,"38,031,820","133,089,001"
tt0102494,My Own Private Idaho,1991,104,6.9,64169,2500000,6400000,"2,500,000","6,400,000",5592914.831130691,14317861.967694568,"5,592,914","14,317,861"
tt0102510,The Naked Gun 2½: The Smell of Fear,1991,85,6.9,126114,23000000,192030411,"23,000,000","192,030,411",51454816.446402356,429603893.48400885,"51,454,816","429,603,893"
tt0102511,Naked Lunch,1991,115,6.9,58582,16000000,2641357,"16,000,000","2,641,357",35794654.91923642,5909153.895844347,"35,794,654","5,909,153"
tt0102526,New Jack City,1991,97,6.6,40367,8500000,47624253,"8,500,000","47,624,253",19015910.42584435,106543356.3700881,"19,015,910","106,543,356"
tt0102536,Night on Earth,1991,129,7.7,68378,3500000,2015810,"3,500,000","2,015,810",7830080.763582967,4509701.458296623,"7,830,080","4,509,701"
tt0102558,Nothing But Trouble,1991,94,5.1,28666,40000000,8500000,"40,000,000","8,500,000",89486637.29809105,19015910.42584435,"89,486,637","19,015,910"
tt0102592,One False Move,1991,105,7.1,15310,2500000,1543112,"2,500,000","1,543,112",5592914.831130691,3452197.596358297,"5,592,914","3,452,197"
tt0102614,Out for Justice,1991,91,6.1,26694,14000000,39673161,"14,000,000","39,673,161",31320323.05433187,88755444.22189428,"31,320,323","88,755,444"
tt0102655,The Perfect Weapon,1991,83,6.0,5073,10000000,14061361,"10,000,000","14,061,361",22371659.324522763,31457597.79311307,"22,371,659","31,457,597"
tt0102685,Point Break,1991,122,7.3,212153,24000000,83531958,"24,000,000","83,531,958",53691982.37885463,186874850.70863438,"53,691,982","186,874,850"
tt0102687,Poison,1991,85,6.3,5229,250000,609524,"250,000","609,524",559291.4831130691,1363606.3278120412,"559,291","1,363,606"
tt0102719,Problem Child 2,1991,90,4.9,24386,15000000,32704700,"15,000,000","32,704,700",33557488.986784145,73165840.67107196,"33,557,488","73,165,840"
tt0102782,Return to the Blue Lagoon,1991,102,5.2,22362,11000000,2807854,"11,000,000","2,807,854",24608825.25697504,6281635.3120998535,"24,608,825","6,281,635"
tt0102798,Robin Hood: Prince of Thieves,1991,143,6.9,214792,48000000,390493908,"48,000,000","390,493,908",107383964.75770926,873599667.8077533,"107,383,964","873,599,667"
tt0102802,Rock-A-Doodle,1991,77,6.0,11022,18000000,11657385,"18,000,000","11,657,385",40268986.784140974,26079504.58348018,"40,268,986","26,079,504"
tt0102803,The Rocketeer,1991,108,6.6,63517,42000000,46704056,"42,000,000","46,704,056",93960969.1629956,104484722.99054334,"93,960,969","104,484,722"
tt0102818,Run,1991,91,6.2,3304,16000000,4409328,"16,000,000","4,409,328",35794654.91923642,9864398.38660793,"35,794,654","9,864,398"
tt0102900,Shattered,1991,98,6.5,11994,22000000,11500000,"22,000,000","11,500,000",49217650.51395008,25727408.223201178,"49,217,650","25,727,408"
tt0102915,Showdown in Little Tokyo,1991,79,6.1,21521,8000000,2275557,"8,000,000","2,275,557",17897327.45961821,5090798.597753304,"17,897,327","5,090,798"
tt0102926,The Silence of the Lambs,1991,118,8.6,1620871,19000000,272742922,"19,000,000","272,742,922",42506152.71659325,610171173.4158884,"42,506,152","610,171,173"
tt0102943,Slacker,1990,97,7.0,24311,23000,1228108,"23,000","1,228,108",53620.09181331294,2863098.4224636573,"53,620","2,863,098"
tt0102945,Sleeping with the Enemy,1991,99,6.3,68127,19000000,175000000,"19,000,000","175,000,000",42506152.71659325,391504038.1791483,"42,506,152","391,504,038"
tt0102951,Soapdish,1991,97,6.6,18257,25000000,36489888,"25,000,000","36,489,888",55929148.31130691,81633934.31259912,"55,929,148","81,633,934"
tt0102975,Star Trek VI: The Undiscovered Country,1991,110,7.2,82799,27000000,96888996,"27,000,000","96,888,996",60403480.17621146,216756761.08070487,"60,403,480","216,756,761"
tt0102984,Stone Cold,1991,92,6.1,10547,25000000,9151887,"25,000,000","9,151,887",55929148.31130691,20474289.814052865,"55,929,148","20,474,289"
tt0103003,Suburban Commando,1991,90,4.6,11559,11000000,8000000,"11,000,000","8,000,000",24608825.25697504,17897327.45961821,"24,608,825","17,897,327"
tt0103035,Taking Care of Business,1990,108,6.4,9684,14000000,20000000,"14,000,000","20,000,000",32638316.75592961,46626166.79418516,"32,638,316","46,626,166"
tt0103060,Teenage Mutant Ninja Turtles II: The Secret of the Ooze,1991,88,6.0,62426,25000000,78656813,"25,000,000","78,656,813",55929148.31130691,175968342.39886934,"55,929,148","175,968,342"
tt0103064,Terminator 2: Judgment Day,1991,137,8.6,1223152,102000000,520000000,"102,000,000","520,000,000",228190925.1101322,1163326284.8751836,"228,190,925","1,163,326,284"
tt0103074,Thelma & Louise,1991,130,7.6,181901,16000000,45361000,"16,000,000","45,361,000",35794654.91923642,101480083.8619677,"35,794,654","101,480,083"
tt0103241,What About Bob?,1991,99,7.0,76349,35000000,63710000,"35,000,000","63,710,000",78300807.63582967,142529841.55653453,"78,300,807","142,529,841"
tt0103247,White Fang,1991,107,6.7,23253,14000000,34793160,"14,000,000","34,793,160",31320323.05433187,77838072.23436123,"31,320,323","77,838,072"
tt0103303,Year of the Gun,1991,111,5.6,3113,15000000,1182273,"15,000,000","1,182,273",33557488.986784145,2644940.8784581497,"33,557,488","2,644,940"
tt0103594,1492: Conquest of Paradise,1992,154,6.4,33897,47000000,7191399,"47,000,000","7,191,399",102074084.10548823,15618201.411960084,"102,074,084","15,618,201"
tt0103596,3 Ninjas,1992,84,5.3,24041,6500000,29000301,"6,500,000","29,000,301",14116628.65288667,62982535.39060584,"14,116,628","62,982,535"
tt0103639,Aladdin,1992,90,8.0,483949,28000000,504050219,"28,000,000","504,050,219",60810092.65858873,1094690732.9275694,"60,810,092","1,094,690,732"
tt0103644,Alien³,1992,114,6.4,338727,50000000,159773545,"50,000,000","159,773,545",108589451.1760513,346994431.2800427,"108,589,451","346,994,431"
tt0103671,American Me,1992,125,7.1,10917,16000000,13100000,"16,000,000","13,100,000",34748624.37633642,28450436.208125442,"34,748,624","28,450,436"
tt0103759,Bad Lieutenant,1992,96,7.0,50178,1000000,2019469,"1,000,000","2,019,469",2171789.023521026,4385860.607540984,"2,171,789","4,385,860"
tt0103772,Basic Instinct,1992,127,7.1,229991,49000000,352927224,"49,000,000","352,927,224",106417662.15253028,766483471.1849465,"106,417,662","766,483,471"
tt0103776,Batman Returns,1992,126,7.1,338450,80000000,280000000,"80,000,000","280,000,000",173743121.8816821,608100926.5858873,"173,743,121","608,100,926"
tt0103850,Bob Roberts,1992,102,7.0,15943,3900000,8000000,"3,900,000","8,000,000",8469977.191732002,17374312.18816821,"8,469,977","17,374,312"
tt0103859,Boomerang,1992,117,5.6,32325,40000000,131052444,"40,000,000","131,052,444",86871560.94084105,284618259.384804,"86,871,560","284,618,259"
tt0103893,Buffy the Vampire Slayer,1992,86,5.7,51490,7000000,16624456,"7,000,000","16,624,456",15202523.164647182,36104811.06280826,"15,202,523","36,104,811"
tt0103919,Candyman,1992,99,6.7,104658,6000000,25792310,"6,000,000","25,792,310",13030734.141126158,56015455.7492516,"13,030,734","56,015,455"
tt0103939,Chaplin,1992,143,7.5,63835,31000000,9493259,"31,000,000","9,493,259",67325459.72915182,20617355.69364219,"67,325,459","20,617,355"
tt0103956,Child's Play 3,1991,90,5.2,48620,13000000,20560255,"13,000,000","20,560,255",29083157.121879593,45996702.04853158,"29,083,157","45,996,702"
tt0104006,Consenting Adults,1992,99,5.7,8595,18000000,21591728,"18,000,000","21,591,728",39092202.423378475,46892677.8692516,"39,092,202","46,892,677"
tt0104009,Cool World,1992,102,4.8,25757,30000000,14100000,"30,000,000","14,100,000",65153670.70563079,30622225.23164647,"65,153,670","30,622,225"
tt0104027,CrissCross,1992,100,5.8,2283,14000000,3052738,"14,000,000","3,052,738",30405046.329294365,6629902.880085531,"30,405,046","6,629,902"
tt0104036,The Crying Game,1992,112,7.2,61558,3705538,62548947,"3,705,538","62,548,947",8047646.754640056,135843116.5273984,"8,047,646","135,843,116"
tt0104070,Death Becomes Her,1992,104,6.7,140695,55000000,149000000,"55,000,000","149,000,000",119448396.29365644,323596564.5046329,"119,448,396","323,596,564"
tt0104073,Deep Cover,1992,107,7.0,15160,8000000,16600000,"8,000,000","16,600,000",17374312.18816821,36051697.79044904,"17,374,312","36,051,697"
tt0104114,The Distinguished Gentleman,1992,112,5.9,17363,50000000,83000000,"50,000,000","83,000,000",108589451.1760513,180258488.95224518,"108,589,451","180,258,488"
tt0104187,Encino Man,1992,88,5.8,46665,7000000,40700000,"7,000,000","40,700,000",15202523.164647182,88391813.25730577,"15,202,523","88,391,813"
tt0104231,Far and Away,1992,140,6.6,70102,60000000,137783840,"60,000,000","137,783,840",130307341.41126157,299237431.3305773,"130,307,341","299,237,431"
tt0104237,Damage,1992,111,6.7,21371,11000000,31000000,"11,000,000","31,000,000",23889679.258731287,67325459.72915182,"23,889,679","67,325,459"
tt0104254,FernGully: The Last Rainforest,1992,76,6.6,35503,24000000,32710894,"24,000,000","32,710,894",52122936.56450463,71041160.53875978,"52,122,936","71,041,160"
tt0104257,A Few Good Men,1992,138,7.7,300090,40000000,243240178,"40,000,000","243,240,178",86871560.94084105,528266348.6597006,"86,871,560","528,266,348"
tt0104265,Final Analysis,1992,124,5.9,15757,32000000,28600000,"32,000,000","28,600,000",69497248.75267284,62113166.07270135,"69,497,248","62,113,166"
tt0104291,Forever Young,1992,102,6.4,51202,20000000,128000000,"20,000,000","128,000,000",43435780.470420524,277988995.01069134,"43,435,780","277,988,995"
tt0104348,Glengarry Glen Ross,1992,100,7.7,121142,12500000,10725228,"12,500,000","10,725,228",27147362.794012826,23292932.445160367,"27,147,362","23,292,932"
tt0104389,The Hand That Rocks the Cradle,1992,110,6.7,50828,11700000,88036683,"11,700,000","88,036,683",25409931.575196005,191197101.80660012,"25,409,931","191,197,101"
tt0104431,Home Alone 2: Lost in New York,1992,120,6.9,426346,18000000,358994850,"18,000,000","358,994,850",39092202.423378475,779661074.7305772,"39,092,202","779,661,074"
tt0104437,"Honey, I Blew Up the Kid",1992,89,4.9,48013,40000000,58662452,"40,000,000","58,662,452",86871560.94084105,127402469.34642908,"86,871,560","127,402,469"
tt0104438,Honeymoon in Vegas,1992,96,5.9,19714,25000000,35208854,"25,000,000","35,208,854",54294725.58802565,76466202.64795437,"54,294,725","76,466,202"
tt0104452,HouseSitter,1992,102,6.2,27734,26000000,94900635,"26,000,000","94,900,635",56466514.61154668,206104157.41817534,"56,466,514","206,104,157"
tt0104454,Howards End,1992,142,7.4,37150,8000000,26126837,"8,000,000","26,126,837",17374312.18816821,56741977.81592302,"17,374,312","56,741,977"
tt0104549,Jennifer 8,1992,124,6.3,19021,20000000,11390479,"20,000,000","11,390,479",43435780.470420524,24737717.264846753,"43,435,780","24,737,717"
tt0104573,Juice,1992,95,7.0,31663,5000000,20146880,"5,000,000","20,146,880",10858945.117605131,43754772.842195295,"10,858,945","43,754,772"
tt0104670,Ladybugs,1992,90,5.5,10890,20000000,14796494,"20,000,000","14,796,494",43435780.470420524,32134863.255794723,"43,435,780","32,134,863"
tt0104691,The Last of the Mohicans,1992,112,7.6,195820,40000000,75505856,"40,000,000","75,505,856",86871560.94084105,163982789.27235922,"86,871,560","163,982,789"
tt0104692,The Lawnmower Man,1992,108,5.4,40536,10000000,32100816,"10,000,000","32,100,816",21717890.235210262,69716199.83486813,"21,717,890","69,716,199"
tt0104694,A League of Their Own,1992,128,7.4,125030,40000000,132440069,"40,000,000","132,440,069",86871560.94084105,287631888.12856734,"86,871,560","287,631,888"
tt0104695,Leap of Faith,1992,108,6.1,15246,20000000,23400000,"20,000,000","23,400,000",43435780.470420524,50819863.15039201,"43,435,780","50,819,863"
tt0104779,Bitter Moon,1992,139,7.2,44330,5000000,1862805,"5,000,000","1,862,805",10858945.117605131,4045619.4519600854,"10,858,945","4,045,619"
tt0104797,Malcolm X,1992,202,7.7,105821,34000000,48169908,"34,000,000","48,169,908",73840826.7997149,104614877.45841767,"73,840,826","104,614,877"
tt0104850,Memoirs of an Invisible Man,1992,99,6.0,27922,40000000,14358033,"40,000,000","14,358,033",86871560.94084105,31182618.468752675,"86,871,560","31,182,618"
tt0104868,The Mighty Ducks,1992,104,6.6,73884,10000000,50752337,"10,000,000","50,752,337",21717890.235210262,110223368.41464004,"21,717,890","110,223,368"
tt0104940,The Muppet Christmas Carol,1992,85,7.8,76168,12000000,27300000,"12,000,000","27,300,000",26061468.282252315,59289840.342124015,"26,061,468","59,289,840"
tt0104952,My Cousin Vinny,1992,120,7.6,148397,11000000,64088552,"11,000,000","64,088,552",23889679.258731287,139186813.7669565,"23,889,679","139,186,813"
tt0105104,Passenger 57,1992,84,5.9,52002,15000000,44065653,"15,000,000","44,065,653",32576835.352815393,95701301.49968638,"32,576,835","95,701,301"
tt0105112,Patriot Games,1992,117,6.8,124077,45000000,178051587,"45,000,000","178,051,587",97730506.05844618,386690482.267099,"97,730,506","386,690,482"
tt0105121,The People Under the Stairs,1991,102,6.4,41676,6000000,31400000,"6,000,000","31,400,000",13422995.594713658,70247010.27900147,"13,422,995","70,247,010"
tt0105151,The Player,1992,124,7.5,68291,8000000,21706101,"8,000,000","21,706,101",17374312.18816821,47141071.89523877,"17,374,312","47,141,071"
tt0105156,Poison Ivy,1992,93,5.4,20794,3000000,1829804,"3,000,000","1,829,804",6515367.070563079,3973948.242394868,"6,515,367","3,973,948"
tt0105159,The Power of One,1992,127,7.1,10970,18000000,2827107,"18,000,000","2,827,107",39092202.423378475,6139879.950919458,"39,092,202","6,139,879"
tt0105217,Raising Cain,1992,92,6.1,18074,12000000,37170057,"12,000,000","37,170,057",26061468.282252315,80725521.79625088,"26,061,468","80,725,521"
tt0105219,Rapid Fire,1992,95,6.3,10727,10000000,14356479,"10,000,000","14,356,479",21717890.235210262,31179243.508610122,"21,717,890","31,179,243"
tt0105226,Red Rock West,1993,98,7.0,26621,8000000,2500000,"8,000,000","2,500,000",16869314.878892735,5271660.89965398,"16,869,314","5,271,660"
tt0105236,Reservoir Dogs,1992,99,8.3,1125708,1200000,2859750,"1,200,000","2,859,750",2606146.8282252313,6210773.660014255,"2,606,146","6,210,773"
tt0105265,A River Runs Through It,1992,123,7.2,67467,12000000,43440294,"12,000,000","43,440,294",26061468.282252315,94343153.6877263,"26,061,468","94,343,153"
tt0105323,Scent of a Woman,1992,156,8.0,347445,31000000,134100000,"31,000,000","134,100,000",67325459.72915182,291236908.0541696,"67,325,459","291,236,908"
tt0105414,Single White Female,1992,107,6.4,43693,16000000,48017402,"16,000,000","48,017,402",34748624.37633642,104283666.60159658,"34,748,624","104,283,666"
tt0105417,Sister Act,1992,100,6.5,112852,31000000,231605150,"31,000,000","231,605,150",67325459.72915182,502997522.5609408,"67,325,459","502,997,522"
tt0105435,Sneakers,1992,126,7.1,64330,23000000,105232691,"23,000,000","105,232,691",49951147.5409836,228543203.2293799,"49,951,147","228,543,203"
tt0105459,Split Second,1992,90,6.0,17465,7000000,5430822,"7,000,000","5,430,822",15202523.164647182,11794599.608296506,"15,202,523","11,794,599"
tt0105466,Stay Tuned,1992,88,6.3,14753,25000000,10736401,"25,000,000","10,736,401",54294725.58802565,23317197.843920168,"54,294,725","23,317,197"
tt0105488,Strictly Ballroom,1992,94,7.2,30131,3000000,33946224,"3,000,000","33,946,224",6515367.070563079,73724036.67318602,"6,515,367","73,724,036"
tt0105616,Tom and Jerry: The Movie,1992,84,5.4,12624,3500000,3600000,"3,500,000","3,600,000",7601261.582323591,7818440.484675694,"7,601,261","7,818,440"
tt0105665,Twin Peaks: Fire Walk with Me,1992,134,7.3,111494,10000000,4248389,"10,000,000","4,248,389",21717890.235210262,9226604.59784747,"21,717,890","9,226,604"
tt0105690,Under Siege,1992,103,6.5,98482,35000000,156563139,"35,000,000","156,563,139",76012615.82323591,340022106.7681967,"76,012,615","340,022,106"
tt0105695,Unforgiven,1992,130,8.2,451478,14400000,159157447,"14,400,000","159,157,447",31273761.938702777,345656396.4062295,"31,273,761","345,656,396"
tt0105698,Universal Soldier,1992,102,6.1,98735,23000000,94999898,"23,000,000","94,999,898",49951147.5409836,206319735.7120171,"49,951,147","206,319,735"
tt0105699,Unlawful Entry,1992,111,6.4,20361,23000000,57138719,"23,000,000","57,138,719",49951147.5409836,124093242.7422523,"49,951,147","124,093,242"
tt0105793,Wayne's World,1992,94,7.0,176566,20000000,183097323,"20,000,000","183,097,323",43435780.470420524,397648756.32748395,"43,435,780","397,648,756"
tt0105811,Whispers in the Dark,1992,103,5.6,2494,30000000,11124122,"30,000,000","11,124,122",65153670.70563079,24159246.055908766,"65,153,670","24,159,246"
tt0105812,White Men Can't Jump,1992,115,6.8,101543,31000000,90753806,"31,000,000","90,753,806",67325459.72915182,197098119.71355665,"67,325,459","197,098,119"
tt0105813,White Sands,1992,101,6.0,9239,22000000,9011574,"22,000,000","9,011,574",47779358.517462574,19571237.497847468,"47,779,358","19,571,237"
tt0105824,Wind,1992,126,6.4,3192,29000000,5519569,"29,000,000","5,519,569",62981881.68210976,11987339.368766926,"62,981,881","11,987,339"
tt0106220,Addams Family Values,1993,94,6.8,116243,47000000,48919043,"47,000,000","48,919,043",99107224.91349481,103153842.49263668,"99,107,224","103,153,842"
tt0106226,The Age of Innocence,1993,139,7.2,70584,34000000,32255440,"34,000,000","32,255,440",71694588.23529412,68015896.73965397,"71,694,588","68,015,896"
tt0106246,Alive,1993,128,7.1,66755,32000000,36700000,"32,000,000","36,700,000",67477259.51557094,77387982.00692041,"67,477,259","77,387,982"
tt0106308,Army of Darkness,1992,81,7.4,201185,11000000,21502976,"11,000,000","21,502,976",23889679.258731287,46699927.249836065,"23,889,679","46,699,927"
tt0106364,Batman: Mask of the Phantasm,1993,76,7.8,59982,6000000,5617391,"6,000,000","5,617,391",12651986.159169551,11845192.197107265,"12,651,986","11,845,192"
tt0106453,Body of Evidence,1993,99,4.6,16953,30000000,38000000,"30,000,000","38,000,000",63259930.79584775,80129245.67474048,"63,259,930","80,129,245"
tt0106469,"Blood In, Blood Out",1993,180,7.9,35857,35000000,4500000,"35,000,000","4,500,000",73803252.59515572,9488989.619377162,"73,803,252","9,488,989"
tt0106489,A Bronx Tale,1993,121,7.8,170667,22000000,17287898,"22,000,000","17,287,898",46390615.91695502,36454374.36952249,"46,390,615","36,454,374"
tt0106500,CB4,1993,89,6.2,10788,6000000,17953778,"6,000,000","17,953,778",12651986.159169551,37858491.79346713,"12,651,986","37,858,491"
tt0106519,Carlito's Way,1993,144,7.9,238982,30000000,63800000,"30,000,000","63,800,000",63259930.79584775,134532786.15916955,"63,259,930","134,532,786"
tt0106521,Carnosaur,1993,83,3.7,4533,1000000,1753979,"1,000,000","1,753,979",2108664.359861592,3698553.005245675,"2,108,664","3,698,553"
tt0106582,Cliffhanger,1993,113,6.5,143984,70000000,255000211,"70,000,000","255,000,211",147606505.19031143,537709856.6928858,"147,606,505","537,709,856"
tt0106598,Coneheads,1993,88,5.4,59638,33000000,21274717,"33,000,000","21,274,717",69585923.87543252,44861237.50404152,"69,585,923","44,861,237"
tt0106627,The Crush,1993,89,5.8,23346,6000000,13609396,"6,000,000","13,609,396",12651986.159169551,28697648.30444291,"12,651,986","28,697,648"
tt0106664,The Dark Half,1993,122,6.0,20657,15000000,10611160,"15,000,000","10,611,160",31629965.397923876,22375374.908788927,"31,629,965","22,375,374"
tt0106673,Dave,1993,110,6.9,58509,28000000,92000000,"28,000,000","92,000,000",59042602.076124564,193997121.10726643,"59,042,602","193,997,121"
tt0106677,Dazed and Confused,1993,103,7.6,206844,6900000,8259076,"6,900,000","8,259,076",14549784.083044983,17415619.206588235,"14,549,784","17,415,619"
tt0106701,Dennis the Menace,1993,94,5.7,66777,35000000,117270765,"35,000,000","117,270,765",73803252.59515572,247284682.60920414,"73,803,252","247,284,682"
tt0106770,Dragon: The Bruce Lee Story,1993,120,7.0,33734,14000000,63513743,"14,000,000","63,513,743",29521301.038062282,133929166.22550865,"29,521,301","133,929,166"
tt0106856,Falling Down,1993,113,7.6,215157,25000000,40903593,"25,000,000","40,903,593",52716608.996539794,86251948.74938408,"52,716,608","86,251,948"
tt0106912,Fire in the Sky,1993,109,6.5,29891,15000000,19885552,"15,000,000","19,885,552",31629965.397923876,41931954.77857439,"31,629,965","41,931,954"
tt0106918,The Firm,1993,154,6.9,153527,42000000,270248367,"42,000,000","270,248,367",88563903.11418685,569863099.8036956,"88,563,903","569,863,099"
tt0106977,The Fugitive,1993,130,7.8,331125,44000000,183875799,"44,000,000","183,875,799",92781231.83391003,387732343.9923737,"92,781,231","387,732,343"
tt0107004,Geronimo: An American Legend,1993,115,6.6,14199,35000000,18635620,"35,000,000","18,635,620",73803252.59515572,39296267.71792387,"73,803,252","39,296,267"
tt0107007,Gettysburg,1993,254,7.6,32253,25000000,12700000,"25,000,000","12,700,000",52716608.996539794,26780037.370242216,"52,716,608","26,780,037"
tt0107009,Ghost in the Machine,1993,95,4.7,4288,12000000,5086909,"12,000,000","5,086,909",25303972.318339102,10726583.71015917,"25,303,972","10,726,583"
tt0107034,The Good Son,1993,87,6.4,47217,17000000,60613008,"17,000,000","60,613,008",35847294.11764706,127812489.71360554,"35,847,294","127,812,489"
tt0107048,Groundhog Day,1993,101,8.0,712225,14600000,71108778,"14,600,000","71,108,778",30786499.653979238,149944545.84191003,"30,786,499","149,944,545"
tt0107050,Grumpy Old Men,1993,103,7.0,55561,35100000,70200000,"35,100,000","70,200,000",74014119.03114186,148028238.06228372,"74,014,119","148,028,238"
tt0107076,Hard Target,1993,97,6.2,58748,18000000,74189677,"18,000,000","74,189,677",37955958.47750865,156441127.75954327,"37,955,958","156,441,127"
tt0107120,Hocus Pocus,1993,96,6.9,163868,28000000,51663767,"28,000,000","51,663,767",59042602.076124564,108941544.16909343,"59,042,602","108,941,544"
tt0107130,A Home of Our Own,1993,104,7.1,4111,12000000,1703282,"12,000,000","1,703,282",25303972.318339102,3591650.0481937714,"25,303,972","3,591,650"
tt0107131,Homeward Bound: The Incredible Journey,1993,84,7.0,53083,24000000,57333324,"24,000,000","57,333,324",50607944.636678204,120896736.95119722,"50,607,944","120,896,736"
tt0107144,Hot Shots! Part Deux,1993,86,6.6,100132,25000000,133752825,"25,000,000","133,752,825",52716608.996539794,282039815.1083045,"52,716,608","282,039,815"
tt0107206,In the Line of Fire,1993,128,7.2,117805,40000000,177000000,"40,000,000","177,000,000",84346574.39446367,373233591.69550174,"84,346,574","373,233,591"
tt0107207,In the Name of the Father,1993,133,8.1,194530,13000000,65796862,"13,000,000","65,796,862",27412636.678200692,138743497.8901315,"27,412,636","138,743,497"
tt0107211,Indecent Proposal,1993,117,6.0,81827,38000000,266614059,"38,000,000","266,614,059",80129245.67474048,562199564.0513357,"80,129,245","562,199,564"
tt0107277,Josh and S.A.M.,1993,96,5.7,1696,18000000,1528163,"18,000,000","1,528,163",37955958.47750865,3222382.8541591694,"37,955,958","3,222,382"
tt0107290,Jurassic Park,1993,127,8.2,1110378,63000000,920100000,"63,000,000","920,100,000",132845854.67128028,1940182077.5086505,"132,845,854","1,940,182,077"
tt0107302,Kalifornia,1993,117,6.7,60142,9000000,2395231,"9,000,000","2,395,231",18977979.238754325,5050738.24333564,"18,977,979","5,050,738"
tt0107362,Last Action Hero,1993,130,6.5,168568,85000000,137300000,"85,000,000","137,300,000",179236470.5882353,289519616.6089965,"179,236,470","289,519,616"
tt0107387,Leprechaun,1993,92,4.8,31757,1000000,8600000,"1,000,000","8,600,000",2108664.359861592,18134513.494809687,"2,108,664","18,134,513"
tt0107468,M. Butterfly,1993,101,6.7,11280,17000000,1499795,"17,000,000","1,499,795",35847294.11764706,3162564.263598616,"35,847,294","3,162,564"
tt0107507,Manhattan Murder Mystery,1993,104,7.3,47925,13500000,11285588,"13,500,000","11,285,588",28466968.858131487,23797517.19568166,"28,466,968","23,797,517"
tt0107554,Menace II Society,1993,97,7.5,66720,3500000,27900000,"3,500,000","27,900,000",7380325.2595155705,58831735.64013841,"7,380,325","58,831,735"
tt0107563,The Meteor Man,1993,100,5.2,9116,20000000,8000000,"20,000,000","8,000,000",42173287.19723184,16869314.878892735,"42,173,287","16,869,314"
tt0107594,Money for Nothing,1993,100,5.7,4447,11000000,1044824,"11,000,000","1,044,824",23195307.95847751,2203183.1311280276,"23,195,307","2,203,183"
tt0107614,Mrs. Doubtfire,1993,125,7.1,302623,25000000,441286195,"25,000,000","441,286,195",52716608.996539794,930524471.8954325,"52,716,608","930,524,471"
tt0107616,Much Ado About Nothing,1993,111,7.3,53758,11000000,22600000,"11,000,000","22,600,000",23195307.95847751,47655814.53287197,"23,195,307","47,655,814"
tt0107688,The Nightmare Before Christmas,1993,76,7.9,393460,18000000,75634409,"18,000,000","75,634,409",37955958.47750865,159487582.6374948,"37,955,958","159,487,582"
tt0107719,The Nutcracker,1993,92,5.9,2682,19000000,2119994,"19,000,000","2,119,994",40064622.83737024,4470355.790920415,"40,064,622","4,470,355"
tt0107745,Once Upon a Forest,1993,71,6.5,6250,13000000,6582052,"13,000,000","6,582,052",27412636.678200692,13879338.46715571,"27,412,636","13,879,338"
tt0107756,Orlando,1992,94,7.1,19668,4000000,5377643,"4,000,000","5,377,643",8687156.094084105,11679106.03981468,"8,687,156","11,679,106"
tt0107798,The Pelican Brief,1993,141,6.6,99457,45000000,195268056,"45,000,000","195,268,056",94889896.19377163,411754790.30665743,"94,889,896","411,754,790"
tt0107808,A Perfect World,1993,138,7.5,90167,30000000,135100000,"30,000,000","135,100,000",63259930.79584775,284880555.017301,"63,259,930","284,880,555"
tt0107818,Philadelphia,1993,125,7.7,265708,26000000,206678440,"26,000,000","206,678,440",54825273.356401384,435815460.3797924,"54,825,273","435,815,460"
tt0107822,The Piano,1993,121,7.5,97925,7000000,40200000,"7,000,000","40,200,000",14760650.519031141,84768307.26643598,"14,760,650","84,768,307"
tt0107943,The Remains of the Day,1993,134,7.8,88119,11500000,23240144,"11,500,000","23,240,144",24249640.138408303,49005663.37085121,"24,249,640","49,005,663"
tt0107969,Rising Sun,1993,129,6.3,49114,40000000,107198790,"40,000,000","107,198,790",84346574.39446367,226046267.89328718,"84,346,574","226,046,267"
tt0107977,Robin Hood: Men in Tights,1993,104,6.7,140950,20000000,35739755,"20,000,000","35,739,755",42173287.19723184,75363147.59868512,"42,173,287","75,363,147"
tt0107978,RoboCop 3,1993,104,4.2,56099,22000000,10696210,"22,000,000","10,696,210",46390615.91695502,22554716.812595155,"46,390,615","22,554,716"
tt0107983,Romeo Is Bleeding,1993,110,6.5,15743,11500000,3275585,"11,500,000","3,275,585",24249640.138408303,6907109.347197232,"24,249,640","6,907,109"
tt0107985,Rookie of the Year,1993,103,6.1,32037,31000000,56500758,"31,000,000","56,500,758",65368595.15570934,119141134.69976471,"65,368,595","119,141,134"
tt0108002,Rudy,1993,114,7.5,71203,12000000,22800000,"12,000,000","22,800,000",25303972.318339102,48077547.40484429,"25,303,972","48,077,547"
tt0108037,The Sandlot,1993,101,7.8,107654,7000000,34348444,"7,000,000","34,348,444",14760650.519031141,72429339.67950173,"14,760,650","72,429,339"
tt0108052,Schindler's List,1993,195,9.0,1511663,22000000,321365567,"22,000,000","321,365,567",46390615.91695502,677652117.6196125,"46,390,615","677,652,117"
tt0108071,The Secret Garden,1993,101,7.3,46324,18000000,40000000,"18,000,000","40,000,000",37955958.47750865,84346574.39446367,"37,955,958","84,346,574"
tt0108147,Sister Act 2: Back in the Habit,1993,107,5.7,61019,38000000,57319029,"38,000,000","57,319,029",80129245.67474048,120866593.59417303,"80,129,245","120,866,593"
tt0108149,Six Degrees of Separation,1993,112,6.8,23448,15000000,6284090,"15,000,000","6,284,090",31629965.397923876,13251036.61716263,"31,629,965","13,251,036"
tt0108160,Sleepless in Seattle,1993,105,6.8,197672,21000000,227799884,"21,000,000","227,799,884",44281951.55709343,480353496.5714048,"44,281,951","480,353,496"
tt0108162,Sliver,1993,107,5.1,35451,40000000,116300000,"40,000,000","116,300,000",84346574.39446367,245237665.05190313,"84,346,574","245,237,665"
tt0108174,Una Novia Sin Igual,1993,93,6.5,44094,20000000,11585483,"20,000,000","11,585,483",42173287.19723184,24429895.093882352,"42,173,287","24,429,895"
tt0108187,Son of the Pink Panther,1993,93,3.9,6188,25000000,2438031,"25,000,000","2,438,031",52716608.996539794,5140989.077937716,"52,716,608","5,140,989"
tt0108255,Super Mario Bros.,1993,104,4.2,65189,48000000,20915465,"48,000,000","20,915,465",101215889.27335641,44103695.61543253,"101,215,889","44,103,695"
tt0108258,Surf Ninjas,1993,87,5.1,9243,6500000,4916135,"6,500,000","4,916,135",13706318.339100346,10366478.662768167,"13,706,318","10,366,478"
tt0108308,Teenage Mutant Ninja Turtles III,1993,96,4.8,37377,21000000,42273609,"21,000,000","42,273,609",44281951.55709343,89140852.66102421,"44,281,951","89,140,852"
tt0108333,The Three Musketeers,1993,105,6.4,61377,30000000,111898845,"30,000,000","111,898,845",63259930.79584775,235957106.36117646,"63,259,930","235,957,106"
tt0108358,Tombstone,1993,130,7.8,175163,25000000,56500000,"25,000,000","56,500,000",52716608.996539794,119139536.33217993,"52,716,608","119,139,536"
tt0108399,True Romance,1993,119,7.9,250664,12500000,12600000,"12,500,000","12,600,000",26358304.498269897,26569170.934256054,"26,358,304","26,569,170"
tt0108517,Warlock: The Armageddon,1993,98,5.4,7189,3000000,3902679,"3,000,000","3,902,679",6325993.0795847755,8229440.115280277,"6,325,993","8,229,440"
tt0108525,Wayne's World 2,1993,95,6.2,89964,40000000,48198019,"40,000,000","48,198,019",84346574.39446367,101633444.88123183,"84,346,574","101,633,444"
tt0108539,Weekend at Bernie's II,1993,97,4.8,14842,7000000,12741891,"7,000,000","12,741,891",14760650.519031141,26868371.428941175,"14,760,650","26,868,371"
tt0108550,What's Eating Gilbert Grape,1993,118,7.7,260813,11000000,10000000,"11,000,000","10,000,000",23195307.95847751,21086643.59861592,"23,195,307","21,086,643"
tt0109015,3 Ninjas Kick Back,1994,93,4.6,10272,20000000,11798854,"20,000,000","11,798,854",41120377.86774629,24258666.74431849,"41,120,377","24,258,666"
tt0109021,8 Seconds,1994,105,6.6,6032,7000000,19623396,"7,000,000","19,623,396",14392132.253711203,40346072.92842105,"14,392,132","40,346,072"
tt0109040,Ace Ventura: Pet Detective,1994,86,6.9,337559,15000000,107217396,"15,000,000","107,217,396",30840283.40080972,220440991.8757895,"30,840,283","220,440,991"
tt0109045,"The Adventures of Priscilla, Queen of the Desert",1994,104,7.5,57773,2000000,29700000,"2,000,000","29,700,000",4112037.7867746293,61063761.133603245,"4,112,037","61,063,761"
tt0109067,The Air Up There,1994,107,5.6,9664,17000000,21011500,"17,000,000","21,011,500",34952321.18758435,43200040.97840756,"34,952,321","43,200,040"
tt0109127,Angels in the Outfield,1994,102,6.2,35958,31000000,50236831,"31,000,000","50,236,831",63736585.69500675,103287873.67990553,"63,736,585","103,287,873"
tt0109190,Baby's Day Out,1994,99,6.2,57798,50000000,16671505,"50,000,000","16,671,505",102800944.66936573,34276929.26120108,"102,800,944","34,276,929"
tt0109254,Beverly Hills Cop III,1994,104,5.5,97116,50000000,119208989,"50,000,000","119,208,989",102800944.66936573,245095933.64560056,"102,800,944","245,095,933"
tt0109303,Blown Away,1994,121,6.2,35126,28000000,30156002,"28,000,000","30,156,002",57568529.01484481,62001309.86102564,"57,568,529","62,001,309"
tt0109305,Blue Chips,1994,108,6.3,15663,35000000,26000000,"35,000,000","26,000,000",71960661.26855601,53456491.22807018,"71,960,661","53,456,491"
tt0109376,"Car 54, Where Are You?",1994,89,2.6,4581,10700000,1200000,"10,700,000","1,200,000",21999402.159244265,2467222.6720647775,"21,999,402","2,467,222"
tt0109402,The Chase,1994,94,5.9,22711,26000000,8000000,"26,000,000","8,000,000",53456491.22807018,16448151.147098517,"53,456,491","16,448,151"
tt0109444,Clear and Present Danger,1994,141,6.9,111582,62000000,215887717,"62,000,000","215,887,717",127473171.3900135,443869225.0022538,"127,473,171","443,869,225"
tt0109445,Clerks,1994,92,7.7,236237,27575,3151130,"27,575","3,151,130",56694.7209851552,6478782.8155195685,"56,694","6,478,782"
tt0109446,The Client,1994,119,6.7,76241,45000000,117615211,"45,000,000","117,615,211",92520850.20242916,241819095.96573552,"92,520,850","241,819,095"
tt0109450,Cobb,1994,128,6.4,8309,25500000,1007583,"25,500,000","1,007,583",52428481.781376526,2071609.6846558703,"52,428,481","2,071,609"
tt0109456,Color of Night,1994,121,5.2,26510,40000000,19700000,"40,000,000","19,700,000",82240755.73549259,40503572.1997301,"82,240,755","40,503,572"
tt0109506,The Crow,1994,102,7.5,220789,23000000,93722164,"23,000,000","93,722,164",47288434.54790824,192694539.9131444,"47,288,434","192,694,539"
tt0109578,Death Wish: The Face of Death,1994,95,4.9,9298,5000000,1702394,"5,000,000","1,702,394",10280094.466936573,3500154.227989204,"10,280,094","3,500,154"
tt0109579,Death and the Maiden,1994,103,7.2,27830,12000000,8003716,"12,000,000","8,003,716",24672226.720647775,16455791.313306345,"24,672,226","16,455,791"
tt0109635,Disclosure,1994,128,6.2,56147,55000000,214015089,"55,000,000","214,015,089",113081039.1363023,440019066.45396763,"113,081,039","440,019,066"
tt0109642,Dolores Claiborne,1995,132,7.4,50463,13000000,46400000,"13,000,000","46,400,000",25991640.419947505,92770162.72965878,"25,991,640","92,770,162"
tt0109686,Dumb and Dumber,1994,107,7.3,426474,16000000,247275374,"16,000,000","247,275,374",32896302.294197034,508402840.8134144,"32,896,302","508,402,840"
tt0109707,Ed Wood,1994,127,7.8,187697,18000000,5900000,"18,000,000","5,900,000",37008340.080971666,12130511.470985156,"37,008,340","12,130,511"
tt0109758,Exit to Eden,1994,113,4.3,7507,27500000,6800000,"27,500,000","6,800,000",56540519.56815115,13980928.47503374,"56,540,519","13,980,928"
tt0109813,The Flintstones,1994,91,5.0,88944,46000000,341631208,"46,000,000","341,631,208",94576869.09581648,702400218.2187315,"94,576,869","702,400,218"
tt0109830,Forrest Gump,1994,142,8.8,2360442,55000000,677387716,"55,000,000","677,387,716",113081039.1363023,1392721942.2444804,"113,081,039","1,392,721,942"
tt0109831,Four Weddings and a Funeral,1994,117,7.1,172778,4400000,245700832,"4,400,000","245,700,832",9046483.130904185,505165552.7129825,"9,046,483","505,165,552"
tt0109836,Frankenstein,1994,123,6.3,60705,45000000,112000000,"45,000,000","112,000,000",92520850.20242916,230274116.05937925,"92,520,850","230,274,116"
tt0109906,The Glass Shield,1994,109,6.1,3621,5000000,3291163,"5,000,000","3,291,163",10280094.466936573,6766693.309217274,"10,280,094","6,766,693"
tt0109959,Gunmen,1993,94,5.2,3927,8030000,3411885,"8,030,000","3,411,885",16932574.809688583,7194520.299446367,"16,932,574","7,194,520"
tt0110005,Heavenly Creatures,1994,99,7.2,68962,5000000,3049135,"5,000,000","3,049,135",10280094.466936573,6269079.1684885295,"10,280,094","6,269,079"
tt0110006,Heavyweights,1995,97,6.6,31786,10000000,17700000,"10,000,000","17,700,000",19993569.553805772,35388618.11023622,"19,993,569","35,388,618"
tt0110027,Highlander: The Final Dimension,1994,99,4.5,22594,30000000,36738574,"30,000,000","36,738,574",61680566.80161944,75535202.26010796,"61,680,566","75,535,202"
tt0110057,Hoop Dreams,1994,170,8.3,28693,700000,7830611,"700,000","7,830,611",1439213.2253711203,16099884.162766533,"1,439,213","16,099,884"
tt0110074,The Hudsucker Proxy,1994,111,7.2,87706,25000000,2800000,"25,000,000","2,800,000",51400472.33468287,5756852.901484481,"51,400,472","5,756,852"
tt0110093,I Love Trouble,1994,123,5.4,12940,45000000,61947267,"45,000,000","61,947,267",92520850.20242916,127364751.3457085,"92,520,850","127,364,751"
tt0110099,I.Q.,1994,100,6.2,27064,25000000,26381221,"25,000,000","26,381,221",51400472.33468287,54240288.806626186,"51,400,472","54,240,288"
tt0110148,Interview with the Vampire,1994,123,7.5,360711,60000000,223664608,"60,000,000","223,664,608",123361133.60323888,459858659.8300675,"123,361,133","459,858,659"
tt0110167,It Could Happen to You,1994,101,6.4,46480,20000000,37939757,"20,000,000","37,939,757",41120377.86774629,78004857.20252362,"41,120,377","78,004,857"
tt0110213,The Jungle Book,1994,111,6.1,19494,27000000,53508356,"27,000,000","53,508,356",55512510.121457495,110014190.89009447,"55,512,510","110,014,190"
tt0110216,Junior,1994,109,4.7,74823,60000000,108400000,"60,000,000","108,400,000",123361133.60323888,222872448.0431849,"123,361,133","222,872,448"
tt0110308,The Last Seduction,1994,110,7.0,27056,2500000,5842603,"2,500,000","5,842,603",5140047.233468287,12012502.154561404,"5,140,047","12,012,502"
tt0110322,Legends of the Fall,1994,133,7.5,190328,30000000,160638883,"30,000,000","160,638,883",61680566.80161944,330276578.4606343,"61,680,566","330,276,578"
tt0110357,The Lion King,1994,88,8.5,1193537,45000000,763455561,"45,000,000","763,455,561",92520850.20242916,1569679057.6776114,"92,520,850","1,569,679,057"
tt0110364,Little Giants,1994,107,6.5,31924,20000000,19300000,"20,000,000","19,300,000",41120377.86774629,39681164.64237517,"41,120,377","39,681,164"
tt0110367,Little Women,1994,115,7.3,65999,18000000,50083616,"18,000,000","50,083,616",37008340.080971666,102972860.7451552,"37,008,340","102,972,860"
tt0110391,Love Affair,1994,108,6.0,5246,60000000,18300000,"60,000,000","18,300,000",123361133.60323888,37625145.74898785,"123,361,133","37,625,145"
tt0110442,Major League II,1994,105,5.6,28860,25000000,30626182,"25,000,000","30,626,182",51400472.33468287,62968008.82431849,"51,400,472","62,968,008"
tt0110475,The Mask,1994,101,7.0,442763,23000000,351583407,"23,000,000","351,583,407",47288434.54790824,722862127.3934819,"47,288,434","722,862,127"
tt0110478,Maverick,1994,127,7.0,122238,75000000,183031272,"75,000,000","183,031,272",154201417.0040486,376315753.3127126,"154,201,417","376,315,753"
tt0110622,Naked Gun 33 1/3: The Final Insult,1994,83,6.5,115305,30000000,132032598,"30,000,000","132,032,598",61680566.80161944,271461516.0310122,"61,680,566","271,461,516"
tt0110632,Natural Born Killers,1994,119,7.2,258984,34000000,50283563,"34,000,000","50,283,563",69904642.3751687,103383955.55483131,"69,904,642","103,383,955"
tt0110725,On Deadly Ground,1994,101,4.6,26168,50000000,49000000,"50,000,000","49,000,000",102800944.66936573,100744925.77597842,"102,800,944","100,744,925"
tt0110729,Once Were Warriors,1994,102,7.9,37984,950000,6700000,"950,000","6,700,000",1953217.948717949,13775326.585695008,"1,953,217","13,775,326"
tt0110759,PCU,1994,79,6.6,14948,9000000,4350774,"9,000,000","4,350,774",18504170.040485833,8945273.544858301,"18,504,170","8,945,273"
tt0110763,The Pagemaster,1994,80,6.2,26509,27000000,13670688,"27,000,000","13,670,688",55512510.121457495,28107192.81360324,"55,512,510","28,107,192"
tt0110771,The Paper,1994,112,6.7,16511,6000000,48400000,"6,000,000","48,400,000",12336113.360323887,99511314.43994603,"12,336,113","99,511,314"
tt0110907,Ready to Wear,1994,133,5.2,16217,15000000,11300653,"15,000,000","11,300,653",30840283.40080972,23234356.07561404,"30,840,283","23,234,356"
tt0110912,Pulp Fiction,1994,154,8.9,2316757,8000000,213928762,"8,000,000","213,928,762",16448151.147098517,439841576.5109582,"16,448,151","439,841,576"
tt0110950,Reality Bites,1994,99,6.6,55575,11500000,33351557,"11,500,000","33,351,557",23644217.27395412,68571431.31588395,"23,644,217","68,571,431"
tt0110955,The Ref,1994,97,6.9,27582,11000000,11400000,"11,000,000","11,400,000",22616207.82726046,23438615.384615388,"22,616,207","23,438,615"
tt0110989,Richie Rich,1994,95,5.4,76312,40000000,38087756,"40,000,000","38,087,756",82240755.73549259,78309145.94272605,"82,240,755","78,309,145"
tt0111001,The Road to Wellville,1994,118,5.9,13583,25000000,26000000,"25,000,000","26,000,000",51400472.33468287,53456491.22807018,"51,400,472","53,456,491"
tt0111070,The Santa Clause,1994,97,6.6,140442,22000000,189833357,"22,000,000","189,833,357",45232415.65452092,390300968.587139,"45,232,415","390,300,968"
tt0111094,The Scout,1994,101,5.4,7112,20000000,2694234,"20,000,000","2,694,234",41120377.86774629,5539396.007206478,"41,120,377","5,539,396"
tt0111112,The Secret of Roan Inish,1994,103,7.4,10224,5700000,6160000,"5,700,000","6,160,000",11719307.692307694,12665076.383265859,"11,719,307","12,665,076"
tt0111127,Serial Mom,1994,95,6.8,36141,13000000,7820688,"13,000,000","7,820,688",26728245.61403509,16079482.28728745,"26,728,245","16,079,482"
tt0111143,The Shadow,1994,108,6.1,27979,25000000,48100000,"25,000,000","48,100,000",51400472.33468287,98894508.77192983,"51,400,472","98,894,508"
tt0111149,Shallow Grave,1994,89,7.2,68182,2500000,19779614,"2,500,000","19,779,614",5140047.233468287,40667260.08790823,"5,140,047","40,667,260"
tt0111161,The Shawshank Redemption,1994,142,9.3,3019321,25000000,28341469,"25,000,000","28,341,469",51400472.33468287,58270595.73035089,"51,400,472","58,270,595"
tt0111187,Silent Fall,1994,101,5.9,5081,30000000,3180674,"30,000,000","3,180,674",61680566.80161944,6539525.837705803,"61,680,566","6,539,525"
tt0111257,Speed,1994,116,7.3,405941,30000000,350448145,"30,000,000","350,448,145",61680566.80161944,720528007.2725371,"61,680,566","720,528,007"
tt0111280,Star Trek: Generations,1994,118,6.6,88923,38000000,118071125,"38,000,000","118,071,125",78128717.94871795,242756463.7634953,"78,128,717","242,756,463"
tt0111282,Stargate,1994,116,7.0,211163,55000000,196567262,"55,000,000","196,567,262",113081039.1363023,404146004.4934143,"113,081,039","404,146,004"
tt0111301,Street Fighter,1994,102,4.1,77336,35000000,99423521,"35,000,000","99,423,521",71960661.26855601,204416637.62309045,"71,960,661","204,416,637"
tt0111323,Surviving the Game,1994,96,6.2,13728,7400000,7690013,"7,400,000","7,690,013",15214539.811066128,15810812.018394062,"15,214,539","15,810,812"
tt0111333,The Swan Princess,1994,90,6.4,27961,20000000,9771658,"20,000,000","9,771,658",41120377.86774629,20090713.467719298,"41,120,377","20,090,713"
tt0111438,Timecop,1994,99,5.9,66417,28000000,128953581,"28,000,000","128,953,581",57568529.01484481,265130998.90595144,"57,568,529","265,130,998"
tt0111503,True Lies,1994,141,7.3,290138,115000000,378900000,"115,000,000","378,900,000",236442172.73954117,779025558.7044535,"236,442,172","779,025,558"
tt0111686,New Nightmare,1994,112,6.4,66745,8000000,18090181,"8,000,000","18,090,181",16448151.147098517,37193753.92079622,"16,448,151","37,193,753"
tt0111742,Wolf,1994,125,6.3,62262,70000000,131002597,"70,000,000","131,002,597",143921322.53711203,269343814.51480436,"143,921,322","269,343,814"
tt0111756,Wyatt Earp,1994,191,6.7,56902,63000000,25100000,"63,000,000","25,100,000",129529190.28340082,51606074.2240216,"129,529,190","51,606,074"
tt0112281,Ace Ventura: When Nature Calls,1995,90,6.4,240773,30000000,212385533,"30,000,000","212,385,533",59980708.66141732,424634492.62576115,"59,980,708","424,634,492"
tt0112346,The American President,1995,114,6.8,62105,62000000,107879496,"62,000,000","107,879,496",123960131.23359579,215689620.67055118,"123,960,131","215,689,620"
tt0112384,Apollo 13,1995,140,7.7,324816,52000000,355237933,"52,000,000","355,237,933",103966561.67979002,710247432.1585696,"103,966,561","710,247,432"
tt0112389,The Thief and the Cobbler,1993,99,7.1,4929,28000000,669276,"28,000,000","669,276",59042602.076124564,1411278.4481107267,"59,042,602","1,411,278"
tt0112427,An Awfully Big Adventure,1995,112,5.8,3123,4000000,851545,"4,000,000","851,545",7997427.821522309,1702542.4185695539,"7,997,427","1,702,542"
tt0112442,Bad Boys,1995,119,6.8,304030,19000000,141407024,"19,000,000","141,407,024",37987782.15223097,282723116.9740682,"37,987,782","282,723,116"
tt0112453,Balto,1995,78,7.1,49812,31000000,11348324,"31,000,000","11,348,324",61980065.616797894,22689350.521312334,"61,980,065","22,689,350"
tt0112461,The Basketball Diaries,1995,102,7.3,125936,2000000,2381087,"2,000,000","2,381,087",3998713.9107611547,4760642.854816273,"3,998,713","4,760,642"
tt0112462,Batman Forever,1995,121,5.4,273139,100000000,336529144,"100,000,000","336,529,144",199935695.53805774,672841884.7446718,"199,935,695","672,841,884"
tt0112571,Boys on the Side,1995,115,6.5,14603,21000000,23450000,"21,000,000","23,450,000",41986496.062992126,46884920.60367454,"41,986,496","46,884,920"
tt0112572,The Brady Bunch Movie,1995,90,6.2,25177,12000000,46576136,"12,000,000","46,576,136",23992283.464566927,93122321.4663517,"23,992,283","93,122,321"
tt0112573,Braveheart,1995,178,8.3,1123689,72000000,213216216,"72,000,000","213,216,216",143953700.78740156,426295324.4595275,"143,953,700","426,295,324"
tt0112641,Casino,1995,178,8.2,587612,50000000,116112375,"50,000,000","116,112,375",99967847.76902887,232150084.56200787,"99,967,847","232,150,084"
tt0112642,Casper,1995,100,6.2,152091,50000000,287928194,"50,000,000","287,928,194",99967847.76902887,575671237.3240682,"99,967,847","575,671,237"
tt0112697,Clueless,1995,97,6.9,260463,12000000,56631572,"12,000,000","56,631,572",23992283.464566927,113226727.37233594,"23,992,283","113,226,727"
tt0112722,Copycat,1995,123,6.6,69255,20000000,32000000,"20,000,000","32,000,000",39987139.107611544,63979422.572178476,"39,987,139","63,979,422"
tt0112760,Cutthroat Island,1995,124,5.7,31740,98000000,16000000,"98,000,000","16,000,000",195936981.62729657,31989711.286089238,"195,936,981","31,989,711"
tt0112817,Dead Man,1995,121,7.5,105656,9000000,1038000,"9,000,000","1,038,000",17994212.598425195,2075332.5196850393,"17,994,212","2,075,332"
tt0112818,Dead Man Walking,1995,122,7.5,104398,11000000,39363635,"11,000,000","39,363,635",21992926.50918635,78701957.42631234,"21,992,926","78,701,957"
tt0112819,Dead Presidents,1995,119,6.9,25380,10000000,24100000,"10,000,000","24,100,000",19993569.553805772,48184502.62467191,"19,993,569","48,184,502"
tt0112851,Desperado,1995,104,7.1,202500,7000000,25405445,"7,000,000","25,405,445",13995498.687664041,50794553.16528872,"13,995,498","50,794,553"
tt0112857,Devil in a Blue Dress,1995,102,6.8,25929,27000000,16140822,"27,000,000","16,140,822",53982637.79527559,32271264.731259838,"53,982,637","32,271,264"
tt0112864,Die Hard with a Vengeance,1995,128,7.6,418911,90000000,366101666,"90,000,000","366,101,666",179942125.98425198,731967912.293517,"179,942,125","731,967,912"
tt0112883,Don Juan DeMarco,1994,97,6.7,54213,25000000,68792531,"25,000,000","68,792,531",51400472.33468287,141438743.45993254,"51,400,472","141,438,743"
tt0112896,Dracula: Dead and Loving It,1995,88,5.8,46908,30000000,10772144,"30,000,000","10,772,144",59980708.66141732,21537361.030761153,"59,980,708","21,537,361"
tt0113010,Fair Game,1995,91,4.4,14251,50000000,11500000,"50,000,000","11,500,000",99967847.76902887,22992604.98687664,"99,967,847","22,992,604"
tt0113071,First Knight,1995,134,6.0,80529,55000000,127600435,"55,000,000","127,600,435",109964632.54593176,255118817.22683728,"109,964,632","255,118,817"
tt0113101,Four Rooms,1995,98,6.7,113705,4000000,4257354,"4,000,000","4,257,354",7997427.821522309,8511970.331417322,"7,997,427","8,511,970"
tt0113118,Friday,1995,91,7.2,129885,3500000,28215918,"3,500,000","28,215,918",6997749.343832021,56413691.90574803,"6,997,749","56,413,691"
tt0113161,Get Shorty,1995,105,6.9,92968,30250000,115101622,"30,250,000","115,101,622",60480547.90026247,230129228.52128607,"60,480,547","230,129,228"
tt0113189,GoldenEye,1995,130,7.2,276429,60000000,352194034,"60,000,000","352,194,034",119961417.32283464,704161591.5214435,"119,961,417","704,161,591"
tt0113198,A Goofy Movie,1995,78,6.9,65667,18000000,35348597,"18,000,000","35,348,597",35988425.19685039,70674463.27489501,"35,988,425","70,674,463"
tt0113228,Grumpier Old Men,1995,101,6.7,30637,25000000,71500000,"25,000,000","71,500,000",49983923.884514436,142954022.30971128,"49,983,923","142,954,022"
tt0113243,Hackers,1995,105,6.2,77744,20000000,7563728,"20,000,000","7,563,728",39987139.107611544,15122592.185406823,"39,987,139","15,122,592"
tt0113253,Halloween: The Curse of Michael Myers,1995,87,4.7,44110,5000000,15116634,"5,000,000","15,116,634",9996784.776902886,30223547.32984252,"9,996,784","30,223,547"
tt0113277,Heat,1995,170,8.3,749336,60000000,187400000,"60,000,000","187,400,000",119961417.32283464,374679493.4383202,"119,961,417","374,679,493"
tt0113303,Hideaway,1995,106,5.3,7762,15000000,12201255,"15,000,000","12,201,255",29990354.33070866,24394664.048622046,"29,990,354","24,394,664"
tt0113409,In the Mouth of Madness,1994,95,7.1,83297,8000000,8946600,"8,000,000","8,946,600",16448151.147098517,18394378.63157895,"16,448,151","18,394,378"
tt0113419,The Indian in the Cupboard,1995,96,6.0,31980,45000000,35700000,"45,000,000","35,700,000",89971062.99212599,71377043.30708662,"89,971,062","71,377,043"
tt0113442,It Takes Two,1995,101,6.0,26004,19474589,19474589,"19,474,589","19,474,589",38936654.97032808,38936654.97032808,"38,936,654","38,936,654"
tt0113451,Jade,1995,95,5.3,14763,50000000,9851610,"50,000,000","9,851,610",99967847.76902887,19696884.97519685,"99,967,847","19,696,884"
tt0113463,Jefferson in Paris,1995,139,5.7,3269,14000000,2474000,"14,000,000","2,474,000",27990997.375328083,4946409.107611548,"27,990,997","4,946,409"
tt0113481,Johnny Mnemonic,1995,96,5.6,78266,25000000,19075720,"25,000,000","19,075,720",49983923.884514436,38139173.46089239,"49,983,923","38,139,173"
tt0113497,Jumanji,1995,104,7.1,392601,65000000,262821940,"65,000,000","262,821,940",129958202.09973752,525474873.76561683,"129,958,202","525,474,873"
tt0113540,Kids,1995,91,7.0,87812,1500000,20412216,"1,500,000","20,412,216",2999035.433070866,40811306.0343307,"2,999,035","40,811,306"
tt0113627,Leaving Las Vegas,1995,111,7.5,139837,3600000,49800000,"3,600,000","49,800,000",7197685.039370079,99567976.37795275,"7,197,685","99,567,976"
tt0113677,Living in Oblivion,1995,90,7.5,20867,500000,1148752,"500,000","1,148,752",999678.4776902887,2296765.3012073487,"999,678","2,296,765"
tt0113749,Mallrats,1995,94,7.0,131163,6000000,2122561,"6,000,000","2,122,561",11996141.732283464,4243757.098569554,"11,996,141","4,243,757"
tt0113820,Mighty Morphin Power Rangers,1995,95,5.3,30944,15000000,66433194,"15,000,000","66,433,194",29990354.33070866,132823668.49204724,"29,990,354","132,823,668"
tt0113845,Money Train,1995,110,5.7,44165,68000000,77224232,"68,000,000","77,224,232",135956272.96587926,154398805.37312335,"135,956,272","154,398,805"
tt0113855,Mortal Kombat,1995,101,5.8,127422,18000000,122195920,"18,000,000","122,195,920",35988425.19685039,244313262.57112858,"35,988,425","244,313,262"
tt0113862,Mr. Holland's Opus,1995,144,7.3,42890,31000000,106300000,"31,000,000","106,300,000",61980065.616797894,212531644.35695538,"61,980,065","212,531,644"
tt0113870,Murder in the First,1995,122,7.3,31741,20000000,29500000,"20,000,000","29,500,000",39987139.107611544,58981030.18372703,"39,987,139","58,981,030"
tt0113957,The Net,1995,114,6.0,76685,22000000,110627965,"22,000,000","110,627,965",43985853.0183727,221184791.28234908,"43,985,853","221,184,791"
tt0113965,Never Talk to Strangers,1995,86,5.2,7593,6400000,6858261,"6,400,000","6,858,261",12795884.514435695,13712111.832165353,"12,795,884","13,712,111"
tt0113972,Nick of Time,1995,90,6.3,46103,33000000,8175346,"33,000,000","8,175,346",65978779.52755905,16345434.887742782,"65,978,779","16,345,434"
tt0113986,Nine Months,1995,103,5.5,39313,35000000,138500000,"35,000,000","138,500,000",69977493.4383202,276910938.32021,"69,977,493","276,910,938"
tt0113987,Nixon,1995,192,7.1,33542,44000000,13681765,"44,000,000","13,681,765",87971706.0367454,27354732.014632545,"87,971,706","27,354,732"
tt0114011,Now and Then,1995,102,6.8,33612,12000000,27400000,"12,000,000","27,400,000",23992283.464566927,54782380.57742782,"23,992,283","54,782,380"
tt0114057,Othello,1995,123,6.8,10387,11000000,2800000,"11,000,000","2,800,000",21992926.50918635,5598199.475065617,"21,992,926","5,598,199"
tt0114069,Outbreak,1995,127,6.6,141687,50000000,189900000,"50,000,000","189,900,000",99967847.76902887,379677885.8267716,"99,967,847","379,677,885"
tt0114108,The Pebble and the Penguin,1995,74,5.5,5782,28000000,3983912,"28,000,000","3,983,912",55981994.750656165,7965262.166824146,"55,981,994","7,965,262"
tt0114148,Pocahontas,1995,81,6.7,209465,55000000,346100000,"55,000,000","346,100,000",109964632.54593176,691977442.2572178,"109,964,632","691,977,442"
tt0114194,The Prophecy,1995,98,6.4,34331,8000000,16115878,"8,000,000","16,115,878",15994855.643044619,32221392.771364827,"15,994,855","32,221,392"
tt0114272,Restoration,1995,117,6.6,10133,19000000,4005941,"19,000,000","4,005,941",37987782.15223097,8009306.001194226,"37,987,782","8,009,306"
tt0114287,Rob Roy,1995,139,6.9,47266,28000000,31600000,"28,000,000","31,600,000",55981994.750656165,63179679.79002625,"55,981,994","63,179,679"
tt0114319,Sabrina,1995,127,6.3,45703,58000000,53672080,"58,000,000","53,672,080",115962703.4120735,107309646.45774278,"115,962,703","107,309,646"
tt0114369,Se7en,1995,127,8.6,1893285,33000000,327311859,"33,000,000","327,311,859",65978779.52755905,654413241.8701968,"65,978,779","654,413,241"
tt0114388,Sense and Sensibility,1995,136,7.7,130682,16000000,134582776,"16,000,000","134,582,776",31989711.286089238,269079009.2700262,"31,989,711","269,079,009"
tt0114436,Showgirls,1995,128,5.1,77789,45000000,20350754,"45,000,000","20,350,754",89971062.99212599,40688421.557139106,"89,971,062","40,688,421"
tt0114558,Strange Days,1995,145,7.2,80891,42000000,7959291,"42,000,000","7,959,291",83972992.12598425,15913463.820748031,"83,972,992","15,913,463"
tt0114576,Sudden Death,1995,111,5.9,38218,35000000,64350171,"35,000,000","64,350,171",69977493.4383202,128658961.96877952,"69,977,493","128,658,961"
tt0114608,Tales from the Crypt: Demon Knight,1995,92,6.7,27176,13000000,21089146,"13,000,000","21,089,146",25991640.419947505,42164730.73813648,"25,991,640","42,164,730"
tt0114614,Tank Girl,1995,104,5.4,36171,25000000,4064495,"25,000,000","4,064,495",49983923.884514436,8126376.34835958,"49,983,923","8,126,376"
tt0114660,Things to Do in Denver When You're Dead,1995,115,6.7,30466,8000000,529766,"8,000,000","529,766",15994855.643044619,1059191.3368241468,"15,994,855","1,059,191"
tt0114681,To Die For,1995,106,6.8,56178,20000000,21300000,"20,000,000","21,300,000",39987139.107611544,42586303.149606295,"39,987,139","42,586,303"
tt0114694,Tommy Boy,1995,97,7.1,100739,20000000,32648673,"20,000,000","32,648,673",39987139.107611544,65276351.446496055,"39,987,139","65,276,351"
tt0114697,Top Dog,1995,86,4.2,3973,6000000,5093707,"6,000,000","5,093,707",11996141.732283464,10184138.519120734,"11,996,141","10,184,138"
tt0114709,Toy Story,1995,81,8.3,1113934,30000000,394436586,"30,000,000","394,436,586",59980708.66141732,788619531.6756692,"59,980,708","788,619,531"
tt0114746,12 Monkeys,1995,129,8.0,661685,29000000,168841459,"29,000,000","168,841,459",57981351.70603675,337574345.4082546,"57,981,351","337,574,345"
tt0114781,Under Siege 2: Dark Territory,1995,100,5.6,51487,60000000,104324083,"60,000,000","104,324,083",119961417.32283464,208581080.95975065,"119,961,417","208,581,080"
tt0114814,The Usual Suspects,1995,106,8.5,1183192,6000000,23300000,"6,000,000","23,300,000",11996141.732283464,46585017.06036745,"11,996,141","46,585,017"
tt0114825,Vampire in Brooklyn,1995,100,4.7,25895,14000000,19800000,"14,000,000","19,800,000",27990997.375328083,39587267.716535434,"27,990,997","39,587,267"
tt0114857,Virtuosity,1995,106,5.5,33554,30000000,24048000,"30,000,000","24,048,000",59980708.66141732,48080536.062992126,"59,980,708","48,080,536"
tt0114898,Waterworld,1995,135,6.3,217046,175000000,264218220,"175,000,000","264,218,220",349887467.19160104,528266535.8952756,"349,887,467","528,266,535"
tt0114906,Welcome to the Dollhouse,1995,88,7.4,38524,800000,5034794,"800,000","5,034,794",1599485.564304462,10066350.402808398,"1,599,485","10,066,350"
tt0114924,While You Were Sleeping,1995,103,6.8,119604,17000000,182100000,"17,000,000","182,100,000",33989068.241469815,364082901.5748031,"33,989,068","364,082,901"
tt0115433,101 Dalmatians,1996,103,5.8,120573,54000000,320689294,"54,000,000","320,689,294",104868757.17017208,622783105.547406,"104,868,757","622,783,105"
tt0115493,Alaska,1996,109,5.8,5993,23000000,11829959,"23,000,000","11,829,959",44666322.49840663,22973946.253779475,"44,666,322","22,973,946"
tt0115571,The Arrival,1996,115,6.2,39595,25000000,14063331,"25,000,000","14,063,331",48550350.54174633,27311185.99338432,"48,550,350","27,311,185"
tt0115580,The Associate,1996,114,6.1,9397,23000000,12800000,"23,000,000","12,800,000",44666322.49840663,24857779.47737412,"44,666,322","24,857,779"
tt0115610,Bad Moon,1996,80,5.8,8962,7000000,1100000,"7,000,000","1,100,000",13594098.151688972,2136215.4238368385,"13,594,098","2,136,215"
tt0115624,Barb Wire,1996,98,3.6,32146,9000000,3793614,"9,000,000","3,793,614",17478126.19502868,7367251.580803058,"17,478,126","7,367,251"
tt0115632,Basquiat,1996,107,6.9,22797,3300000,3022292,"3,300,000","3,022,292",6408646.271510516,5869333.441580624,"6,408,646","5,869,333"
tt0115639,Beautiful Girls,1996,112,7.1,35498,16000000,27000000,"16,000,000","27,000,000",31072224.346717652,52434378.58508604,"31,072,224","52,434,378"
tt0115641,Beavis and Butt-Head Do America,1996,81,6.8,61547,12000000,63118386,"12,000,000","63,118,386",23304168.26003824,122576790.63717017,"23,304,168","122,576,790"
tt0115676,Big Bully,1996,90,4.8,5682,15000000,2042530,"15,000,000","2,042,530",29130210.3250478,3966621.899681325,"29,130,210","3,966,621"
tt0115683,Bio-Dome,1996,88,4.4,30596,8500000,13400000,"8,500,000","13,400,000",16507119.184193753,26022987.890376035,"16,507,119","26,022,987"
tt0115685,The Birdcage,1996,117,7.2,106666,31000000,185300000,"31,000,000","185,300,000",60202434.671765454,359855198.2154238,"60,202,434","359,855,198"
tt0115697,Black Sheep,1996,87,6.2,44630,32400000,32000000,"32,400,000","32,000,000",62921254.30210325,62144448.693435304,"62,921,254","62,144,448"
tt0115734,Bottle Rocket,1996,91,6.9,85548,7000000,1040879,"7,000,000","1,040,879",13594098.151688972,2021401.612861695,"13,594,098","2,021,401"
tt0115759,Broken Arrow,1996,108,6.1,107646,50000000,150300000,"50,000,000","150,300,000",97100701.08349267,291884707.456979,"97,100,701","291,884,707"
tt0115783,Bulletproof,1996,84,5.8,41117,25000000,22611954,"25,000,000","22,611,954",48550350.54174633,43912731.725353725,"48,550,350","43,912,731"
tt0115798,The Cable Guy,1996,96,6.1,183555,47000000,102825796,"47,000,000","102,825,796",91274659.0184831,199689137.6213639,"91,274,659","199,689,137"
tt0115862,The Chamber,1996,113,6.0,16599,50000000,22540359,"50,000,000","22,540,359",97100701.08349267,43773693.23147227,"97,100,701","43,773,693"
tt0115907,City Hall,1996,111,6.2,23216,40000000,33440204,"40,000,000","33,440,204",77680560.86679414,64941345.05550032,"77,680,560","64,941,345"
tt0115956,Courage Under Fire,1996,116,6.6,61390,46000000,100900000,"46,000,000","100,900,000",89332644.99681325,195949214.7864882,"89,332,644","195,949,214"
tt0115963,The Craft,1996,101,6.5,113834,15000000,24800000,"15,000,000","24,800,000",29130210.3250478,48161947.73741236,"29,130,210","48,161,947"
tt0115986,The Crow: City of Angels,1996,84,4.6,22808,13000000,25317287,"13,000,000","25,317,287",25246182.281708095,49166526.3446399,"25,246,182","49,166,526"
tt0115988,The Crucible,1996,124,6.8,41448,25000000,7343114,"25,000,000","7,343,114",48550350.54174633,14260430.350720203,"48,550,350","14,260,430"
tt0116095,Diabolique,1996,107,5.5,15881,45000000,52400000,"45,000,000","52,400,000",87390630.9751434,101761534.73550032,"87,390,630","101,761,534"
tt0116126,Don't Be a Menace to South Central While Drinking Your Juice in the Hood,1996,89,6.5,64180,3800000,20100000,"3,800,000","20,100,000",7379653.282345443,39034481.835564055,"7,379,653","39,034,481"
tt0116136,DragonHeart,1996,103,6.4,103613,57000000,115267375,"57,000,000","115,267,375",110694799.23518164,223850858.49107713,"110,694,799","223,850,858"
tt0116165,Ed,1996,94,2.8,9045,24000000,4400000,"24,000,000","4,400,000",46608336.52007648,8544861.695347354,"46,608,336","8,544,861"
tt0116191,Emma,1996,120,6.6,42897,6000000,22231658,"6,000,000","22,231,658",11652084.13001912,43174191.56096877,"11,652,084","43,174,191"
tt0116209,The English Patient,1996,162,7.4,207997,27000000,231976425,"27,000,000","231,976,425",52434378.58508604,450501470.04684514,"52,434,378","450,501,470"
tt0116213,Eraser,1996,115,6.2,120877,100000000,242295562,"100,000,000","242,295,562",194201402.16698533,470541378.7923773,"194,201,402","470,541,378"
tt0116225,Escape from L.A.,1996,101,5.7,82906,50000000,42277365,"50,000,000","42,277,365",97100701.08349267,82103235.6292543,"97,100,701","82,103,235"
tt0116242,Everyone Says I Love You,1996,101,6.7,40260,20000000,9800000,"20,000,000","9,800,000",38840280.43339707,19031737.41236456,"38,840,280","19,031,737"
tt0116250,Evita,1996,135,6.3,38365,55000000,141047179,"55,000,000","141,047,179",106810771.19184193,273915599.3349777,"106,810,771","273,915,599"
tt0116259,Extreme Measures,1996,118,6.2,21359,38000000,17380126,"38,000,000","17,380,126",73796532.82345442,33752448.39038878,"73,796,532","33,752,448"
tt0116269,Faithful,1996,91,5.7,2346,13000000,2104439,"13,000,000","2,104,439",25246182.281708095,4086850.0457488843,"25,246,182","4,086,850"
tt0116282,Fargo,1996,98,8.1,751141,7000000,60611975,"7,000,000","60,611,975",13594098.151688972,117709305.33110261,"13,594,098","117,709,305"
tt0116313,The First Wives Club,1996,103,6.5,56336,26000000,116400000,"26,000,000","116,400,000",50492364.56341619,226050432.12237093,"50,492,364","226,050,432"
tt0116320,Fled,1996,98,5.4,10090,25000000,17193231,"25,000,000","17,193,231",48550350.54174633,33389495.67980879,"48,550,350","33,389,495"
tt0116324,Flirting with Disaster,1996,92,6.7,20405,7000000,14702438,"7,000,000","14,702,438",13594098.151688972,28552340.748731673,"13,594,098","28,552,340"
tt0116329,Fly Away Home,1996,107,6.9,27828,22000000,25143818,"22,000,000","25,143,818",42724308.47673678,48829647.11431485,"42,724,308","48,829,647"
tt0116365,The Frighteners,1996,110,7.1,98667,30000000,29359216,"30,000,000","29,359,216",58260420.6500956,57016009.137233905,"58,260,420","57,016,009"
tt0116367,From Dusk Till Dawn,1996,108,7.2,352682,19000000,25800000,"19,000,000","25,800,000",36898266.41172721,50103961.75908221,"36,898,266","50,103,961"
tt0116410,Ghosts of Mississippi,1996,130,6.7,12422,30000000,13323144,"30,000,000","13,323,144",58260420.6500956,25873732.460726574,"58,260,420","25,873,732"
tt0116421,The Glimmer Man,1996,91,5.4,21815,45000000,20350000,"45,000,000","20,350,000",87390630.9751434,39519985.34098151,"87,390,630","39,519,985"
tt0116477,Hamlet,1996,242,7.7,40858,18000000,4700000,"18,000,000","4,700,000",34956252.39005736,9127465.90184831,"34,956,252","9,127,465"
tt0116483,Happy Gilmore,1996,92,7.0,260480,12000000,41205099,"12,000,000","41,205,099",23304168.26003824,80020880.02229445,"23,304,168","80,020,880"
tt0116629,Independence Day,1996,145,7.0,624036,75000000,817400891,"75,000,000","817,400,891",145651051.625239,1587403991.6474314,"145,651,051","1,587,403,991"
tt0116654,The Island of Dr. Moreau,1996,96,4.6,36618,40000000,49627779,"40,000,000","49,627,779",77680560.86679414,96377842.6823327,"77,680,560","96,377,842"
tt0116683,James and the Giant Peach,1996,79,6.7,76157,38000000,28946127,"38,000,000","28,946,127",73796532.82345442,56213784.50703632,"73,796,532","56,213,784"
tt0116695,Jerry Maguire,1996,139,7.3,296706,50000000,273600000,"50,000,000","273,600,000",97100701.08349267,531335036.32887185,"97,100,701","531,335,036"
tt0116705,Jingle All the Way,1996,89,5.8,122815,60000000,129800000,"60,000,000","129,800,000",116520841.3001912,252073420.01274696,"116,520,841","252,073,420"
tt0116731,The Juror,1996,118,5.7,21085,44000000,22754725,"44,000,000","22,754,725",85448616.95347355,44189995.00924155,"85,448,616","44,189,995"
tt0116778,Kingpin,1996,114,6.9,93477,27000000,25023434,"27,000,000","25,023,434",52434378.58508604,48595859.69833015,"52,434,378","48,595,859"
tt0116823,Larger Than Life,1996,93,5.6,8056,30000000,8315693,"30,000,000","8,315,693",58260420.6500956,16149192.405901847,"58,260,420","16,149,192"
tt0116839,Lawnmower Man 2: Beyond Cyberspace,1995,93,2.6,10533,15000000,2409225,"15,000,000","2,409,225",29990354.33070866,4816900.760826772,"29,990,354","4,816,900"
tt0116905,Lone Star,1996,135,7.4,33965,5000000,13269963,"5,000,000","13,269,963",9710070.108349267,25770454.21304015,"9,710,070","25,770,454"
tt0116908,The Long Kiss Goodnight,1996,121,6.8,88687,65000000,89456761,"65,000,000","89,456,761",126230911.40854047,173726284.19516888,"126,230,911","173,726,284"
tt0116922,Lost Highway,1997,134,7.6,161625,15000000,3836866,"15,000,000","3,836,866",28476822.429906543,7284116.784623053,"28,476,822","7,284,116"
tt0116996,Mars Attacks!,1996,106,6.4,251046,70000000,101371017,"70,000,000","101,371,017",135940981.51688972,196863936.40493307,"135,940,981","196,863,936"
tt0117002,Mary Reilly,1996,108,5.8,16212,47000000,12379402,"47,000,000","12,379,402",91274659.0184831,24040972.263887826,"91,274,659","24,040,972"
tt0117008,Matilda,1996,98,7.0,184101,36000000,33500000,"36,000,000","33,500,000",69912504.78011473,65057469.725940086,"69,912,504","65,057,469"
tt0117039,Michael Collins,1996,133,7.1,34909,25000000,16900000,"25,000,000","16,900,000",48550350.54174633,32820036.96622052,"48,550,350","32,820,036"
tt0117057,The Mirror Has Two Faces,1996,126,6.6,24072,42000000,41083864,"42,000,000","41,083,864",81564588.91013384,79785439.9523773,"81,564,588","79,785,439"
tt0117060,Mission: Impossible,1996,110,7.2,485600,80000000,457696391,"80,000,000","457,696,391",155361121.73358828,888852808.9896877,"155,361,121","888,852,808"
tt0117104,Mrs. Winterbourne,1996,105,6.2,8966,25000000,10082005,"25,000,000","10,082,005",48550350.54174633,19579395.076545566,"48,550,350","19,579,395"
tt0117110,Muppet Treasure Island,1996,99,6.9,27748,31000000,34300000,"31,000,000","34,300,000",60202434.671765454,66611080.94327597,"60,202,434","66,611,080"
tt0117128,Mystery Science Theater 3000: The Movie,1996,73,7.2,19119,5000000,1000000,"5,000,000","1,000,000",9710070.108349267,1942014.0216698532,"9,710,070","1,942,014"
tt0117218,The Nutty Professor,1996,95,5.7,127153,54000000,128769345,"54,000,000","128,769,345",104868757.17017208,250071873.55124283,"104,868,757","250,071,873"
tt0117318,The People vs. Larry Flynt,1996,130,7.3,103037,36000000,20300385,"36,000,000","20,300,385",69912504.78011473,39423632.31529636,"69,912,504","39,423,632"
tt0117331,The Phantom,1996,100,5.1,36613,45000000,17323326,"45,000,000","17,323,326",87390630.9751434,33642141.99395794,"87,390,630","33,642,141"
tt0117372,The Preacher's Wife,1996,123,5.7,14412,40000000,48100000,"40,000,000","48,100,000",77680560.86679414,93410874.44231994,"77,680,560","93,410,874"
tt0117381,Primal Fear,1996,129,7.7,257601,30000000,102600000,"30,000,000","102,600,000",58260420.6500956,199250638.62332696,"58,260,420","199,250,638"
tt0117420,The Quest,1996,95,5.6,29036,30000000,57400547,"30,000,000","57,400,547",58260420.6500956,111472667.12551942,"58,260,420","111,472,667"
tt0117509,Romeo + Juliet,1996,120,6.7,250961,14500000,147298761,"14,500,000","147,298,761",28159203.314212874,286056259.2365965,"28,159,203","286,056,259"
tt0117571,Scream,1996,111,7.4,413952,14000000,173046663,"14,000,000","173,046,663",27188196.303377945,336059045.9491778,"27,188,196","336,059,045"
tt0117603,Set It Off,1996,123,6.9,19285,9000000,41590886,"9,000,000","41,590,886",17478126.19502868,80770083.7856724,"17,478,126","80,770,083"
tt0117628,She's the One,1996,96,6.0,18883,3500000,9500000,"3,500,000","9,500,000",6797049.075844486,18449133.205863606,"6,797,049","18,449,133"
tt0117665,Sleepers,1996,147,7.5,244245,44000000,165600000,"44,000,000","165,600,000",85448616.95347355,321597521.9885277,"85,448,616","321,597,521"
tt0117666,Sling Blade,1996,135,8.0,101470,1200000,34100000,"1,200,000","34,100,000",2330416.826003824,66222678.138941996,"2,330,416","66,222,678"
tt0117705,Space Jam,1996,88,6.5,221005,80000000,250200000,"80,000,000","250,200,000",155361121.73358828,485891908.2217973,"155,361,121","485,891,908"
tt0117723,Spy Hard,1996,81,5.3,41462,18000000,27000000,"18,000,000","27,000,000",34956252.39005736,52434378.58508604,"34,956,252","52,434,378"
tt0117731,Star Trek: First Contact,1996,111,7.6,134587,46000000,146027888,"46,000,000","146,027,888",89332644.99681325,283588206.0508349,"89,332,644","283,588,206"
tt0117737,Stealing Beauty,1996,118,6.5,31372,10000000,4800000,"10,000,000","4,800,000",19420140.216698535,9321667.304015296,"19,420,140","9,321,667"
tt0117802,Swingers,1996,96,7.2,90271,200000,4505922,"200,000","4,505,922",388402.80433397065,8750563.704550669,"388,402","8,750,563"
tt0117826,Bordello of Blood,1996,87,5.4,16222,15000000,5600000,"15,000,000","5,600,000",29130210.3250478,10875278.52135118,"29,130,210","10,875,278"
tt0117887,That Thing You Do!,1996,108,7.0,75840,26000000,34585416,"26,000,000","34,585,416",50492364.56341619,67165362.8172849,"50,492,364","67,165,362"
tt0117894,Thinner,1996,93,5.8,34988,8000000,15315484,"8,000,000","15,315,484",15536112.173358826,29742884.676660288,"15,536,112","29,742,884"
tt0117913,A Time to Kill,1996,149,7.5,188952,40000000,152266007,"40,000,000","152,266,007",77680560.86679414,295702720.6176801,"77,680,560","295,702,720"
tt0117918,Tin Cup,1996,135,6.4,54587,45000000,53854588,"45,000,000","53,854,588",87390630.9751434,104586365.02725302,"87,390,630","104,586,365"
tt0117951,Trainspotting,1996,93,8.1,745935,4000000,71981823,"4,000,000","71,981,823",7768056.086679413,139789709.57135755,"7,768,056","139,789,709"
tt0117998,Twister,1996,113,6.5,242582,92000000,494471524,"92,000,000","494,471,524",178665289.9936265,960270632.9244614,"178,665,289","960,270,632"
tt0118073,A Very Brady Sequel,1996,90,5.9,12068,12000000,21440752,"12,000,000","21,440,752",23304168.26003824,41638241.01914595,"23,304,168","41,638,241"
tt0118111,Waiting for Guffman,1996,84,7.4,31525,4000000,2900000,"4,000,000","2,900,000",7768056.086679413,5631840.6628425745,"7,768,056","5,631,840"
tt0118548,Absolute Power,1997,121,6.7,62405,50000000,50100000,"50,000,000","50,100,000",94922741.43302181,95112586.91588785,"94,922,741","95,112,586"
tt0118570,Air Bud,1997,98,5.3,20357,3000000,23144499,"3,000,000","23,144,499",5695364.485981309,43938785.88347664,"5,695,364","43,938,785"
tt0118571,Air Force One,1997,124,6.5,216729,85000000,315200000,"85,000,000","315,200,000",161368660.43613708,598392961.9937695,"161,368,660","598,392,961"
tt0118583,Alien Resurrection,1997,109,6.2,280359,70000000,162000000,"70,000,000","162,000,000",132891838.00623053,307549682.2429907,"132,891,838","307,549,682"
tt0118604,An American Werewolf in Paris,1997,98,5.1,28079,22000000,26570463,"22,000,000","26,570,463",41766006.23052959,50442823.78209346,"41,766,006","50,442,823"
tt0118607,Amistad,1997,155,7.3,84925,36000000,44229441,"36,000,000","44,229,441",68344373.8317757,83967595.83540188,"68,344,373","83,967,595"
tt0118615,Anaconda,1997,89,4.9,115725,45000000,136885767,"45,000,000","136,885,767",85430467.28971963,259871445.33603737,"85,430,467","259,871,445"
tt0118655,Austin Powers: International Man of Mystery,1997,89,7.0,264709,16500000,67711748,"16,500,000","67,711,748",31324504.672897197,128547694.94763863,"31,324,504","128,547,694"
tt0118661,The Avengers,1998,89,3.8,46170,60000000,48600000,"60,000,000","48,600,000",112160245.398773,90849798.77300614,"112,160,245","90,849,798"
tt0118663,B*A*P*S,1997,91,4.8,6090,10000000,7240837,"10,000,000","7,240,837",18984548.28660436,13746401.966193145,"18,984,548","13,746,401"
tt0118688,Batman & Robin,1997,125,3.8,274584,125000000,238207122,"125,000,000","238,207,122",237306853.58255452,452225460.98220557,"237,306,853","452,225,460"
tt0118689,Bean,1997,89,6.5,113409,18000000,251212670,"18,000,000","251,212,670",34172186.91588785,476915906.3821807,"34,172,186","476,915,906"
tt0118691,The Beautician and the Beast,1997,105,5.5,10200,16000000,11486880,"16,000,000","11,486,880",30375277.25856698,21807322.80224299,"30,375,277","21,807,322"
tt0118708,Beverly Hills Ninja,1997,88,5.6,45178,18000000,31480022,"18,000,000","31,480,022",34172186.91588785,59763399.772236764,"34,172,186","59,763,399"
tt0118715,The Big Lebowski,1998,117,8.1,885844,15000000,47010480,"15,000,000","47,010,480",28040061.34969325,87878449.55190183,"28,040,061","87,878,449"
tt0118747,Blues Brothers 2000,1998,123,4.9,35427,28000000,14051384,"28,000,000","14,051,384",52341447.85276074,26266777.960539877,"52,341,447","26,266,777"
tt0118749,Boogie Nights,1997,155,7.9,289925,15000000,43101594,"15,000,000","43,101,594",28476822.429906543,81826429.25226168,"28,476,822","81,826,429"
tt0118750,Booty Call,1997,79,5.5,9817,7000000,20050376,"7,000,000","20,050,376",13289183.800623054,38064733.13365732,"13,289,183","38,064,733"
tt0118755,The Borrowers,1997,89,5.9,24221,29000000,22619699,"29,000,000","22,619,699",55055190.03115265,42942476.78939564,"55,055,190","42,942,476"
tt0118771,Breakdown,1997,93,7.0,65281,36000000,50159144,"36,000,000","50,159,144",68344373.8317757,95224869.12827414,"68,344,373","95,224,869"
tt0118789,Buffalo '66,1998,110,7.4,63765,1500000,2375097,"1,500,000","2,375,097",2804006.1349693253,4439857.70609816,"2,804,006","4,439,857"
tt0118798,Bulworth,1998,108,6.8,27728,30000000,29202884,"30,000,000","29,202,884",56080122.6993865,54590043.92986503,"56,080,122","54,590,043"
tt0118826,The Castle,1997,85,7.6,18052,786675,861789,"786,675","861,789",1493466.9523364485,1636067.4883364486,"1,493,466","1,636,067"
tt0118829,Cats Don't Dance,1997,75,6.9,8883,32000000,3600000,"32,000,000","3,600,000",60750554.51713396,6834437.38317757,"60,750,554","6,834,437"
tt0118842,Chasing Amy,1997,113,7.2,145964,250000,12021272,"250,000","12,021,272",474613.70716510905,22821841.875040498,"474,613","22,821,841"
tt0118880,Con Air,1997,115,6.9,328813,75000000,224012234,"75,000,000","224,012,234",142384112.1495327,425277107.31631154,"142,384,112","425,277,107"
tt0118883,Conspiracy Theory,1997,135,6.7,110183,75000000,137000000,"75,000,000","137,000,000",142384112.1495327,260088311.52647975,"142,384,112","260,088,311"
tt0118884,Contact,1997,150,7.5,302006,90000000,171120329,"90,000,000","171,120,329",170860934.57943925,324864214.87201244,"170,860,934","324,864,214"
tt0118887,Cop Land,1997,105,7.0,110584,15000000,44862187,"15,000,000","44,862,187",28476822.429906543,85168835.53441745,"28,476,822","85,168,835"
tt0118928,Dante's Peak,1997,108,6.1,102743,116000000,178127760,"116,000,000","178,127,760",220220760.1246106,338167506.0904673,"220,220,760","338,167,506"
tt0118929,Dark City,1998,100,7.6,218665,27000000,27200000,"27,000,000","27,200,000",50472110.42944785,50845977.91411043,"50,472,110","50,845,977"
tt0118956,Deep Rising,1998,106,6.1,42644,45000000,11203026,"45,000,000","11,203,026",84120184.04907976,20942235.75614724,"84,120,184","20,942,235"
tt0118966,Desperate Measures,1998,100,6.1,18482,50000000,13800000,"50,000,000","13,800,000",93466871.16564417,25796856.441717792,"93,466,871","25,796,856"
tt0118971,The Devil's Advocate,1997,144,7.5,419921,57000000,153000000,"57,000,000","153,000,000",108211925.23364486,290463588.78504676,"108,211,925","290,463,588"
tt0119008,Donnie Brasco,1997,127,7.7,342617,35000000,124909762,"35,000,000","124,909,762",66445919.00311527,237135540.81572583,"66,445,919","237,135,540"
tt0119013,Double Team,1997,93,4.8,37641,30000000,48138337,"30,000,000","48,138,337",56953644.85981309,91388458.32133333,"56,953,644","91,388,458"
tt0119051,The Edge,1997,117,6.9,81996,30000000,43300000,"30,000,000","43,300,000",56953644.85981309,82203094.08099689,"56,953,644","82,203,094"
tt0119081,Event Horizon,1997,96,6.6,204657,60000000,26700000,"60,000,000","26,700,000",113907289.71962617,50688743.92523365,"113,907,289","50,688,743"
tt0119094,Face/Off,1997,138,7.3,412747,80000000,245700000,"80,000,000","245,700,000",151876386.29283488,466450351.4018692,"151,876,386","466,450,351"
tt0119099,Fallen,1998,124,7.0,97181,46000000,25232289,"46,000,000","25,232,289",85989521.47239263,47167662.103546016,"85,989,521","47,167,662"
tt0119109,Fathers' Day,1997,98,5.3,16908,85000000,36000000,"85,000,000","36,000,000",161368660.43613708,68344373.8317757,"161,368,660","68,344,373"
tt0119115,Fierce Creatures,1997,93,6.4,26093,25000000,9381260,"25,000,000","9,381,260",47461370.71651091,17809898.345919,"47,461,370","17,809,898"
tt0119123,Fire Down Below,1997,105,5.1,19635,60000000,16228448,"60,000,000","16,228,448",113907289.71962617,30808975.467264798,"113,907,289","30,808,975"
tt0119137,Flubber,1997,93,5.3,96963,80000000,178000000,"80,000,000","178,000,000",151876386.29283488,337924959.50155765,"151,876,386","337,924,959"
tt0119141,Fools Rush In,1997,109,6.1,40656,20000000,42000000,"20,000,000","42,000,000",37969096.57320872,79735102.80373831,"37,969,096","79,735,102"
tt0119164,The Full Monty,1997,91,7.2,116684,3500000,257850122,"3,500,000","257,850,122",6644591.900311527,489516809.1815825,"6,644,591","489,516,809"
tt0119173,G.I. Jane,1997,125,6.0,89981,50000000,48169156,"50,000,000","48,169,156",94922741.43302181,91446966.80069782,"94,922,741","91,446,966"
tt0119174,The Game,1997,129,7.7,449232,50000000,109423648,"50,000,000","109,423,648",94922741.43302181,207735852.91523987,"94,922,741","207,735,852"
tt0119177,Gattaca,1997,106,7.7,334243,36000000,12532777,"36,000,000","12,532,777",68344373.8317757,23792911.012174454,"68,344,373","23,792,911"
tt0119190,George of the Jungle,1997,92,5.6,86671,55000000,174463257,"55,000,000","174,463,257",104415015.57632399,331210612.6754767,"104,415,015","331,210,612"
tt0119196,The Gingerbread Man,1998,114,5.7,11944,25000000,1700000,"25,000,000","1,700,000",46733435.582822084,3177873.619631902,"46,733,435","3,177,873"
tt0119214,Gone Fishin',1997,94,4.8,10856,53000000,19745922,"53,000,000","19,745,922",100618105.91900311,37486740.96725234,"100,618,105","37,486,740"
tt0119215,Good Burger,1997,95,5.8,34694,8500000,23700000,"8,500,000","23,700,000",16136866.043613708,44993379.43925234,"16,136,866","44,993,379"
tt0119217,Good Will Hunting,1997,126,8.3,1127193,10000000,225900000,"10,000,000","225,900,000",18984548.28660436,428860945.7943925,"18,984,548","428,860,945"
tt0119229,Grosse Pointe Blank,1997,107,7.3,102034,15000000,31100000,"15,000,000","31,100,000",28476822.429906543,59041945.171339564,"28,476,822","59,041,945"
tt0119282,Hercules,1997,93,7.3,265864,85000000,252712101,"85,000,000","252,712,101",161368660.43613708,479762508.40437376,"161,368,660","479,762,508"
tt0119303,Home Alone 3,1997,102,4.6,132161,32000000,79082515,"32,000,000","79,082,515",60750554.51713396,150134582.46436137,"60,750,554","150,134,582"
tt0119304,Home Fries,1998,91,5.1,9144,15000000,10443316,"15,000,000","10,443,316",28040061.34969325,19522081.422282208,"28,040,061","19,522,081"
tt0119311,Hoodlum,1997,130,6.3,13081,30000000,23461013,"30,000,000","23,461,013",56953644.85981309,44539673.41511527,"56,953,644","44,539,673"
tt0119314,The Horse Whisperer,1998,169,6.7,44471,60000000,186883563,"60,000,000","186,883,563",112160245.398773,349348438.1179509,"112,160,245","349,348,438"
tt0119324,The House of Yes,1997,85,6.6,9034,1500000,626057,"1,500,000","626,057",2847682.2429906544,1188540.9346666667,"2,847,682","1,188,540"
tt0119345,I Know What You Did Last Summer,1997,101,5.8,164704,17000000,125586134,"17,000,000","125,586,134",32273732.087227415,238419602.50509658,"32,273,732","238,419,602"
tt0119361,In the Company of Men,1997,97,7.1,14548,25000,2804473,"25,000","2,804,473",47461.3707165109,5324165.30869782,"47,461","5,324,165"
tt0119395,The Jackal,1997,124,6.4,128364,60000000,159300000,"60,000,000","159,300,000",113907289.71962617,302423854.2056075,"113,907,289","302,423,854"
tt0119396,Jackie Brown,1997,154,7.5,387839,12000000,74727492,"12,000,000","74,727,492",22781457.943925235,141866768.0210841,"22,781,457","141,866,768"
tt0119432,Jungle 2 Jungle,1997,105,5.2,26586,32000000,59927618,"32,000,000","59,927,618",60750554.51713396,113769875.76221806,"60,750,554","113,769,875"
tt0119468,Kiss the Girls,1997,115,6.6,93587,27000000,60527873,"27,000,000","60,527,873",51258280.37383178,114909432.76539564,"51,258,280","114,909,432"
tt0119484,Kull the Conqueror,1997,95,4.8,8999,30000000,6112613,"30,000,000","6,112,613",56953644.85981309,11604519.665582554,"56,953,644","11,604,519"
tt0119488,L.A. Confidential,1997,138,8.2,637774,35000000,126216940,"35,000,000","126,216,940",66445919.00311527,239617159.20174453,"66,445,919","239,617,159"
tt0119517,Your Friends and Neighbors,1998,100,6.3,8452,5000000,4710749,"5,000,000","4,710,749",9346687.116564417,8805979.397533743,"9,346,687","8,805,979"
tt0119528,Liar Liar,1997,86,6.9,347373,45000000,302710615,"45,000,000","302,710,615",85430467.28971963,574682428.7335203,"85,430,467","574,682,428"
tt0119535,A Life Less Ordinary,1997,103,6.3,37689,12000000,14633270,"12,000,000","14,633,270",22781457.943925235,27780602.0905919,"22,781,457","27,780,602"
tt0119558,Lolita,1997,137,6.8,69912,62000000,1100000,"62,000,000","1,100,000",117704199.37694705,2088300.3115264797,"117,704,199","2,088,300"
tt0119567,The Lost World: Jurassic Park,1997,129,6.6,456770,73000000,618638999,"73,000,000","618,638,999",138587202.49221185,1174458194.8492088,"138,587,202","1,174,458,194"
tt0119592,Mad City,1997,115,6.3,21492,50000000,10500000,"50,000,000","10,500,000",94922741.43302181,19933775.700934578,"94,922,741","19,933,775"
tt0119644,Meet Wally Sparks,1997,105,5.2,3932,12000000,4100000,"12,000,000","4,100,000",22781457.943925235,7783664.797507788,"22,781,457","7,783,664"
tt0119654,Men in Black,1997,98,7.3,635334,90000000,589400000,"90,000,000","589,400,000",170860934.57943925,1118949276.012461,"170,860,934","1,118,949,276"
tt0119668,Midnight in the Garden of Good and Evil,1997,155,6.6,42490,35000000,25100000,"35,000,000","25,100,000",66445919.00311527,47651216.19937695,"66,445,919","47,651,216"
tt0119683,Les Misérables,1998,134,7.4,44297,14000000,14096321,"14,000,000","14,096,321",26170723.92638037,26350780.37633129,"26,170,723","26,350,780"
tt0119695,Money Talks,1997,97,6.2,32068,25000000,48407611,"25,000,000","48,407,611",47461370.71651091,91899662.84686604,"47,461,370","91,899,662"
tt0119707,Mortal Kombat: Annihilation,1997,95,3.6,59498,30000000,51376861,"30,000,000","51,376,861",56953644.85981309,97536649.84686604,"56,953,644","97,536,649"
tt0119715,Mousehunt,1997,98,6.5,62370,38000000,122417389,"38,000,000","122,417,389",72141283.48909657,232403883.259053,"72,141,283","232,403,883"
tt0119718,Mr. Magoo,1997,87,4.1,16500,30000000,75000000,"30,000,000","75,000,000",56953644.85981309,142384112.1495327,"56,953,644","142,384,112"
tt0119731,Murder at 1600,1997,107,6.1,33751,40000000,25804707,"40,000,000","25,804,707",75938193.14641744,48989070.60631776,"75,938,193","48,989,070"
tt0119738,My Best Friend's Wedding,1997,105,6.4,160564,38000000,299288605,"38,000,000","299,288,605",72141283.48909657,568185897.325296,"72,141,283","568,185,897"
tt0119783,Night Falls on Manhattan,1996,113,6.6,9183,10000000,9889670,"10,000,000","9,889,670",19420140.216698535,19205877.8096877,"19,420,140","19,205,877"
tt0119791,Nightwatch,1997,101,6.2,22065,10000000,1179002,"10,000,000","1,179,002",18984548.28660436,2238282.0399003113,"18,984,548","2,238,282"
tt0119807,Nothing to Lose,1997,98,6.7,50711,25000000,44480039,"25,000,000","44,480,039",47461370.71651091,84443344.81855452,"47,461,370","84,443,344"
tt0119822,As Good as It Gets,1997,139,7.7,327027,50000000,314178011,"50,000,000","314,178,011",94922741.43302181,596452762.0418816,"94,922,741","596,452,762"
tt0119843,Oscar and Lucinda,1997,132,6.5,7312,16000000,1897404,"16,000,000","1,897,404",30375277.25856698,3602135.7857196266,"30,375,277","3,602,135"
tt0119874,The Peacemaker,1997,124,6.0,64450,50000000,110463140,"50,000,000","110,463,140",94922741.43302181,209709281.52199376,"94,922,741","209,709,281"
tt0119896,Picture Perfect,1997,101,5.5,22002,19000000,44300000,"19,000,000","44,300,000",36070641.74454828,84101548.90965731,"36,070,641","84,101,548"
tt0119925,The Postman,1997,177,6.1,81048,80000000,17626234,"80,000,000","17,626,234",151876386.29283488,33462609.04839875,"151,876,386","33,462,609"
tt0119942,Primary Colors,1998,143,6.7,30736,65000000,52100000,"65,000,000","52,100,000",121506932.51533742,97392479.75460123,"121,506,932","97,392,479"
tt0119951,Private Parts,1997,109,6.9,39823,28000000,41200000,"28,000,000","41,200,000",53156735.202492215,78216338.94080997,"53,156,735","78,216,338"
tt0119978,The Rainmaker,1997,135,7.2,86049,40000000,45916769,"40,000,000","45,916,769",75938193.14641744,87170911.82453582,"75,938,193","87,170,911"
tt0119994,Red Corner,1997,122,6.3,18852,48000000,22420000,"48,000,000","22,420,000",91125831.77570094,42563357.258566976,"91,125,831","42,563,357"
tt0120008,The Replacement Killers,1998,87,6.1,31215,30000000,19200000,"30,000,000","19,200,000",56080122.6993865,35891278.52760736,"56,080,122","35,891,278"
tt0120082,Scream 2,1997,120,6.3,221092,24000000,172363301,"24,000,000","172,363,301",45562915.88785047,327223941.06730217,"45,562,915","327,223,941"
tt0120094,Selena,1997,127,6.9,32661,20000000,60000000,"20,000,000","60,000,000",37969096.57320872,113907289.71962617,"37,969,096","113,907,289"
tt0120102,Seven Years in Tibet,1997,136,7.1,161036,70000000,131457682,"70,000,000","131,457,682",132891838.00623053,249566471.1574081,"132,891,838","249,566,471"
tt0120107,Shadow Conspiracy,1997,103,4.9,5351,45000000,2154540,"45,000,000","2,154,540",85430467.28971963,4090296.866542056,"85,430,467","4,090,296"
tt0120148,Sliding Doors,1998,99,6.7,73172,6000000,58809149,"6,000,000","58,809,149",11216024.539877301,109934143.05888343,"11,216,024","109,934,143"
tt0120151,A Smile Like Yours,1997,98,4.8,1558,18000000,3300000,"18,000,000","3,300,000",34172186.91588785,6264900.934579439,"34,172,186","6,264,900"
tt0120177,Spawn,1997,96,5.2,74199,40000000,87840042,"40,000,000","87,840,042",75938193.14641744,166760351.8846355,"75,938,193","166,760,351"
tt0120184,Sphere,1998,134,6.1,115052,80000000,37020277,"80,000,000","37,020,277",149546993.86503068,69203389.21750921,"149,546,993","69,203,389"
tt0120185,Spice World,1997,93,3.7,38512,25000000,100000000,"25,000,000","100,000,000",47461370.71651091,189845482.86604363,"47,461,370","189,845,482"
tt0120188,Three Kings,1999,114,7.1,183799,75000000,108000000,"75,000,000","108,000,000",137170768.30732292,197525906.362545,"137,170,768","197,525,906"
tt0120201,Starship Troopers,1997,129,7.3,332794,105000000,121214377,"105,000,000","121,214,377",199337757.0093458,230120019.3187165,"199,337,757","230,120,019"
tt0120207,Steel,1997,97,3.0,15458,16000000,1686429,"16,000,000","1,686,429",30375277.25856698,3201609.2782429904,"30,375,277","3,201,609"
tt0120255,The Sweet Hereafter,1997,112,7.4,37356,5000000,7951247,"5,000,000","7,951,247",9492274.14330218,15095083.261021808,"9,492,274","15,095,083"
tt0120324,A Simple Plan,1998,121,7.5,79279,17000000,16316273,"17,000,000","16,316,273",31778736.196319018,30500619.72788957,"31,778,736","30,500,619"
tt0120338,Titanic,1997,194,7.9,1330750,200000000,2264162353,"200,000,000","2,264,162,353",379690965.73208725,4298409951.924026,"379,690,965","4,298,409,951"
tt0120347,Tomorrow Never Dies,1997,119,6.5,209174,110000000,333011068,"110,000,000","333,011,068",208830031.15264797,632206470.0419688,"208,830,031","632,206,470"
tt0120363,Toy Story 2,1999,92,7.9,641189,90000000,497375381,"90,000,000","497,375,381",164604921.96878752,909671508.652233,"164,604,921","909,671,508"
tt0120382,The Truman Show,1998,103,8.2,1265698,60000000,264100000,"60,000,000","264,100,000",112160245.398773,493692013.4969325,"112,160,245","493,692,013"
tt0120389,Turbo: A Power Rangers Movie,1997,99,3.7,10171,10000000,9615840,"10,000,000","9,615,840",18984548.28660436,18255237.879626166,"18,984,548","18,255,237"
tt0120390,Turbulence,1997,100,5.0,13068,55000000,11466088,"55,000,000","11,466,088",104415015.57632399,21767850.129445482,"104,415,015","21,767,850"
tt0120399,U Turn,1997,125,6.7,56103,19000000,6682098,"19,000,000","6,682,098",36070641.74454828,12685661.213682244,"36,070,641","12,685,661"
tt0120434,Vegas Vacation,1997,93,5.9,54547,25000000,36400360,"25,000,000","36,400,360",47461370.71651091,69104439.20697819,"47,461,370","69,104,439"
tt0120461,Volcano,1997,104,5.5,84354,90000000,122823468,"90,000,000","122,823,468",170860934.57943925,233174805.8974206,"170,860,934","233,174,805"
tt0120478,Star Kid,1997,101,5.3,3190,12000000,7000000,"12,000,000","7,000,000",22781457.943925235,13289183.800623054,"22,781,457","13,289,183"
tt0120483,The Man Who Knew Too Little,1997,94,6.6,35426,20000000,13801755,"20,000,000","13,801,755",37969096.57320872,26202008.423738316,"37,969,096","26,202,008"
tt0120484,The Waterboy,1998,90,6.2,184571,23000000,185991646,"23,000,000","185,991,646",42994760.73619632,347681144.2913619,"42,994,760","347,681,144"
tt0120514,Wilde,1997,118,6.9,18570,2158775,10000000,"2,158,775","10,000,000",4098336.8227414326,18984548.28660436,"4,098,336","18,984,548"
tt0120524,Wishmaster,1997,90,5.8,27033,5000000,15738769,"5,000,000","15,738,769",9492274.14330218,29879342.005221184,"9,492,274","29,879,342"
tt0120531,Woo,1998,84,4.2,2317,13000000,8026971,"13,000,000","8,026,971",24301386.503067486,15005117.28614724,"24,301,386","15,005,117"
tt0120533,Celebrity,1998,113,6.3,29033,12000000,5078660,"12,000,000","5,078,660",22432049.079754602,9493729.198282208,"22,432,049","9,493,729"
tt0120586,American History X,1998,119,8.5,1224793,20000000,23900000,"20,000,000","23,900,000",37386748.46625767,44677164.417177916,"37,386,748","44,677,164"
tt0120587,Antz,1998,83,6.5,167082,60000000,171757863,"60,000,000","171,757,863",112160245.398773,321073401.05414724,"112,160,245","321,073,401"
tt0120591,Armageddon,1998,151,6.7,463812,140000000,553799566,"140,000,000","553,799,566",261707239.2638037,1035238253.7382331,"261,707,239","1,035,238,253"
tt0120596,The Bachelor,1999,101,5.1,19234,51000000,36911617,"51,000,000","36,911,617",93276122.4489796,67509264.84474191,"93,276,122","67,509,264"
tt0120601,Being John Malkovich,1999,113,7.7,361074,13000000,22863596,"13,000,000","22,863,596",23776266.50660264,41816227.06117647,"23,776,266","41,816,227"
tt0120609,The Big Hit,1998,91,6.1,32269,13000000,27007143,"13,000,000","27,007,143",24301386.503067486,50485463.10666257,"24,301,386","50,485,463"
tt0120611,Blade,1998,120,7.1,315413,45000000,131183530,"45,000,000","131,183,530",84120184.04907976,245226281.95128834,"84,120,184","245,226,281"
tt0120616,The Mummy,1999,124,7.1,479368,80000000,415885488,"80,000,000","415,885,488",146315486.1944778,760631092.2243458,"146,315,486","760,631,092"
tt0120623,A Bug's Life,1998,95,7.2,325030,80000000,363258859,"80,000,000","363,258,859",149546993.86503068,679053379.478638,"149,546,993","679,053,379"
tt0120630,Chicken Run,2000,84,7.1,218231,45000000,224834564,"45,000,000","224,834,564",79625958.18815331,397837057.60701513,"79,625,958","397,837,057"
tt0120632,City of Angels,1998,114,6.7,130960,55000000,198685114,"55,000,000","198,685,114",102813558.28220859,371409519.0553865,"102,813,558","371,409,519"
tt0120633,A Civil Action,1998,115,6.6,31765,70000000,56709981,"70,000,000","56,709,981",130853619.63190185,106010089.75866257,"130,853,619","106,010,089"
tt0120645,Meet the Deedles,1998,93,4.1,3255,24000000,4562146,"24,000,000","4,562,146",44864098.159509204,8528190.248417178,"44,864,098","8,528,190"
tt0120647,Deep Impact,1998,120,6.3,196160,75000000,349464664,"75,000,000","349,464,664",140200306.74846625,653267374.5406626,"140,200,306","653,267,374"
tt0120655,Dogma,1999,130,7.3,233528,10000000,31429330,"10,000,000","31,429,330",18289435.774309725,57482471.24645858,"18,289,435","57,482,471"
tt0120657,The 13th Warrior,1999,102,6.6,135396,120000000,61698899,"120,000,000","61,698,899",219473229.2917167,112843805.06061225,"219,473,229","112,843,805"
tt0120660,Enemy of the State,1998,132,7.3,266316,90000000,250649836,"90,000,000","250,649,836",168240368.09815952,468549118.5820368,"168,240,368","468,549,118"
tt0120663,Eyes Wide Shut,1999,159,7.5,395947,65000000,162100000,"65,000,000","162,100,000",118881332.53301321,296471753.9015606,"118,881,332","296,471,753"
tt0120667,Fantastic Four,2005,106,5.7,354120,100000000,333535934,"100,000,000","333,535,934",156017409.1141833,520374122.6915924,"156,017,409","520,374,122"
tt0120669,Fear and Loathing in Las Vegas,1998,118,7.5,308980,18500000,10700000,"18,500,000","10,700,000",34582742.331288345,20001910.429447852,"34,582,742","20,001,910"
tt0120679,Frida,2002,123,7.3,97878,12000000,56298474,"12,000,000","56,298,474",20324758.198999442,95354405.91855474,"20,324,758","95,354,405"
tt0120681,From Hell,2001,122,6.7,167825,35000000,74558115,"35,000,000","74,558,115",60217786.56126482,128277847.29943535,"60,217,786","128,277,847"
tt0120684,Gods and Monsters,1998,105,7.3,33437,10000000,6451628,"10,000,000","6,451,628",18693374.233128835,12060269.66169325,"18,693,374","12,060,269"
tt0120685,Godzilla,1998,139,5.5,208081,130000000,379014294,"130,000,000","379,014,294",243013865.03067484,708505603.7447116,"243,013,865","708,505,603"
tt0120689,The Green Mile,1999,189,8.6,1473642,60000000,286801374,"60,000,000","286,801,374",109736614.64585835,524543530.9756783,"109,736,614","524,543,530"
tt0120693,Half Baked,1998,82,6.6,69203,8000000,17460020,"8,000,000","17,460,020",14954699.386503067,32638668.79779141,"14,954,699","32,638,668"
tt0120694,Halloween H20: 20 Years Later,1998,86,5.8,85060,17000000,75041738,"17,000,000","75,041,738",31778736.196319018,140278329.15384048,"31,778,736","140,278,329"
tt0120701,Holy Man,1998,114,5.0,21307,60000000,12069719,"60,000,000","12,069,719",112160245.398773,22562377.415570553,"112,160,245","22,562,377"
tt0120703,How Stella Got Her Groove Back,1998,124,5.7,8623,20000000,37672350,"20,000,000","37,672,350",37386748.46625767,70422333.6791411,"37,386,748","70,422,333"
tt0120716,Jakob the Liar,1999,120,6.5,18324,45000000,4956701,"45,000,000","4,956,701",82302460.98439376,9065526.459195679,"82,302,460","9,065,526"
tt0120728,The Last Days of Disco,1998,113,6.7,14755,8000000,3020601,"8,000,000","3,020,601",14954699.386503067,5646522.490196318,"14,954,699","5,646,522"
tt0120735,"Lock, Stock and Two Smoking Barrels",1998,107,8.1,632306,1350000,28356188,"1,350,000","28,356,188",2523605.5214723926,53007283.410895705,"2,523,605","53,007,283"
tt0120737,The Lord of the Rings: The Fellowship of the Ring,2001,178,8.9,2092063,93000000,871368364,"93,000,000","871,368,364",160007261.43421796,1499196404.5597289,"160,007,261","1,499,196,404"
tt0120741,Mafia!,1998,87,5.5,16278,10000000,19000000,"10,000,000","19,000,000",18693374.233128835,35517411.04294479,"18,693,374","35,517,411"
tt0120742,Major League: Back to the Minors,1998,100,4.7,8376,18000000,3572443,"18,000,000","3,572,443",33648073.6196319,6678101.392552148,"33,648,073","6,678,101"
tt0120744,The Man in the Iron Mask,1998,132,6.5,183350,35000000,183000000,"35,000,000","183,000,000",65426809.81595092,342088748.4662577,"65,426,809","342,088,748"
tt0120746,The Mask of Zorro,1998,136,6.8,203112,95000000,250288523,"95,000,000","250,288,523",177587055.2147239,467873702.66960734,"177,587,055","467,873,702"
tt0120757,The Mod Squad,1999,92,4.3,9732,50000000,13260050,"50,000,000","13,260,050",91447178.87154862,24251883.283913564,"91,447,178","24,251,883"
tt0120762,Mulan,1998,87,7.7,329435,90000000,304320254,"90,000,000","304,320,254",168240368.09815952,568877239.4742821,"168,240,368","568,877,239"
tt0120764,My Favorite Martian,1999,94,5.1,14745,65000000,36850101,"65,000,000","36,850,101",118881332.53301321,67396755.55163266,"118,881,332","67,396,755"
tt0120768,The Negotiator,1998,140,7.3,159381,50000000,44547681,"50,000,000","44,547,681",93466871.16564417,83274647.2151043,"93,466,871","83,274,647"
tt0120769,The Newton Boys,1998,122,6.1,12805,27000000,76000000,"27,000,000","76,000,000",50472110.42944785,142069644.17177916,"50,472,110","142,069,644"
tt0120777,The Opposite of Sex,1998,105,6.4,21981,5000000,5879254,"5,000,000","5,879,254",9346687.116564417,10990309.523361964,"9,346,687","10,990,309"
tt0120780,Out of Sight,1998,123,7.0,102241,48000000,77745966,"48,000,000","77,745,966",89728196.31901841,145333443.75541103,"89,728,196","145,333,443"
tt0120783,The Parent Trap,1998,128,6.7,162907,15000000,92108518,"15,000,000","92,108,518",28040061.34969325,172181899.70328835,"28,040,061","172,181,899"
tt0120784,Payback,1999,100,7.1,149302,90000000,161626121,"90,000,000","161,626,121",164604921.96878752,295605055.94803125,"164,604,921","295,605,055"
tt0120787,A Perfect Murder,1998,107,6.6,94943,60000000,128038368,"60,000,000","128,038,368",112160245.398773,239346912.92230675,"112,160,245","239,346,912"
tt0120789,Pleasantville,1998,124,7.5,139281,60000000,49800000,"60,000,000","49,800,000",112160245.398773,93093003.68098159,"112,160,245","93,093,003"
tt0120791,Practical Magic,1998,104,6.3,99221,75000000,46733235,"75,000,000","46,733,235",140200306.74846625,87360185.09797546,"140,200,306","87,360,185"
tt0120794,The Prince of Egypt,1998,99,7.2,153017,70000000,218613188,"70,000,000","218,613,188",130853619.63190185,408661813.558135,"130,853,619","408,661,813"
tt0120797,Pushing Tin,1999,124,6.0,31023,33000000,8408835,"33,000,000","8,408,835",60355138.055222094,15379284.766926771,"60,355,138","15,379,284"
tt0120804,Resident Evil,2002,100,6.6,297834,33000000,102984862,"33,000,000","102,984,862",55893085.04724847,174428534.85894385,"55,893,085","174,428,534"
tt0120812,Rush Hour,1998,98,7.0,309026,33000000,244721064,"33,000,000","244,721,064",61688134.969325155,457466243.2081472,"61,688,134","457,466,243"
tt0120815,Saving Private Ryan,1998,169,8.6,1558225,70000000,481840909,"70,000,000","481,840,909",130853619.63190185,900723243.2767977,"130,853,619","900,723,243"
tt0120824,The Shipping News,2001,111,6.7,34258,38000000,24690441,"38,000,000","24,690,441",65379311.123658955,42480105.89261434,"65,379,311","42,480,105"
tt0120828,Six Days Seven Nights,1998,102,5.9,85349,70000000,164839294,"70,000,000","164,839,294",130853619.63190185,308140261.10667485,"130,853,619","308,140,261"
tt0120831,Slums of Beverly Hills,1998,91,6.7,15281,5000000,5502773,"5,000,000","5,502,773",9346687.116564417,10286539.500895705,"9,346,687","10,286,539"
tt0120832,Snake Eyes,1998,98,6.1,89277,73000000,103900000,"73,000,000","103,900,000",136461631.90184048,194224158.2822086,"136,461,631","194,224,158"
tt0120836,Lost & Found,1999,100,5.1,7087,30000000,6552255,"30,000,000","6,552,255",54868307.32292917,11983704.699939976,"54,868,307","11,983,704"
tt0120841,Species II,1998,93,4.5,32570,35000000,19200000,"35,000,000","19,200,000",65426809.81595092,35891278.52760736,"65,426,809","35,891,278"
tt0120844,Star Trek: Insurrection,1998,103,6.4,81054,70000000,112587658,"70,000,000","112,587,658",130853619.63190185,210464322.50255215,"130,853,619","210,464,322"
tt0120855,Tarzan,1999,88,7.3,257349,130000000,448200000,"130,000,000","448,200,000",237762665.06602642,819732511.4045619,"237,762,665","819,732,511"
tt0120856,Tarzan and the Lost City,1998,83,4.0,2415,20000000,2172941,"20,000,000","2,172,941",37386748.46625767,4061959.9299509204,"37,386,748","4,061,959"
tt0120863,The Thin Red Line,1998,170,7.6,205299,52000000,98126565,"52,000,000","98,126,565",97205546.01226994,183431660.1756442,"97,205,546","183,431,660"
tt0120873,U.S. Marshals,1998,131,6.6,117137,60000000,102367405,"60,000,000","102,367,405",112160245.398773,191359221.0939264,"112,160,245","191,359,221"
tt0120877,Vampires,1998,108,6.1,65956,20000000,20308772,"20,000,000","20,308,772",37386748.46625767,37963947.52112883,"37,386,748","37,963,947"
tt0120885,Wag the Dog,1997,97,7.1,90591,15000000,64256513,"15,000,000","64,256,513",28476822.429906543,121988087.37773208,"28,476,822","121,988,087"
tt0120888,The Wedding Singer,1998,97,6.9,167232,18000000,123306987,"18,000,000","123,306,987",33648073.6196319,230502365.3550552,"33,648,073","230,502,365"
tt0120889,What Dreams May Come,1998,113,7.0,117035,85000000,71485043,"85,000,000","71,485,043",158893680.9815951,133629666.08703068,"158,893,680","133,629,666"
tt0120890,Wild Things,1998,108,6.6,135556,20000000,67200000,"20,000,000","67,200,000",37386748.46625767,125619474.84662576,"37,386,748","125,619,474"
tt0120891,Wild Wild West,1999,106,4.9,170098,170000000,222104681,"170,000,000","222,104,681",310920408.1632653,406216929.8323049,"310,920,408","406,216,929"
tt0120902,The X Files,1998,121,7.0,112034,66000000,189198313,"66,000,000","189,198,313",123376269.93865031,353675486.9185644,"123,376,269","353,675,486"
tt0120903,X-Men,2000,104,7.3,670052,75000000,296339527,"75,000,000","296,339,527",132709930.31358886,524362639.69775844,"132,709,930","524,362,639"
tt0120906,Zero Effect,1998,116,6.9,15668,5000000,1980338,"5,000,000","1,980,338",9346687.116564417,3701919.934208589,"9,346,687","3,701,919"
tt0120907,eXistenZ,1999,97,6.8,109944,15000000,2856712,"15,000,000","2,856,712",27434153.661464587,5224765.064969989,"27,434,153","5,224,765"
tt0120910,Fantasia 2000,1999,75,7.1,42572,80000000,60655420,"80,000,000","60,655,420",146315486.1944778,110935340.84537816,"146,315,486","110,935,340"
tt0120912,Men in Black II,2002,88,6.2,416579,140000000,445100000,"140,000,000","445,100,000",237122178.98832685,753879156.1978877,"237,122,178","753,879,156"
tt0120913,Titan A.E.,2000,94,6.6,65139,75000000,36754634,"75,000,000","36,754,634",132709930.31358886,65036065.55788619,"132,709,930","65,036,065"
tt0120915,Star Wars: Episode I - The Phantom Menace,1999,136,6.5,885499,115000000,924317558,"115,000,000","924,317,558",210328511.40456182,1690524661.2107804,"210,328,511","1,690,524,661"
tt0120917,The Emperor's New Groove,2000,78,7.4,235694,100000000,169327687,"100,000,000","169,327,687",176946573.75145182,299619540.5590825,"176,946,573","299,619,540"
tt0121164,Corpse Bride,2005,77,7.4,312022,40000000,118133252,"40,000,000","118,133,252",62406963.64567332,184308439.0727291,"62,406,963","184,308,439"
tt0121765,Star Wars: Episode II - Attack of the Clones,2002,142,6.6,783584,120000000,649398328,"120,000,000","649,398,328",203247581.98999444,1099905332.6195443,"203,247,581","1,099,905,332"
tt0121766,Star Wars: Episode III - Revenge of the Sith,2005,140,7.6,873323,113000000,850000000,"113,000,000","850,000,000",176299672.29902712,1326147977.470558,"176,299,672","1,326,147,977"
tt0122459,Return to Me,2000,115,7.0,23852,24000000,36600000,"24,000,000","36,600,000",42467177.70034844,64762445.99303136,"42,467,177","64,762,445"
tt0122529,Henry Fool,1997,137,7.1,8053,900000,1334786,"900,000","1,334,786",1708609.3457943925,2534030.926928349,"1,708,609","2,534,030"
tt0122541,An Ideal Husband,1999,97,6.8,17244,14000000,18500000,"14,000,000","18,500,000",25605210.084033616,33835456.18247299,"25,605,210","33,835,456"
tt0122690,Ronin,1998,122,7.2,200626,55000000,70692101,"55,000,000","70,692,101",102813558.28220859,132147389.9319141,"102,813,558","132,147,389"
tt0122718,Small Soldiers,1998,110,6.3,108161,40000000,54682547,"40,000,000","54,682,547",74773496.93251534,102220131.50916564,"74,773,496","102,220,131"
tt0122933,Analyze This,1999,103,6.7,164703,80000000,176885658,"80,000,000","176,885,658",146315486.1944778,323513888.1387515,"146,315,486","323,513,888"
tt0123964,Life,1999,108,6.8,56923,80000000,73500000,"80,000,000","73,500,000",146315486.1944778,134427352.94117647,"146,315,486","134,427,352"
tt0124102,Strangeland,1998,85,5.1,8063,1100000,631221,"1,100,000","631,221",2056271.1656441719,1179965.0376809814,"2,056,271","1,179,965"
tt0124179,Two Girls and a Guy,1997,84,5.5,8794,1000000,2057193,"1,000,000","2,057,193",1898454.8286604362,3905487.9843364484,"1,898,454","3,905,487"
tt0124198,Very Bad Things,1998,100,6.3,49976,30000000,9898412,"30,000,000","9,898,412",56080122.6993865,18503471.982969325,"56,080,122","18,503,471"
tt0124298,Blast from the Past,1999,112,6.7,73958,35000000,40263020,"35,000,000","40,263,020",64013025.210084036,73638791.83697478,"64,013,025","73,638,791"
tt0124315,The Cider House Rules,1999,126,7.4,107001,24000000,88500000,"24,000,000","88,500,000",43894645.85834334,161861506.60264108,"43,894,645","161,861,506"
tt0124718,He Got Game,1998,136,6.9,53002,25000000,21567853,"25,000,000","21,567,853",46733435.582822084,40317594.75341104,"46,733,435","40,317,594"
tt0124819,Orgazmo,1997,94,6.1,38620,1000000,602302,"1,000,000","602,302",1898454.8286604362,1143443.140211838,"1,898,454","1,143,443"
tt0125022,Heartbreakers,2001,123,6.3,59905,35000000,57800000,"35,000,000","57,800,000",60217786.56126482,99445373.23546019,"60,217,786","99,445,373"
tt0125439,Notting Hill,1999,124,7.2,362265,42000000,363889678,"42,000,000","363,889,678",76815630.25210084,665533689.4715246,"76,815,630","665,533,689"
tt0125664,Man on the Moon,1999,118,7.4,140409,82000000,47434430,"82,000,000","47,434,430",149973373.34933975,86754896.09759904,"149,973,373","86,754,896"
tt0126029,Shrek,2001,90,7.9,766984,60000000,488628188,"60,000,000","488,628,188",103230491.24788256,840688798.0800452,"103,230,491","840,688,798"
tt0126886,Election,1999,103,7.2,108288,25000000,14902041,"25,000,000","14,902,041",45723589.43577431,27254992.177563023,"45,723,589","27,254,992"
tt0126916,For Love of the Game,1999,137,6.6,38524,50000000,46112640,"50,000,000","46,112,640",91447178.87154862,84337416.76638657,"91,447,178","84,337,416"
tt0127536,Elizabeth,1998,124,7.4,107702,30000000,82150642,"30,000,000","82,150,642",56080122.6993865,153567269.43977913,"56,080,122","153,567,269"
tt0127723,Can't Hardly Wait,1998,100,6.5,55448,10000000,25605015,"10,000,000","25,605,015",18693374.233128835,47864412.76398773,"18,693,374","47,864,412"
tt0128278,Instinct,1999,126,6.5,34797,80000000,34105207,"80,000,000","34,105,207",146315486.1944778,62376499.29960384,"146,315,486","62,376,499"
tt0128445,Rushmore,1998,93,7.6,202233,9000000,17096053,"9,000,000","17,096,053",16824036.80981595,31958291.66384049,"16,824,036","31,958,291"
tt0128853,You've Got Mail,1998,119,6.7,236812,65000000,250800000,"65,000,000","250,800,000",121506932.51533742,468829825.76687115,"121,506,932","468,829,825"
tt0129167,The Iron Giant,1999,86,8.1,241979,50000000,23300000,"50,000,000","23,300,000",91447178.87154862,42614385.35414166,"91,447,178","42,614,385"
tt0129290,Patch Adams,1998,115,6.8,125648,50000000,202292902,"50,000,000","202,292,902",93466871.16564417,378153692.17916566,"93,466,871","378,153,692"
tt0129332,Ravenous,1999,101,6.9,44748,12000000,2000000,"12,000,000","2,000,000",21947322.92917167,3657887.1548619447,"21,947,322","3,657,887"
tt0129387,There's Something About Mary,1998,119,7.1,337932,23000000,369900000,"23,000,000","369,900,000",42994760.73619632,691467912.8834356,"42,994,760","691,467,912"
tt0130018,I Still Know What You Did Last Summer,1998,100,4.8,81325,65000000,40002112,"65,000,000","40,002,112",121506932.51533742,74777444.97315338,"121,506,932","74,777,444"
tt0130121,Mickey Blue Eyes,1999,102,5.9,38859,75000000,54264342,"75,000,000","54,264,342",137170768.30732292,99246419.78441776,"137,170,768","99,246,419"
tt0130623,Dinosaur,2000,82,6.4,69819,127500000,354248063,"127,500,000","354,248,063",225606881.53310105,626829810.0593845,"225,606,881","626,829,810"
tt0131325,Bowfinger,1999,97,6.5,75784,55000000,98625775,"55,000,000","98,625,775",100591896.75870349,180380977.75540215,"100,591,896","180,380,977"
tt0131369,Edtv,1999,122,6.1,45749,80000000,35242897,"80,000,000","35,242,897",146315486.1944778,64457270.11821129,"146,315,486","64,457,270"
tt0131704,The Adventures of Rocky & Bullwinkle,2000,92,4.3,21529,76000000,35100000,"76,000,000","35,100,000",134479396.05110338,62108247.38675959,"134,479,396","62,108,247"
tt0131857,BASEketball,1998,103,6.5,67686,25000000,7027290,"25,000,000","7,027,290",46733435.582822084,13136376.181472393,"46,733,435","13,136,376"
tt0132245,Driven,2001,116,4.6,43985,94000000,54744738,"94,000,000","54,744,738",161727769.62168267,94188769.9496104,"161,727,769","94,188,769"
tt0132347,Mystery Men,1999,121,6.1,72163,68000000,29762011,"68,000,000","29,762,011",124368163.26530613,54433038.86987995,"124,368,163","54,433,038"
tt0132477,October Sky,1999,108,7.8,101072,25000000,34698685,"25,000,000","34,698,685",45723589.43577431,63461937.07605043,"45,723,589","63,461,937"
tt0133046,Teaching Mrs. Tingle,1999,96,5.3,22129,13000000,8946237,"13,000,000","8,946,237",23776266.50660264,16362162.703325331,"23,776,266","16,362,162"
tt0133093,The Matrix,1999,136,8.7,2139488,63000000,463517383,"63,000,000","463,517,383",115223445.37815127,847747140.6654623,"115,223,445","847,747,140"
tt0133240,Treasure Planet,2002,95,7.2,139725,140000000,109578115,"140,000,000","109,578,115",237122178.98832685,185595724.27309614,"237,122,178","185,595,724"
tt0133751,The Faculty,1998,104,6.6,140603,15000000,40283321,"15,000,000","40,283,321",28040061.34969325,75303119.48062576,"28,040,061","75,303,119"
tt0133952,The Siege,1998,116,6.4,80217,70000000,116700000,"70,000,000","116,700,000",130853619.63190185,218151677.3006135,"130,853,619","218,151,677"
tt0134067,The Rugrats Movie,1998,79,5.9,21277,30000000,100491683,"30,000,000","100,491,683",56080122.6993865,187852863.7635951,"56,080,122","187,852,863"
tt0134084,Scream 3,2000,116,5.7,172579,40000000,161834276,"40,000,000","161,834,276",70778629.50058073,286360206.5374681,"70,778,629","286,360,206"
tt0134119,The Talented Mr. Ripley,1999,139,7.4,259770,40000000,128798265,"40,000,000","128,798,265",73157743.0972389,235564759.5560024,"73,157,743","235,564,759"
tt0134273,8MM,1999,123,6.6,146796,40000000,96618699,"40,000,000","96,618,699",73157743.0972389,176710148.9957863,"73,157,743","176,710,148"
tt0134619,Disturbing Behavior,1998,84,5.6,26213,15000000,17514980,"15,000,000","17,514,980",28040061.34969325,32741407.58257669,"28,040,061","32,741,407"
tt0134847,Pitch Black,2000,109,7.0,258436,23000000,53187659,"23,000,000","53,187,659",40697711.96283392,94113740.2591057,"40,697,711","94,113,740"
tt0137363,Arlington Road,1999,117,7.2,94094,31000000,41100000,"31,000,000","41,100,000",56697250.900360145,75169581.03241296,"56,697,250","75,169,581"
tt0137494,Entrapment,1999,113,6.3,126575,66000000,212404400,"66,000,000","212,404,400",120710276.11044419,388475663.1980793,"120,710,276","388,475,663"
tt0137523,Fight Club,1999,139,8.8,2441716,63000000,100853753,"63,000,000","100,853,753",115223445.37815127,184455823.80915967,"115,223,445","184,455,823"
tt0138097,Shakespeare in Love,1998,123,7.1,238193,25000000,289300000,"25,000,000","289,300,000",46733435.582822084,540799316.5644171,"46,733,435","540,799,316"
tt0138304,The Astronaut's Wife,1999,109,5.4,58191,75000000,19598588,"75,000,000","19,598,588",137170768.30732292,35844711.64931573,"137,170,768","35,844,711"
tt0138510,Idle Hands,1999,92,6.3,48589,25000000,4152230,"25,000,000","4,152,230",45723589.43577431,7594194.390516207,"45,723,589","7,594,194"
tt0138524,Intolerable Cruelty,2003,100,6.3,103530,60000000,119940815,"60,000,000","119,940,815",99359347.82608695,198620685.93548912,"99,359,347","198,620,685"
tt0138749,The Road to El Dorado,2000,89,6.9,112581,95000000,76400000,"95,000,000","76,400,000",168099245.06387922,135187182.34610918,"168,099,245","135,187,182"
tt0139134,Cruel Intentions,1999,97,6.8,212830,10500000,76347426,"10,500,000","76,347,426",19203907.56302521,139635134.43608642,"19,203,907","139,635,134"
tt0139239,Go,1999,102,7.2,77347,6500000,28451622,"6,500,000","28,451,622",11888133.25330132,52036411.32439376,"11,888,133","52,036,411"
tt0139654,Training Day,2001,122,7.8,492710,45000000,104900000,"45,000,000","104,900,000",77422868.43591192,180481308.865048,"77,422,868","180,481,308"
tt0139668,True Crime,1999,127,6.6,39701,55000000,16700000,"55,000,000","16,700,000",100591896.75870349,30543357.74309724,"100,591,896","30,543,357"
tt0139809,The Thirteenth Floor,1999,100,7.0,79540,16000000,18564088,"16,000,000","18,564,088",29263097.238895558,33952669.51846339,"29,263,097","33,952,669"
tt0140352,The Insider,1999,157,7.8,185519,90000000,60300000,"90,000,000","60,300,000",164604921.96878752,110285297.71908765,"164,604,921","110,285,297"
tt0140796,Air Bud: Golden Receiver,1998,90,4.5,6405,11000000,10224116,"11,000,000","10,224,116",20562711.65644172,19112322.659092024,"20,562,711","19,112,322"
tt0141098,Forces of Nature,1999,105,5.5,36608,75000000,93888180,"75,000,000","93,888,180",137170768.30732292,171716183.80768308,"137,170,768","171,716,183"
tt0141109,Jack Frost,1998,101,5.5,43008,27000000,34562925,"27,000,000","34,562,925",50472110.42944785,64609769.16165645,"50,472,110","64,609,769"
tt0141369,Inspector Gadget,1999,78,4.2,52295,75000000,134403112,"75,000,000","134,403,112",137170768.30732292,245815708.47913566,"137,170,768","245,815,708"
tt0142688,The Ninth Gate,1999,133,6.7,203600,38000000,58401898,"38,000,000","58,401,898",69499855.94237696,106813776.25687875,"69,499,855","106,813,776"
tt0143145,The World Is Not Enough,1999,128,6.4,214198,135000000,361832400,"135,000,000","361,832,400",246907382.95318127,661771044.0864346,"246,907,382","661,771,044"
tt0144084,American Psycho,2000,102,7.6,770450,7000000,34300000,"7,000,000","34,300,000",12386260.162601627,60692674.796747975,"12,386,260","60,692,674"
tt0144117,The Boondock Saints,1999,108,7.6,256105,6000000,50000000,"6,000,000","50,000,000",10973661.464585835,91447178.87154862,"10,973,661","91,447,178"
tt0144120,Bride of Chucky,1998,89,5.6,67080,25000000,50671850,"25,000,000","50,671,850",46733435.582822084,94722785.51349694,"46,733,435","94,722,785"
tt0144168,Dick,1999,94,6.2,22037,13000000,27500000,"13,000,000","27,500,000",23776266.50660264,50295948.37935174,"23,776,266","50,295,948"
tt0144214,The General's Daughter,1999,116,6.4,65374,60000000,149700000,"60,000,000","149,700,000",109736614.64585835,273792853.5414166,"109,736,614","273,792,853"
tt0144528,Nutty Professor II: The Klumps,2000,106,4.5,54429,84000000,123307945,"84,000,000","123,307,945",148635121.95121953,218189183.84082463,"148,635,121","218,189,183"
tt0144715,Holy Smoke,1999,115,5.9,16007,15000000,1765545,"15,000,000","1,765,545",27434153.661464587,3229082.188415366,"27,434,153","3,229,082"
tt0144814,The Rage: Carrie 2,1999,104,4.8,18600,21000000,17762705,"21,000,000","17,762,705",38407815.12605042,32486985.22755102,"38,407,815","32,486,985"
tt0144964,Highlander: Endgame,2000,87,4.6,21679,25000000,15843608,"25,000,000","15,843,608",44236643.437862955,28034721.51461092,"44,236,643","28,034,721"
tt0145487,Spider-Man,2002,121,7.4,916057,139000000,821708551,"139,000,000","821,708,551",235428449.1384102,1391752300.7604334,"235,428,449","1,391,752,300"
tt0145503,Sunshine,1999,181,7.5,16094,26000000,7918035,"26,000,000","7,918,035",47552533.01320528,14481639.259123651,"47,552,533","14,481,639"
tt0145531,Stigmata,1999,103,6.2,74282,29000000,50041732,"29,000,000","50,041,732",53039363.7454982,91523504.34492198,"53,039,363","91,523,504"
tt0145653,Angela's Ashes,1999,145,7.3,23870,50000000,13042112,"50,000,000","13,042,112",91447178.87154862,23853286.978535414,"91,447,178","23,853,286"
tt0145660,Austin Powers: The Spy Who Shagged Me,1999,95,6.7,255177,33000000,312016928,"33,000,000","312,016,928",60355138.055222094,570661356.5153421,"60,355,138","570,661,356"
tt0145681,The Bone Collector,1999,118,6.7,192538,73000000,151493655,"73,000,000","151,493,655",133512881.15246099,277073347.3337935,"133,512,881","277,073,347"
tt0145893,Simply Irresistible,1999,96,5.2,15263,6000000,4398989,"6,000,000","4,398,989",10973661.464585835,8045502.678739496,"10,973,661","8,045,502"
tt0146309,Thirteen Days,2000,145,7.3,64484,80000000,34566746,"80,000,000","34,566,746",141557259.00116146,61164672.70436702,"141,557,259","61,164,672"
tt0146316,Lara Croft: Tomb Raider,2001,100,5.8,224253,115000000,274703340,"115,000,000","274,703,340",197858441.55844158,472629345.59390175,"197,858,441","472,629,345"
tt0146336,Urban Legend,1998,99,5.6,74539,14000000,72527595,"14,000,000","72,527,595",26170723.92638037,135578547.55638036,"26,170,723","135,578,547"
tt0146838,Any Given Sunday,1999,162,6.9,128310,55000000,100230832,"55,000,000","100,230,832",100591896.75870349,183316536.44696277,"100,591,896","183,316,536"
tt0146882,High Fidelity,2000,113,7.4,194159,30000000,47100000,"30,000,000","47,100,000",53083972.125435546,83341836.2369338,"53,083,972","83,341,836"
tt0146984,The Legend of Bagger Vance,2000,126,6.7,60551,80000000,39459427,"80,000,000","39,459,427",141557259.00116146,69822104.09845528,"141,557,259","69,822,104"
tt0147612,Happiness,1998,134,7.7,76953,3000000,2800000,"3,000,000","2,800,000",5608012.269938651,5234144.785276074,"5,608,012","5,234,144"
tt0147800,10 Things I Hate About You,1999,97,7.3,413896,16000000,53478166,"16,000,000","53,478,166",29263097.238895558,97808548.2384874,"29,263,097","97,808,548"
tt0150377,Double Jeopardy,1999,105,6.5,99424,70000000,177841558,"70,000,000","177,841,558",128026050.42016807,325262175.3044178,"128,026,050","325,262,175"
tt0151137,The Messenger: The Story of Joan of Arc,1999,148,6.4,71112,85000000,66976317,"85,000,000","66,976,317",155460204.08163264,122495904.81713086,"155,460,204","122,495,904"
tt0151738,Never Been Kissed,1999,107,6.0,100117,25000000,84565230,"25,000,000","84,565,230",45723589.43577431,154665034.282473,"45,723,589","154,665,034"
tt0151804,Office Space,1999,89,7.6,297569,10000000,12800000,"10,000,000","12,800,000",18289435.774309725,23410477.791116446,"18,289,435","23,410,477"
tt0155267,The Thomas Crown Affair,1999,113,6.9,103697,48000000,124305181,"48,000,000","124,305,181",87789291.71668668,227347162.43134454,"87,789,291","227,347,162"
tt0155776,Jawbreaker,1999,86,5.7,30143,3000000,3100000,"3,000,000","3,100,000",5486830.732292918,5669725.090036015,"5,486,830","5,669,725"
tt0155975,Psycho,1998,105,4.6,51605,60000000,37100000,"60,000,000","37,100,000",112160245.398773,69352418.40490797,"112,160,245","69,352,418"
tt0156323,Screwed,2000,81,5.7,9759,10000000,7201701,"10,000,000","7,201,701",17694657.375145182,12743163.17132404,"17,694,657","12,743,163"
tt0156729,Last Night,1998,95,7.1,10306,2300000,591165,"2,300,000","591,165",4299476.073619632,1105086.8578527607,"4,299,476","1,105,086"
tt0156812,My Dog Skip,2000,95,7.0,21680,6000000,35547761,"6,000,000","35,547,761",10616794.42508711,62900545.13485482,"10,616,794","62,900,545"
tt0156934,Random Hearts,1999,133,5.4,24600,64000000,74608570,"64,000,000","74,608,570",117052388.95558223,136454864.92280912,"117,052,388","136,454,864"
tt0157472,Clockstoppers,2002,94,5.2,15391,26000000,38793283,"26,000,000","38,793,283",44036976.09783213,65705341.39336298,"44,036,976","65,705,341"
tt0157503,Drop Dead Gorgeous,1999,97,6.7,42714,10000000,10571408,"10,000,000","10,571,408",18289435.774309725,19334508.7660024,"18,289,435","19,334,508"
tt0158622,The Flintstones in Viva Rock Vegas,2000,90,3.7,26183,83000000,59468275,"83,000,000","59,468,275",146865656.213705,105227075.08159117,"146,865,656","105,227,075"
tt0158811,Muppets from Space,1999,87,6.2,21234,24000000,22300000,"24,000,000","22,300,000",43894645.85834334,40785441.77671069,"43,894,645","40,785,441"
tt0158983,"South Park: Bigger, Longer & Uncut",1999,81,7.7,219546,21000000,83137864,"21,000,000","83,137,864",38407815.12605042,152054462.40412965,"38,407,815","152,054,462"
tt0159097,The Virgin Suicides,1999,97,7.2,177563,6000000,10409377,"6,000,000","10,409,377",10973661.464585835,19038163.209207684,"10,973,661","19,038,163"
tt0159365,Cold Mountain,2003,154,7.2,160027,79000000,173013509,"79,000,000","173,013,509",130823141.30434783,286508490.3223804,"130,823,141","286,508,490"
tt0160127,Charlie's Angels,2000,98,5.6,201245,92000000,264105545,"92,000,000","264,105,545",162790847.85133567,467325712.96509874,"162,790,847","467,325,712"
tt0160236,Dudley Do-Right,1999,77,3.9,11596,70000000,10000000,"70,000,000","10,000,000",128026050.42016807,18289435.774309725,"128,026,050","18,289,435"
tt0160338,Guinevere,1999,104,5.9,2795,2600000,614202,"2,600,000","614,202",4755253.301320529,1123340.803145258,"4,755,253","1,123,340"
tt0160401,In Too Deep,1999,95,6.2,7299,7000000,14011454,"7,000,000","14,011,454",12802605.042016808,25626158.80376951,"12,802,605","25,626,158"
tt0160484,Lost Souls,2000,97,4.8,11557,50000000,31355910,"50,000,000","31,355,910",88473286.87572591,55483208.41358885,"88,473,286","55,483,208"
tt0160644,Passion of Mind,2000,105,5.5,3696,12000000,769272,"12,000,000","769,272",21233588.85017422,1361200.4468292685,"21,233,588","1,361,200"
tt0160797,Rules of Engagement,2000,128,6.4,51409,60000000,71000000,"60,000,000","71,000,000",106167944.25087109,125632067.36353078,"106,167,944","125,632,067"
tt0160862,She's All That,1999,95,5.9,107014,10000000,103166989,"10,000,000","103,166,989",18289435.774309725,188686601.93444178,"18,289,435","188,686,601"
tt0160916,The Story of Us,1999,95,6.0,25367,50000000,58900031,"50,000,000","58,900,031",91447178.87154862,107724833.40793519,"91,447,178","107,724,833"
tt0162222,Cast Away,2000,143,7.8,661547,90000000,429632142,"90,000,000","429,632,142",159251916.37630662,760219355.0039722,"159,251,916","760,219,355"
tt0162346,Ghost World,2001,111,7.3,129283,7000000,8800000,"7,000,000","8,800,000",12043557.312252965,15140472.049689442,"12,043,557","15,140,472"
tt0162360,"Happy, Texas",1999,98,6.3,10431,1700000,1943649,"1,700,000","1,943,649",3109204.0816326533,3554824.3553301324,"3,109,204","3,554,824"
tt0162650,Shaft,2000,99,6.0,82348,46000000,107626125,"46,000,000","107,626,125",81395423.92566784,190440740.64895472,"81,395,423","190,440,740"
tt0162661,Sleepy Hollow,1999,105,7.3,397156,100000000,206071526,"100,000,000","206,071,526",182894357.74309725,376893193.96909964,"182,894,357","376,893,193"
tt0162677,Summer of Sam,1999,142,6.7,42778,22000000,19288130,"22,000,000","19,288,130",40236758.70348139,35276901.484153666,"40,236,758","35,276,901"
tt0163025,Jurassic Park III,2001,92,5.9,350828,93000000,368780809,"93,000,000","368,780,809",160007261.43421796,634490401.2643591,"160,007,261","634,490,401"
tt0163187,Runaway Bride,1999,116,5.6,107193,70000000,309500000,"70,000,000","309,500,000",128026050.42016807,566058037.214886,"128,026,050","566,058,037"
tt0163579,Chill Factor,1999,102,5.2,10242,34000000,11263966,"34,000,000","11,263,966",62184081.632653065,20601158.27210084,"62,184,081","20,601,158"
tt0163651,American Pie,1999,95,7.0,448677,11000000,235483004,"11,000,000","235,483,004",20118379.351740696,430685127.759952,"20,118,379","430,685,127"
tt0163988,Bringing Out the Dead,1999,121,6.9,78657,32000000,16797191,"32,000,000","16,797,191",58526194.477791116,30721114.598331332,"58,526,194","30,721,114"
tt0164052,Hollow Man,2000,112,5.9,141715,95000000,190213455,"95,000,000","190,213,455",168099245.06387922,336576191.4367596,"168,099,245","336,576,191"
tt0164114,Drive Me Crazy,1999,91,5.8,21983,8000000,22593409,"8,000,000","22,593,409",14631548.619447779,41322070.282821134,"14,631,548","41,322,070"
tt0164181,Stir of Echoes,1999,99,6.9,90314,12000000,21142914,"12,000,000","21,142,914",21947322.92917167,38669196.76847539,"21,947,322","38,669,196"
tt0164184,The Sum of All Fears,2002,124,6.5,127819,68000000,193921372,"68,000,000","193,921,372",115173629.79433018,328450416.29318506,"115,173,629","328,450,416"
tt0164212,Under Suspicion,2000,110,6.4,29017,25000000,1308242,"25,000,000","1,308,242",44236643.437862955,2314889.3953774683,"44,236,643","2,314,889"
tt0164334,Along Came a Spider,2001,104,6.4,98811,60000000,105200000,"60,000,000","105,200,000",103230491.24788256,180997461.32128742,"103,230,491","180,997,461"
tt0165494,Ringmaster,1998,90,3.3,5459,3500000,9247881,"3,500,000","9,247,881",6542680.981595092,17287410.03964417,"6,542,680","17,287,410"
tt0165710,Detroit Rock City,1999,95,6.8,42083,6500000,4217115,"6,500,000","4,217,115",11888133.25330132,7712865.394537816,"11,888,133","7,712,865"
tt0165854,The Limey,1999,89,6.9,36059,10000000,3204663,"10,000,000","3,204,663",18289435.774309725,5861147.811680673,"18,289,435","5,861,147"
tt0165929,Romeo Must Die,2000,115,6.1,75211,25000000,91036760,"25,000,000","91,036,760",44236643.437862955,161086427.67433217,"44,236,643","161,086,427"
tt0165982,Sinbad: Legend of the Seven Seas,2003,86,6.7,61589,60000000,80767884,"60,000,000","80,767,884",99359347.82608695,133750737.99221739,"99,359,347","133,750,737"
tt0166175,East Is East,1999,96,6.9,20433,3800000,28200000,"3,800,000","28,200,000",6949985.594237695,51576208.88355342,"6,949,985","51,576,208"
tt0166276,Monkeybone,2001,93,4.8,19614,75000000,5409517,"75,000,000","5,409,517",129038114.0598532,9307118.288729532,"129,038,114","9,307,118"
tt0166396,Waking Ned Devine,1998,91,7.3,28848,3000000,43515982,"3,000,000","43,515,982",5608012.269938651,81346053.66480982,"5,608,012","81,346,053"
tt0166485,Anna and the King,1999,148,6.7,39665,75000000,113996937,"75,000,000","113,996,937",137170768.30732292,208493965.7729532,"137,170,768","208,493,965"
tt0166896,The Straight Story,1999,112,8.0,103210,10000000,6418028,"10,000,000","6,418,028",18289435.774309725,11738211.090372149,"18,289,435","11,738,211"
tt0166924,Mulholland Drive,2001,147,7.9,403752,15000000,20289986,"15,000,000","20,289,986",25807622.81197064,34909087.03654432,"25,807,622","34,909,087"
tt0167190,Hellboy,2004,122,6.9,359915,66000000,99318987,"66,000,000","99,318,987",106460201.16463737,160204838.41648492,"106,460,201","160,204,838"
tt0167203,I Dreamed of Africa,2000,114,5.6,5011,34000000,14400327,"34,000,000","14,400,327",60161835.07549362,25480885.235505227,"60,161,835","25,480,885"
tt0167260,The Lord of the Rings: The Return of the King,2003,201,9.0,2063158,94000000,1118888979,"94,000,000","1,118,888,979",155662978.26086956,1852867987.3872716,"155,662,978","1,852,867,987"
tt0167261,The Lord of the Rings: The Two Towers,2002,179,8.8,1859301,79000000,926287400,"79,000,000","926,287,400",133804658.143413,1568880618.9816563,"133,804,658","1,568,880,618"
tt0167404,The Sixth Sense,1999,107,8.2,1092161,40000000,672800000,"40,000,000","672,800,000",73157743.0972389,1230513238.8955584,"73,157,743","1,230,513,238"
tt0167456,Thunderbirds,2004,95,4.3,14761,57000000,28283637,"57,000,000","28,283,637",91942901.00582318,45622449.767993644,"91,942,901","45,622,449"
tt0168501,The Best Man,1999,120,6.7,12359,9000000,34573780,"9,000,000","34,573,780",16460492.196878752,63233492.87851141,"16,460,492","63,233,492"
tt0168629,Dancer in the Dark,2000,135,7.9,120028,12500000,40061153,"12,500,000","40,061,153",22118321.718931478,70886837.63882695,"22,118,321","70,886,837"
tt0168786,Antwone Fisher,2002,120,7.3,39501,12500000,23400000,"12,500,000","23,400,000",21171623.123957753,39633278.48804891,"21,171,623","39,633,278"
tt0169547,American Beauty,1999,122,8.3,1243481,15000000,356296601,"15,000,000","356,296,601",27434153.661464587,651646380.0594357,"27,434,153","651,646,380"
tt0170016,How the Grinch Stole Christmas,2000,104,6.4,311175,123000000,345800000,"123,000,000","345,800,000",217644285.71428573,611881252.0325204,"217,644,285","611,881,252"
tt0171356,Gun Shy,2000,101,5.6,8072,10000000,1600000,"10,000,000","1,600,000",17694657.375145182,2831145.180023229,"17,694,657","2,831,145"
tt0171359,Hamlet,2000,112,5.9,10197,2000000,1568749,"2,000,000","1,568,749",3538931.4750290364,2775847.606260163,"3,538,931","2,775,847"
tt0171363,The Haunting,1999,113,5.0,82338,80000000,177300000,"80,000,000","177,300,000",146315486.1944778,324271696.2785114,"146,315,486","324,271,696"
tt0171433,Keeping the Faith,2000,128,6.4,53773,30000000,59945183,"30,000,000","59,945,183",53083972.125435546,106070947.44753775,"53,083,972","106,070,947"
tt0171580,Nurse Betty,2000,110,6.3,36638,24000000,29364989,"24,000,000","29,364,989",42467177.70034844,51960341.917990714,"42,467,177","51,960,341"
tt0171804,Boys Don't Cry,1999,118,7.5,105687,2000000,11540607,"2,000,000","11,540,607",3657887.1548619447,21107119.052304924,"3,657,887","21,107,119"
tt0172156,Bad Boys II,2003,147,6.6,279858,130000000,273339556,"130,000,000","273,339,556",215278586.95652175,452647333.65386957,"215,278,586","452,647,333"
tt0172396,The End of the Affair,1999,102,7.0,24659,23000000,10827816,"23,000,000","10,827,816",42065702.28091237,19803464.53080432,"42,065,702","19,803,464"
tt0172493,"Girl, Interrupted",1999,127,7.3,222562,40000000,48350205,"40,000,000","48,350,205",73157743.0972389,88429796.90222089,"73,157,743","88,429,796"
tt0172495,Gladiator,2000,155,8.5,1742974,103000000,465361176,"103,000,000","465,361,176",182254970.96399537,823440656.5014635,"182,254,970","823,440,656"
tt0173840,Final Fantasy: The Spirits Within,2001,106,6.4,84911,137000000,85131830,"137,000,000","85,131,830",235709621.68266517,146470010.52885374,"235,709,621","146,470,010"
tt0174856,The Hurricane,1999,146,7.6,104893,50000000,73956241,"50,000,000","73,956,241",91447178.87154862,135261791.98788714,"91,447,178","135,261,791"
tt0175142,Scary Movie,2000,88,6.3,300762,19000000,278019771,"19,000,000","278,019,771",33619849.012775846,491946459.1361325,"33,619,849","491,946,459"
tt0175880,Magnolia,1999,188,8.0,336593,37000000,48500000,"37,000,000","48,500,000",67670912.36494598,88703763.50540216,"67,670,912","88,703,763"
tt0176269,Universal Soldier: The Return,1999,83,4.2,31364,33500000,10667893,"33,500,000","10,667,893",61269609.843937576,19510974.38707083,"61,269,609","19,510,974"
tt0176783,Gossip,2000,90,5.9,17950,14000000,5108820,"14,000,000","5,108,820",24772520.325203255,9039881.94912892,"24,772,520","9,039,881"
tt0177789,Galaxy Quest,1999,102,7.4,184727,45000000,90683916,"45,000,000","90,683,916",82302460.98439376,165855765.74448982,"82,302,460","165,855,765"
tt0177971,The Perfect Storm,2000,130,6.5,182905,130000000,328718434,"130,000,000","328,718,434",230030545.87688735,581656006.2524275,"230,030,545","581,656,006"
tt0179098,Moonlight Mile,2002,117,6.6,14925,21000000,10011050,"21,000,000","10,011,050",35568326.848249026,16956014.21400778,"35,568,326","16,956,014"
tt0179116,But I'm a Cheerleader,1999,85,6.8,45980,1200000,2600000,"1,200,000","2,600,000",2194732.292917167,4755253.301320529,"2,194,732","4,755,253"
tt0180052,The Adventures of Pluto Nash,2002,95,3.9,27657,100000000,7103973,"100,000,000","7,103,973",169372984.99166203,12032211.123101722,"169,372,984","12,032,211"
tt0180073,Quills,2000,124,7.2,57902,13500000,7060876,"13,500,000","7,060,876",23887787.456445996,12493978.15883856,"23,887,787","12,493,978"
tt0180093,Requiem for a Dream,2000,102,8.3,932773,4500000,7390108,"4,500,000","7,390,108",7962595.818815332,13076542.90253194,"7,962,595","13,076,542"
tt0180734,Hardball,2001,106,6.4,34569,32000000,40222729,"32,000,000","40,222,729",55056261.99887069,69203534.56667419,"55,056,261","69,203,534"
tt0181151,What Planet Are You From?,2000,105,5.6,9960,60000000,14100000,"60,000,000","14,100,000",106167944.25087109,24949466.898954704,"106,167,944","24,949,466"
tt0181316,Blue Streak,1999,93,6.4,91139,65000000,117758500,"65,000,000","117,758,500",118881332.53301321,215373652.26290518,"118,881,332","215,373,652"
tt0181536,Finding Forrester,2000,136,7.3,91325,43000000,80100000,"43,000,000","80,100,000",76087026.71312428,141734205.5749129,"76,087,026","141,734,205"
tt0181689,Minority Report,2002,145,7.6,599752,102000000,358372926,"102,000,000","358,372,926",172760444.69149527,606986922.1681601,"172,760,444","606,986,922"
tt0181739,Osmosis Jones,2001,95,6.3,40037,75000000,13596911,"75,000,000","13,596,911",129038114.0598532,23393596.699728966,"129,038,114","23,393,596"
tt0181852,Terminator 3: Rise of the Machines,2003,109,6.3,426872,200000000,435000000,"200,000,000","435,000,000",331197826.0869565,720355271.7391304,"331,197,826","720,355,271"
tt0181865,Traffic,2000,147,7.6,224245,48000000,207500000,"48,000,000","207,500,000",84934355.40069687,367164140.53426254,"84,934,355","367,164,140"
tt0181875,Almost Famous,2000,122,7.9,302338,60000000,47386287,"60,000,000","47,386,287",106167944.25087109,83848411.27452962,"106,167,944","83,848,411"
tt0181984,Boiler Room,2000,120,7.0,57720,7000000,28780255,"7,000,000","28,780,255",12386260.162601627,50925675.139430895,"12,386,260","50,925,675"
tt0182789,Bicentennial Man,1999,132,6.9,128066,100000000,87423861,"100,000,000","87,423,861",182894357.74309725,159893309.0901681,"182,894,357","159,893,309"
tt0183505,"Me, Myself & Irene",2000,116,6.6,257586,51000000,149270999,"51,000,000","149,270,999",90242752.61324042,264129918.33506387,"90,242,752","264,129,918"
tt0183649,Phone Booth,2002,81,7.1,293585,13000000,97837138,"13,000,000","97,837,138",22018488.048916064,165709681.06101167,"22,018,488","165,709,681"
tt0183659,Pollock,2000,122,7.0,30228,6000000,10994533,"6,000,000","10,994,533",10616794.42508711,19454449.443472706,"10,616,794","19,454,449"
tt0183790,A Knight's Tale,2001,132,7.0,209336,65000000,117487473,"65,000,000","117,487,473",111833032.1852061,202138159.22103897,"111,833,032","202,138,159"
tt0184858,Reindeer Games,2000,104,5.8,43415,42000000,32168970,"42,000,000","32,168,970",74317560.97560976,56921890.22613241,"74,317,560","56,921,890"
tt0184894,Shanghai Noon,2000,110,6.6,138329,55000000,99274467,"55,000,000","99,274,467",97320615.5632985,175662767.9665157,"97,320,615","175,662,767"
tt0184907,Snow Day,2000,89,5.2,14217,13000000,62464731,"13,000,000","62,464,731",23003054.587688737,110529201.30756098,"23,003,054","110,529,201"
tt0185014,Wonder Boys,2000,107,7.2,67662,35000000,33426588,"35,000,000","33,426,588",61931300.81300814,59147202.18801393,"61,931,300","59,147,202"
tt0185371,House on Haunted Hill,1999,93,5.6,61702,37000000,40846082,"37,000,000","40,846,082",67670912.36494598,74705179.33711885,"67,670,912","74,705,179"
tt0185431,Little Nicky,2000,90,5.3,115466,85000000,58292295,"85,000,000","58,292,295",150404587.68873405,103146218.76358886,"150,404,587","103,146,218"
tt0185937,The Blair Witch Project,1999,81,6.5,300182,60000,248639099,"60,000","248,639,099",109736.61464585835,454746883.21427375,"109,736","454,746,883"
tt0186045,Drowning Mona,2000,96,5.7,15913,6000000,15427192,"6,000,000","15,427,192",10616794.42508711,27297887.670058075,"10,616,794","27,297,887"
tt0186151,Frequency,2000,118,7.4,118927,31000000,68106245,"31,000,000","68,106,245",54853437.862950064,120511667.03826948,"54,853,437","120,511,667"
tt0186589,Sugar & Spice,2001,81,5.7,15792,11000000,13276953,"11,000,000","13,276,953",18925590.062111802,22843106.341084134,"18,925,590","22,843,106"
tt0186894,Bounce,2000,106,5.8,22076,35000000,36779296,"35,000,000","36,779,296",61931300.81300814,65079704.12190477,"61,931,300","65,079,704"
tt0187078,Gone in 60 Seconds,2000,118,6.5,301930,90000000,237200000,"90,000,000","237,200,000",159251916.37630662,419717272.9384437,"159,251,916","419,717,272"
tt0187393,The Patriot,2000,165,7.2,302515,110000000,215294342,"110,000,000","215,294,342",194641231.126597,380955961.6497329,"194,641,231","380,955,961"
tt0187738,Blade II,2002,117,6.7,243509,54000000,155010032,"54,000,000","155,010,032",91461411.8954975,262545118.2349305,"91,461,411","262,545,118"
tt0188674,Human Traffic,1999,99,7.1,28160,600000,4000000,"600,000","4,000,000",1097366.1464585834,7315774.309723889,"1,097,366","7,315,774"
tt0188863,Love Stinks,1999,94,5.7,5650,4000000,2924635,"4,000,000","2,924,635",7315774.309723889,5348992.399579832,"7,315,774","5,348,992"
tt0189998,Shadow of the Vampire,2000,92,6.9,46441,8000000,8279017,"8,000,000","8,279,017",14155725.900116146,14649436.921800233,"14,155,725","14,649,436"
tt0190138,The Whole Nine Yards,2000,98,6.7,132048,41300000,106371651,"41,300,000","106,371,651",73078934.9593496,188220991.88735193,"73,078,934","188,220,991"
tt0190590,"O Brother, Where Art Thou?",2000,107,7.7,339889,26000000,71900000,"26,000,000","71,900,000",46006109.17537747,127224586.52729385,"46,006,109","127,224,586"
tt0190865,Vertical Limit,2000,124,6.0,66786,75000000,215663859,"75,000,000","215,663,859",132709930.31358886,381609809.320662,"132,709,930","381,609,809"
tt0191397,The Replacements,2000,118,6.6,71696,50000000,50054511,"50,000,000","50,054,511",88473286.87572591,88569742.22254357,"88,473,286","88,569,742"
tt0192071,Get Over It,2001,87,5.7,20481,22000000,19900366,"22,000,000","19,900,366",37851180.124223605,34238742.636544324,"37,851,180","34,238,742"
tt0192111,Head Over Heels,2001,86,5.4,15643,14000000,13127022,"14,000,000","13,127,022",24087114.62450593,22585148.82802936,"24,087,114","22,585,148"
tt0192731,Urban Legends: Final Cut,2000,97,4.4,19493,14000000,38574362,"14,000,000","38,574,362",24772520.325203255,68256011.90548201,"24,772,520","68,256,011"
tt0194218,Panic,2000,88,6.6,9419,1000000,779137,"1,000,000","779,137",1769465.7375145182,1378656.226329849,"1,769,465","1,378,656"
tt0195685,Erin Brockovich,2000,131,7.5,232237,52000000,256271286,"52,000,000","256,271,286",92012218.35075495,453463260.085784,"92,012,218","453,463,260"
tt0195714,Final Destination,2000,98,6.7,295767,23000000,112880294,"23,000,000","112,880,294",40697711.96283392,199737812.67356563,"40,697,711","199,737,812"
tt0195945,Next Friday,2000,98,6.1,45525,11000000,59827328,"11,000,000","59,827,328",19464123.1126597,105862407.06304298,"19,464,123","105,862,407"
tt0196229,Zoolander,2001,90,6.5,304233,28000000,60780981,"28,000,000","60,780,981",48174229.24901186,104574175.45263693,"48,174,229","104,574,175"
tt0198781,"Monsters, Inc.",2001,92,8.1,1020025,115000000,579700000,"115,000,000","579,700,000",197858441.55844158,997378596.273292,"197,858,441","997,378,596"
tt0199725,Love & Basketball,2000,124,7.2,25407,20000000,27728118,"20,000,000","27,728,118",35389314.750290364,49063954.76675958,"35,389,314","49,063,954"
tt0199753,Red Planet,2000,106,5.7,60764,80000000,33463969,"80,000,000","33,463,969",141557259.00116146,59213346.586747974,"141,557,259","59,213,346"
tt0200465,The Bank Job,2008,111,7.2,192837,20000000,64828421,"20,000,000","64,828,421",28304482.519983467,91746745.44963145,"28,304,482","91,746,745"
tt0200550,Coyote Ugly,2000,100,5.8,124178,45000000,113900000,"45,000,000","113,900,000",79625958.18815331,201542147.5029036,"79,625,958","201,542,147"
tt0200669,The Golden Bowl,2000,130,5.9,4668,15000000,5753678,"15,000,000","5,753,678",26541986.062717773,10180936.085691059,"26,541,986","10,180,936"
tt0200720,The House of Mirth,2000,135,7.0,8277,10000000,5164404,"10,000,000","5,164,404",17694657.375145182,9138235.932682928,"17,694,657","9,138,235"
tt0202402,Whatever It Takes,2000,94,5.5,12508,15000000,9902115,"15,000,000","9,902,115",26541986.062717773,17521453.221428573,"26,541,986","17,521,453"
tt0202677,The Way of the Gun,2000,119,6.6,35955,8500000,19125401,"8,500,000","19,125,401",15040458.768873405,33841741.7857259,"15,040,458","33,841,741"
tt0203009,Moulin Rouge!,2001,127,7.6,306199,52500000,179213434,"52,500,000","179,213,434",90326679.84189723,308338180.5006663,"90,326,679","308,338,180"
tt0203755,One Night at McCool's,2001,93,6.2,31644,18000000,13500000,"18,000,000","13,500,000",30969147.374364767,23226860.530773576,"30,969,147","23,226,860"
tt0204175,Boys and Girls,2000,94,5.4,17894,16000000,20627372,"16,000,000","20,627,372",28311451.80023229,36499428.00896632,"28,311,451","36,499,428"
tt0204946,Bring It On,2000,98,6.2,109516,28000000,90449929,"28,000,000","90,449,929",49545040.65040651,160048050.3261208,"49,545,040","160,048,050"
tt0205000,Deuce Bigalow: Male Gigolo,1999,88,5.7,82201,17000000,92938755,"17,000,000","92,938,755",31092040.816326533,169979739.05168065,"31,092,040","169,979,739"
tt0205271,Dr. T & the Women,2000,122,4.7,20542,23000000,22844291,"23,000,000","22,844,291",40697711.96283392,40422190.222311266,"40,697,711","40,422,190"
tt0205461,Thomas and the Magic Railroad,2000,85,4.2,4985,19000000,19748009,"19,000,000","19,748,009",33619849.012775846,34943425.30962834,"33,619,849","34,943,425"
tt0206113,Madison,2001,99,6.3,1660,13500000,517262,"13,500,000","517,262",23226860.530773576,889953.5060643704,"23,226,860","889,953"
tt0206314,Joy Ride,2001,97,6.6,78652,23000000,36642838,"23,000,000","36,642,838",39571688.31168831,63044302.79094297,"39,571,688","63,044,302"
tt0206420,Woman on Top,2000,92,5.3,11082,8000000,10194274,"8,000,000","10,194,274",14155725.900116146,18038418.561835077,"14,155,725","18,038,418"
tt0206634,Children of Men,2006,109,7.9,545198,76000000,70595464,"76,000,000","70,595,464",114867817.46031746,106699300.95103176,"114,867,817","106,699,300"
tt0207201,What Women Want,2000,127,6.5,229875,70000000,374100000,"70,000,000","374,100,000",123862601.62601627,661957132.4041812,"123,862,601","661,957,132"
tt0208092,Snatch,2000,102,8.2,940230,10000000,83600000,"10,000,000","83,600,000",17694657.375145182,147927335.6562137,"17,694,657","147,927,335"
tt0208874,The Contender,2000,126,6.9,25498,20000000,22428990,"20,000,000","22,428,990",35389314.750290364,39687329.33205575,"35,389,314","39,687,329"
tt0209144,Memento,2000,113,8.4,1369970,9000000,40047236,"9,000,000","40,047,236",15925191.637630664,70862211.98415795,"15,925,191","70,862,211"
tt0209163,The Mummy Returns,2001,130,6.4,356243,98000000,443280904,"98,000,000","443,280,904",168609802.3715415,762668424.6787578,"168,609,802","762,668,424"
tt0209475,The Wedding Planner,2001,103,5.4,89593,35000000,94700000,"35,000,000","94,700,000",60217786.56126482,162932125.35290796,"60,217,786","162,932,125"
tt0209958,The Cell,2000,107,6.4,112398,33000000,104155843,"33,000,000","104,155,843",58392369.3379791,184300195.55044135,"58,392,369","184,300,195"
tt0210945,Remember the Titans,2000,113,7.8,239352,30000000,136700000,"30,000,000","136,700,000",53083972.125435546,241885966.31823462,"53,083,972","241,885,966"
tt0211181,102 Dalmatians,2000,100,4.9,40596,85000000,183611771,"85,000,000","183,611,771",150404587.68873405,324894737.7888618,"150,404,587","324,894,737"
tt0211443,Jason X,2001,92,4.5,63812,11000000,16951798,"11,000,000","16,951,798",18925590.062111802,29165707.251247883,"18,925,590","29,165,707"
tt0211465,Knockaround Guys,2001,92,6.1,25269,15000000,12806614,"15,000,000","12,806,614",25807622.81197064,22033884.24070017,"25,807,622","22,033,884"
tt0211933,Awake,2007,84,6.5,82996,86000000,14373825,"86,000,000","14,373,825",126382363.43818425,21123232.26914952,"126,382,363","21,123,232"
tt0211938,Bait,2000,119,5.7,13418,35000000,15500000,"35,000,000","15,500,000",61931300.81300814,27426718.931475032,"61,931,300","27,426,718"
tt0212338,Meet the Parents,2000,108,7.0,366300,55000000,330444045,"55,000,000","330,444,045",97320615.5632985,584709415.7932056,"97,320,615","584,709,415"
tt0212346,Miss Congeniality,2000,109,6.3,238703,45000000,212000000,"45,000,000","212,000,000",79625958.18815331,375126736.3530778,"79,625,958","375,126,736"
tt0212720,A.I. Artificial Intelligence,2001,146,7.2,330062,100000000,235926552,"100,000,000","235,926,552",172050818.74647093,405913564.3563185,"172,050,818","405,913,564"
tt0212826,Bread and Roses,2000,110,7.0,6242,5500000,706876,"5,500,000","706,876",9732061.55632985,1250792.8626713124,"9,732,061","1,250,792"
tt0212985,Hannibal,2001,131,6.8,303033,87000000,351692268,"87,000,000","351,692,268",149684212.3094297,605089426.5620328,"149,684,212","605,089,426"
tt0213149,Pearl Harbor,2001,183,6.2,359958,140000000,449220945,"140,000,000","449,220,945",240871146.24505928,772888313.8531338,"240,871,146","772,888,313"
tt0213790,The Ladies Man,2000,84,5.2,14090,24000000,13700000,"24,000,000","13,700,000",42467177.70034844,24241680.6039489,"42,467,177","24,241,680"
tt0215129,Road Trip,2000,93,6.5,182714,16000000,119754278,"16,000,000","119,754,278",28311451.80023229,211901091.84178862,"28,311,451","211,901,091"
tt0215545,Bamboozled,2000,135,6.7,12657,10000000,2463650,"10,000,000","2,463,650",17694657.375145182,4359344.264227643,"17,694,657","4,359,344"
tt0215750,Enemy at the Gates,2001,131,7.5,284062,68000000,96976270,"68,000,000","96,976,270",116994556.74760023,166848466.52478826,"116,994,556","166,848,466"
tt0216216,The 6th Day,2000,123,5.9,130377,82000000,96085477,"82,000,000","96,085,477",145096190.47619048,170019959.42423928,"145,096,190","170,019,959"
tt0217505,Gangs of New York,2002,167,7.5,486245,100000000,193800000,"100,000,000","193,800,000",169372984.99166203,328244844.913841,"169,372,984","328,244,844"
tt0218619,Soul Survivors,2001,84,3.9,9903,17000000,4299141,"17,000,000","4,299,141",29248639.186900057,7396707.289565217,"29,248,639","7,396,707"
tt0218817,Antitrust,2001,108,6.1,30785,30000000,18200000,"30,000,000","18,200,000",51615245.62394128,31313249.011857707,"51,615,245","31,313,249"
tt0218922,Original Sin,2001,116,6.0,61545,42000000,35402320,"42,000,000","35,402,320",72261343.87351778,60909981.41524562,"72,261,343","60,909,981"
tt0218967,The Family Man,2000,125,6.8,125693,60000000,124700000,"60,000,000","124,700,000",106167944.25087109,220652377.4680604,"106,167,944","220,652,377"
tt0219653,Dracula 2000,2000,99,4.9,37607,28000000,47053625,"28,000,000","47,053,625",49545040.65040651,83259777.26335657,"49,545,040","83,259,777"
tt0219699,The Gift,2000,111,6.7,77462,10000000,12008642,"10,000,000","12,008,642",17694657.375145182,21248880.573077817,"17,694,657","21,248,880"
tt0219822,Human Nature,2001,96,6.4,19276,6000000,1600000,"6,000,000","1,600,000",10323049.124788256,2752813.099943535,"10,323,049","2,752,813"
tt0219854,The Kid,2000,104,6.1,45244,65000000,110317580,"65,000,000","110,317,580",115015272.93844368,195203178.05551684,"115,015,272","195,203,178"
tt0219965,Bandits,2001,123,6.5,72466,75000000,67631903,"75,000,000","67,631,903",129038114.0598532,116361242.84531902,"129,038,114","116,361,242"
tt0220099,The Tigger Movie,2000,77,6.3,20961,30000000,45554533,"30,000,000","45,554,533",53083972.125435546,80607185.33197446,"53,083,972","80,607,185"
tt0220506,Halloween: Resurrection,2002,90,3.9,51364,13000000,37700000,"13,000,000","37,700,000",22018488.048916064,63853615.341856584,"22,018,488","63,853,615"
tt0221027,Blow,2001,124,7.5,280911,53000000,83300000,"53,000,000","83,300,000",91186933.93562959,143318332.01581028,"91,186,933","143,318,332"
tt0221218,The Glass House,2001,106,5.8,41030,30000000,23619609,"30,000,000","23,619,609",51615245.62394128,40637730.669215135,"51,615,245","40,637,730"
tt0227445,The Score,2001,124,6.8,138279,68000000,113579918,"68,000,000","113,579,918",116994556.74760023,195415178.8505703,"116,994,556","195,415,178"
tt0227538,Spy Kids,2001,88,5.6,131081,35000000,147934180,"35,000,000","147,934,180",60217786.56126482,254521967.89587805,"60,217,786","254,521,967"
tt0227984,Formula 51,2001,93,6.3,51690,27000000,12881605,"27,000,000","12,881,605",46453721.06154715,22162906.870186336,"46,453,721","22,162,906"
tt0229260,Book of Shadows: Blair Witch 2,2000,90,4.0,40986,15000000,47737094,"15,000,000","47,737,094",26541986.062717773,84469152.24150987,"26,541,986","84,469,152"
tt0230011,Atlantis: The Lost Empire,2001,95,6.9,140218,120000000,186053725,"120,000,000","186,053,725",206460982.49576512,320106957.1708074,"206,460,982","320,106,957"
tt0230030,Bedazzled,2000,93,6.1,114923,48000000,90383208,"48,000,000","90,383,208",84934355.40069687,159929989.8026481,"84,934,355","159,929,989"
tt0230600,The Others,2001,104,7.6,407583,17000000,210002906,"17,000,000","210,002,906",29248639.186900057,361311719.16438174,"29,248,639","361,311,719"
tt0231775,Down to Earth,2001,87,5.4,25223,30000000,71186502,"30,000,000","71,186,502",51615245.62394128,122476959.52797289,"51,615,245","122,476,959"
tt0232500,The Fast and the Furious,2001,106,6.8,435205,38000000,207283925,"38,000,000","207,283,925",65379311.123658955,356633690.09232074,"65,379,311","356,633,690"
tt0234215,The Matrix Reloaded,2003,138,7.2,648982,150000000,738599701,"150,000,000","738,599,701",248398369.5652174,1223113076.5983803,"248,398,369","1,223,113,076"
tt0234354,Novocaine,2001,95,5.8,12006,6000000,2025238,"6,000,000","2,025,238",10323049.124788256,3484438.5605646526,"10,323,049","3,484,438"
tt0234829,Summer Catch,2001,104,5.1,16922,34000000,19693891,"34,000,000","19,693,891",58497278.373800114,33883500.70853755,"58,497,278","33,883,500"
tt0236348,Josie and the Pussycats,2001,98,5.7,25605,22000000,14866444,"22,000,000","14,866,444",37851180.124223605,25577838.6204856,"37,851,180","25,577,838"
tt0236388,The Original Kings of Comedy,2000,115,6.8,6219,13000000,38251106,"13,000,000","38,251,106",23003054.587688737,67684021.48903601,"23,003,054","67,684,021"
tt0236493,The Mexican,2001,123,6.1,118305,57000000,147845033,"57,000,000","147,845,033",98068966.68548843,254368589.75249013,"98,068,966","254,368,589"
tt0236784,The Tailor of Panama,2001,109,6.1,31918,21000000,28000000,"21,000,000","28,000,000",36130671.93675889,48174229.24901186,"36,130,671","48,174,229"
tt0237572,The Pledge,2001,124,6.7,72463,35000000,29419291,"35,000,000","29,419,291",60217786.56126482,50616131.034906834,"60,217,786","50,616,131"
tt0238112,Captain Corelli's Mandolin,2001,131,5.9,36649,57000000,62112895,"57,000,000","62,112,895",98068966.68548843,106865744.39463581,"98,068,966","106,865,744"
tt0238380,Equilibrium,2002,107,7.3,354090,20000000,5400000,"20,000,000","5,400,000",33874596.9983324,9146141.18954975,"33,874,596","9,146,141"
tt0238546,Queen of the Damned,2002,101,5.3,62097,35000000,45479110,"35,000,000","45,479,110",59280544.74708171,77029326.15464146,"59,280,544","77,029,326"
tt0238552,Replicant,2001,100,5.4,16137,17000000,894844,"17,000,000","894,844",29248639.186900057,1539586.4285036703,"29,248,639","1,539,586"
tt0239395,Cats & Dogs,2001,87,5.2,63929,60000000,93375151,"60,000,000","93,375,151",103230491.24788256,160652711.80125353,"103,230,491","160,652,711"
tt0239948,Saving Silverman,2001,90,5.9,43914,22000000,19351569,"22,000,000","19,351,569",37851180.124223605,33294532.904788256,"37,851,180","33,294,532"
tt0239949,Say It Isn't So,2001,95,5.0,13980,25000000,12320393,"25,000,000","12,320,393",43012704.68661773,21197337.029282894,"43,012,704","21,197,337"
tt0240468,Kung Pow: Enter the Fist,2002,81,6.2,49518,10000000,17000000,"10,000,000","17,000,000",16937298.4991662,28793407.448582545,"16,937,298","28,793,407"
tt0240510,The Four Feathers,2002,132,6.5,35983,35000000,29882645,"35,000,000","29,882,645",59280544.74708171,50613127.83096164,"59,280,544","50,613,127"
tt0240772,Ocean's Eleven,2001,116,7.7,641683,85000000,450717150,"85,000,000","450,717,150",146243195.93450028,775462546.8057595,"146,243,195","775,462,546"
tt0240890,Serendipity,2001,90,6.8,126067,28000000,77516304,"28,000,000","77,516,304",48174229.24901186,133367435.6940034,"48,174,229","133,367,435"
tt0241025,Vanity Fair,2004,141,6.2,23820,23000000,16123851,"23,000,000","16,123,851",37099767.07252514,26008309.409221813,"37,099,767","26,008,309"
tt0241303,Chocolat,2000,121,7.2,206109,25000000,152500000,"25,000,000","152,500,000",44236643.437862955,269843524.970964,"44,236,643","269,843,524"
tt0241527,Harry Potter and the Sorcerer's Stone,2001,152,7.7,897778,125000000,976475550,"125,000,000","976,475,550",215063523.43308866,1680034178.634105,"215,063,523","1,680,034,178"
tt0242252,The Affair of the Necklace,2001,118,6.0,5687,30000000,1198113,"30,000,000","1,198,113",51615245.62394128,2061363.226007905,"51,615,245","2,061,363"
tt0242423,"Dude, Where's My Car?",2000,83,5.5,148786,13000000,73180723,"13,000,000","73,180,723",23003054.587688737,129490781.99504067,"23,003,054","129,490,781"
tt0242445,Exit Wounds,2001,101,5.6,37633,33000000,79958599,"33,000,000","79,958,599",56776770.18633541,137569424.23770753,"56,776,770","137,569,424"
tt0242653,The Matrix Revolutions,2003,129,6.7,558676,150000000,424988211,"150,000,000","424,988,211",248398369.5652174,703775857.9789239,"248,398,369","703,775,857"
tt0242998,Valentine,2001,96,4.9,30667,10000000,16300000,"10,000,000","16,300,000",17205081.874647092,28044283.45567476,"17,205,081","28,044,283"
tt0243155,Bridget Jones's Diary,2001,97,6.8,276327,25000000,281929795,"25,000,000","281,929,795",43012704.68661773,485062520.58774704,"43,012,704","485,062,520"
tt0243736,40 Days and 40 Nights,2002,96,5.6,77083,17000000,95146283,"17,000,000","95,146,283",28793407.448582545,161152099.62571427,"28,793,407","161,152,099"
tt0244244,Swordfish,2001,99,6.5,199632,102000000,147080413,"102,000,000","147,080,413",175491835.12140036,253053054.7821909,"175,491,835","253,053,054"
tt0244970,Someone Like You,2001,97,6.1,28083,23000000,38689940,"23,000,000","38,689,940",39571688.31168831,66566358.54251835,"39,571,688","66,566,358"
tt0245120,The Forsaken,2001,90,5.3,9440,15000000,8704851,"15,000,000","8,704,851",25807622.81197064,14976767.416160362,"25,807,622","14,976,767"
tt0245562,Windtalkers,2002,134,6.1,75216,115000000,77600000,"115,000,000","77,600,000",194778932.74041134,131433436.35352974,"194,778,932","131,433,436"
tt0245674,Thir13en Ghosts,2001,91,5.6,97123,42000000,68467960,"42,000,000","68,467,960",72261343.87351778,117799685.7590062,"72,261,343","117,799,685"
tt0245686,Joe Dirt,2001,91,6.0,62839,17700000,30987695,"17,700,000","30,987,695",30452994.918125354,53314582.95815923,"30,452,994","53,314,582"
tt0245803,Bulletproof Monk,2003,104,5.5,52951,52000000,37713879,"52,000,000","37,713,879",86111434.7826087,62453773.69053261,"86,111,434","62,453,773"
tt0245844,The Count of Monte Cristo,2002,131,7.7,153986,35000000,75395048,"35,000,000","75,395,048",59280544.74708171,127698843.33349638,"59,280,544","127,698,843"
tt0246460,Die Another Day,2002,133,6.1,233808,142000000,431971116,"142,000,000","431,971,116",240509638.6881601,731642373.4709951,"240,509,638","731,642,373"
tt0246464,Big Trouble,2002,85,6.4,22125,40000000,8493890,"40,000,000","8,493,890",67749193.9966648,14386355.034908284,"67,749,193","14,386,355"
tt0246544,The Musketeer,2001,104,4.8,15231,40000000,27053815,"40,000,000","27,053,815",68820327.49858837,46546310.20965556,"68,820,327","46,546,310"
tt0246578,Donnie Darko,2001,113,8.0,877366,4500000,7500000,"4,500,000","7,500,000",7742286.843591192,12903811.40598532,"7,742,286","12,903,811"
tt0246894,Rollerball,2002,98,3.1,30265,70000000,25852764,"70,000,000","25,852,764",118561089.49416342,43787598.089649804,"118,561,089","43,787,598"
tt0247199,The Believer,2001,98,7.1,42159,1500000,1309316,"1,500,000","1,309,316",2580762.281197064,2252688.8979785433,"2,580,762","2,252,688"
tt0247425,In the Bedroom,2001,131,7.4,43197,1700000,44800000,"1,700,000","44,800,000",2924863.918690006,77078766.79841897,"2,924,863","77,078,766"
tt0247638,The Princess Diaries,2001,115,6.4,172281,37000000,165335153,"37,000,000","165,335,153",63658802.93619424,284460484.4122304,"63,658,802","284,460,484"
tt0247745,Super Troopers,2001,100,7.0,115665,3000000,23182223,"3,000,000","23,182,223",5161524.562394128,39885204.47513269,"5,161,524","39,885,204"
tt0248667,Ali,2001,157,6.7,107741,107000000,87700000,"107,000,000","87,700,000",184094376.0587239,150888568.04065502,"184,094,376","150,888,568"
tt0248845,Hedwig and the Angry Inch,2001,95,7.7,38200,6000000,3660081,"6,000,000","3,660,081",10323049.124788256,6297199.32728402,"10,323,049","6,297,199"
tt0249462,Billy Elliot,2000,110,7.7,147434,5000000,109280263,"5,000,000","109,280,263",8847328.687572591,193367681.1650755,"8,847,328","193,367,681"
tt0250274,The Brothers,2001,106,6.3,5195,6000000,27900000,"6,000,000","27,900,000",10323049.124788256,48002178.43026539,"10,323,049","48,002,178"
tt0250310,Corky Romano,2001,86,4.7,13957,11000000,23978402,"11,000,000","23,978,402",18925590.062111802,41255036.96332016,"18,925,590","41,255,036"
tt0250468,Killing Me Softly,2002,100,5.4,20086,25000000,7775138,"25,000,000","7,775,138",42343246.24791551,13168983.317821011,"42,343,246","13,168,983"
tt0250494,Legally Blonde,2001,96,6.5,263773,18000000,141774679,"18,000,000","141,774,679",30969147.374364767,243924495.99468097,"30,969,147","243,924,495"
tt0250687,Rat Race,2001,112,6.5,126174,48000000,85498534,"48,000,000","85,498,534",82584392.99830605,147100927.76322982,"82,584,392","147,100,927"
tt0250797,Unfaithful,2002,124,6.7,102289,50000000,119137784,"50,000,000","119,137,784",84686492.49583101,201787221.0137187,"84,686,492","201,787,221"
tt0251075,Evolution,2001,101,6.1,138993,80000000,98376292,"80,000,000","98,376,292",137640654.99717674,169257215.838419,"137,640,654","169,257,215"
tt0251114,Hart's War,2002,125,6.4,56437,70000000,32287044,"70,000,000","32,287,044",118561089.49416342,54685530.188371316,"118,561,089","54,685,530"
tt0251127,How to Lose a Guy in 10 Days,2003,116,6.5,294340,50000000,177500000,"50,000,000","177,500,000",82799456.52173913,293938070.65217394,"82,799,456","293,938,070"
tt0251160,John Q,2002,116,7.1,148106,36000000,102244770,"36,000,000","102,244,770",60974274.596998334,173175018.94685936,"60,974,274","173,175,018"
tt0251736,House of 1000 Corpses,2003,89,6.0,96813,7000000,17949758,"7,000,000","17,949,758",11591923.913043479,29724604.141934782,"11,591,923","29,724,604"
tt0252028,Surviving Christmas,2004,91,5.5,29455,45000000,14793624,"45,000,000","14,793,624",72586500.79407093,23862608.893848598,"72,586,500","23,862,608"
tt0252076,Maid in Manhattan,2002,105,5.4,99082,55000000,154906693,"55,000,000","154,906,693",93155141.74541412,262370089.88596997,"93,155,141","262,370,089"
tt0252299,Buffalo Soldiers,2001,98,6.7,25924,15000000,2300805,"15,000,000","2,300,805",25807622.81197064,3958553.8402597406,"25,807,622","3,958,553"
tt0252444,Rabbit-Proof Fence,2002,94,7.4,30986,6000000,16200000,"6,000,000","16,200,000",10162379.099499721,27438423.568649247,"10,162,379","27,438,423"
tt0252503,Heist,2001,109,6.5,40070,35000000,28500000,"35,000,000","28,500,000",60217786.56126482,49034483.34274422,"60,217,786","49,034,483"
tt0252866,American Pie 2,2001,108,6.4,277289,30000000,287553595,"30,000,000","287,553,595",51615245.62394128,494738314.5324111,"51,615,245","494,738,314"
tt0253474,The Pianist,2002,150,8.5,960421,35000000,120098945,"35,000,000","120,098,945",59280544.74708171,203415168.08999443,"59,280,544","203,415,168"
tt0253556,Reign of Fire,2002,101,6.2,148750,60000000,82150183,"60,000,000","82,150,183",101623790.99499722,139140217.1232129,"101,623,790","139,140,217"
tt0253798,Out Cold,2001,89,6.3,18891,24000000,14782676,"24,000,000","14,782,676",41292196.499153025,25433715.09063806,"41,292,196","25,433,715"
tt0253867,The Sweetest Thing,2002,84,5.2,64120,43000000,68696770,"43,000,000","68,696,770",72830383.54641467,116353769.9418566,"72,830,383","116,353,769"
tt0255798,The Animal,2001,84,4.8,65434,22000000,84772742,"22,000,000","84,772,742",37851180.124223605,145852196.68483344,"37,851,180","145,852,196"
tt0256380,Shallow Hal,2001,114,6.0,148849,40000000,141069860,"40,000,000","141,069,860",68820327.49858837,242711849.1345003,"68,820,327","242,711,849"
tt0256415,Sweet Home Alabama,2002,108,6.2,127697,30000000,180622424,"30,000,000","180,622,424",50811895.49749861,305925591.0930962,"50,811,895","305,925,591"
tt0257044,Road to Perdition,2002,117,7.7,292014,80000000,181001478,"80,000,000","181,001,478",135498387.9933296,306567606.16762644,"135,498,387","306,567,606"
tt0257106,Scary Movie 2,2001,83,5.4,181738,45000000,141220678,"45,000,000","141,220,678",77422868.43591192,242971332.73831734,"77,422,868","242,971,332"
tt0257360,About Schmidt,2002,125,7.2,135554,30000000,105834556,"30,000,000","105,834,556",50811895.49749861,179255146.64987215,"50,811,895","179,255,146"
tt0257516,Cursed,2005,97,5.1,36168,35000000,19300000,"35,000,000","19,300,000",54606093.18996415,30111359.95903738,"54,606,093","30,111,359"
tt0257568,Kangaroo Jack,2003,89,4.5,34668,60000000,88900000,"60,000,000","88,900,000",99359347.82608695,147217433.6956522,"99,359,347","147,217,433"
tt0257756,High Crimes,2002,115,6.4,49637,42000000,63781810,"42,000,000","63,781,810",71136653.69649805,108029155.47871038,"71,136,653","108,029,155"
tt0258000,Panic Room,2002,112,6.8,305677,48000000,197100000,"48,000,000","197,100,000",81299032.79599777,333834153.41856587,"81,299,032","333,834,153"
tt0258038,Pootie Tang,2001,81,5.3,15388,7000000,3300000,"7,000,000","3,300,000",12043557.312252965,5677677.018633541,"12,043,557","5,677,677"
tt0258068,The Quiet American,2002,101,7.0,30320,30000000,27674124,"30,000,000","27,674,124",50811895.49749861,46872489.88909394,"50,811,895","46,872,489"
tt0258153,S1m0ne,2002,117,6.1,63276,10000000,19576023,"10,000,000","19,576,023",16937298.4991662,33156494.497754306,"16,937,298","33,156,494"
tt0258463,The Bourne Identity,2002,119,7.8,592182,60000000,214034224,"60,000,000","214,034,224",101623790.99499722,362516154.0925403,"101,623,790","362,516,154"
tt0259288,Dragonfly,2002,104,6.1,40770,60000000,52322400,"60,000,000","52,322,400",101623790.99499722,88620010.69927737,"101,623,790","88,620,010"
tt0259324,Ghost Rider,2007,110,5.3,259655,110000000,228738393,"110,000,000","228,738,393",161651860.21163103,336145333.91153747,"161,651,860","336,145,333"
tt0259446,My Big Fat Greek Wedding,2002,95,6.6,147833,5000000,368744044,"5,000,000","368,744,044",8468649.2495831,624552794.3017676,"8,468,649","624,552,794"
tt0259711,Vanilla Sky,2001,136,6.9,293068,68000000,203388341,"68,000,000","203,388,341",116994556.74760023,349931305.9253642,"116,994,556","349,931,305"
tt0260866,Don't Say a Word,2001,113,6.3,58554,50000000,100020092,"50,000,000","100,020,092",86025409.37323546,172085387.19697347,"86,025,409","172,085,387"
tt0261289,Serving Sara,2002,99,5.3,19241,29000000,16930185,"29,000,000","16,930,185",49118165.64758199,28675159.699110616,"49,118,165","28,675,159"
tt0261392,Jay and Silent Bob Strike Back,2001,104,6.8,163499,22000000,33788161,"22,000,000","33,788,161",37851180.124223605,58132807.63987578,"37,851,180","58,132,807"
tt0263488,Jeepers Creepers,2001,90,6.2,149202,10000000,59217789,"10,000,000","59,217,789",17205081.874647092,101884690.81805758,"17,205,081","101,884,690"
tt0264150,View from the Top,2003,87,5.3,29559,30000000,19526014,"30,000,000","19,526,014",49679673.91304348,32334866.944717392,"49,679,673","32,334,866"
tt0264464,Catch Me If You Can,2002,141,8.1,1153421,52000000,352114312,"52,000,000","352,114,312",88073952.19566426,596386520.8172541,"88,073,952","596,386,520"
tt0264761,Kissing Jessica Stein,2001,97,6.5,17727,1000000,10013424,"1,000,000","10,013,424",1720508.1874647092,17228177.976555616,"1,720,508","17,228,177"
tt0264935,Murder by Numbers,2002,115,6.2,64203,50000000,56714147,"50,000,000","56,714,147",84686492.49583101,96058443.68645914,"84,686,492","96,058,443"
tt0265029,America's Sweethearts,2001,102,5.7,61678,64400000,138191428,"64,400,000","138,191,428",110800727.27272728,237759483.31143987,"110,800,727","237,759,483"
tt0265086,Black Hawk Down,2001,144,7.7,437445,92000000,172989651,"92,000,000","172,989,651",158286753.24675325,297630110.8921626,"158,286,753","297,630,110"
tt0265087,Black Knight,2001,95,4.9,44460,50000000,33422806,"50,000,000","33,422,806",86025409.37323546,57504211.37104461,"86,025,409","57,504,211"
tt0265208,The Girl Next Door,2004,109,6.7,250020,21000000,31635150,"21,000,000","31,635,150",33873700.370566435,51028552.01323451,"33,873,700","51,028,552"
tt0265298,Big Fat Liar,2002,88,5.5,41547,15000000,52970014,"15,000,000","52,970,014",25405947.748749305,89716893.86230128,"25,405,947","89,716,893"
tt0265349,The Mothman Prophecies,2002,119,6.4,86918,32000000,55305279,"32,000,000","55,305,279",54199355.197331846,93672201.90026681,"54,199,355","93,672,201"
tt0265459,One Hour Photo,2002,96,6.8,135551,12000000,52223306,"12,000,000","52,223,306",20324758.198999442,88452172.23352973,"20,324,758","88,452,172"
tt0265651,Ripley's Game,2002,110,6.6,19996,30000000,6200000,"30,000,000","6,200,000",50811895.49749861,10501125.069483045,"50,811,895","10,501,125"
tt0265662,The Rookie,2002,127,6.9,38089,20000000,75597042,"20,000,000","75,597,042",33874596.9983324,128040966.60080044,"33,874,596","128,040,966"
tt0265666,The Royal Tenenbaums,2001,110,7.6,320938,21000000,71441250,"21,000,000","71,441,250",36130671.93675889,122915255.54771316,"36,130,671","122,915,255"
tt0265808,Stealing Harvard,2002,85,5.1,13979,25000000,14277032,"25,000,000","14,277,032",42343246.24791551,24181435.266614784,"42,343,246","24,181,435"
tt0266391,The Cat's Meow,2001,114,6.4,9271,7000000,3646994,"7,000,000","3,646,994",12043557.312252965,6274683.036634671,"12,043,557","6,274,683"
tt0266452,Death to Smoochy,2002,109,6.3,43547,55000000,8400000,"55,000,000","8,400,000",93155141.74541412,14227330.73929961,"93,155,141","14,227,330"
tt0266465,A Man Apart,2003,109,6.0,50227,36000000,44350926,"36,000,000","44,350,926",59615608.69565217,73444651.3807174,"59,615,608","73,444,651"
tt0266489,Duplex,2003,89,5.9,63972,40000000,19322135,"40,000,000","19,322,135",66239565.217391305,31997245.536793474,"66,239,565","31,997,245"
tt0266543,Finding Nemo,2003,100,8.2,1152143,94000000,940335536,"94,000,000","940,335,536",155662978.26086956,1557185426.577565,"155,662,978","1,557,185,426"
tt0266697,Kill Bill: Vol. 1,2003,111,8.2,1242238,30000000,180906076,"30,000,000","180,906,076",49679673.91304348,299578495.4856087,"49,679,673","299,578,495"
tt0266747,Marci X,2003,84,3.0,5543,20000000,1675706,"20,000,000","1,675,706",33119782.608695652,2774950.9218043475,"33,119,782","2,774,950"
tt0266915,Rush Hour 2,2001,90,6.7,248255,90000000,347325802,"90,000,000","347,325,802",154845736.87182385,597576886.0587465,"154,845,736","597,576,886"
tt0266987,Spy Game,2001,126,7.1,171846,115000000,143049560,"115,000,000","143,049,560",197858441.55844158,246117939.1932242,"197,858,441","246,117,939"
tt0267248,Abandon,2002,99,4.8,10289,25000000,10719357,"25,000,000","10,719,357",42343246.24791551,18155694.92281267,"42,343,246","18,155,694"
tt0267804,The One,2001,87,5.9,97674,49000000,72689126,"49,000,000","72,689,126",84304901.18577075,125062236.42265387,"84,304,901","125,062,236"
tt0267913,Scooby-Doo,2002,86,5.3,131787,84000000,275650703,"84,000,000","275,650,703",142273307.3929961,466877823.82160085,"142,273,307","466,877,823"
tt0268126,Adaptation.,2002,115,7.7,208050,19000000,32800000,"19,000,000","32,800,000",32180867.148415785,55554339.07726514,"32,180,867","55,554,339"
tt0268380,Ice Age,2002,81,7.5,539765,59000000,383257136,"59,000,000","383,257,136",99930061.1450806,649134051.4367537,"99,930,061","649,134,051"
tt0268397,Jimmy Neutron: Boy Genius,2001,82,6.1,39228,25000000,80936232,"25,000,000","80,936,232",43012704.68661773,139251449.8185432,"43,012,704","139,251,449"
tt0268695,The Time Machine,2002,96,6.0,132934,80000000,123700000,"80,000,000","123,700,000",135498387.9933296,209514382.43468592,"135,498,387","209,514,382"
tt0268978,A Beautiful Mind,2001,135,8.2,1016826,58000000,316800000,"58,000,000","316,800,000",99789474.87295313,545056993.7888199,"99,789,474","545,056,993"
tt0268995,The Majestic,2001,152,6.9,59220,72000000,37317673,"72,000,000","37,317,673",123876589.49745907,64205361.93363071,"123,876,589","64,205,361"
tt0269095,City by the Sea,2002,108,6.1,27049,40000000,22433915,"40,000,000","22,433,915",67749193.9966648,37996991.485992216,"67,749,193","37,996,991"
tt0269341,Two Can Play That Game,2001,90,6.1,7650,13000000,22390000,"13,000,000","22,390,000",22366606.43704122,38522178.31733484,"22,366,606","38,522,178"
tt0269347,The Hunted,2003,94,6.1,52925,55000000,34234008,"55,000,000","34,234,008",91079402.17391305,56691145.139217384,"91,079,402","56,691,145"
tt0270288,Confessions of a Dangerous Mind,2002,113,7.0,93547,30000000,33013805,"30,000,000","33,013,805",50811895.49749861,55916466.98782657,"50,811,895","55,916,466"
tt0271027,Kiss of the Dragon,2001,98,6.6,67960,25000000,64437847,"25,000,000","64,437,847",43012704.68661773,110865843.34609826,"43,012,704","110,865,843"
tt0271259,Welcome to Collinwood,2002,86,6.3,15924,7000000,4402922,"7,000,000","4,402,922",11856108.949416341,7457360.418254585,"11,856,108","7,457,360"
tt0271367,Eight Legged Freaks,2002,99,5.5,61583,30000000,45900000,"30,000,000","45,900,000",50811895.49749861,77742200.11117287,"50,811,895","77,742,200"
tt0272020,The Last Castle,2001,131,6.9,87241,72000000,27642707,"72,000,000","27,642,707",123876589.49745907,47559503.71718803,"123,876,589","47,559,503"
tt0272152,K-PAX,2001,120,7.4,196707,48000000,50315140,"48,000,000","50,315,140",82584392.99830605,86567610.3234331,"82,584,392","86,567,610"
tt0272207,Narc,2002,105,7.1,44190,6500000,12633747,"6,500,000","12,633,747",11009244.024458032,21398154.410194553,"11,009,244","21,398,154"
tt0272338,Punch-Drunk Love,2002,95,7.3,184374,25000000,24665649,"25,000,000","24,665,649",42343246.24791551,41776945.97886603,"42,343,246","41,776,945"
tt0273517,Darkness,2002,88,5.4,20672,10600000,33988736,"10,600,000","33,988,736",17953536.409116175,57567736.72413564,"17,953,536","57,567,736"
tt0273923,Orange County,2002,82,6.2,52768,18000000,43300000,"18,000,000","43,300,000",30487137.298499167,73338502.50138965,"30,487,137","73,338,502"
tt0274166,Johnny English,2003,87,6.3,179398,40000000,160466000,"40,000,000","160,466,000",66239565.217391305,265729951.8043478,"66,239,565","265,729,951"
tt0274558,The Hours,2002,110,7.5,143768,25000000,108846217,"25,000,000","108,846,217",42343246.24791551,184356086.78340188,"42,343,246","184,356,086"
tt0274812,Secretary,2002,107,6.9,103538,4000000,9300000,"4,000,000","9,300,000",6774919.399666481,15751687.604224568,"6,774,919","15,751,687"
tt0275022,Crossroads,2002,93,3.8,45653,12000000,61141030,"12,000,000","61,141,030",20324758.198999442,103556387.56564759,"20,324,758","103,556,387"
tt0275847,Lilo & Stitch,2002,85,7.3,222491,80000000,273144151,"80,000,000","273,144,151",135498387.9933296,462632401.87883264,"135,498,387","462,632,401"
tt0276033,The Country Bears,2002,88,4.3,6337,35000000,18012097,"35,000,000","18,012,097",59280544.74708171,30507626.348493606,"59,280,544","30,507,626"
tt0276919,Dogville,2003,171,8.0,163229,10000000,16690617,"10,000,000","16,690,617",16559891.304347826,27639480.33225,"16,559,891","27,639,480"
tt0277296,The Scorpion King,2002,92,5.5,148507,60000000,165333180,"60,000,000","165,333,180",101623790.99499722,280029742.14763755,"101,623,790","280,029,742"
tt0277371,Not Another Teen Movie,2001,89,5.8,120436,16000000,66468332,"16,000,000","66,468,332",27528130.999435347,114359309.41312253,"27,528,130","114,359,309"
tt0278295,All About the Benjamins,2002,95,5.8,16022,14000000,25482931,"14,000,000","25,482,931",23712217.898832683,43161200.89806559,"23,712,217","43,161,200"
tt0278488,How High,2001,93,6.2,63364,12000000,31200000,"12,000,000","31,200,000",20646098.249576513,53679855.44889893,"20,646,098","53,679,855"
tt0278500,The Importance of Being Earnest,2002,97,6.8,25314,15000000,17300000,"15,000,000","17,300,000",25405947.748749305,29301526.40355753,"25,405,947","29,301,526"
tt0278504,Insomnia,2002,118,7.2,328135,46000000,113714830,"46,000,000","113,714,830",77911573.09616454,192602201.94919395,"77,911,573","192,602,201"
tt0278731,Spider,2002,98,6.7,42188,10000000,5809240,"10,000,000","5,809,240",16937298.4991662,9839283.193329627,"16,937,298","9,839,283"
tt0279111,Gods and Generals,2003,219,6.2,17599,56000000,12900000,"56,000,000","12,900,000",92735391.30434783,21362259.782608695,"92,735,391","21,362,259"
tt0279113,The Good Girl,2002,93,6.4,48543,8000000,16900000,"8,000,000","16,900,000",13549838.799332961,28624034.463590883,"13,549,838","28,624,034"
tt0279331,Dark Blue,2002,118,6.6,24797,15000000,12150301,"15,000,000","12,150,301",25405947.748749305,20579327.489171762,"25,405,947","20,579,327"
tt0279493,Undercover Brother,2002,86,5.9,36935,25000000,41604473,"25,000,000","41,604,473",42343246.24791551,70466737.81015007,"42,343,246","70,466,737"
tt0279781,Sorority Boys,2002,93,5.5,16537,12000000,12517488,"12,000,000","12,517,488",20324758.198999442,21201243.071573097,"20,324,758","21,201,243"
tt0280380,Trapped,2002,106,6.1,26392,30000000,13414416,"30,000,000","13,414,416",50811895.49749861,22720396.79839911,"50,811,895","22,720,396"
tt0280460,The Banger Sisters,2002,98,5.7,17665,10000000,38068353,"10,000,000","38,068,353",16937298.4991662,64477505.81326292,"16,937,298","64,477,505"
tt0280477,Better Luck Tomorrow,2002,101,7.0,10652,250000,3800000,"250,000","3,800,000",423432.46247915505,6436173.429683157,"423,432","6,436,173"
tt0280486,Bad Company,2002,116,5.6,50968,70000000,65977295,"70,000,000","65,977,295",118561089.49416342,111747713.95825459,"118,561,089","111,747,713"
tt0280590,Mr. Deeds,2002,96,5.8,157375,50000000,171269565,"50,000,000","171,269,565",84686492.49583101,290084374.62273484,"84,686,492","290,084,374"
tt0280609,Dog Soldiers,2002,105,6.8,68227,2000000,3537283,"2,000,000","3,537,283",3387459.6998332404,5991201.804702612,"3,387,459","5,991,201"
tt0280665,Femme Fatale,2002,114,6.2,38421,35000000,16800000,"35,000,000","16,800,000",59280544.74708171,28454661.47859922,"59,280,544","28,454,661"
tt0280707,Gosford Park,2001,137,7.2,97867,19800000,87754044,"19,800,000","87,754,044",34066062.111801244,150981551.18513834,"34,066,062","150,981,551"
tt0280760,Igby Goes Down,2002,98,6.8,36373,9000000,4777465,"9,000,000","4,777,465",15243568.649249583,8091735.077431907,"15,243,568","8,091,735"
tt0281322,Undisputed,2002,94,6.1,35451,20000000,14946150,"20,000,000","14,946,150",33874596.9983324,25314740.396331295,"33,874,596","25,314,740"
tt0281358,A Walk to Remember,2002,101,7.3,226123,11800000,47494916,"11,800,000","47,494,916",19986012.229016118,80443556.94848248,"19,986,012","80,443,556"
tt0281686,Bubba Ho-Tep,2002,92,6.9,52698,1000000,1239541,"1,000,000","1,239,541",1693729.8499166202,2099447.5918954974,"1,693,729","2,099,447"
tt0282687,Life or Something Like It,2002,103,5.8,28711,40000000,16872671,"40,000,000","16,872,671",67749193.9966648,28577746.52052251,"67,749,193","28,577,746"
tt0283111,Van Wilder,2002,92,6.4,118074,6000000,39241323,"6,000,000","39,241,323",10162379.099499721,66464200.115319625,"10,162,379","66,464,200"
tt0283160,Extreme Ops,2002,93,4.4,5793,40000000,10959475,"40,000,000","10,959,475",67749193.9966648,18562389.946914952,"67,749,193","18,562,389"
tt0283426,The Jungle Book 2,2003,72,5.3,18679,20000000,135700000,"20,000,000","135,700,000",33119782.608695652,224717725.0,"33,119,782","224,717,725"
tt0283632,They,2002,89,4.8,14358,17000000,12840842,"17,000,000","12,840,842",28793407.448582545,21748917.393463034,"28,793,407","21,748,917"
tt0284490,Showtime,2002,95,5.6,66126,85000000,77885672,"85,000,000","77,885,672",143967037.24291274,131917287.54721512,"143,967,037","131,917,287"
tt0284837,Ali G Indahouse,2002,87,6.2,97700,7000000,23280529,"7,000,000","23,280,529",11856108.949416341,39430926.889149524,"11,856,108","39,430,926"
tt0284978,Cypher,2002,95,6.7,32458,7500000,898365,"7,500,000","898,365",12702973.874374652,1521587.6166203448,"12,702,973","1,521,587"
tt0285531,Dreamcatcher,2003,134,5.5,98155,68000000,81240206,"68,000,000","81,240,206",112607260.86956522,134532898.09028262,"112,607,260","134,532,898"
tt0285823,Once Upon a Time in Mexico,2003,102,6.3,173116,29000000,98769390,"29,000,000","98,769,390",48023684.782608695,163561036.2596739,"48,023,684","163,561,036"
tt0285861,Owning Mahowny,2003,104,7.0,15285,10000000,1271244,"10,000,000","1,271,244",16559891.304347826,2105166.246130435,"16,559,891","2,105,166"
tt0286106,Signs,2002,106,6.8,399571,72000000,408200000,"72,000,000","408,200,000",121948549.19399667,691380524.7359644,"121,948,549","691,380,524"
tt0286499,Bend It Like Beckham,2002,112,6.7,119010,3500159,76578641,"3,500,159","76,578,641",5928323.777754308,129703530.12774874,"5,928,323","129,703,530"
tt0286716,Hulk,2003,138,5.6,284794,137000000,245360480,"137,000,000","245,360,480",226870510.86956522,406314287.91826093,"226,870,510","406,314,287"
tt0286788,What a Girl Wants,2003,105,5.8,68316,20000000,50700000,"20,000,000","50,700,000",33119782.608695652,83958648.91304348,"33,119,782","83,958,648"
tt0287978,Daredevil,2003,103,5.3,234885,78000000,179179718,"78,000,000","179,179,718",129167152.17391305,296719665.40236956,"129,167,152","296,719,665"
tt0288045,The Medallion,2003,88,5.2,44900,38000000,34300000,"38,000,000","34,300,000",62927586.95652174,56800427.17391305,"62,927,586","56,800,427"
tt0288477,Ghost Ship,2002,91,5.6,112854,35000000,71142361,"35,000,000","71,142,361",59280544.74708171,120495940.41924402,"59,280,544","120,495,940"
tt0289043,28 Days Later,2002,113,7.5,470640,8000000,84661434,"8,000,000","84,661,434",13549838.799332961,143393597.90254584,"13,549,838","143,393,597"
tt0289408,The Powerpuff Girls Movie,2002,73,6.5,11332,11000000,16400000,"11,000,000","16,400,000",18631028.349082824,27777169.53863257,"18,631,028","27,777,169"
tt0289765,Red Dragon,2002,124,7.2,301308,78000000,209196298,"78,000,000","209,196,298",132110928.29349639,354322014.4146526,"132,110,928","354,322,014"
tt0289848,Analyze That,2002,96,5.9,90957,60000000,55003135,"60,000,000","55,003,135",101623790.99499722,93160451.5884936,"101,623,790","93,160,451"
tt0289879,The Butterfly Effect,2004,113,7.6,537898,13000000,96800000,"13,000,000","96,800,000",20969433.562731605,156141628.3748015,"20,969,433","156,141,628"
tt0289992,The Life of David Gale,2003,130,7.5,129039,50000000,38955598,"50,000,000","38,955,598",82799456.52173913,64510046.85758696,"82,799,456","64,510,046"
tt0290002,Meet the Fockers,2004,115,6.3,294307,80000000,516642939,"80,000,000","516,642,939",129042668.07834832,833362291.1549921,"129,042,668","833,362,291"
tt0290095,The Tuxedo,2002,98,5.4,90698,60000000,104400000,"60,000,000","104,400,000",101623790.99499722,176825396.33129516,"101,623,790","176,825,396"
tt0290212,Full Frontal,2002,101,4.7,11421,2000000,3438804,"2,000,000","3,438,804",3387459.6998332404,5824404.982812674,"3,387,459","5,824,404"
tt0290332,The Wash,2001,93,4.8,7901,7000000,10229331,"7,000,000","10,229,331",12043557.312252965,17599647.73778656,"12,043,557","17,599,647"
tt0290334,X2: X-Men United,2003,134,7.4,594924,110000000,407711549,"110,000,000","407,711,549",182158804.3478261,675165893.4967282,"182,158,804","675,165,893"
tt0290747,Man-Thing,2005,97,4.1,7288,5000000,1123136,"5,000,000","1,123,136",7800870.455709165,1752287.6880286736,"7,800,870","1,752,287"
tt0291502,Swept Away,2002,89,3.6,18290,10000000,598645,"10,000,000","598,645",16937298.4991662,1013942.9060033351,"16,937,298","1,013,942"
tt0292506,The Recruit,2003,115,6.6,144449,46000000,101200000,"46,000,000","101,200,000",76175500.0,167586100.0,"76,175,500","167,586,100"
tt0292644,The Rules of Attraction,2002,110,6.6,54334,4000000,11832822,"4,000,000","11,832,822",6774919.399666481,20041603.830150083,"6,774,919","20,041,603"
tt0292963,Before the Devil Knows You're Dead,2007,117,7.3,116179,18000000,25005257,"18,000,000","25,005,257",26452122.580085076,36746784.6283628,"26,452,122","36,746,784"
tt0293429,Mortal Kombat,2021,110,6.0,195842,20000000,84426031,"20,000,000","84,426,031",22489722.10945861,94935898.7997269,"22,489,722","94,935,898"
tt0293508,The Phantom of the Opera,2004,143,7.2,134133,70000000,154674241,"70,000,000","154,674,241",112912334.56855479,249494709.2704182,"112,912,334","249,494,709"
tt0293564,Rush Hour 3,2007,91,6.2,190297,140000000,258097122,"140,000,000","258,097,122",205738731.17843947,379289817.1506207,"205,738,731","379,289,817"
tt0293662,The Transporter,2002,92,6.8,328811,21000000,43900000,"21,000,000","43,900,000",35568326.848249026,74354740.41133963,"35,568,326","74,354,740"
tt0293815,Friday After Next,2002,85,5.8,31304,20000000,33526835,"20,000,000","33,526,835",33874596.9983324,56785401.21272929,"33,874,596","56,785,401"
tt0294870,Rent,2005,135,6.8,56908,40000000,31670620,"40,000,000","31,670,620",62406963.64567332,49411680.77439836,"62,406,963","49,411,680"
tt0295178,Austin Powers in Goldmember,2002,94,6.2,228054,63000000,296938801,"63,000,000","296,938,801",106704980.54474708,502934110.8521512,"106,704,980","502,934,110"
tt0295289,A Guy Thing,2003,101,5.6,18817,20000000,17400000,"20,000,000","17,400,000",33119782.608695652,28814210.86956522,"33,119,782","28,814,210"
tt0295297,Harry Potter and the Chamber of Secrets,2002,161,7.4,724061,100000000,876688482,"100,000,000","876,688,482",169372984.99166203,1484873451.0414896,"169,372,984","1,484,873,451"
tt0295427,The Master of Disguise,2002,80,3.4,28033,16000000,43400000,"16,000,000","43,400,000",27099677.598665923,73507875.48638132,"27,099,677","73,507,875"
tt0295700,Wrong Turn,2003,84,6.1,138296,12600000,28650575,"12,600,000","28,650,575",20865463.04347826,47445040.78070652,"20,865,463","47,445,040"
tt0295701,xXx,2002,124,5.8,189633,70000000,277448382,"70,000,000","277,448,382",118561089.49416342,469922606.40446913,"118,561,089","469,922,606"
tt0295725,Time Changer,2002,95,5.3,3140,855000,1500711,"855,000","1,500,711",1448139.0216787104,2541799.016798221,"1,448,139","2,541,799"
tt0296572,The Chronicles of Riddick,2004,119,6.6,247023,105000000,115772733,"105,000,000","115,772,733",169368501.85283217,186745279.46302807,"169,368,501","186,745,279"
tt0297037,Brown Sugar,2002,109,6.5,10626,8000000,27362712,"8,000,000","27,362,712",13549838.799332961,46345042.089071706,"13,549,838","46,345,042"
tt0297162,Half Past Dead,2002,98,4.6,17215,25000000,19233280,"25,000,000","19,233,280",42343246.24791551,32575980.447804336,"42,343,246","32,575,980"
tt0297181,I Spy,2002,97,5.4,54319,70000000,51386477,"70,000,000","51,386,477",118561089.49416342,87034809.97695386,"118,561,089","87,034,809"
tt0297284,Mindhunters,2004,106,6.3,65554,27000000,21100000,"27,000,000","21,100,000",43551900.47644256,34035003.705664374,"43,551,900","34,035,003"
tt0297884,Far from Heaven,2002,107,7.3,50317,13500000,29027914,"13,500,000","29,027,914",22865352.973874375,49165444.42261256,"22,865,352","49,165,444"
tt0298130,The Ring,2002,115,7.1,387512,48000000,249348933,"48,000,000","249,348,933",81299032.79599777,422329730.86695945,"81,299,032","422,329,730"
tt0298148,Shrek 2,2004,93,7.4,527095,150000000,935454538,"150,000,000","935,454,538",241955002.64690313,1508919368.1189837,"241,955,002","1,508,919,368"
tt0298203,8 Mile,2002,110,7.2,335685,41000000,242875078,"41,000,000","242,875,078",69442923.84658143,411364769.4094274,"69,442,923","411,364,769"
tt0298388,Jonah: A VeggieTales Movie,2002,82,6.5,4678,14000000,25615231,"14,000,000","25,615,231",23712217.898832683,43385281.357209556,"23,712,217","43,385,281"
tt0298744,Auto Focus,2002,105,6.7,15552,7000000,2062066,"7,000,000","2,062,066",11856108.949416341,3492582.7366981655,"11,856,108","3,492,582"
tt0298814,The Core,2003,135,5.5,109778,60000000,74208267,"60,000,000","74,208,267",99359347.82608695,122888083.54040216,"99,359,347","122,888,083"
tt0299172,Home on the Range,2004,76,5.4,27467,110000000,145358062,"110,000,000","145,358,062",177433668.60772896,234467401.83972472,"177,433,668","234,467,401"
tt0299658,Chicago,2002,113,7.2,249298,45000000,306776732,"45,000,000","306,776,732",76217843.24624792,519596908.2482712,"76,217,843","519,596,908"
tt0300051,Jersey Girl,2004,102,6.2,72567,35000000,35492921,"35,000,000","35,492,921",56456167.284277394,57251265.29667549,"56,456,167","57,251,265"
tt0300471,Shanghai Knights,2003,114,6.2,114767,50000000,88323487,"50,000,000","88,323,487",82799456.52173913,146262734.43409783,"82,799,456","146,262,734"
tt0300532,Blue Crush,2002,104,5.7,33636,25000000,51842679,"25,000,000","51,842,679",42343246.24791551,87807492.92194551,"42,343,246","87,807,492"
tt0300556,Timeline,2003,116,5.6,67280,80000000,43935763,"80,000,000","43,935,763",132479130.43478261,72757145.96535869,"132,479,130","72,757,145"
tt0301470,Jeepers Creepers 2,2003,104,5.7,73206,17000000,63102666,"17,000,000","63,102,666",28151815.217391305,104497328.99745654,"28,151,815","104,497,328"
tt0302640,The Hot Chick,2002,104,5.6,105751,34000000,54639553,"34,000,000","54,639,553",57586814.89716509,92544641.90220122,"57,586,814","92,544,641"
tt0302886,Old School,2003,88,7.0,249611,24000000,87100000,"24,000,000","87,100,000",39743739.13043478,144236653.26086956,"39,743,739","144,236,653"
tt0303714,Barbershop,2002,102,6.3,34490,12000000,77063924,"12,000,000","77,063,924",20324758.198999442,130525468.43050583,"20,324,758","130,525,468"
tt0303816,Cabin Fever,2002,93,5.6,85864,1500000,30600000,"1,500,000","30,600,000",2540594.7748749303,51828133.40744858,"2,540,594","51,828,133"
tt0304141,Harry Potter and the Prisoner of Azkaban,2004,142,7.9,723963,130000000,789804554,"130,000,000","789,804,554",209694335.62731603,1273981086.3573742,"209,694,335","1,273,981,086"
tt0304669,The Santa Clause 2,2002,104,5.7,66699,65000000,172842355,"65,000,000","172,842,355",110092440.24458031,292748255.9933852,"110,092,440","292,748,255"
tt0305224,Anger Management,2003,106,6.3,234088,75000000,195745823,"75,000,000","195,745,823",124199184.7826087,324152955.21601087,"124,199,184","324,152,955"
tt0305357,Charlie's Angels: Full Throttle,2003,106,4.9,135879,120000000,259175788,"120,000,000","259,175,788",198718695.6521739,429192287.79986954,"198,718,695","429,192,287"
tt0305711,Just Married,2003,95,5.5,75942,18000000,101564935,"18,000,000","101,564,935",29807804.347826086,168190428.39331523,"29,807,804","168,190,428"
tt0306047,Scary Movie 3,2003,84,5.6,163493,48000000,220673217,"48,000,000","220,673,217",79487478.26086956,365432448.7300761,"79,487,478","365,432,448"
tt0306685,Cradle 2 the Grave,2003,101,5.8,47620,25000000,56500000,"25,000,000","56,500,000",41399728.26086956,93563385.86956522,"41,399,728","93,563,385"
tt0306841,The Lizzie McGuire Movie,2003,94,5.6,43350,17000000,55534455,"17,000,000","55,534,455",28151815.217391305,91964453.84461956,"28,151,815","91,964,453"
tt0307453,Shark Tale,2004,90,6.0,204966,75000000,367300000,"75,000,000","367,300,000",120977501.32345156,592467149.8147168,"120,977,501","592,467,149"
tt0307479,Solaris,2002,99,6.2,87483,47000000,30002758,"47,000,000","30,002,758",79605302.94608115,50816566.80442467,"79,605,302","50,816,566"
tt0307901,25th Hour,2002,135,7.6,187245,5000000,23932055,"5,000,000","23,932,055",8468649.2495831,40534435.9233463,"8,468,649","40,534,435"
tt0307987,Bad Santa,2003,92,7.0,161110,23000000,76500000,"23,000,000","76,500,000",38087750.0,126683168.47826087,"38,087,750","126,683,168"
tt0308152,Dead End,2003,85,6.5,33744,900000,898994,"900,000","898,994",1490390.2173913044,1488724.292326087,"1,490,390","1,488,724"
tt0308353,Happily N'Ever After,2006,87,4.5,11357,47000000,38100000,"47,000,000","38,100,000",71036676.58730158,57585050.5952381,"71,036,676","57,585,050"
tt0308506,Like Mike,2002,99,5.4,23425,30000000,62300000,"30,000,000","62,300,000",50811895.49749861,105519369.64980544,"50,811,895","105,519,369"
tt0309377,Blood Work,2002,110,6.4,49215,50000000,31794718,"50,000,000","31,794,718",84686492.49583101,53851662.94628126,"84,686,492","53,851,662"
tt0309530,Down with Love,2003,101,6.3,45680,35000000,20298207,"35,000,000","20,298,207",57959619.56521739,33613610.15931522,"57,959,619","33,613,610"
tt0309593,Final Destination 2,2003,90,6.2,191235,26000000,90941129,"26,000,000","90,941,129",43055717.39130435,150597521.13346738,"43,055,717","150,597,521"
tt0309698,Identity,2003,90,7.3,277888,28000000,90259536,"28,000,000","90,259,536",46367695.652173914,149468810.53408694,"46,367,695","149,468,810"
tt0309987,The Dreamers,2003,115,7.1,136885,15000000,15100000,"15,000,000","15,100,000",24839836.95652174,25005435.86956522,"24,839,836","25,005,435"
tt0310281,A Mighty Wind,2003,91,7.2,30132,6000000,18750246,"6,000,000","18,750,246",9935934.782608695,31050203.56897826,"9,935,934","31,050,203"
tt0310357,Willard,2003,100,6.1,20911,22000000,8564586,"22,000,000","8,564,586",36431760.86956522,14182861.322673915,"36,431,760","14,182,861"
tt0310910,Confidence,2003,97,6.6,35862,15000000,23014206,"15,000,000","23,014,206",24839836.95652174,38111274.981586955,"24,839,836","38,111,274"
tt0311113,Master and Commander: The Far Side of the World,2003,138,7.5,245483,150000000,212000000,"150,000,000","212,000,000",248398369.5652174,351069695.65217394,"248,398,369","351,069,695"
tt0311289,Holes,2003,117,7.0,104418,20000000,71406573,"20,000,000","71,406,573",33119782.608695652,118248508.72959782,"33,119,782","118,248,508"
tt0311429,The League of Extraordinary Gentlemen,2003,110,5.8,187578,78000000,179265204,"78,000,000","179,265,204",129167152.17391305,296861229.2891739,"129,167,152","296,861,229"
tt0312004,Wallace & Gromit: The Curse of the Were-Rabbit,2005,85,7.5,152576,30000000,192610372,"30,000,000","192,610,372",46805222.734254986,300505712.0795903,"46,805,222","300,505,712"
tt0312528,The Cat in the Hat,2003,82,4.1,90405,109000000,133800000,"109,000,000","133,800,000",180502815.2173913,221571345.6521739,"180,502,815","221,571,345"
tt0312549,Veronica Guerin,2003,98,6.8,22508,17000000,9439660,"17,000,000","9,439,660",28151815.217391305,15631974.355,"28,151,815","15,631,974"
tt0313542,Runaway Jury,2003,127,7.1,111699,60000000,80154140,"60,000,000","80,154,140",99359347.82608695,132734384.59934781,"99,359,347","132,734,384"
tt0313737,Two Weeks Notice,2002,101,6.2,130121,60000000,199043242,"60,000,000","199,043,242",101623790.99499722,337125480.39957756,"101,623,790","337,125,480"
tt0313911,Agent Cody Banks,2003,102,5.1,37932,28000000,58795814,"28,000,000","58,795,814",46367695.652173914,97365228.89906523,"46,367,695","97,365,228"
tt0314331,Love Actually,2003,135,7.6,556997,40000000,249600000,"40,000,000","249,600,000",66239565.217391305,413334886.95652175,"66,239,565","413,334,886"
tt0314786,The In-Laws,2003,98,5.7,18158,40000000,26800000,"40,000,000","26,800,000",66239565.217391305,44380508.69565217,"66,239,565","44,380,508"
tt0315327,Bruce Almighty,2003,101,6.8,449819,80000000,484592874,"80,000,000","484,592,874",132479130.43478261,802480532.0301522,"132,479,130","802,480,532"
tt0315733,21 Grams,2003,124,7.6,249433,20000000,60427839,"20,000,000","60,427,839",33119782.608695652,100067844.55966304,"33,119,782","100,067,844"
tt0315983,House of Sand and Fog,2003,126,7.5,74208,16500000,16942795,"16,500,000","16,942,795",27323820.652173914,28057084.359184783,"27,323,820","28,057,084"
tt0316356,Open Range,2003,139,7.4,81016,22000000,68296293,"22,000,000","68,296,293",36431760.86956522,113097918.85698913,"36,431,760","113,097,918"
tt0316396,Peter Pan,2003,113,6.8,82297,100000000,121975011,"100,000,000","121,975,011",165598913.04347825,201989292.40066305,"165,598,913","201,989,292"
tt0316465,Radio,2003,109,6.9,45141,35000000,53293628,"35,000,000","53,293,628",57959619.56521739,88253668.68943478,"57,959,619","88,253,668"
tt0316654,Spider-Man 2,2004,127,7.5,740476,200000000,788976453,"200,000,000","788,976,453",322606670.1958708,1272645331.826395,"322,606,670","1,272,645,331"
tt0316732,Taxi,2004,97,4.6,45991,25000000,71255003,"25,000,000","71,255,003",40325833.77448385,114936696.26313393,"40,325,833","114,936,696"
tt0317198,Bridget Jones: The Edge of Reason,2004,108,6.0,128301,40000000,265126918,"40,000,000","265,126,918",64521334.03917416,427658560.9763685,"64,521,334","427,658,560"
tt0317219,Cars,2006,116,7.3,497334,120000000,461983149,"120,000,000","461,983,149",181370238.0952381,698249947.7509822,"181,370,238","698,249,947"
tt0317303,Daddy Day Care,2003,92,5.6,76007,60000000,164433867,"60,000,000","164,433,867",99359347.82608695,272300696.4273587,"99,359,347","272,300,696"
tt0317648,Hidalgo,2004,136,6.7,87104,100000000,108103450,"100,000,000","108,103,450",161303335.0979354,174374470.20592907,"161,303,335","174,374,470"
tt0317676,House of the Dead,2003,90,2.1,39191,12000000,13818181,"12,000,000","13,818,181",19871869.56521739,22882757.538380433,"19,871,869","22,882,757"
tt0317705,The Incredibles,2004,115,8.0,847805,92000000,631442092,"92,000,000","631,442,092",148399068.29010057,1018537153.6081735,"148,399,068","1,018,537,153"
tt0317740,The Italian Job,2003,111,7.0,397270,60000000,176070171,"60,000,000","176,070,171",99359347.82608695,291570289.3697935,"99,359,347","291,570,289"
tt0318155,Looney Tunes: Back in Action,2003,91,5.8,41578,80000000,68500000,"80,000,000","68,500,000",132479130.43478261,113435255.43478261,"132,479,130","113,435,255"
tt0318283,Alex & Emma,2003,96,5.5,14077,30000000,15368897,"30,000,000","15,368,897",49679673.91304348,25450726.37877174,"49,679,673","25,450,726"
tt0318627,Resident Evil: Apocalypse,2004,94,6.1,214943,45000000,129342769,"45,000,000","129,342,769",72586500.79407093,208634200.1050185,"72,586,500","208,634,200"
tt0318649,Sahara,2005,124,6.1,106173,130000000,119269486,"130,000,000","119,269,486",202822631.8484383,186081161.92100355,"202,822,631","186,081,161"
tt0318974,The Alamo,2004,137,6.1,22827,107000000,25819961,"107,000,000","25,819,961",172594568.55479088,41648458.21398623,"172,594,568","41,648,458"
tt0319061,Big Fish,2003,125,8.0,467799,70000000,123200000,"70,000,000","123,200,000",115919239.13043478,204017860.86956522,"115,919,239","204,017,860"
tt0319262,The Day After Tomorrow,2004,124,6.5,494681,125000000,552639571,"125,000,000","552,639,571",201629168.87241927,891426059.0939227,"201,629,168","891,426,059"
tt0319343,Elf,2003,97,7.1,328784,32000000,228500000,"32,000,000","228,500,000",52991652.17391305,378393516.3043478,"52,991,652","378,393,516"
tt0320244,Party Monster,2003,98,6.2,17657,5000000,742898,"5,000,000","742,898",8279945.652173913,1230231.0130217392,"8,279,945","1,230,231"
tt0320661,Kingdom of Heaven,2005,144,7.3,330929,130000000,218100001,"130,000,000","218,100,001",202822631.8484383,340273970.83820784,"202,822,631","340,273,970"
tt0320691,Underworld,2003,121,7.0,292740,22000000,95708457,"22,000,000","95,708,457",36431760.86956522,158492164.4826848,"36,431,760","158,492,164"
tt0322259,2 Fast 2 Furious,2003,107,5.9,308376,76000000,236350661,"76,000,000","236,350,661",125855173.91304348,391394125.5870761,"125,855,173","391,394,125"
tt0322330,Freaky Friday,2003,97,6.3,159500,26000000,160846332,"26,000,000","160,846,332",43055717.39130435,266359777.46230435,"43,055,717","266,359,777"
tt0322802,Jackass: The Movie,2002,85,6.6,104086,5000000,64282312,"5,000,000","64,282,312",8468649.2495831,108876870.65605335,"8,468,649","108,876,870"
tt0323033,Laws of Attraction,2004,90,5.9,25152,28000000,30000000,"28,000,000","30,000,000",45164933.82742192,48391000.52938062,"45,164,933","48,391,000"
tt0323642,Piglet's Big Movie,2003,75,6.1,9070,46000000,62870546,"46,000,000","62,870,546",76175500.0,104112940.8005,"76,175,500","104,112,940"
tt0324127,Suspect Zero,2004,99,5.8,21805,27000000,13000000,"27,000,000","13,000,000",43551900.47644256,20969433.562731605,"43,551,900","20,969,433"
tt0324216,The Texas Chainsaw Massacre,2003,98,6.2,156609,9500000,107967319,"9,500,000","107,967,319",15731896.739130436,178792706.70618477,"15,731,896","178,792,706"
tt0325537,Head of State,2003,95,5.5,21653,35200000,37788228,"35,200,000","37,788,228",58290817.39130435,62576894.8263913,"58,290,817","62,576,894"
tt0325703,Lara Croft: Tomb Raider - The Cradle of Life,2003,117,5.5,147967,95000000,160099222,"95,000,000","160,099,222",157318967.39130434,265122571.42306522,"157,318,967","265,122,571"
tt0325710,The Last Samurai,2003,154,7.8,486393,140000000,456800000,"140,000,000","456,800,000",231838478.26086956,756455834.7826087,"231,838,478","756,455,834"
tt0325805,Matchstick Men,2003,116,7.3,141649,62000000,65565672,"62,000,000","65,565,672",102671326.08695652,108576040.16165218,"102,671,326","108,576,040"
tt0325980,Pirates of the Caribbean: The Curse of the Black Pearl,2003,143,8.1,1256570,140000000,655011224,"140,000,000","655,011,224",231838478.26086956,1084691467.2567825,"231,838,478","1,084,691,467"
tt0326905,The Great Raid,2005,132,6.6,24324,80000000,10166502,"80,000,000","10,166,502",124813927.29134664,15861513.017941626,"124,813,927","15,861,513"
tt0327036,Martin Lawrence Live: Runteldat,2002,113,5.4,1808,3000000,19184015,"3,000,000","19,184,015",5081189.549749861,32492538.846748192,"5,081,189","32,492,538"
tt0327056,Mystic River,2003,138,7.9,501286,25000000,156800000,"25,000,000","156,800,000",41399728.26086956,259659095.6521739,"41,399,728","259,659,095"
tt0327084,Over the Hedge,2006,83,6.7,195376,80000000,343397247,"80,000,000","343,397,247",120913492.06349206,519017003.746994,"120,913,492","519,017,003"
tt0327162,The Stepford Wives,2004,93,5.4,71614,90000000,102000000,"90,000,000","102,000,000",145173001.58814186,164529401.79989412,"145,173,001","164,529,401"
tt0327437,Around the World in 80 Days,2004,120,5.9,97047,110000000,72178895,"110,000,000","72,178,895",177433668.60772896,116426964.87183695,"177,433,668","116,426,964"
tt0327554,Catwoman,2004,104,3.4,128600,100000000,82102379,"100,000,000","82,102,379",161303335.0979354,132433875.52174695,"161,303,335","132,433,875"
tt0327597,Coraline,2009,100,7.8,281581,60000000,185860104,"60,000,000","185,860,104",85216629.29937492,263972859.7351879,"85,216,629","263,972,859"
tt0327679,Ella Enchanted,2004,96,6.3,77673,31000000,27400000,"31,000,000","27,400,000",50004033.88035998,44197113.8168343,"50,004,033","44,197,113"
tt0327850,The Rundown,2003,104,6.7,145977,85000000,80900000,"85,000,000","80,900,000",140759076.08695653,133969520.6521739,"140,759,076","133,969,520"
tt0328107,Man on Fire,2004,146,7.7,401244,70000000,130300000,"70,000,000","130,300,000",112912334.56855479,210178245.63260984,"112,912,334","210,178,245"
tt0328538,Thirteen,2003,100,6.8,102594,2000000,10128960,"2,000,000","10,128,960",3311978.2608695654,16773447.662608696,"3,311,978","16,773,447"
tt0328589,Under the Tuscan Sun,2003,113,6.7,62526,18000000,58878723,"18,000,000","58,878,723",29807804.347826086,97502525.30188045,"29,807,804","97,502,525"
tt0328828,American Wedding,2003,96,6.3,222342,55000000,231449203,"55,000,000","231,449,203",91079402.17391305,383277364.4157935,"91,079,402","383,277,364"
tt0329028,Dumb and Dumberer: When Harry Met Lloyd,2003,85,3.5,43402,19000000,39267515,"19,000,000","39,267,515",31463793.47826087,65026578.01918478,"31,463,793","65,026,578"
tt0329101,Freddy vs. Jason,2003,97,5.7,131273,30000000,116643421,"30,000,000","116,643,421",49679673.91304348,193160237.31272826,"49,679,673","193,160,237"
tt0329575,Seabiscuit,2003,140,7.3,78197,87000000,148300000,"87,000,000","148,300,000",144071054.3478261,245583188.04347825,"144,071,054","245,583,188"
tt0329691,Torque,2004,84,4.1,29984,40000000,46546197,"40,000,000","46,546,197",64521334.03917416,75080568.12225516,"64,521,334","75,080,568"
tt0329717,Hollywood Homicide,2003,116,5.3,40323,75000000,51142659,"75,000,000","51,142,659",124199184.7826087,84691687.40553261,"124,199,184","84,691,687"
tt0330373,Harry Potter and the Goblet of Fire,2005,157,7.7,712393,150000000,895921036,"150,000,000","895,921,036",234026113.67127496,1397792788.0761495,"234,026,113","1,397,792,788"
tt0330793,The Punisher,2004,124,6.4,175245,33000000,54700105,"33,000,000","54,700,105",53230100.582318686,88233093.66707252,"53,230,100","88,233,093"
tt0331632,Scooby-Doo 2: Monsters Unleashed,2004,93,5.3,68208,80000000,181466833,"80,000,000","181,466,833",129042668.07834832,292712053.72560084,"129,042,668","292,712,053"
tt0331953,Club Dread,2004,104,5.7,32069,8500000,5001655,"8,500,000","5,001,655",13710783.48332451,8067836.325092641,"13,710,783","8,067,836"
tt0332047,Fever Pitch,2005,104,6.2,48802,30000000,50500000,"30,000,000","50,500,000",46805222.734254986,78788791.60266256,"46,805,222","78,788,791"
tt0332280,The Notebook,2004,123,7.8,650785,29000000,115600000,"29,000,000","115,600,000",46777967.17840127,186466655.37321332,"46,777,967","186,466,655"
tt0332375,Saved!,2004,92,6.7,49986,5000000,10100000,"5,000,000","10,100,000",8065166.75489677,16291636.844891477,"8,065,166","16,291,636"
tt0332379,School of Rock,2003,109,7.2,343017,35000000,131100000,"35,000,000","131,100,000",57959619.56521739,217100175.0,"57,959,619","217,100,175"
tt0332452,Troy,2004,163,7.3,589674,175000000,497409852,"175,000,000","497,409,852",282280836.42138696,802338680.3817046,"282,280,836","802,338,680"
tt0332658,Intermission,2003,105,6.8,16909,5000000,4856298,"5,000,000","4,856,298",8279945.652173913,8041976.702152175,"8,279,945","8,041,976"
tt0333766,Garden State,2004,102,7.4,226017,2500000,26781723,"2,500,000","26,781,723",4032583.377448385,43199812.395690836,"4,032,583","43,199,812"
tt0335119,Girl with a Pearl Earring,2003,100,6.9,84001,10500000,31500000,"10,500,000","31,500,000",17387885.86956522,52163657.60869565,"17,387,885","52,163,657"
tt0335245,The Ladykillers,2004,104,6.2,110520,35000000,76700000,"35,000,000","76,700,000",56456167.284277394,123719658.02011646,"56,456,167","123,719,658"
tt0335266,Lost in Translation,2003,102,7.7,508276,4000000,119723856,"4,000,000","119,723,856",6623956.521739131,198261404.18973914,"6,623,956","198,261,404"
tt0335345,The Passion of the Christ,2004,127,7.2,257542,30000000,612060372,"30,000,000","612,060,372",48391000.52938062,987273792.8488301,"48,391,000","987,273,792"
tt0335438,Starsky & Hutch,2004,101,6.1,157454,60000000,170300000,"60,000,000","170,300,000",96782001.05876124,274699579.671784,"96,782,001","274,699,579"
tt0335559,Win a Date with Tad Hamilton!,2004,95,5.6,30088,17000000,16980098,"17,000,000","16,980,098",27421566.96664902,27389464.376897827,"27,421,566","27,389,464"
tt0335563,Wonderland,2003,104,6.5,23924,5000000,2466444,"5,000,000","2,466,444",8279945.652173913,4084404.4548260868,"8,279,945","4,084,404"
tt0337563,13 Going on 30,2004,98,6.3,230610,37000000,96500000,"37,000,000","96,500,000",59682233.9862361,155657718.36950767,"59,682,233","155,657,718"
tt0337579,Barbershop 2: Back in Business,2004,106,5.7,16442,18000000,65070412,"18,000,000","65,070,412",29034600.317628372,104960744.71796717,"29,034,600","104,960,744"
tt0337692,On the Road,2012,124,6.0,43956,25000000,8784318,"25,000,000","8,784,318",33178349.608439244,11657966.947028233,"33,178,349","11,657,966"
tt0337741,Something's Gotta Give,2003,128,6.7,132454,80000000,270000000,"80,000,000","270,000,000",132479130.43478261,447117065.2173913,"132,479,130","447,117,065"
tt0337917,Catch That Kid,2004,91,5.2,11197,18000000,16951702,"18,000,000","16,951,702",29034600.317628372,27343660.68186342,"29,034,600","27,343,660"
tt0337978,Live Free or Die Hard,2007,128,7.1,428072,110000000,383531464,"110,000,000","383,531,464",161651860.21163103,563623405.5026381,"161,651,860","563,623,405"
tt0338013,Eternal Sunshine of the Spotless Mind,2004,108,8.3,1128183,20000000,72258126,"20,000,000","72,258,126",32260667.01958708,116554767.11726838,"32,260,667","116,554,767"
tt0338094,The Haunted Mansion,2003,88,5.2,58865,90000000,182290266,"90,000,000","182,290,266",149039021.73913044,301870699.08006525,"149,039,021","301,870,699"
tt0338337,Paycheck,2003,119,6.3,115059,60000000,117248958,"60,000,000","117,248,958",99359347.82608695,194163000.00280434,"99,359,347","194,163,000"
tt0338348,The Polar Express,2004,100,6.6,256367,165000000,318432432,"165,000,000","318,432,432",266150502.91159344,513642132.84946525,"266,150,502","513,642,132"
tt0338466,Stuck on You,2003,118,5.8,55804,55000000,65784503,"55,000,000","65,784,503",91079402.17391305,108938421.91905434,"91,079,402","108,938,421"
tt0338512,Two Brothers,2004,109,7.0,16202,74500000,62172050,"74,500,000","62,172,050",120170984.64796188,100285590.14875594,"120,170,984","100,285,590"
tt0338526,Van Helsing,2004,131,6.1,296088,160000000,300257475,"160,000,000","300,257,475",258085336.15669665,484325321.0558496,"258,085,336","484,325,321"
tt0338751,The Aviator,2004,170,7.5,393492,110000000,213700000,"110,000,000","213,700,000",177433668.60772896,344705227.104288,"177,433,668","344,705,227"
tt0339034,From Justin to Kelly,2003,81,1.9,27173,12000000,4922166,"12,000,000","4,922,166",19871869.56521739,8151053.394195653,"19,871,869","8,151,053"
tt0339291,A Series of Unfortunate Events,2004,108,6.8,225702,140000000,209073645,"140,000,000","209,073,645",225824669.13710958,337242762.1958179,"225,824,669","337,242,762"
tt0339412,Mr. 3000,2004,104,5.6,15431,30000000,21800000,"30,000,000","21,800,000",48391000.52938062,35164127.05134992,"48,391,000","35,164,127"
tt0340012,Being Julia,2004,104,7.0,13161,18000000,14300000,"18,000,000","14,300,000",29034600.317628372,23066376.919004764,"29,034,600","23,066,376"
tt0340855,Monster,2003,109,7.3,167043,8000000,60400000,"8,000,000","60,400,000",13247913.043478262,100021743.47826087,"13,247,913","100,021,743"
tt0342258,Unleashed,2005,103,7.0,109795,45000000,50871113,"45,000,000","50,871,113",70207834.10138248,79367792.49014848,"70,207,834","79,367,792"
tt0343135,Along Came Polly,2004,90,6.0,147133,42000000,178300000,"42,000,000","178,300,000",67747400.74113287,287603846.47961885,"67,747,400","287,603,846"
tt0343660,50 First Dates,2004,99,6.8,396047,75000000,196482882,"75,000,000","196,482,882",120977501.32345156,316933441.562541,"120,977,501","316,933,441"
tt0343737,The Good Shepherd,2006,167,6.7,110403,85000000,100266865,"85,000,000","100,266,865",128470585.31746033,151545209.81760913,"128,470,585","151,545,209"
tt0343818,"I, Robot",2004,115,7.1,593596,120000000,347234916,"120,000,000","347,234,916",193564002.11752248,560101500.1325145,"193,564,002","560,101,500"
tt0343996,The Lost City,2005,144,6.5,10033,9600000,4386236,"9,600,000","4,386,236",14977671.274961596,6843291.764833588,"14,977,671","6,843,291"
tt0345950,The SpongeBob SquarePants Movie,2004,87,7.2,107109,30000000,140161792,"30,000,000","140,161,792",48391000.52938062,226085645.02903125,"48,391,000","226,085,645"
tt0346156,Sky Captain and the World of Tomorrow,2004,106,6.1,88675,70000000,57958696,"70,000,000","57,958,696",112912334.56855479,93489309.62727368,"112,912,334","93,489,309"
tt0346491,Alexander,2004,175,5.6,179596,155000000,167298192,"155,000,000","167,298,192",250020169.4017999,269857563.25454736,"250,020,169","269,857,563"
tt0348150,Superman Returns,2006,154,6.1,295419,223000000,391081192,"223,000,000","391,081,192",337046359.1269841,591087407.5634127,"337,046,359","591,087,407"
tt0349467,Freedomland,2006,113,5.2,17458,37665000,14655628,"37,665,000","14,655,628",56927583.48214286,22150789.49829365,"56,927,583","22,150,789"
tt0349683,King Arthur,2004,126,6.3,179132,120000000,203600000,"120,000,000","203,600,000",193564002.11752248,328413590.2593965,"193,564,002","328,413,590"
tt0349825,Miracle,2004,135,7.5,60970,28000000,64400000,"28,000,000","64,400,000",45164933.82742192,103879347.80307041,"45,164,933","103,879,347"
tt0349903,Ocean's Twelve,2004,125,6.5,424715,110000000,362744280,"110,000,000","362,744,280",177433668.60772896,585118621.516993,"177,433,668","585,118,621"
tt0350028,Raising Helen,2004,119,6.0,38770,50000000,49700000,"50,000,000","49,700,000",80651667.5489677,80167757.5436739,"80,651,667","80,167,757"
tt0350258,Ray,2004,152,7.7,160786,40000000,124700000,"40,000,000","124,700,000",64521334.03917416,201145258.86712545,"64,521,334","201,145,258"
tt0351283,Madagascar,2005,86,6.9,455291,75000000,542064525,"75,000,000","542,064,525",117013056.83563748,845715027.6321044,"117,013,056","845,715,027"
tt0351977,Walking Tall,2004,86,6.3,111890,46000000,57223888,"46,000,000","57,223,888",74199534.14505029,92304039.81670725,"74,199,534","92,304,039"
tt0352248,Cinderella Man,2005,144,8.0,203516,88000000,108539911,"88,000,000","108,539,911",137295320.0204813,169341156.99704045,"137,295,320","169,341,156"
tt0352277,De-Lovely,2004,125,6.6,12081,15000000,18400000,"15,000,000","18,400,000",24195500.26469031,29679813.658020116,"24,195,500","29,679,813"
tt0355295,The Brothers Grimm,2005,118,5.9,128460,88000000,105300000,"88,000,000","105,300,000",137295320.0204813,164286331.797235,"137,295,320","164,286,331"
tt0355702,Lords of Dogtown,2005,107,7.1,59395,25000000,13411957,"25,000,000","13,411,957",39004352.27854583,20924987.822908346,"39,004,352","20,924,987"
tt0356150,EuroTrip,2004,92,6.6,232261,25000000,22605153,"25,000,000","22,605,153",40325833.77448385,36462865.692991,"40,325,833","36,462,865"
tt0356470,A Cinderella Story,2004,95,5.9,97214,19000000,70067909,"19,000,000","70,067,909",30647633.668607727,113021874.05038644,"30,647,633","113,021,874"
tt0356680,The Family Stone,2005,103,6.3,79670,19000000,92884429,"19,000,000","92,884,429",29643307.731694825,144915879.5963031,"29,643,307","144,915,879"
tt0356721,I Heart Huckabees,2004,107,6.5,66859,22000000,20094909,"22,000,000","20,094,909",35486733.72154579,32413758.40189518,"35,486,733","32,413,758"
tt0356910,Mr. & Mrs. Smith,2005,120,6.5,563679,110000000,487300000,"110,000,000","487,300,000",171619150.02560163,760272834.6134152,"171,619,150","760,272,834"
tt0357277,Elektra,2005,97,4.7,101463,43000000,56681566,"43,000,000","56,681,566",67087485.91909882,88433110.71854582,"67,087,485","88,433,110"
tt0357413,Anchorman: The Legend of Ron Burgundy,2004,94,7.1,388863,26000000,90574188,"26,000,000","90,574,188",41938867.12546321,146099185.98187402,"41,938,867","146,099,185"
tt0357507,Boogeyman,2005,89,4.2,33197,20000000,67192859,"20,000,000","67,192,859",31203481.82283666,104832557.72154634,"31,203,481","104,832,557"
tt0358082,Robots,2005,91,6.4,167927,75000000,262511490,"75,000,000","262,511,490",117013056.83563748,409563625.3250384,"117,013,056","409,563,625"
tt0358135,Shall We Dance?,2004,106,6.2,50743,50000000,170128460,"50,000,000","170,128,460",80651667.5489677,274422879.930757,"80,651,667","274,422,879"
tt0358273,Walk the Line,2005,136,7.8,273118,28000000,186800000,"28,000,000","186,800,000",43684874.551971324,291440520.2252944,"43,684,874","291,440,520"
tt0358349,Agent Cody Banks 2: Destination London,2004,100,4.6,16356,26000000,28818995,"26,000,000","28,818,995",41938867.12546321,46486000.07670725,"41,938,867","46,486,000"
tt0359013,Blade: Trinity,2004,113,5.8,195048,65000000,128905366,"65,000,000","128,905,366",104847167.81365801,207928654.4782001,"104,847,167","207,928,654"
tt0359517,Johnson Family Vacation,2004,97,4.6,8644,12000000,31179516,"12,000,000","31,179,516",19356400.21175225,50293599.175394386,"19,356,400","50,293,599"
tt0359950,The Secret Life of Walter Mitty,2013,114,7.3,352909,90000000,188133322,"90,000,000","188,133,322",117717776.24196741,246073736.69837782,"117,717,776","246,073,736"
tt0360009,Spartan,2004,106,6.5,33483,19250000,8112712,"19,250,000","8,112,712",31050892.006352566,13086075.022890417,"31,050,892","13,086,075"
tt0360139,Chasing Liberty,2004,111,6.1,41660,23000000,12195626,"23,000,000","12,195,626",37099767.07252514,19671951.474070936,"37,099,767","19,671,951"
tt0360201,Wimbledon,2004,98,6.3,67977,31000000,41512007,"31,000,000","41,512,007",50004033.88035998,66960251.7570884,"50,004,033","66,960,251"
tt0360486,Constantine,2005,121,7.0,389524,100000000,230900000,"100,000,000","230,900,000",156017409.1141833,360244197.6446492,"156,017,409","360,244,197"
tt0360717,King Kong,2005,187,7.2,457431,207000000,562363449,"207,000,000","562,363,449",322956036.8663594,877384882.9349616,"322,956,036","877,384,882"
tt0361089,Valiant,2005,76,5.5,25056,35000000,61746888,"35,000,000","61,746,888",54606093.18996415,96335894.86623655,"54,606,093","96,335,894"
tt0361309,We Don't Live Here Anymore,2004,101,6.2,10204,3000000,2037545,"3,000,000","2,037,545",4839100.052938063,3286628.0391212283,"4,839,100","3,286,628"
tt0361411,Bride & Prejudice,2004,122,6.2,22096,7000000,24700000,"7,000,000","24,700,000",11291233.45685548,39841923.76919004,"11,291,233","39,841,923"
tt0361467,Confessions of a Teenage Drama Queen,2004,89,4.7,32313,15000000,29331068,"15,000,000","29,331,068",24195500.26469031,47311990.9038433,"24,195,500","47,311,990"
tt0361500,Delgo,2008,94,4.3,3255,40000000,915840,"40,000,000","915,840",56608965.03996693,1296118.8635550828,"56,608,965","1,296,118"
tt0361596,Fahrenheit 9/11,2004,122,7.5,133602,6000000,222400000,"6,000,000","222,400,000",9678200.105876125,358738617.2578083,"9,678,200","358,738,617"
tt0361696,Raise Your Voice,2004,103,5.8,29373,15000000,14867514,"15,000,000","14,867,514",24195500.26469031,23981795.92815246,"24,195,500","23,981,795"
tt0361748,Inglourious Basterds,2009,153,8.4,1665957,70000000,321457747,"70,000,000","321,457,747",99419400.84927075,456559094.35852087,"99,419,400","456,559,094"
tt0361841,Little Black Book,2004,107,5.3,19401,35000000,22035509,"35,000,000","22,035,509",56456167.284277394,35544010.92280572,"56,456,167","35,544,010"
tt0361862,The Machinist,2004,101,7.6,427266,5000000,8203235,"5,000,000","8,203,235",8065166.75489677,13232091.640921121,"8,065,166","13,232,091"
tt0361925,Welcome to Mooseport,2004,110,5.3,14102,30000000,14000000,"30,000,000","14,000,000",48391000.52938062,22582466.91371096,"48,391,000","22,582,466"
tt0362120,Scary Movie 4,2006,83,5.1,133146,45000000,178262620,"45,000,000","178,262,620",68013839.28571428,269429448.6073413,"68,013,839","269,429,448"
tt0362165,Son of the Mask,2005,94,2.3,60683,84000000,59918422,"84,000,000","59,918,422",131054623.65591396,93483169.5865028,"131,054,623","93,483,169"
tt0362270,The Life Aquatic with Steve Zissou,2004,119,7.2,215168,50000000,34808403,"50,000,000","34,808,403",80651667.5489677,56147114.933329806,"80,651,667","56,147,114"
tt0363282,New York Minute,2004,91,5.0,25536,30000000,21289826,"30,000,000","21,289,826",48391000.52938062,34341199.37454738,"48,391,000","34,341,199"
tt0363547,Dawn of the Dead,2004,101,7.2,280029,26000000,102278712,"26,000,000","102,278,712",41938867.12546321,164978973.55121228,"41,938,867","164,978,973"
tt0363589,Elephant,2003,81,7.1,100085,3000000,10000000,"3,000,000","10,000,000",4967967.391304348,16559891.304347826,"4,967,967","16,559,891"
tt0363771,"The Chronicles of Narnia: The Lion, the Witch and the Wardrobe",2005,143,6.9,441538,180000000,745013115,"180,000,000","745,013,115",280831336.4055299,1162350159.583871,"280,831,336","1,162,350,159"
tt0363988,Secret Window,2004,96,6.5,215079,40000000,92900000,"40,000,000","92,900,000",64521334.03917416,149850798.305982,"64,521,334","149,850,798"
tt0364045,Taking Lives,2004,103,6.2,98395,45000000,65470529,"45,000,000","65,470,529",72586500.79407093,105606146.78326099,"72,586,500","105,606,146"
tt0364725,Dodgeball: A True Underdog Story,2004,92,6.7,274768,20000000,168423227,"20,000,000","168,423,227",32260667.01958708,271672282.2305664,"32,260,667","271,672,282"
tt0364751,Without a Paddle,2004,95,5.8,52667,19000000,69600000,"19,000,000","69,600,000",30647633.668607727,112267121.22816305,"30,647,633","112,267,121"
tt0364970,Babylon A.D.,2008,90,5.5,99428,70000000,72109200,"70,000,000","72,109,200",99065688.81994213,102050679.5464996,"99,065,688","102,050,679"
tt0365125,A Dirty Shame,2004,89,5.1,13868,15000000,1900000,"15,000,000","1,900,000",24195500.26469031,3064763.366860773,"24,195,500","3,064,763"
tt0365485,The Matador,2005,96,6.7,46873,10000000,17300000,"10,000,000","17,300,000",15601740.91141833,26991011.776753712,"15,601,740","26,991,011"
tt0365686,Revolver,2005,111,6.3,105653,27000000,7164778,"27,000,000","7,164,778",42124700.46082949,11178301.004383001,"42,124,700","11,178,301"
tt0365737,Syriana,2005,128,6.9,136157,50000000,93974620,"50,000,000","93,974,620",78008704.55709165,146616767.34889913,"78,008,704","146,616,767"
tt0365748,Shaun of the Dead,2004,99,7.9,616013,6000000,39396175,"6,000,000","39,396,175",9678200.105876125,63547344.17601906,"9,678,200","63,547,344"
tt0365830,Tenacious D in the Pick of Destiny,2006,94,6.8,117069,22000000,13405595,"22,000,000","13,405,595",33251210.317460317,20261466.30798611,"33,251,210","20,261,466"
tt0365907,A Walk Among the Tombstones,2014,114,6.5,129524,28000000,58834384,"28,000,000","58,834,384",36038692.889970265,75725510.58380644,"36,038,692","75,725,510"
tt0366548,Happy Feet,2006,108,6.4,205997,100000000,384335608,"100,000,000","384,335,608",151141865.07936507,580892006.0953175,"151,141,865","580,892,006"
tt0366551,Harold & Kumar Go to White Castle,2004,88,7.0,210682,9000000,23936908,"9,000,000","23,936,908",14517300.158814186,38611030.92332451,"14,517,300","38,611,030"
tt0366627,The Jacket,2005,103,7.1,121686,29000000,21733230,"29,000,000","21,733,230",45245048.64311316,33907622.36282642,"45,245,048","33,907,622"
tt0366780,Mirrormask,2005,101,6.7,23959,4000000,973613,"4,000,000","973,613",6240696.364567332,1519005.7773988734,"6,240,696","1,519,005"
tt0367089,The Squid and the Whale,2005,81,7.3,92612,1500000,11100000,"1,500,000","11,100,000",2340261.1367127495,17317932.411674347,"2,340,261","17,317,932"
tt0367478,Wake of Death,2004,91,5.5,10421,14000000,521918,"14,000,000","521,918",22582466.91371096,841871.1404764425,"22,582,466","841,871"
tt0367594,Charlie and the Chocolate Factory,2005,115,6.7,547938,150000000,475000000,"150,000,000","475,000,000",234026113.67127496,741082693.2923707,"234,026,113","741,082,693"
tt0367652,Deuce Bigalow: European Gigolo,2005,83,4.7,54500,22000000,45109561,"22,000,000","45,109,561",34323830.00512032,70378768.33498208,"34,323,830","70,378,768"
tt0367882,Indiana Jones and the Kingdom of the Crystal Skull,2008,122,6.2,501302,185000000,786636033,"185,000,000","786,636,033",261816463.30984706,1113266292.2818818,"261,816,463","1,113,266,292"
tt0367959,Hannibal Rising,2007,121,6.1,118724,75000000,82169884,"75,000,000","82,169,884",110217177.41702114,120753769.10885397,"110,217,177","120,753,769"
tt0368008,The Manchurian Candidate,2004,129,6.6,119922,80000000,96105964,"80,000,000","96,105,964",129042668.07834832,155022125.1600212,"129,042,668","155,022,125"
tt0368226,The Room,2003,99,3.6,97305,6000000,1752988,"6,000,000","1,752,988",9935934.782608695,2902929.0737826084,"9,935,934","2,902,929"
tt0368447,The Village,2004,108,6.6,287297,60000000,256700000,"60,000,000","256,700,000",96782001.05876124,414065661.1964002,"96,782,001","414,065,661"
tt0368578,Are We There Yet?,2005,95,4.8,35538,32000000,97918663,"32,000,000","97,918,663",49925570.916538656,152770161.0518484,"49,925,570","152,770,161"
tt0368709,Elizabethtown,2005,123,6.3,73980,57000000,52200000,"57,000,000","52,200,000",88929923.19508448,81441087.55760369,"88,929,923","81,441,087"
tt0368794,I'm Not There,2007,135,6.8,62506,20000000,4001121,"20,000,000","4,001,121",29391247.31120564,5879896.8416529205,"29,391,247","5,879,896"
tt0368891,National Treasure,2004,131,6.9,365592,100000000,347500000,"100,000,000","347,500,000",161303335.0979354,560529089.4653256,"161,303,335","560,529,089"
tt0368933,The Princess Diaries 2: Royal Engagement,2004,113,5.9,92804,40000000,134734481,"40,000,000","134,734,481",64521334.03917416,217331211.37989414,"64,521,334","217,331,211"
tt0369436,Four Christmases,2008,88,5.7,84681,80000000,164112721,"80,000,000","164,112,721",113217930.07993387,232256282.14257115,"113,217,930","232,256,282"
tt0369441,Fun with Dick and Jane,2005,90,6.2,158017,100000000,202026112,"100,000,000","202,026,112",156017409.1141833,315195905.67651814,"156,017,409","315,195,905"
tt0369610,Jurassic World,2015,124,6.9,698469,150000000,1671537444,"150,000,000","1,671,537,444",192835535.0038183,2148878781.951033,"192,835,535","2,148,878,781"
tt0369735,Monster-in-Law,2005,101,5.6,67149,43000000,154749918,"43,000,000","154,749,918",67087485.91909882,241436812.66992316,"67,087,485","241,436,812"
tt0369994,Strangers with Candy,2005,97,5.9,8542,3500000,2300000,"3,500,000","2,300,000",5460609.3189964155,3588400.4096262157,"5,460,609","3,588,400"
tt0370032,Ultraviolet,2006,88,4.4,85117,30000000,31070211,"30,000,000","31,070,211",45342559.52380952,46960096.38949405,"45,342,559","46,960,096"
tt0370263,Alien vs. Predator,2004,101,5.7,222358,70000000,177427090,"70,000,000","177,427,090",112912334.56855479,286195813.5372155,"112,912,334","286,195,813"
tt0371246,Spanglish,2004,131,6.4,90355,80000000,55470154,"80,000,000","55,470,154",129042668.07834832,89475208.38596082,"129,042,668","89,475,208"
tt0371257,Stay,2005,99,6.7,89070,50000000,8342132,"50,000,000","8,342,132",78008704.55709165,13015178.211285202,"78,008,704","13,015,178"
tt0371606,Chicken Little,2005,81,5.7,104361,150000000,314400000,"150,000,000","314,400,000",234026113.67127496,490518734.2549923,"234,026,113","490,518,734"
tt0371724,The Hitchhiker's Guide to the Galaxy,2005,109,6.7,212055,50000000,104500000,"50,000,000","104,500,000",78008704.55709165,163038192.52432156,"78,008,704","163,038,192"
tt0371746,Iron Man,2008,126,7.9,1164925,140000000,585174222,"140,000,000","585,174,222",198131377.63988426,828152676.8871962,"198,131,377","828,152,676"
tt0372183,The Bourne Supremacy,2004,108,7.7,498222,75000000,288500217,"75,000,000","288,500,217",120977501.32345156,465360471.78578085,"120,977,501","465,360,471"
tt0372237,Guess Who,2005,105,5.9,46992,35000000,103100000,"35,000,000","103,100,000",54606093.18996415,160853948.79672298,"54,606,093","160,853,948"
tt0372532,The Wedding Date,2005,90,6.1,57610,15000000,47175038,"15,000,000","47,175,038",23402611.367127493,73601272.03623144,"23,402,611","73,601,272"
tt0372588,Team America: World Police,2004,98,7.2,181772,32000000,50826898,"32,000,000","50,826,898",51617067.23133933,81985481.60082583,"51,617,067","81,985,481"
tt0372784,Batman Begins,2005,140,8.2,1635596,150000000,374218673,"150,000,000","374,218,673",234026113.67127496,583846278.0360777,"234,026,113","583,846,278"
tt0373051,Journey to the Center of the Earth,2008,93,5.8,135531,45000000,101702060,"45,000,000","101,702,060",63685085.6699628,143931208.97581547,"63,685,085","143,931,208"
tt0373450,Where the Truth Lies,2005,107,6.4,19110,25000000,3487678,"25,000,000","3,487,678",39004352.27854583,5441384.853845365,"39,004,352","5,441,384"
tt0373469,Kiss Kiss Bang Bang,2005,103,7.5,242173,15000000,15785148,"15,000,000","15,785,148",23402611.367127493,24627578.934439324,"23,402,611","24,627,578"
tt0373883,Halloween,2007,109,6.0,134574,15000000,80460948,"15,000,000","80,460,948",22043435.48340423,118242381.07810283,"22,043,435","118,242,381"
tt0373889,Harry Potter and the Order of the Phoenix,2007,138,7.5,661681,150000000,938212738,"150,000,000","938,212,738",220434354.83404228,1378762130.654069,"220,434,354","1,378,762,130"
tt0373908,The Honeymooners,2005,90,3.5,7647,25000000,13200000,"25,000,000","13,200,000",39004352.27854583,20594298.003072195,"39,004,352","20,594,298"
tt0373926,The Interpreter,2005,128,6.4,112306,80000000,162944923,"80,000,000","162,944,923",124813927.29134664,254222447.14770097,"124,813,927","254,222,447"
tt0374102,Open Water,2003,79,5.8,57726,120000,54683487,"120,000","54,683,487",198718.69565217392,90555260.08627175,"198,718","90,555,260"
tt0374536,Bewitched,2005,102,4.8,76776,85000000,131426169,"85,000,000","131,426,169",132614797.7470558,205047703.77182794,"132,614,797","205,047,703"
tt0374900,Napoleon Dynamite,2004,96,7.0,245759,400000,46118097,"400,000","46,118,097",645213.3403917416,74390028.54470089,"645,213","74,390,028"
tt0375063,Sideways,2004,127,7.5,210090,16000000,109502303,"16,000,000","109,502,303",25808533.615669664,176630866.74804658,"25,808,533","176,630,866"
tt0375154,Tristan + Isolde,2006,125,6.8,54960,31000000,28000000,"31,000,000","28,000,000",46853978.17460318,42319722.222222224,"46,853,978","42,319,722"
tt0375210,White Noise,2005,101,5.5,51609,10000000,91196419,"10,000,000","91,196,419",15601740.91141833,142282290.1287148,"15,601,740","142,282,290"
tt0375568,Astro Boy,2009,94,6.2,41205,10000000,19551067,"10,000,000","19,551,067",14202771.549895821,27767933.815770708,"14,202,771","27,767,933"
tt0375679,Crash,2004,112,7.7,454618,6500000,98400000,"6,500,000","98,400,000",10484716.781365803,158722481.73636845,"10,484,716","158,722,481"
tt0375920,The Libertine,2004,114,6.2,38207,11000000,10900000,"11,000,000","10,900,000",17743366.860772897,17582063.52567496,"17,743,366","17,582,063"
tt0376108,Rebound,2005,86,5.2,13854,45000000,16809014,"45,000,000","16,809,014",70207834.10138248,26224988.14044035,"70,207,834","26,224,988"
tt0376479,American Pastoral,2016,108,6.1,18831,10000000,1715728,"10,000,000","1,715,728",12695546.379897254,2178210.4399288353,"12,695,546","2,178,210"
tt0376541,Closer,2004,104,7.2,243311,27000000,115505027,"27,000,000","115,505,027",43551900.47644256,186313460.7567708,"43,551,900","186,313,460"
tt0376994,X-Men: The Last Stand,2006,104,6.6,557363,210000000,459359555,"210,000,000","459,359,555",317397916.6666667,694284598.8472718,"317,397,916","694,284,598"
tt0377062,Flight of the Phoenix,2004,113,6.1,57687,45000000,21009180,"45,000,000","21,009,180",72586500.79407093,33888508.01672842,"72,586,500","33,888,508"
tt0377091,Mean Creek,2004,90,7.1,33945,500000,603943,"500,000","603,943",806516.675489677,974180.2010905241,"806,516","974,180"
tt0377092,Mean Girls,2004,97,7.1,457932,17000000,130161094,"17,000,000","130,161,094",27421566.96664902,209954185.6219587,"27,421,566","209,954,185"
tt0377109,The Ring Two,2005,110,5.4,103264,50000000,161451538,"50,000,000","161,451,538",78008704.55709165,251892506.56260112,"78,008,704","251,892,506"
tt0377471,Be Cool,2005,118,5.6,73504,53000000,95200000,"53,000,000","95,200,000",82689226.83051714,148528573.4767025,"82,689,226","148,528,573"
tt0377981,Gnomeo & Juliet,2011,84,5.9,61508,36000000,189712432,"36,000,000","189,712,432",48765540.87997191,256984148.83708027,"48,765,540","256,984,148"
tt0378109,Into the Blue,2005,110,5.9,81390,50000000,46117696,"50,000,000","46,117,696",78008704.55709165,71951634.44235533,"78,008,704","71,951,634"
tt0378194,Kill Bill: Vol. 2,2004,137,8.0,833240,30000000,152159461,"30,000,000","152,159,461",48391000.52938062,245438285.26004234,"48,391,000","245,438,285"
tt0379725,Capote,2005,114,7.3,144711,7000000,49327405,"7,000,000","49,327,405",10921218.637992831,76959339.2642601,"10,921,218","76,959,339"
tt0379786,Serenity,2005,119,7.8,309923,39000000,38869464,"39,000,000","38,869,464",60846789.554531485,60643130.6693702,"60,846,789","60,643,130"
tt0379865,Leatherheads,2008,114,6.0,33930,58000000,41299492,"58,000,000","41,299,492",82082999.30795205,58448037.469909854,"82,082,999","58,448,037"
tt0379889,The Merchant of Venice,2004,131,7.0,39038,30000000,21600000,"30,000,000","21,600,000",48391000.52938062,34841520.381154045,"48,391,000","34,841,520"
tt0380389,Goal! The Dream Begins,2005,118,6.7,67140,10000000,27610873,"10,000,000","27,610,873",15601740.91141833,43077768.68840758,"15,601,740","43,077,768"
tt0380510,The Lovely Bones,2009,135,6.6,185009,65000000,93600000,"65,000,000","93,600,000",92318015.07432283,132937941.70702489,"92,318,015","132,937,941"
tt0381061,Casino Royale,2006,144,8.0,714229,150000000,599045960,"150,000,000","599,045,960",226712797.6190476,905409236.6265874,"226,712,797","905,409,236"
tt0381707,White Chicks,2004,109,5.8,175678,37000000,113100000,"37,000,000","113,100,000",59682233.9862361,182434071.99576494,"59,682,233","182,434,071"
tt0381849,3:10 to Yuma,2007,122,7.6,341589,55000000,70000000,"55,000,000","70,000,000",80825930.10581551,102869365.58921973,"80,825,930","102,869,365"
tt0382625,The Da Vinci Code,2006,149,6.6,470425,125000000,760006945,"125,000,000","760,006,945",188927331.34920636,1148688671.4057043,"188,927,331","1,148,688,671"
tt0382628,Dark Water,2005,105,5.6,66607,30000000,68357079,"30,000,000","68,357,079",46805222.734254986,106648943.60193548,"46,805,222","106,648,943"
tt0382932,Ratatouille,2007,111,8.1,875942,150000000,623726000,"150,000,000","623,726,000",220434354.83404228,916604256.0214524,"220,434,354","916,604,256"
tt0382992,Stealth,2005,121,5.1,57303,135000000,76932943,"135,000,000","76,932,943",210623502.30414745,120028784.42389144,"210,623,502","120,028,784"
tt0383010,The Three Stooges,2012,92,5.1,33776,30000000,54819301,"30,000,000","54,819,301",39814019.53012709,72752557.35473053,"39,814,019","72,752,557"
tt0383028,"Synecdoche, New York",2008,124,7.5,101093,20000000,4383538,"20,000,000","4,383,538",28304482.519983467,6203688.734834163,"28,304,482","6,203,688"
tt0383060,Zoom,2006,83,4.4,23326,75600000,12506188,"75,600,000","12,506,188",114263250.0,18902085.793531746,"114,263,250","18,902,085"
tt0383216,The Pink Panther,2006,93,5.7,95235,65000000,158851357,"65,000,000","158,851,357",98242212.3015873,240090903.67368054,"98,242,212","240,090,903"
tt0383222,BloodRayne,2005,95,3.0,37798,25000000,3650275,"25,000,000","3,650,275",39004352.27854583,5695064.480542754,"39,004,352","5,695,064"
tt0383574,Pirates of the Caribbean: Dead Man's Chest,2006,151,7.4,792591,200000000,1066179747,"200,000,000","1,066,179,747",302283730.15873015,1611443954.7142558,"302,283,730","1,611,443,954"
tt0383694,Vera Drake,2004,125,7.6,27750,11000000,13300000,"11,000,000","13,300,000",17743366.860772897,21453343.56802541,"17,743,366","21,453,343"
tt0384504,Saving Face,2004,91,7.4,14161,2500000,1230000,"2,500,000","1,230,000",4032583.377448385,1984031.0217046055,"4,032,583","1,984,031"
tt0384533,She Hate Me,2004,138,5.3,8406,8000000,1500000,"8,000,000","1,500,000",12904266.807834832,2419550.0264690313,"12,904,266","2,419,550"
tt0384537,Silent Hill,2006,125,6.5,251481,50000000,100605135,"50,000,000","100,605,135",75570932.53968254,152056477.4046131,"75,570,932","152,056,477"
tt0384642,Kicking & Screaming,2005,95,5.6,41733,45000000,56070433,"45,000,000","56,070,433",70207834.10138248,87479636.84570403,"70,207,834","87,479,636"
tt0384680,The Weather Man,2005,102,6.6,84651,20000000,12482775,"20,000,000","12,482,775",31203481.82283666,19475302.140552994,"31,203,481","19,475,302"
tt0384793,Accepted,2006,93,6.4,142426,23000000,38505009,"23,000,000","38,505,009",34762628.96825397,58197188.751577385,"34,762,628","58,197,188"
tt0384806,The Amityville Horror,2005,90,5.9,119895,19000000,107516369,"19,000,000","107,516,369",29643307.731694825,167744253.28744495,"29,643,307","167,744,253"
tt0385752,The Golden Compass,2007,113,6.1,199994,180000000,372200000,"180,000,000","372,200,000",264521225.80085075,546971112.4615369,"264,521,225","546,971,112"
tt0385880,Monster House,2006,91,6.7,145843,75000000,140175006,"75,000,000","140,175,006",113356398.8095238,211863118.4435119,"113,356,398","211,863,118"
tt0385887,Motherless Brooklyn,2019,144,6.8,64572,26000000,18377736,"26,000,000","18,377,736",30987815.706200104,21903303.702507656,"30,987,815","21,903,303"
tt0385890,My Big Fat Independent Movie,2005,80,3.2,1440,3000000,12155249,"3,000,000","12,155,249",4680522.273425499,18964304.561177675,"4,680,522","18,964,304"
tt0386140,The Legend of Zorro,2005,129,6.0,110640,75000000,142400065,"75,000,000","142,400,065",117013056.83563748,222168891.98991293,"117,013,056","222,168,891"
tt0386588,Hitch,2005,118,6.6,341503,70000000,371600000,"70,000,000","371,600,000",109212186.3799283,579760692.2683052,"109,212,186","579,760,692"
tt0387131,The Constant Gardener,2005,129,7.3,152037,25000000,82468097,"25,000,000","82,468,097",39004352.27854583,128664588.28517151,"39,004,352","128,664,588"
tt0387514,Prime,2005,105,6.2,42600,22000000,67900000,"22,000,000","67,900,000",34323830.00512032,105935820.78853045,"34,323,830","105,935,820"
tt0387564,Saw,2004,103,7.6,486526,1200000,104004218,"1,200,000","104,004,218",1935640.021175225,167762272.27652726,"1,935,640","167,762,272"
tt0387575,Seed of Chucky,2004,87,4.9,52040,12000000,24829644,"12,000,000","24,829,644",19356400.21175225,40051043.86494441,"19,356,400","40,051,043"
tt0387877,The Black Dahlia,2006,121,5.6,78296,50000000,49111202,"50,000,000","49,111,202",75570932.53968254,74227586.66569445,"75,570,932","74,227,586"
tt0388482,Transporter 2,2005,87,6.3,220301,32000000,89100000,"32,000,000","89,100,000",49925570.916538656,139011511.52073732,"49,925,570","139,011,511"
tt0388795,Brokeback Mountain,2005,134,7.7,398762,14000000,178043761,"14,000,000","178,043,761",21842437.275985662,277779263.0016487,"21,842,437","277,779,263"
tt0388980,The Greatest Game Ever Played,2005,120,7.4,34570,26000000,15431177,"26,000,000","15,431,177",40564526.369687654,24075322.551223755,"40,564,526","24,075,322"
tt0389326,Riding Giants,2004,105,7.8,4713,2600000,3166000,"2,600,000","3,166,000",4193886.7125463206,5106863.589200635,"4,193,886","5,106,863"
tt0389722,30 Days of Night,2007,113,6.6,194803,30000000,75505973,"30,000,000","75,505,973",44086870.96680846,110960736.29581079,"44,086,870","110,960,736"
tt0389790,Bee Movie,2007,91,6.1,186899,150000000,287594577,"150,000,000","287,594,577",220434354.83404228,422638166.8984287,"220,434,354","422,638,166"
tt0389860,Click,2006,107,6.4,369616,82500000,240685326,"82,500,000","240,685,326",124692038.6904762,363776290.68875,"124,692,038","363,776,290"
tt0390022,Friday Night Lights,2004,118,7.2,68597,30000000,61255921,"30,000,000","61,255,921",48391000.52938062,98807843.51795658,"48,391,000","98,807,843"
tt0390384,Primer,2004,77,6.7,117401,7000,545436,"7,000","545,436",11291.233456855478,879806.458824775,"11,291","879,806"
tt0391198,The Grudge,2004,91,5.9,154124,10000000,183474602,"10,000,000","183,474,602",16130333.50979354,295950652.0836633,"16,130,333","295,950,652"
tt0391304,A Lot Like Love,2005,107,6.6,72247,30000000,42886719,"30,000,000","42,886,719",46805222.734254986,66910747.83788019,"46,805,222","66,910,747"
tt0393109,Brick,2005,110,7.1,111981,475000,3900000,"475,000","3,900,000",741082.6932923706,6084678.955453149,"741,082","6,084,678"
tt0393162,Coach Carter,2005,136,7.3,179098,30000000,76669554,"30,000,000","76,669,554",46805222.734254986,119617851.7301997,"46,805,222","119,617,851"
tt0393735,The Shaggy Dog,2006,98,4.4,20564,50000000,87134280,"50,000,000","87,134,280",75570932.53968254,131696375.9154762,"75,570,932","131,696,375"
tt0395169,Hotel Rwanda,2004,121,8.1,382141,17500000,38000000,"17,500,000","38,000,000",28228083.642138697,61295267.33721545,"28,228,083","61,295,267"
tt0395251,The Producers,2005,134,6.4,45655,45000000,38058335,"45,000,000","38,058,335",70207834.10138248,59377628.21899641,"70,207,834","59,377,628"
tt0395584,The Devil's Rejects,2005,107,6.7,108363,7000000,20901859,"7,000,000","20,901,859",10921218.637992831,32610538.86849974,"10,921,218","32,610,538"
tt0395972,North Country,2005,126,7.3,45940,35000000,25224242,"35,000,000","25,224,242",54606093.18996415,39354208.83709165,"54,606,093","39,354,208"
tt0396171,Perfume: The Story of a Murderer,2006,147,7.5,272085,60000000,135039924,"60,000,000","135,039,924",90685119.04761904,204101859.73535717,"90,685,119","204,101,859"
tt0396269,Wedding Crashers,2005,119,7.0,385337,40000000,288500000,"40,000,000","288,500,000",62406963.64567332,450110225.2944188,"62,406,963","450,110,225"
tt0396555,Meet the Robinsons,2007,95,6.8,115962,150000000,169332978,"150,000,000","169,332,978",220434354.83404228,248845371.71704718,"220,434,354","248,845,371"
tt0396652,Ice Princess,2005,98,6.0,30174,25000000,27645491,"25,000,000","27,645,491",39004352.27854583,43131778.79509472,"39,004,352","43,131,778"
tt0396707,The Secret of Moonacre,2008,103,6.0,11406,32000000,7162618,"32,000,000","7,162,618",45287172.03197355,10136709.798915947,"45,287,172","10,136,709"
tt0396752,Nanny McPhee,2005,97,6.6,88304,25000000,123276807,"25,000,000","123,276,807",39004352.27854583,192333280.32009214,"39,004,352","192,333,280"
tt0397044,Blood and Chocolate,2007,98,5.3,18548,15000000,6300000,"15,000,000","6,300,000",22043435.48340423,9258242.903029777,"22,043,435","9,258,242"
tt0397065,House of Wax,2005,113,5.5,138982,40000000,68766121,"40,000,000","68,766,121",62406963.64567332,107287120.33252433,"62,406,963","107,287,120"
tt0397078,Just My Luck,2006,103,5.5,63465,28000000,38159905,"28,000,000","38,159,905",42319722.222222224,57675592.12951389,"42,319,722","57,675,592"
tt0397101,The Skeleton Key,2005,104,6.5,126924,43000000,93983911,"43,000,000","93,983,911",67087485.91909882,146631262.92637992,"67,087,485","146,631,262"
tt0397313,Eight Below,2006,120,7.3,69919,40000000,120455994,"40,000,000","120,455,994",60456746.03174603,182059435.9314881,"60,456,746","182,059,435"
tt0397535,Memoirs of a Geisha,2005,145,7.3,166154,85000000,162242962,"85,000,000","162,242,962",132614797.7470558,253127265.78250894,"132,614,797","253,127,265"
tt0397892,Bolt,2008,96,6.8,237537,150000000,309979994,"150,000,000","309,979,994",212283618.899876,438691166.08587897,"212,283,618","438,691,166"
tt0398027,Down in the Valley,2005,114,6.4,19220,8000000,852872,"8,000,000","852,872",12481392.729134664,1330628.7974603174,"12,481,392","1,330,628"
tt0398165,The Longest Yard,2005,113,6.4,202111,90000000,191466556,"90,000,000","191,466,556",140415668.20276496,298721159.99135685,"140,415,668","298,721,159"
tt0398286,Tangled,2010,100,7.7,516347,260000000,592461732,"260,000,000","592,461,732",363312727.0059067,827880336.5367795,"363,312,727","827,880,336"
tt0398375,Rumor Has It...,2005,97,5.5,63181,70000000,88900000,"70,000,000","88,900,000",109212186.3799283,138699476.70250896,"109,212,186","138,699,476"
tt0398808,Bridge to Terabithia,2007,96,7.2,180901,60000000,137587063,"60,000,000","137,587,063",88173741.93361692,202192769.77277154,"88,173,741","202,192,769"
tt0398913,DOA: Dead or Alive,2006,87,4.8,47011,21000000,7600000,"21,000,000","7,600,000",31739791.666666668,11486781.746031746,"31,739,791","11,486,781"
tt0399146,A History of Violence,2005,96,7.4,262806,32000000,61477797,"32,000,000","61,477,797",49925570.916538656,95916066.0598771,"49,925,570","95,916,066"
tt0399201,The Island,2005,136,6.8,333404,126000000,162949164,"126,000,000","162,949,164",196581935.48387095,254229063.84602147,"196,581,935","254,229,063"
tt0399295,Lord of War,2005,122,7.6,347137,50000000,72600000,"50,000,000","72,600,000",78008704.55709165,113268639.01689707,"78,008,704","113,268,639"
tt0399327,The Man,2005,83,5.5,27096,33000000,13485145,"33,000,000","13,485,145",51485745.00768049,21039173.844290834,"51,485,745","21,039,173"
tt0399862,End of the Spear,2005,108,6.8,5580,10000000,12128105,"10,000,000","12,128,105",15601740.91141833,18921955.19564772,"15,601,740","18,921,955"
tt0400497,Herbie Fully Loaded,2005,101,4.9,52270,50000000,144100000,"50,000,000","144,100,000",78008704.55709165,224821086.53353813,"78,008,704","224,821,086"
tt0400717,Open Season,2006,86,6.1,109411,85000000,197300000,"85,000,000","197,300,000",128470585.31746033,298202899.8015873,"128,470,585","298,202,899"
tt0401445,A Good Year,2006,117,6.9,104051,35000000,42064105,"35,000,000","42,064,105",52899652.777777776,63576472.82594246,"52,899,652","63,576,472"
tt0401729,John Carter,2012,132,6.6,292128,250000000,284100000,"250,000,000","284,100,000",331783496.0843924,377038764.9503036,"331,783,496","377,038,764"
tt0401792,Sin City,2005,124,8.0,805345,40000000,158733820,"40,000,000","158,733,820",62406963.64567332,247652393.3519713,"62,406,963","247,652,393"
tt0401997,Breach,2007,110,7.0,62938,23000000,41000000,"23,000,000","41,000,000",33799934.40788648,60252056.98797156,"33,799,934","60,252,056"
tt0402022,Æon Flux,2005,93,5.4,134732,62000000,53321673,"62,000,000","53,321,673",96730793.65079364,83191092.71093701,"96,730,793","83,191,092"
tt0402399,The New World,2005,135,6.7,91809,30000000,30500000,"30,000,000","30,500,000",46805222.734254986,47585309.7798259,"46,805,222","47,585,309"
tt0402850,The Big White,2005,100,6.3,15598,14000000,541840,"14,000,000","541,840",21842437.275985662,845364.7295442908,"21,842,437","845,364"
tt0402894,Casanova,2005,112,6.5,57139,20000000,37700000,"20,000,000","37,700,000",31203481.82283666,58818563.236047104,"31,203,481","58,818,563"
tt0403508,The Sisterhood of the Traveling Pants,2005,119,6.5,66645,25000000,39053061,"25,000,000","39,053,061",39004352.27854583,60929573.95198157,"39,004,352","60,929,573"
tt0404030,Everything Is Illuminated,2005,106,7.4,60665,7000000,3601974,"7,000,000","3,601,974",10921218.637992831,5619706.511766512,"10,921,218","5,619,706"
tt0404032,The Exorcism of Emily Rose,2005,119,6.7,144210,19000000,145166804,"19,000,000","145,166,804",29643307.731694825,226485486.49466458,"29,643,307","226,485,486"
tt0404203,Little Children,2006,137,7.5,119267,26000000,14821658,"26,000,000","14,821,658",39296884.920634925,22401730.336884923,"39,296,884","22,401,730"
tt0404802,The Notorious Bettie Page,2005,91,6.5,11892,90,1410778,90,"1,410,778",140.41566820276498,2201059.2839528928,140,"2,201,059"
tt0405159,Million Dollar Baby,2004,132,8.1,742697,30000000,216763646,"30,000,000","216,763,646",48391000.52938062,349646990.27788246,"48,391,000","349,646,990"
tt0405296,A Scanner Darkly,2006,100,7.0,119597,8700000,7659918,"8,700,000","7,659,918",13149342.261904763,11577342.928749999,"13,149,342","11,577,342"
tt0405325,Sky High,2005,100,6.3,97441,35000000,86369815,"35,000,000","86,369,815",54606093.18996415,134751947.61971325,"54,606,093","134,751,947"
tt0405422,The 40-Year-Old Virgin,2005,116,7.1,482808,26000000,177400000,"26,000,000","177,400,000",40564526.369687654,276774883.7685612,"40,564,526","276,774,883"
tt0405469,The Wild,2006,82,5.2,28546,80000000,102338515,"80,000,000","102,338,515",120913492.06349206,154676340.2655258,"120,913,492","154,676,340"
tt0405676,All the King's Men,2006,128,6.1,26036,55000000,9450897,"55,000,000","9,450,897",83128025.79365079,14284261.992529761,"83,128,025","14,284,261"
tt0406375,Zathura: A Space Adventure,2005,101,6.3,119936,65000000,65079104,"65,000,000","65,079,104",101411315.92421915,101534731.93552482,"101,411,315","101,534,731"
tt0407265,Transamerica,2005,103,7.3,42832,1000000,13350369,"1,000,000","13,350,369",1560174.091141833,20828899.8209831,"1,560,174","20,828,899"
tt0407304,War of the Worlds,2005,117,6.5,487917,132000000,603873119,"132,000,000","603,873,119",205942980.03072196,942147194.600809,"205,942,980","942,147,194"
tt0407887,The Departed,2006,151,8.5,1476982,90000000,291465000,"90,000,000","291,465,000",136027678.57142857,440525637.05357146,"136,027,678","440,525,637"
tt0408236,Sweeney Todd: The Demon Barber of Fleet Street,2007,116,7.3,396319,50000000,152000000,"50,000,000","152,000,000",73478118.2780141,223373479.56516287,"73,478,118","223,373,479"
tt0408306,Munich,2005,164,7.5,246311,70000000,130982129,"70,000,000","130,982,129",109212186.3799283,204354924.0683973,"109,212,186","204,354,924"
tt0408524,Bad News Bears,2005,113,5.8,23349,30000000,34252847,"30,000,000","34,252,847",46805222.734254986,53440404.43724526,"46,805,222","53,440,404"
tt0408790,Flightplan,2005,98,6.3,175628,55000000,223387299,"55,000,000","223,387,299",85809575.01280081,348523076.1899539,"85,809,575","348,523,076"
tt0408839,The Heartbreak Kid,2007,116,5.8,97983,60000000,128453183,"60,000,000","128,453,183",88173741.93361692,188769963.4732278,"88,173,741","188,769,963"
tt0409182,Poseidon,2006,98,5.7,112666,160000000,181700000,"160,000,000","181,700,000",241826984.12698412,274624768.8492063,"241,826,984","274,624,768"
tt0409345,Surveillance,2008,97,6.3,18765,3500000,1138322,"3,500,000","1,138,322",4953284.440997106,1610980.7575556308,"4,953,284","1,610,980"
tt0409459,Watchmen,2009,162,7.6,595861,130000000,185258983,"130,000,000","185,258,983",184636030.14864567,263119101.31150338,"184,636,030","263,119,101"
tt0409847,Cowboys & Aliens,2011,119,6.0,236758,163000000,174822325,"163,000,000","174,822,325",220799532.31765056,236814034.3477565,"220,799,532","236,814,034"
tt0410454,The Work and the Glory,2004,110,6.5,1234,7500000,3347647,"7,500,000","3,347,647",12097750.132345155,5399866.258305982,"12,097,750","5,399,866"
tt0410764,Tideland,2005,120,6.3,35292,12000000,566611,"12,000,000","566,611",18722089.093701996,884011.8019559651,"18,722,089","884,011"
tt0411061,88 Minutes,2007,108,5.9,79259,30000000,32593385,"30,000,000","32,593,385",44086870.96680846,47898011.96221701,"44,086,870","47,898,011"
tt0411477,Hellboy II: The Golden Army,2008,120,7.0,292417,85000000,160388063,"85,000,000","160,388,063",120294050.70992973,226985056.27987534,"120,294,050","226,985,056"
tt0411951,Tekken,2010,92,4.8,28990,30000000,967000,"30,000,000","967,000",41920699.26991232,1351243.8731335069,"41,920,699","1,351,243"
tt0412019,Broken Flowers,2005,106,7.1,108439,10000000,46720491,"10,000,000","46,720,491",15601740.91141833,72892099.58362518,"15,601,740","72,892,099"
tt0412080,The World's Fastest Indian,2005,127,7.8,61297,25000000,18300000,"25,000,000","18,300,000",39004352.27854583,28551185.867895544,"39,004,352","28,551,185"
tt0412536,Brideshead Revisited,2008,133,6.6,13922,20000000,13204291,"20,000,000","13,204,291",28304482.519983467,18687031.18991375,"28,304,482","18,687,031"
tt0413267,Shrek the Third,2007,93,6.1,345126,160000000,813367380,"160,000,000","813,367,380",235129978.48964512,1195294091.022369,"235,129,978","1,195,294,091"
tt0413300,Spider-Man 3,2007,139,6.3,663695,258000000,894983373,"258,000,000","894,983,373",379147090.3145527,1315233882.7630002,"379,147,090","1,315,233,882"
tt0414055,Elizabeth: The Golden Age,2007,114,6.8,76625,55000000,74237563,"55,000,000","74,237,563",80825930.10581551,109096728.69571047,"80,825,930","109,096,728"
tt0414387,Pride & Prejudice,2005,129,7.8,347581,28000000,121600000,"28,000,000","121,600,000",43684874.551971324,189717169.4828469,"43,684,874","189,717,169"
tt0414853,Barnyard,2006,90,5.6,36127,51000000,116755080,"51,000,000","116,755,080",77082351.1904762,176465805.48690474,"77,082,351","176,465,805"
tt0414982,Final Destination 3,2006,93,5.8,161121,25000000,118890272,"25,000,000","118,890,272",37785466.26984127,179692974.49873015,"37,785,466","179,692,974"
tt0414993,The Fountain,2006,97,7.2,252573,35000000,15304890,"35,000,000","15,304,890",52899652.777777776,23132096.194345236,"52,899,652","23,132,096"
tt0415306,Talladega Nights: The Ballad of Ricky Bobby,2006,108,6.6,206298,72500000,163000000,"72,500,000","163,000,000",109577852.18253969,246361240.07936507,"109,577,852","246,361,240"
tt0416315,Wolf Creek,2005,99,6.2,81292,1000000,30894796,"1,000,000","30,894,796",1560174.091141833,48201260.27031234,"1,560,174","48,201,260"
tt0416320,Match Point,2005,124,7.6,232970,15000000,85306374,"15,000,000","85,306,374",23402611.367127493,133092794.52405529,"23,402,611","133,092,794"
tt0416449,300,2006,117,7.6,886757,65000000,456082343,"65,000,000","456,082,343",98242212.3015873,689331359.5078671,"98,242,212","689,331,359"
tt0416496,Bandidas,2006,93,5.7,38066,35000000,18381890,"35,000,000","18,381,890",52899652.777777776,27782731.3828373,"52,899,652","27,782,731"
tt0416508,Becoming Jane,2007,120,7.0,66548,16500000,37311672,"16,500,000","37,311,672",24247779.03174465,54831828.96732933,"24,247,779","54,831,828"
tt0417001,Must Love Dogs,2005,98,5.9,33600,30000000,58405313,"30,000,000","58,405,313",46805222.734254986,91122456.1276293,"46,805,222","91,122,456"
tt0417217,Two for the Money,2005,122,6.2,50792,35000000,30526509,"35,000,000","30,526,509",54606093.18996415,47626668.434807986,"54,606,093","47,626,668"
tt0417741,Harry Potter and the Half-Blood Prince,2009,153,7.6,623367,250000000,933959197,"250,000,000","933,959,197",355069288.7473955,1326480911.1915147,"355,069,288","1,326,480,911"
tt0418279,Transformers,2007,144,7.1,693874,150000000,709709780,"150,000,000","709,709,780",220434354.83404228,1042962783.1580672,"220,434,354","1,042,962,783"
tt0418689,Flags of Our Fathers,2006,135,7.1,131620,90000000,65900249,"90,000,000","65,900,249",136027678.57142857,99602865.43054564,"136,027,678","99,602,865"
tt0418819,Land of the Dead,2005,93,6.2,102819,15000000,47074133,"15,000,000","47,074,133",23402611.367127493,73443842.66956477,"23,402,611","73,443,842"
tt0419294,The Three Burials of Melquiades Estrada,2005,121,7.3,42461,15000000,12036149,"15,000,000","12,036,149",23402611.367127493,18778487.82692268,"23,402,611","18,778,487"
tt0419706,Doom,2005,105,5.2,121037,60000000,58100000,"60,000,000","58,100,000",93610445.46850997,90646114.6953405,"93,610,445","90,646,114"
tt0419749,Find Me Guilty,2006,125,7.0,37088,13000000,2636637,"13,000,000","2,636,637",19648442.460317463,3985062.337172619,"19,648,442","3,985,062"
tt0419887,The Kite Runner,2007,128,7.6,83675,20000000,73276047,"20,000,000","73,276,047",29391247.31120564,107683720.9682264,"29,391,247","107,683,720"
tt0419946,The Marine,2006,92,4.8,36557,20000000,22165608,"20,000,000","22,165,608",30228373.015873015,33501513.337380953,"30,228,373","33,501,513"
tt0420238,The Tale of Despereaux,2008,93,6.1,40661,60000000,87000000,"60,000,000","87,000,000",84913447.5599504,123124498.96192807,"84,913,447","123,124,498"
tt0420294,The Texas Chainsaw Massacre: The Beginning,2006,91,5.8,79232,16000000,50517763,"16,000,000","50,517,763",24182698.412698414,76353489.19457342,"24,182,698","76,353,489"
tt0420609,Infamous,2006,110,7.0,18500,13000000,2689799,"13,000,000","2,689,799",19648442.460317463,4065412.3754861113,"19,648,442","4,065,412"
tt0421054,Domino,2005,127,5.9,70357,50000000,22900000,"50,000,000","22,900,000",78008704.55709165,35727986.687147975,"78,008,704","35,727,986"
tt0421082,Control,2007,122,7.6,70029,5000000,8200000,"5,000,000","8,200,000",7347811.82780141,12050411.397594312,"7,347,811","12,050,411"
tt0421206,Gridiron Gang,2006,125,7.1,82253,30000000,41500000,"30,000,000","41,500,000",45342559.52380952,62723874.00793651,"45,342,559","62,723,874"
tt0421238,The Proposition,2005,104,7.3,56236,2000000,5048693,"2,000,000","5,048,693",3120348.182283666,7876840.012729134,"3,120,348","7,876,840"
tt0421239,Red Eye,2005,85,6.5,153828,26000000,57891803,"26,000,000","57,891,803",40564526.369687654,90321291.13008705,"40,564,526","90,321,291"
tt0421715,The Curious Case of Benjamin Button,2008,166,7.8,717959,150000000,335800000,"150,000,000","335,800,000",212283618.899876,475232261.51052237,"212,283,618","475,232,261"
tt0421729,Big Momma's House 2,2006,99,4.8,47717,40000000,141522961,"40,000,000","141,522,961",60456746.03174603,213900442.77094248,"60,456,746","213,900,442"
tt0421994,Imagine Me & You,2005,90,6.8,37543,1000000,2500000,"1,000,000","2,500,000",1560174.091141833,3900435.2278545825,"1,560,174","3,900,435"
tt0422093,Diary of a Mad Black Woman,2005,116,5.7,16401,5500000,50652203,"5,500,000","50,652,203",8580957.50128008,79026254.77985662,"8,580,957","79,026,254"
tt0422720,Marie Antoinette,2006,123,6.5,126601,40000000,60917189,"40,000,000","60,917,189",60456746.03174603,92071375.60852183,"60,456,746","92,071,375"
tt0423294,Surf's Up,2007,85,6.7,95769,85000000,149000000,"85,000,000","149,000,000",124912801.07262397,218964792.46848202,"124,912,801","218,964,792"
tt0423977,Charlie Bartlett,2007,97,6.9,67409,12000000,5254986,"12,000,000","5,254,986",17634748.386723384,7722529.657146163,"17,634,748","7,722,529"
tt0424095,Flushed Away,2006,85,6.6,143637,149000000,178120010,"149,000,000","178,120,010",225201378.96825397,269213905.1935516,"225,201,378","269,213,905"
tt0424136,Hard Candy,2005,104,7.0,171517,950000,7000000,"950,000","7,000,000",1482165.3865847413,10921218.637992831,"1,482,165","10,921,218"
tt0424345,Clerks II,2006,97,7.3,142479,5000000,26888376,"5,000,000","26,888,376",7557093.253968254,40639592.97595238,"7,557,093","40,639,592"
tt0424774,The Adventures of Sharkboy and Lavagirl 3-D,2005,93,3.8,44234,50000000,72000000,"50,000,000","72,000,000",78008704.55709165,112332534.56221198,"78,008,704","112,332,534"
tt0424908,Copying Beethoven,2006,104,6.7,14265,11000000,6191746,"11,000,000","6,191,746",16625605.158730159,9358320.385376984,"16,625,605","9,358,320"
tt0425061,Get Smart,2008,110,6.5,232649,80000000,230685453,"80,000,000","230,685,453",113217930.07993387,326471618.6026484,"113,217,930","326,471,618"
tt0425112,Hot Fuzz,2007,121,7.8,549600,12000000,80600000,"12,000,000","80,600,000",17634748.386723384,118446726.66415873,"17,634,748","118,446,726"
tt0425123,Just Like Heaven,2005,95,6.7,120369,58000000,102900000,"58,000,000","102,900,000",90490097.28622632,160541913.9784946,"90,490,097","160,541,913"
tt0425430,The Messengers,2007,90,5.3,41767,16000000,55060212,"16,000,000","55,060,212",23512997.848964512,80914415.39497063,"23,512,997","80,914,415"
tt0425601,Trailer Park Boys: The Movie,2006,95,7.1,13836,5000000,3833507,"5,000,000","3,833,507",7557093.253968254,5794033.977748016,"7,557,093","5,794,033"
tt0426459,Feast,2005,95,6.2,34905,3200000,658573,"3,200,000","658,573",4992557.091653866,1027488.5317255503,"4,992,557","1,027,488"
tt0426592,Superhero Movie,2008,75,4.7,79151,35000000,71571300,"35,000,000","71,571,300",49532844.409971066,101289430.48912463,"49,532,844","101,289,430"
tt0426883,Alpha Dog,2006,122,6.9,109663,9500000,32400000,"9,500,000","32,400,000",14358477.182539683,48969964.28571428,"14,358,477","48,969,964"
tt0427229,Failure to Launch,2006,97,5.7,91028,50000000,130224158,"50,000,000","130,224,158",75570932.53968254,196823221.1850992,"75,570,932","196,823,221"
tt0427309,The Great Debaters,2007,126,7.5,64804,15000000,30226144,"15,000,000","30,226,144",22043435.48340423,44419203.67840572,"22,043,435","44,419,203"
tt0427327,Hairspray,2007,117,6.7,141899,75000000,90450008,"75,000,000","90,450,008",110217177.41702114,132921927.72142643,"110,217,177","132,921,927"
tt0427392,The Invasion,2007,99,5.9,85200,80000000,40170558,"80,000,000","40,170,558",117564989.24482256,59033140.240356505,"117,564,989","59,033,140"
tt0427944,Thank You for Smoking,2005,92,7.5,232026,6500000,24793509,"6,500,000","24,793,509",10141131.592421914,38682190.37029186,"10,141,131","38,682,190"
tt0429493,The A-Team,2010,117,6.7,272419,110000000,177238796,"110,000,000","177,238,796",153709230.65634516,247665808.86924458,"153,709,230","247,665,808"
tt0429573,An American Haunting,2005,83,5.0,27382,14000000,29612137,"14,000,000","29,612,137",21842437.275985662,46200088.93074244,"21,842,437","46,200,088"
tt0429589,The Ant Bully,2006,88,5.8,42909,50000000,55200000,"50,000,000","55,200,000",75570932.53968254,83430309.52380952,"75,570,932","83,430,309"
tt0429591,Aquamarine,2006,110,5.4,46560,12000000,23006849,"12,000,000","23,006,849",18137023.80952381,34772980.674593255,"18,137,023","34,772,980"
tt0430105,Four Brothers,2005,109,6.8,163402,45000000,92374674,"45,000,000","92,374,674",70207834.10138248,144120573.0524731,"70,207,834","144,120,573"
tt0430304,Little Man,2006,98,4.5,62417,64000000,101600000,"64,000,000","101,600,000",96730793.65079366,153560134.92063493,"96,730,793","153,560,134"
tt0430308,Get Rich or Die Tryin',2005,117,5.5,51839,40000000,46442528,"40,000,000","46,442,528",62406963.64567332,72458428.91272913,"62,406,963","72,458,428"
tt0430357,Miami Vice,2006,132,6.1,126890,135000000,163800000,"135,000,000","163,800,000",204041517.85714287,247570375.0,"204,041,517","247,570,375"
tt0430431,One Night with the King,2006,123,6.0,8006,20000000,13728450,"20,000,000","13,728,450",30228373.015873015,20749435.376488097,"30,228,373","20,749,435"
tt0430779,Everyone's Hero,2006,87,5.7,10010,35000000,16627188,"35,000,000","16,627,188",52899652.777777776,25130642.05345238,"52,899,652","25,130,642"
tt0430912,Basic Instinct 2,2006,114,4.4,42562,70000000,38629478,"70,000,000","38,629,478",105799305.55555555,58385313.51962302,"105,799,305","58,385,313"
tt0430922,Role Models,2008,99,6.8,245100,28000000,92380927,"28,000,000","92,380,927",39626275.52797685,130739716.67256844,"39,626,275","130,739,716"
tt0431021,The Possession,2012,92,5.9,64524,14000000,85400000,"14,000,000","85,400,000",18579875.78072598,113337242.26242846,"18,579,875","113,337,242"
tt0431308,P.S. I Love You,2007,126,7.0,221853,30000000,156835339,"30,000,000","156,835,339",44086870.96680846,230479311.78428873,"44,086,870","230,479,311"
tt0432021,Resident Evil: Extinction,2007,94,6.2,209962,45000000,147717833,"45,000,000","147,717,833",66130306.45021269,217080568.09891868,"66,130,306","217,080,568"
tt0432283,Fantastic Mr. Fox,2009,87,7.9,283587,40000000,46471023,"40,000,000","46,471,023",56811086.199583285,66001732.335895434,"56,811,086","66,001,732"
tt0432291,The Fog,2005,100,3.7,40161,18000000,46201432,"18,000,000","46,201,432",28083133.640552994,72082277.1800512,"28,083,133","72,082,277"
tt0432348,Saw II,2005,93,6.6,286302,4000000,152925093,"4,000,000","152,925,093",6240696.364567332,238589767.9840553,"6,240,696","238,589,767"
tt0433035,Real Steel,2011,127,7.1,368610,110000000,299300000,"110,000,000","299,300,000",149005819.3554697,405431288.4826553,"149,005,819","405,431,288"
tt0433362,Daybreakers,2009,98,6.4,137608,20000000,51417188,"20,000,000","51,417,188",28405543.099791642,73026657.49020448,"28,405,543","73,026,657"
tt0433383,"Good Night, and Good Luck.",2005,93,7.4,102678,7000000,54600000,"7,000,000","54,600,000",10921218.637992831,85185505.37634408,"10,921,218","85,185,505"
tt0433386,The Grudge 2,2006,102,5.1,52392,20000000,39143839,"20,000,000","39,143,839",30228373.015873015,59162728.32826389,"30,228,373","59,162,728"
tt0433442,The Return,2005,85,4.7,12498,15000000,11992014,"15,000,000","11,992,014",23402611.367127493,18709629.543410137,"23,402,611","18,709,629"
tt0434139,The Last Kiss,2006,104,6.4,42496,20000000,15851622,"20,000,000","15,851,622",30228373.015873015,23958437.136130955,"30,228,373","23,958,437"
tt0434409,V for Vendetta,2005,132,8.1,1209519,54000000,132511035,"54,000,000","132,511,035",84249400.92165898,206740283.59738863,"84,249,400","206,740,283"
tt0435625,The Descent,2005,99,7.2,258461,3500000,57130027,"3,500,000","57,130,027",5460609.3189964155,89132787.95163338,"5,460,609","89,132,787"
tt0435651,The Giver,2014,97,6.4,128037,25000000,66980456,"25,000,000","66,980,456",32177404.36604488,86210288.69336307,"32,177,404","86,210,288"
tt0435705,Next,2007,96,6.2,170006,70000000,76066841,"70,000,000","76,066,841",102869365.58921973,111784966.80065784,"102,869,365","111,784,966"
tt0435761,Toy Story 3,2010,103,8.3,925130,200000000,1067316101,"200,000,000","1,067,316,101",279471328.4660821,1491421243.1985452,"279,471,328","1,491,421,243"
tt0436697,The Queen,2006,103,7.3,117475,15000000,123384128,"15,000,000","123,384,128",22671279.76190476,186485072.27111113,"22,671,279","186,485,072"
tt0437086,Alita: Battle Angel,2019,122,7.3,309543,170000000,405000000,"170,000,000","405,000,000",202612641.15592375,482694821.57734776,"202,612,641","482,694,821"
tt0437179,See No Evil,2006,84,5.1,29782,8000000,18700000,"8,000,000","18,700,000",12091349.206349207,28263528.769841272,"12,091,349","28,263,528"
tt0437863,The Benchwarmers,2006,85,5.5,56337,33000000,65000000,"33,000,000","65,000,000",49876815.47619048,98242212.3015873,"49,876,815","98,242,212"
tt0437954,Virgin Territory,2007,97,4.7,9354,38000000,5410749,"38,000,000","5,410,749",55843369.89129072,7951433.09989293,"55,843,369","7,951,433"
tt0438097,Ice Age: The Meltdown,2006,91,6.8,306200,80000000,660998756,"80,000,000","660,998,756",120913492.06349206,999045847.9698017,"120,913,492","999,045,847"
tt0438488,Terminator Salvation,2009,115,6.5,384667,200000000,371353001,"200,000,000","371,353,001",284055430.99791646,527424183.7571235,"284,055,430","527,424,183"
tt0439572,The Flash,2023,144,6.6,229920,220000000,271333313,"220,000,000","271,333,313",220000000.0,271333313.0,"220,000,000","271,333,313"
tt0439815,Slither,2006,95,6.5,91546,15000000,12800000,"15,000,000","12,800,000",22671279.76190476,19346158.73015873,"22,671,279","19,346,158"
tt0440963,The Bourne Ultimatum,2007,115,8.0,669458,70000000,442824138,"70,000,000","442,824,138",102869365.58921973,650757687.7664727,"102,869,365","650,757,687"
tt0441773,Kung Fu Panda,2008,92,7.6,546737,130000000,632091832,"130,000,000","632,091,832",183979136.37989253,894551610.4934162,"183,979,136","894,551,610"
tt0441774,Lonely Hearts,2006,108,6.4,22718,18000000,2520000,"18,000,000","2,520,000",27205535.714285716,3808775.0,"27,205,535","3,808,775"
tt0441796,Stay Alive,2006,85,5.0,34794,9000000,27105095,"9,000,000","27,105,095",13602767.857142858,40967146.11453373,"13,602,767","40,967,146"
tt0442933,Beowulf,2007,115,6.3,176962,70000000,195735876,"70,000,000","195,735,876",102869365.58921973,287646076.959574,"102,869,365","287,646,076"
tt0443272,Lincoln,2012,150,7.3,277771,65000000,275300000,"65,000,000","275,300,000",86263708.98194204,365359985.888133,"86,263,708","365,359,985"
tt0443274,Vantage Point,2008,90,6.6,155698,40000000,152039882,"40,000,000","152,039,882",56608965.03996693,215170509.12046745,"56,608,965","215,170,509"
tt0443295,"Yours, Mine & Ours",2005,88,5.5,31134,45000000,72028752,"45,000,000","72,028,752",70207834.10138248,112377392.68768048,"70,207,834","112,377,392"
tt0443453,Borat,2006,84,7.4,457982,18000000,262552893,"18,000,000","262,552,893",27205535.714285716,396827339.30002975,"27,205,535","396,827,339"
tt0443489,Dreamgirls,2006,130,6.6,78723,70000000,154937680,"70,000,000","154,937,680",105799305.55555555,234175699.2626984,"105,799,305","234,175,699"
tt0443536,Hoodwinked!,2005,80,6.5,68584,8000000,110000000,"8,000,000","110,000,000",12481392.729134664,171619150.02560163,"12,481,392","171,619,150"
tt0443543,The Illusionist,2006,110,7.5,396159,16500000,87892388,"16,500,000","87,892,388",24938407.73809524,132842194.48599206,"24,938,407","132,842,194"
tt0443632,The Sentinel,2006,108,6.1,55452,60000000,78810595,"60,000,000","78,810,595",90685119.04761904,119115803.16314484,"90,685,119","119,115,803"
tt0443649,"10,000 BC",2008,109,5.1,137309,105000000,269784201,"105,000,000","269,784,201",148598533.2299132,381805110.0686103,"148,598,533","381,805,110"
tt0443680,The Assassination of Jesse James by the Coward Robert Ford,2007,160,7.5,197393,30000000,14711793,"30,000,000","14,711,793",44086870.96680846,21619897.322713196,"44,086,870","21,619,897"
tt0443706,Zodiac,2007,157,7.7,630501,65000000,84785914,"65,000,000","84,785,914",95521553.76141833,124598188.34403062,"95,521,553","124,598,188"
tt0444653,Keeping Mum,2005,99,6.8,36760,169000,18564702,"169,000","18,564,702",263669.42140296975,28964167.07016897,"263,669","28,964,167"
tt0445922,Across the Universe,2007,133,7.3,115843,45000000,29625761,"45,000,000","29,625,761",66130306.45021269,43536903.41668355,"66,130,306","43,536,903"
tt0445934,Blades of Glory,2007,93,6.3,181086,53000000,118200000,"53,000,000","118,200,000",77886805.37469494,173702271.60922533,"77,886,805","173,702,271"
tt0445935,Bordertown,2007,112,6.0,11660,21000000,8329799,"21,000,000","8,329,799",30860809.676765922,12241159.12308167,"30,860,809","12,241,159"
tt0445990,Invincible,2006,105,7.0,77236,30000000,57800000,"30,000,000","57,800,000",45342559.52380952,87359998.01587301,"45,342,559","87,359,998"
tt0446029,Scott Pilgrim vs. the World,2010,112,7.5,479501,85000000,51691156,"85,000,000","51,691,156",118775314.59808488,72230980.18633744,"118,775,314","72,230,980"
tt0446755,The Painted Veil,2006,125,7.4,97791,19400000,26910847,"19,400,000","26,910,847",29321521.825396825,40673556.06445437,"29,321,521","40,673,556"
tt0448011,Knowing,2009,121,6.2,254707,50000000,155446362,"50,000,000","155,446,362",71013857.74947912,220776916.7748407,"71,013,857","220,776,916"
tt0448075,The Night Listener,2006,91,5.9,16251,4000000,10639686,"4,000,000","10,639,686",6045674.603174604,16081019.858988095,"6,045,674","16,081,019"
tt0448115,Shazam!,2019,132,7.0,398022,80000000,367799011,"80,000,000","367,799,011",95347125.24984647,438357229.60733324,"95,347,125","438,357,229"
tt0448134,Sunshine,2007,107,7.2,275084,50000000,34800000,"50,000,000","34,800,000",73478118.2780141,51140770.32149781,"73,478,118","51,140,770"
tt0448157,Hancock,2008,92,6.4,525346,150000000,629400000,"150,000,000","629,400,000",212283618.899876,890742064.9038796,"212,283,618","890,742,064"
tt0448694,Puss in Boots,2011,90,6.6,200257,130000000,554987477,"130,000,000","554,987,477",176097786.51100966,751785124.9309992,"176,097,786","751,785,124"
tt0449010,Eragon,2006,104,5.1,132318,100000000,250425512,"100,000,000","250,425,512",151141865.07936507,378497789.4713492,"151,141,865","378,497,789"
tt0449059,Little Miss Sunshine,2006,101,7.8,534359,8000000,100523181,"8,000,000","100,523,181",12091349.206349207,151932610.60050595,"12,091,349","151,932,610"
tt0449088,Pirates of the Caribbean: At World's End,2007,169,7.1,715221,300000000,961691209,"300,000,000","961,691,209",440868709.66808456,1413265208.0365677,"440,868,709","1,413,265,208"
tt0449089,RV,2006,99,5.6,64986,50000000,87528173,"50,000,000","87,528,173",75570932.53968254,132291713.14209326,"75,570,932","132,291,713"
tt0449467,Babel,2006,143,7.5,323061,25000000,135300000,"25,000,000","135,300,000",37785466.26984127,204494943.45238096,"37,785,466","204,494,943"
tt0450259,Blood Diamond,2006,143,8.0,604179,100000000,171700000,"100,000,000","171,700,000",151141865.07936507,259510582.34126985,"151,141,865","259,510,582"
tt0450278,Hostel,2005,94,5.9,197237,4800000,81979826,"4,800,000","81,979,826",7488835.637480798,127902800.52151562,"7,488,835","127,902,800"
tt0450314,Punisher: War Zone,2008,103,5.9,68742,20500000,10089373,"20,500,000","10,089,373",29012094.58298305,14278724.085804658,"29,012,094","14,278,724"
tt0450345,The Wicker Man,2006,102,3.8,73101,40000000,38805380,"40,000,000","38,805,380",60456746.03174603,58651175.08313493,"60,456,746","58,651,175"
tt0450385,1408,2007,104,6.8,303079,25000000,133000000,"25,000,000","133,000,000",36739059.13900705,195451794.6195175,"36,739,059","195,451,794"
tt0451079,Horton Hears a Who!,2008,86,6.8,154013,85000000,298572799,"85,000,000","298,572,799",120294050.70992973,422547428.5119018,"120,294,050","422,547,428"
tt0451279,Wonder Woman,2017,141,7.3,716119,149000000,823970682,"149,000,000","823,970,682",185217844.3211488,1024255526.8715894,"185,217,844","1,024,255,526"
tt0452594,The Break-Up,2006,106,5.8,141710,52000000,205700000,"52,000,000","205,700,000",78593769.84126985,310898816.46825397,"78,593,769","310,898,816"
tt0452598,Cheaper by the Dozen 2,2005,94,5.5,64481,60000000,129181830,"60,000,000","129,181,830",93610445.46850997,201546144.21228877,"93,610,445","201,546,144"
tt0452623,Gone Baby Gone,2007,114,7.6,300949,19000000,34600000,"19,000,000","34,600,000",27921684.94564536,50846857.84838576,"27,921,684","50,846,857"
tt0452625,Good Luck Chuck,2007,96,5.6,96579,25000000,59768495,"25,000,000","59,768,495",36739059.13900705,87833530.89817789,"36,739,059","87,833,530"
tt0452637,Lady in the Water,2006,110,5.5,106125,70000000,72785169,"70,000,000","72,785,169",105799305.55555555,110008861.92776786,"105,799,305","110,008,861"
tt0452681,The Santa Clause 3: The Escape Clause,2006,92,4.8,44570,12000000,84500122,"12,000,000","84,500,122",18137023.80952381,127715060.3851389,"18,137,023","127,715,060"
tt0452694,The Time Traveler's Wife,2009,107,7.1,161576,39000000,101344412,"39,000,000","101,344,412",55390809.04459371,143937153.14945206,"55,390,809","143,937,153"
tt0452702,Vacancy,2007,85,6.2,110493,19000000,35300645,"19,000,000","35,300,645",27921684.94564536,51876499.372003734,"27,921,684","51,876,499"
tt0453451,Mr. Bean's Holiday,2007,90,6.4,137693,25000000,232225908,"25,000,000","232,225,908",36739059.13900705,341270454.7048644,"36,739,059","341,270,454"
tt0453467,Deja Vu,2006,126,7.1,335888,75000000,180557550,"75,000,000","180,557,550",113356398.8095238,272898048.61160713,"113,356,398","272,898,048"
tt0453556,TMNT,2007,87,6.2,70617,34000000,95608995,"34,000,000","95,608,995",49965120.42904959,140503380.8610412,"49,965,120","140,503,380"
tt0453562,42,2013,128,7.5,105382,40000000,95020213,"40,000,000","95,020,213",52319011.66309662,124284090.80442314,"52,319,011","124,284,090"
tt0454082,Black Christmas,2006,95,4.7,31971,9000000,21510851,"9,000,000","21,510,851",13602767.857142858,32511901.395843256,"13,602,767","32,511,901"
tt0454841,The Hills Have Eyes,2006,107,6.4,189320,15000000,69623713,"15,000,000","69,623,713",22671279.76190476,105230578.36570437,"22,671,279","105,230,578"
tt0454848,Inside Man,2006,129,7.6,410438,45000000,186003591,"45,000,000","186,003,591",68013839.28571428,281129296.551994,"68,013,839","281,129,296"
tt0454876,Life of Pi,2012,127,7.9,682460,120000000,609016565,"120,000,000","609,016,565",159256078.12050837,808246580.4360306,"159,256,078","808,246,580"
tt0454919,Pulse,2006,90,4.7,31536,38000000,29907685,"38,000,000","29,907,685",57433908.73015873,45203032.91106151,"57,433,908","45,203,032"
tt0454921,The Pursuit of Happyness,2006,117,8.0,587032,55000000,307077295,"55,000,000","307,077,295",83128025.79365079,464122350.8982639,"83,128,025","464,122,350"
tt0454945,She's the Man,2006,105,6.4,182908,20000000,33900000,"20,000,000","33,900,000",30228373.015873015,51237092.26190476,"30,228,373","51,237,092"
tt0454970,Turistas,2006,93,5.4,41528,10000000,14652825,"10,000,000","14,652,825",15114186.507936507,22146552.991815474,"15,114,186","22,146,552"
tt0454987,Let's Go to Prison,2006,84,5.9,26862,4000000,4630045,"4,000,000","4,630,045",6045674.603174604,6997936.367013888,"6,045,674","6,997,936"
tt0455538,How to Lose Friends & Alienate People,2008,110,6.4,71396,27000000,17286299,"27,000,000","17,286,299",38211051.40197768,24463987.39403538,"38,211,051","24,463,987"
tt0455590,The Last King of Scotland,2006,123,7.6,200367,6000000,48600000,"6,000,000","48,600,000",9068511.904761905,73454946.42857143,"9,068,511","73,454,946"
tt0455782,The Hunting Party,2007,101,6.8,26328,15000000,7600000,"15,000,000","7,600,000",22043435.48340423,11168673.978258142,"22,043,435","11,168,673"
tt0455824,Australia,2008,165,6.6,131795,130000000,211787511,"130,000,000","211,787,511",183979136.37989253,299726795.1525153,"183,979,136","299,726,795"
tt0455857,When a Stranger Calls,2006,87,5.1,49787,15000000,67062123,"15,000,000","67,062,123",22671279.76190476,101358943.46401787,"22,671,279","101,358,943"
tt0455944,The Equalizer,2014,132,7.3,441796,55000000,192330738,"55,000,000","192,330,738",70790289.60529873,247548157.14583334,"70,790,289","247,548,157"
tt0455957,Goya's Ghosts,2006,113,6.9,32411,50000000,9448082,"50,000,000","9,448,082",75570932.53968254,14280007.349027779,"75,570,932","14,280,007"
tt0455960,The Hitcher,2007,84,5.6,46579,10000000,25400000,"10,000,000","25,400,000",14695623.65560282,37326884.08523116,"14,695,623","37,326,884"
tt0456554,Grandma's Boy,2006,94,6.9,90515,5000000,6538177,"5,000,000","6,538,177",7557093.253968254,9881922.65999008,"7,557,093","9,881,922"
tt0457400,Land of the Lost,2009,102,5.3,77134,100000000,68688831,"100,000,000","68,688,831",142027715.49895823,97557177.47224021,"142,027,715","97,557,177"
tt0457433,Perfect Stranger,2007,109,5.7,52748,60795000,73090611,"60,795,000","73,090,611",89342044.01423734,107411211.20140637,"89,342,044","107,411,211"
tt0457495,Stormbreaker,2006,93,5.1,26032,40000000,23900000,"40,000,000","23,900,000",60456746.03174603,36122905.753968254,"60,456,746","36,122,905"
tt0457510,Nacho Libre,2006,92,5.9,96979,35000000,99300000,"35,000,000","99,300,000",52899652.777777776,150083872.02380952,"52,899,652","150,083,872"
tt0457939,The Holiday,2006,136,7.0,346714,85000000,194168700,"85,000,000","194,168,700",128470585.31746033,293470194.58035713,"128,470,585","293,470,194"
tt0458339,Captain America: The First Avenger,2011,124,6.9,926524,140000000,370569774,"140,000,000","370,569,774",189643770.08877963,501973207.30219305,"189,643,770","501,973,207"
tt0458352,The Devil Wears Prada,2006,109,6.9,495476,35000000,326706115,"35,000,000","326,706,115",52899652.777777776,493789715.5393353,"52,899,652","493,789,715"
tt0458525,X-Men Origins: Wolverine,2009,107,6.5,552154,150000000,373062864,"150,000,000","373,062,864",213041573.24843732,529852663.1141854,"213,041,573","529,852,663"
tt0460829,Inland Empire,2006,180,6.8,65646,15000000,4304157,"15,000,000","4,304,157",22671279.76190476,6505383.165744048,"22,671,279","6,505,383"
tt0461770,Enchanted,2007,107,7.1,222928,85000000,340487652,"85,000,000","340,487,652",124912801.07262397,500367839.31718606,"124,912,801","500,367,839"
tt0462200,Black Snake Moan,2006,116,6.9,67557,15000000,10900000,"15,000,000","10,900,000",22671279.76190476,16474463.293650795,"22,671,279","16,474,463"
tt0462229,Code Name: The Cleaner,2007,84,4.6,12358,20000000,10337477,"20,000,000","10,337,477",29391247.31120564,15191567.154045008,"29,391,247","15,191,567"
tt0462244,Daddy Day Camp,2007,93,3.2,18312,6000000,18197398,"6,000,000","18,197,398",8817374.193361692,26742211.251921944,"8,817,374","26,742,211"
tt0462322,Grindhouse,2007,191,7.5,193600,67000000,25422088,"67,000,000","25,422,088",98460678.49253888,37359343.778761655,"98,460,678","37,359,343"
tt0462338,The Hoax,2006,116,6.7,17408,25000000,11772461,"25,000,000","11,772,461",37785466.26984127,17793117.12114087,"37,785,466","17,793,117"
tt0462396,The Last Legion,2007,101,5.4,37643,67000000,25303038,"67,000,000","25,303,038",98460678.49253888,37184392.3791417,"98,460,678","37,184,392"
tt0462465,Outlander,2008,115,6.2,79965,50000000,7033683,"50,000,000","7,033,683",70761206.29995866,9954237.876230244,"70,761,206","9,954,237"
tt0462499,Rambo,2008,92,7.0,250197,50000000,113200000,"50,000,000","113,200,000",70761206.29995866,160203371.06310642,"70,761,206","160,203,371"
tt0462504,Rescue Dawn,2006,125,7.3,113290,10000000,7177143,"10,000,000","7,177,143",15114186.507936507,10847667.789613096,"15,114,186","10,847,667"
tt0462538,The Simpsons Movie,2007,87,7.3,356514,75000000,527068851,"75,000,000","527,068,851",110217177.41702114,774560547.4886998,"110,217,177","774,560,547"
tt0463034,"You, Me and Dupree",2006,110,5.6,85371,54000000,130628903,"54,000,000","130,628,903",81616607.14285715,197434960.32691467,"81,616,607","197,434,960"
tt0463854,28 Weeks Later,2007,100,6.9,307541,15000000,65048725,"15,000,000","65,048,725",22043435.48340423,95593158.18768026,"22,043,435","95,593,158"
tt0463985,The Fast and the Furious: Tokyo Drift,2006,104,6.1,312984,85000000,158964610,"85,000,000","158,964,610",128470585.31746033,240262076.3701389,"128,470,585","240,262,076"
tt0463998,Freedom Writers,2007,123,7.6,88341,21000000,43095175,"21,000,000","43,095,175",30860809.676765922,63331047.31723432,"30,860,809","63,331,047"
tt0465142,American Dreamz,2006,107,5.5,25431,17000000,16700000,"17,000,000","16,700,000",25694117.063492063,25240691.46825397,"25,694,117","25,240,691"
tt0465234,National Treasure: Book of Secrets,2007,124,6.5,260442,130000000,459200000,"130,000,000","459,200,000",191043107.52283666,674823038.2652814,"191,043,107","674,823,038"
tt0465494,Hitman,2007,94,6.2,182571,24000000,99965753,"24,000,000","99,965,753",35269496.77344677,146905908.45369485,"35,269,496","146,905,908"
tt0465502,Igor,2008,87,5.9,24653,25000000,30700000,"25,000,000","30,700,000",35380603.14997933,43447380.66817462,"35,380,603","43,447,380"
tt0465538,Michael Clayton,2007,119,7.2,177859,25000000,92991835,"25,000,000","92,991,835",36739059.13900705,136657301.0203914,"36,739,059","136,657,301"
tt0465551,Notes on a Scandal,2006,92,7.4,86931,15000000,49814392,"15,000,000","49,814,392",22671279.76190476,75290401.14674604,"22,671,279","75,290,401"
tt0465580,Push,2009,111,6.1,117312,38000000,49678401,"38,000,000","49,678,401",53970531.88960412,70557098.03671162,"53,970,531","70,557,098"
tt0465602,Shoot 'Em Up,2007,86,6.6,156939,39000000,26800000,"39,000,000","26,800,000",57312932.256850995,39384271.39701556,"57,312,932","39,384,271"
tt0466342,Date Movie,2006,83,2.8,63133,20000000,85749034,"20,000,000","85,749,034",30228373.015873015,129602689.2751389,"30,228,373","129,602,689"
tt0466839,I Could Never Be Your Woman,2007,97,6.0,20019,24000000,9576495,"24,000,000","9,576,495",35269496.77344677,14073256.645976212,"35,269,496","14,073,256"
tt0466856,ATL,2006,105,6.2,12558,20000000,21170563,"20,000,000","21,170,563",30228373.015873015,31997583.766001984,"30,228,373","31,997,583"
tt0466909,The Omen,2006,110,5.5,64889,25000000,119975084,"25,000,000","119,975,084",37785466.26984127,181332579.58813494,"37,785,466","181,332,579"
tt0467110,Underdog,2007,84,4.8,23254,25000000,65270477,"25,000,000","65,270,477",36739059.13900705,95919036.58136797,"36,739,059","95,919,036"
tt0467200,The Other Boleyn Girl,2008,115,6.7,122734,35000000,78269970,"35,000,000","78,269,970",49532844.409971066,110769549.88523151,"49,532,844","110,769,549"
tt0467406,Juno,2007,96,7.4,560762,7500000,232372681,"7,500,000","232,372,681",11021717.741702115,341486146.78194475,"11,021,717","341,486,146"
tt0468569,The Dark Knight,2008,152,9.0,2995601,185000000,1004558444,"185,000,000","1,004,558,444",261816463.30984706,1421675345.9249895,"261,816,463","1,421,675,345"
tt0469021,Alan Partridge,2013,90,6.9,33440,4000000,9800000,"4,000,000","9,800,000",5231901.166309662,12818157.857458673,"5,231,901","12,818,157"
tt0469263,The Astronaut Farmer,2006,104,6.3,23541,13000000,11130889,"13,000,000","11,130,889",19648442.460317463,16823433.23451389,"19,648,442","16,823,433"
tt0469494,There Will Be Blood,2007,158,8.2,665868,25000000,77208711,"25,000,000","77,208,711",36739059.13900705,113463015.97902016,"36,739,059","113,463,015"
tt0469641,World Trade Center,2006,129,6.0,89365,65000000,163200000,"65,000,000","163,200,000",98242212.3015873,246663523.80952382,"98,242,212","246,663,523"
tt0469903,The Express,2008,130,7.2,23199,40000000,9793496,"40,000,000","9,793,496",56608965.03996693,13859991.8170764,"56,608,965","13,859,991"
tt0470705,Bug,2006,102,6.1,39116,4000000,8095658,"4,000,000","8,095,658",6045674.603174604,12235928.491646824,"6,045,674","12,235,928"
tt0470752,Ex Machina,2014,108,7.7,613959,15000000,36869414,"15,000,000","36,869,414",19306442.619626928,47454481.72068465,"19,306,442","47,454,481"
tt0470765,For Your Consideration,2006,86,6.3,16510,12000000,5542025,"12,000,000","5,542,025",18137023.80952381,8376319.948164683,"18,137,023","8,376,319"
tt0471042,Tower Heist,2011,104,6.2,153887,75000000,152930623,"75,000,000","152,930,623",101594876.8332748,207159570.76961312,"101,594,876","207,159,570"
tt0472033,9,2009,79,7.0,152182,30000000,48428063,"30,000,000","48,428,063",42608314.64968746,68781271.53929625,"42,608,314","68,781,271"
tt0472043,Apocalypto,2006,139,7.8,342967,40000000,120654337,"40,000,000","120,654,337",60456746.03174603,182359215.24094245,"60,456,746","182,359,215"
tt0472062,Charlie Wilson's War,2007,102,7.0,127523,75000000,119483446,"75,000,000","119,483,446",110217177.41702114,175588375.54905424,"110,217,177","175,588,375"
tt0472071,Death Defying Acts,2007,97,5.8,10676,20000000,8380329,"20,000,000","8,380,329",29391247.31120564,12315416.109413434,"29,391,247","12,315,416"
tt0472160,Penelope,2006,104,6.7,67787,15000000,21156270,"15,000,000","21,156,270",22671279.76190476,31975981.059226193,"22,671,279","31,975,981"
tt0473075,Prince of Persia: The Sands of Time,2010,116,6.5,310540,200000000,336365676,"200,000,000","336,365,676",279471328.4660821,470022811.61055875,"279,471,328","470,022,811"
tt0473360,Goal II: Living the Dream,2007,115,5.8,34660,10000000,7864905,"10,000,000","7,864,905",14695623.65560282,11557968.396706888,"14,695,623","11,557,968"
tt0473705,State of Play,2009,127,7.1,163541,60000000,87800000,"60,000,000","87,800,000",85216629.29937492,124700334.20808531,"85,216,629","124,700,334"
tt0475276,United 93,2006,111,7.6,113004,15000000,76300000,"15,000,000","76,300,000",22671279.76190476,115321243.05555555,"22,671,279","115,321,243"
tt0475290,"Hail, Caesar!",2016,106,6.3,146191,22000000,63647656,"22,000,000","63,647,656",27930202.035773955,80804176.87197457,"27,930,202","80,804,176"
tt0475355,Pride,2007,104,6.3,7046,20000000,7094650,"20,000,000","7,094,650",29391247.31120564,10426030.636822255,"29,391,247","10,426,030"
tt0475394,Smokin' Aces,2006,108,6.6,154697,17000000,57103895,"17,000,000","57,103,895",25694117.063492063,86307891.9359623,"25,694,117","86,307,891"
tt0475998,The Pirates Who Don't Do Anything,2008,85,5.6,3189,15000000,13247725,"15,000,000","13,247,725",21228361.8899876,18748500.034602396,"21,228,361","18,748,500"
tt0476964,The Brave One,2007,122,6.7,64543,70000000,69766619,"70,000,000","69,766,619",102869365.58921973,102526397.6547829,"102,869,365","102,526,397"
tt0477080,Unstoppable,2010,98,6.8,212861,100000000,167805466,"100,000,000","167,805,466",139735664.23304105,234484082.53444985,"139,735,664","234,484,082"
tt0477302,Extremely Loud & Incredibly Close,2011,129,6.9,106411,40000000,55200000,"40,000,000","55,200,000",54183934.3110799,74773829.34929025,"54,183,934","74,773,829"
tt0477347,Night at the Museum,2006,108,6.5,391086,110000000,574480841,"110,000,000","574,480,841",166256051.58730158,868281057.6110218,"166,256,051","868,281,057"
tt0477348,No Country for Old Men,2007,122,8.2,1112407,25000000,171627166,"25,000,000","171,627,166",36739059.13900705,252216824.06136718,"36,739,059","252,216,824"
tt0478087,21,2008,123,6.8,272753,35000000,159808370,"35,000,000","159,808,370",49532844.409971066,226164660.7606025,"49,532,844","226,164,660"
tt0478134,In the Valley of Elah,2007,121,7.2,76227,23000000,29541790,"23,000,000","29,541,790",33799934.40788648,43413502.79528508,"33,799,934","43,413,502"
tt0478304,The Tree of Life,2011,139,6.8,187449,32000000,54700000,"32,000,000","54,700,000",43347147.448863916,74096530.17040175,"43,347,147","74,096,530"
tt0478311,Knocked Up,2007,129,6.9,391278,30000000,219900000,"30,000,000","219,900,000",44086870.96680846,323156764.186706,"44,086,870","323,156,764"
tt0478970,Ant-Man,2015,117,7.2,746008,130000000,519311965,"130,000,000","519,311,965",167124130.33664253,667612004.031061,"167,124,130","667,612,004"
tt0479143,Rocky Balboa,2006,102,7.1,236528,24000000,155929020,"24,000,000","155,929,020",36274047.61904762,235674029.0279762,"36,274,047","235,674,029"
tt0479537,Seraphim Falls,2006,115,6.6,35586,18000000,1220058,"18,000,000","1,220,058",27205535.714285716,1844018.4162500002,"27,205,535","1,844,018"
tt0479884,Crank,2006,88,6.9,269966,12000000,42900000,"12,000,000","42,900,000",18137023.80952381,64839860.11904762,"18,137,023","64,839,860"
tt0479952,Madagascar: Escape 2 Africa,2008,89,6.6,257883,150000000,603900354,"150,000,000","603,900,354",212283618.899876,854654350.6802413,"212,283,618","854,654,350"
tt0479968,One Missed Call,2008,87,4.0,34638,20000000,45847751,"20,000,000","45,847,751",28304482.519983467,64884843.33800272,"28,304,482","64,884,843"
tt0479997,Season of the Witch,2011,95,5.4,100242,40000000,91627228,"40,000,000","91,627,228",54183934.3110799,124118092.57645851,"54,183,934","124,118,092"
tt0480242,Dan in Real Life,2007,98,6.8,108823,25000000,68474305,"25,000,000","68,474,305",36739059.13900705,100627261.63589625,"36,739,059","100,627,261"
tt0480249,I Am Legend,2007,101,7.2,844460,150000000,585410052,"150,000,000","585,410,052",220434354.83404228,860296580.8398876,"220,434,354","860,296,580"
tt0480255,The Losers,2010,97,6.2,109011,25000000,23580000,"25,000,000","23,580,000",34933916.05826026,32949669.626151077,"34,933,916","32,949,669"
tt0480687,Hall Pass,2011,105,5.9,133306,36000000,83200000,"36,000,000","83,200,000",48765540.87997191,112702583.36704618,"48,765,540","112,702,583"
tt0481141,No Reservations,2007,104,6.3,81045,28000000,92601050,"28,000,000","92,601,050",41147746.2356879,136083018.09136593,"41,147,746","136,083,018"
tt0481369,The Number 23,2007,98,6.4,216747,30000000,77677553,"30,000,000","77,677,553",44086870.96680846,114152008.53761418,"44,086,870","114,152,008"
tt0481499,The Croods,2013,98,7.1,240452,135000000,587204668,"135,000,000","587,204,668",176576664.3629511,768049196.8429196,"176,576,664","768,049,196"
tt0481536,Harold & Kumar Escape from Guantanamo Bay,2008,114,6.5,143872,12000000,43493123,"12,000,000","43,493,123",16982689.511990078,61552516.98464955,"16,982,689","61,552,516"
tt0482527,It's a Boy Girl Thing,2006,95,6.2,43597,15500000,7385434,"15,500,000","7,385,434",23426989.08730159,11162482.691805556,"23,426,989","11,162,482"
tt0482546,Miss Potter,2006,88,7.0,32906,30000000,35078241,"30,000,000","35,078,241",45342559.52380952,53017907.68443452,"45,342,559","53,017,907"
tt0482571,The Prestige,2006,130,8.5,1503146,40000000,109676311,"40,000,000","109,676,311",60456746.03174603,165766821.99564484,"60,456,746","165,766,821"
tt0482572,Pride and Glory,2008,130,6.6,64522,30000000,31200557,"30,000,000","31,200,557",42456723.7799752,44155781.01101239,"42,456,723","44,155,781"
tt0482603,Space Chimps,2008,81,4.5,12908,37000000,64762724,"37,000,000","64,762,724",52363292.66196941,91653769.47022569,"52,363,292","91,653,769"
tt0483726,Man of the Year,2006,115,6.2,36021,20000000,42500000,"20,000,000","42,500,000",30228373.015873015,64235292.658730164,"30,228,373","64,235,292"
tt0483756,Nobel Son,2007,110,6.1,6233,4000000,550782,"4,000,000","550,782",5878249.462241128,809408.4988280232,"5,878,249","809,408"
tt0485947,Mr. Nobody,2009,141,7.7,251118,47000000,2331721,"47,000,000","2,331,721",66753026.28451036,3311690.0681094634,"66,753,026","3,311,690"
tt0485985,Red Tails,2012,125,5.9,37831,58000000,50365377,"58,000,000","50,365,377",76973771.09157905,66841603.450673796,"76,973,771","66,841,603"
tt0486551,Beerfest,2006,110,6.2,72447,17500000,19179969,"17,500,000","19,179,969",26449826.388888888,28988962.86824405,"26,449,826","28,988,962"
tt0486576,Fantastic Four: Rise of the Silver Surfer,2007,92,5.6,284911,130000000,301913131,"130,000,000","301,913,131",191043107.52283666,443680174.98607135,"191,043,107","443,680,174"
tt0486578,First Sunday,2008,96,4.6,12008,20000000,38800000,"20,000,000","38,800,000",28304482.519983467,54910696.08876792,"28,304,482","54,910,696"
tt0486583,Fred Claus,2007,116,5.7,49419,100000000,97800000,"100,000,000","97,800,000",146956236.5560282,143723199.35179558,"146,956,236","143,723,199"
tt0486655,Stardust,2007,127,7.6,291164,70000000,137500000,"70,000,000","137,500,000",102869365.58921973,202064825.26453876,"102,869,365","202,064,825"
tt0486674,What Just Happened,2008,104,5.6,28884,25000000,6673422,"25,000,000","6,673,422",35380603.14997933,9444387.817373654,"35,380,603","9,444,387"
tt0486822,Disturbia,2007,105,6.8,264114,20000000,117760134,"20,000,000","117,760,134",29391247.31120564,173055861.0897358,"29,391,247","173,055,861"
tt0486946,Wild Hogs,2007,100,5.9,125442,60000000,253625427,"60,000,000","253,625,427",88173741.93361692,372718382.4683566,"88,173,741","372,718,382"
tt0488120,Fracture,2007,113,7.2,226184,10000000,91354215,"10,000,000","91,354,215",14695623.65560282,134250716.2993026,"14,695,623","134,250,716"
tt0488658,Unaccompanied Minors,2006,90,5.4,12751,26000000,21949234,"26,000,000","21,949,234",39296884.920634925,33174481.638234127,"39,296,884","33,174,481"
tt0489049,Fanboys,2009,90,6.5,62032,3900000,948753,"3,900,000","948,753",5539080.90445937,1347492.211627831,"5,539,080","1,347,492"
tt0489099,Jumper,2008,88,6.1,330313,85000000,222231186,"85,000,000","222,231,186",120294050.70992973,314506935.9766097,"120,294,050","314,506,935"
tt0489244,Night of the Living Dead 3D,2006,80,3.1,3975,3000000,1657729,"3,000,000","1,657,729",4534255.952380952,2505522.5285615083,"4,534,255","2,505,522"
tt0489270,Saw III,2006,108,6.2,220005,10000000,164874275,"10,000,000","164,874,275",15114186.507936507,249194054.27108136,"15,114,186","249,194,054"
tt0489282,Strange Wilderness,2008,87,5.2,23128,20000000,7000000,"20,000,000","7,000,000",28304482.519983467,9906568.881994212,"28,304,482","9,906,568"
tt0490076,All the Boys Love Mandy Lane,2006,90,5.5,35428,750000,1757270,"750,000","1,757,270",1133563.988095238,2655970.652480159,"1,133,563","2,655,970"
tt0490086,A Prueba De Hombres,2007,105,6.2,49230,7500000,8742330,"7,500,000","8,742,330",11021717.741702115,12847399.15530862,"11,021,717","12,847,399"
tt0490181,Mutant Chronicles,2008,111,5.2,27424,8000000,2131057,"8,000,000","2,131,057",11321793.007993387,3015923.28027942,"11,321,793","3,015,923"
tt0490204,Reign Over Me,2007,124,7.4,100881,20000000,22222308,"20,000,000","22,222,308",29391247.31120564,32657067.512689177,"29,391,247","32,657,067"
tt0490215,Silence,2016,161,7.2,126963,46000000,23834809,"46,000,000","23,834,809",58399513.34752736,30259592.311549246,"58,399,513","30,259,592"
tt0491152,Something Borrowed,2011,112,5.8,66327,35000000,65090821,"35,000,000","65,090,821",47410942.52219491,88171919.23295648,"47,410,942","88,171,919"
tt0491175,Suburbicon,2017,105,5.8,48433,25000000,12751667,"25,000,000","12,751,667",31076819.51697128,15851250.155980745,"31,076,819","15,851,250"
tt0491203,Tulip Fever,2017,105,6.2,23634,25000000,9204549,"25,000,000","9,204,549",31076819.51697128,11441924.320324738,"31,076,819","11,441,924"
tt0492044,The Haunting in Connecticut,2009,92,5.8,66580,10000000,77578320,"10,000,000","77,578,320",14202771.549895821,110182715.6184714,"14,202,771","110,182,715"
tt0492389,Furry Vengeance,2010,92,3.9,18699,35000000,36236710,"35,000,000","36,236,710",48907482.481564365,50635607.414700806,"48,907,482","50,635,607"
tt0492956,The Game Plan,2007,110,6.4,102215,22000000,147880543,"22,000,000","147,880,543",32330372.042326204,217319680.59141898,"32,330,372","217,319,680"
tt0493405,CHIPS,2017,100,6.0,52354,25000000,26800152,"25,000,000","26,800,152",31076819.51697128,33314539.469255872,"31,076,819","33,314,539"
tt0493464,Wanted,2008,110,6.7,418620,75000000,342463063,"75,000,000","342,463,063",106141809.449938,484661989.0211748,"106,141,809","484,661,989"
tt0494238,Inkheart,2008,106,6.1,83721,60000000,62803180,"60,000,000","62,803,180",84913447.5599504,88880575.52546877,"84,913,447","88,880,575"
tt0496806,Ocean's Thirteen,2007,122,6.9,376009,85000000,311312624,"85,000,000","311,312,624",124912801.07262397,457493316.1542186,"124,912,801","457,493,316"
tt0497465,Vicky Cristina Barcelona,2008,96,7.1,273888,15000000,96409830,"15,000,000","96,409,830",21228361.8899876,136441517.39947888,"21,228,361","136,441,517"
tt0498353,Hostel: Part II,2007,94,5.5,98864,10200000,35728183,"10,200,000","35,728,183",14989536.128714876,52504793.12665065,"14,989,536","52,504,793"
tt0498380,Letters from Iwo Jima,2006,141,7.8,173227,19000000,68673228,"19,000,000","68,673,228",28716954.365079366,103793997.60940476,"28,716,954","103,793,997"
tt0498381,Rings,2017,102,4.5,44306,25000000,83080890,"25,000,000","83,080,890",31076819.51697128,103275592.95357375,"31,076,819","103,275,592"
tt0499448,The Chronicles of Narnia: Prince Caspian,2008,150,6.5,231747,225000000,419665568,"225,000,000","419,665,568",318425428.349814,593920836.6847466,"318,425,428","593,920,836"
tt0499549,Avatar,2009,162,7.9,1424113,237000000,2923706026,"237,000,000","2,923,706,026",336605685.73253095,4152472876.6331773,"336,605,685","4,152,472,876"
tt0499556,War,2007,103,6.2,98863,25000000,40452643,"25,000,000","40,452,643",36739059.13900705,59447681.74024558,"36,739,059","59,447,681"
tt0758730,Aliens vs. Predator: Requiem,2007,94,4.6,139979,40000000,130290885,"40,000,000","130,290,885",58782494.62241128,191470581.17154264,"58,782,494","191,470,581"
tt0758746,Friday the 13th,2009,97,5.5,121375,19000000,91509154,"19,000,000","91,509,154",26985265.94480206,129968360.89862356,"26,985,265","129,968,360"
tt0758752,Love & Other Drugs,2010,112,6.7,234107,30000000,102800000,"30,000,000","102,800,000",41920699.26991232,143648262.83156618,"41,920,699","143,648,262"
tt0758758,Into the Wild,2007,148,8.1,675993,15000000,56255142,"15,000,000","56,255,142",22043435.48340423,82670439.55244957,"22,043,435","82,670,439"
tt0758766,Music and Lyrics,2007,104,6.5,109261,40000000,145896422,"40,000,000","145,896,422",58782494.62241128,214403891.0411012,"58,782,494","214,403,891"
tt0758774,Body of Lies,2008,128,7.0,244321,70000000,113280098,"70,000,000","113,280,098",99065688.81994213,160316727.68515068,"99,065,688","160,316,727"
tt0758794,We Are Marshall,2006,131,7.1,66202,65000000,43500000,"65,000,000","43,500,000",98242212.3015873,65746711.30952381,"98,242,212","65,746,711"
tt0762114,License to Wed,2007,91,5.3,41190,35000000,69307224,"35,000,000","69,307,224",51434682.79460987,101851288.05185635,"51,434,682","101,851,288"
tt0762121,The Nativity Story,2006,101,6.8,12686,35000000,46400000,"35,000,000","46,400,000",52899652.777777776,70129825.3968254,"52,899,652","70,129,825"
tt0762125,Planet 51,2009,91,6.0,59919,70000000,104945765,"70,000,000","104,945,765",99419400.84927075,149052072.54240528,"99,419,400","149,052,072"
tt0763304,Doogal,2006,78,2.8,5562,20000000,27450189,"20,000,000","27,450,189",30228373.015873015,41488727.622410715,"30,228,373","41,488,727"
tt0765429,American Gangster,2007,157,7.8,469506,100000000,266500000,"100,000,000","266,500,000",146956236.5560282,391638370.42181516,"146,956,236","391,638,370"
tt0765443,Eastern Promises,2007,100,7.6,269558,51500000,56106607,"51,500,000","56,106,607",75682461.82635452,82452158.10648108,"75,682,461","82,452,158"
tt0765446,Escape from Planet Earth,2012,89,5.8,27373,40000000,74597643,"40,000,000","74,597,643",53085359.37350279,99001067.17678164,"53,085,359","99,001,067"
tt0770703,What's Your Number?,2011,106,6.0,89533,20000000,30426096,"20,000,000","30,426,096",27091967.15553995,41215139.675165266,"27,091,967","41,215,139"
tt0770752,Fool's Gold,2008,112,5.7,86704,70000000,111231041,"70,000,000","111,231,041",99065688.81994213,157416852.7832032,"99,065,688","157,416,852"
tt0770828,Man of Steel,2013,143,7.1,830875,225000000,668045518,"225,000,000","668,045,518",294294440.60491854,873787031.1930356,"294,294,440","873,787,031"
tt0775552,Aliens in the Attic,2009,86,5.4,25087,45000000,57881056,"45,000,000","57,881,056",63912471.974531196,82207141.54347269,"63,912,471","82,207,141"
tt0780504,Drive,2011,100,7.8,731709,15000000,78100000,"15,000,000","78,100,000",20318975.36665496,105794131.7423835,"20,318,975","105,794,131"
tt0780511,Everybody's Fine,2009,99,7.1,64929,21000000,16443609,"21,000,000","16,443,609",29825820.254781224,23354482.208281085,"29,825,820","23,354,482"
tt0780516,Flawless,2007,108,6.7,27266,20000000,6819587,"20,000,000","6,819,587",29391247.31120564,10021808.403864145,"29,391,247","10,021,808"
tt0780521,The Princess and the Frog,2009,97,7.2,176019,105000000,270997378,"105,000,000","270,997,378",149129101.27390614,384891385.0354764,"149,129,101","384,891,385"
tt0780534,My Mom's New Boyfriend,2008,119,5.3,12704,25000000,7926601,"25,000,000","7,926,601",35380603.14997933,11217916.972369174,"35,380,603","11,217,916"
tt0780536,In Bruges,2008,107,7.9,476873,15000000,34533783,"15,000,000","34,533,783",21228361.8899876,48873042.86362011,"21,228,361","48,873,042"
tt0780571,Mr. Brooks,2007,120,7.3,160132,20000000,48443734,"20,000,000","48,443,734",29391247.31120564,71191088.33361305,"29,391,247","71,191,088"
tt0780622,Teeth,2007,94,5.4,48115,2000000,2340110,"2,000,000","2,340,110",2939124.731120564,3438937.5872712717,"2,939,124","3,438,937"
tt0780653,The Wolfman,2010,103,5.8,114899,150000000,140700000,"150,000,000","140,700,000",209603496.34956157,196608079.57588875,"209,603,496","196,608,079"
tt0783233,Atonement,2007,123,7.8,311767,30000000,131016624,"30,000,000","131,016,624",44086870.96680846,192537099.89316198,"44,086,870","192,537,099"
tt0787475,Hot Rod,2007,88,6.7,95913,25000000,14353654,"25,000,000","14,353,654",36739059.13900705,21093589.7266738,"36,739,059","21,093,589"
tt0790604,Deck the Halls,2006,93,5.1,36484,51000000,47231070,"51,000,000","47,231,070",77082351.1904762,71385920.09494047,"77,082,351","71,385,920"
tt0790628,The Incredible Burt Wonderstone,2013,100,5.9,76895,30000000,27437881,"30,000,000","27,437,881",39239258.74732247,35888070.40124143,"39,239,258","35,888,070"
tt0790636,Dallas Buyers Club,2013,117,7.9,532799,5000000,55736588,"5,000,000","55,736,588",6539876.457887078,72902079.94083028,"6,539,876","72,902,079"
tt0790686,Mirrors,2008,110,6.1,116209,35000000,72400000,"35,000,000","72,400,000",49532844.409971066,102462226.72234015,"49,532,844","102,462,226"
tt0790712,The Messenger,2009,113,7.1,37517,6500000,1595417,"6,500,000","1,595,417",9231801.507432284,2265934.317782014,"9,231,801","2,265,934"
tt0790724,Jack Reacher,2012,130,7.0,377360,60000000,218300000,"60,000,000","218,300,000",79628039.06025419,289713348.7808915,"79,628,039","289,713,348"
tt0790736,R.I.P.D.,2013,96,5.6,147537,130000000,61600000,"130,000,000","61,600,000",170036787.90506402,80571277.9611688,"170,036,787","80,571,277"
tt0790804,The Comebacks,2007,84,4.3,12198,15000000,13500000,"15,000,000","13,500,000",22043435.48340423,19839091.935063805,"22,043,435","19,839,091"
tt0791304,Georgia Rule,2007,113,5.9,28066,20000000,25000167,"20,000,000","25,000,167",29391247.31120564,36739304.5559221,"29,391,247","36,739,304"
tt0795351,Case 39,2009,109,6.2,95382,27000000,29000000,"27,000,000","29,000,000",38347483.18471872,41188037.49469788,"38,347,483","41,188,037"
tt0795368,Death at a Funeral,2007,90,7.3,124143,9000000,46789413,"9,000,000","46,789,413",13226061.290042538,68759960.45145701,"13,226,061","68,759,960"
tt0795421,Mamma Mia!,2008,108,6.5,288616,52000000,609841637,"52,000,000","609,841,637",73591654.55195701,863062597.7212301,"73,591,654","863,062,597"
tt0795461,Scary Movie V,2013,86,3.6,79751,20000000,78378744,"20,000,000","78,378,744",26159505.83154831,102517460.53687161,"26,159,505","102,517,460"
tt0796366,Star Trek,2009,127,7.9,628229,150000000,386839614,"150,000,000","386,839,614",213041573.24843732,549419466.4091882,"213,041,573","549,419,466"
tt0796375,You Kill Me,2007,93,6.4,19203,4000000,3748295,"4,000,000","3,748,295",5878249.462241128,5508353.267017777,"5,878,249","5,508,353"
tt0799934,Be Kind Rewind,2008,102,6.4,95280,20000000,30600000,"20,000,000","30,600,000",28304482.519983467,43305858.2555747,"28,304,482","43,305,858"
tt0799949,Epic Movie,2007,86,2.4,111127,20000000,87238158,"20,000,000","87,238,158",29391247.31120564,128201913.83760163,"29,391,247","128,201,913"
tt0800039,Forgetting Sarah Marshall,2008,111,7.1,309349,30000000,105173115,"30,000,000","105,173,115",42456723.7799752,148843529.75448555,"42,456,723","148,843,529"
tt0800080,The Incredible Hulk,2008,112,6.6,540544,150000000,264770996,"150,000,000","264,770,996",212283618.899876,374710301.4040306,"212,283,618","374,710,301"
tt0800240,Deception,2008,107,6.0,41575,25000000,18024545,"25,000,000","18,024,545",35380603.14997933,25508770.944157768,"35,380,603","25,508,770"
tt0800308,Appaloosa,2008,115,6.7,66149,20000000,20211394,"20,000,000","20,211,394",28304482.519983467,28603652.408874936,"28,304,482","28,603,652"
tt0800320,Clash of the Titans,2010,106,5.8,298177,125000000,493214993,"125,000,000","493,214,993",174669580.2913013,689197246.5654969,"174,669,580","689,197,246"
tt0800369,Thor,2011,115,7.0,927784,150000000,449326618,"150,000,000","449,326,618",203189753.6665496,608657098.8482922,"203,189,753","608,657,098"
tt0803096,Warcraft,2016,123,6.7,287877,160000000,433677183,"160,000,000","433,677,183",203128742.07835606,550576879.0679688,"203,128,742","550,576,879"
tt0804452,Bratz,2007,110,3.1,25239,20000000,26000000,"20,000,000","26,000,000",29391247.31120564,38208621.50456733,"29,391,247","38,208,621"
tt0804461,Death Sentence,2007,105,6.7,76119,20000000,16974459,"20,000,000","16,974,459",29391247.31120564,24945026.12214602,"29,391,247","24,945,026"
tt0804505,Married Life,2007,91,6.2,9913,12000000,2888315,"12,000,000","2,888,315",17634748.386723384,4244559.023883246,"17,634,748","4,244,559"
tt0804516,P2,2007,98,5.9,37754,3500000,7766240,"3,500,000","7,766,240",5143468.279460987,11412974.025908884,"5,143,468","11,412,974"
tt0804522,Rendition,2007,122,6.8,58948,27500000,24748670,"27,500,000","24,748,670",40412965.05290776,36369714.02967078,"40,412,965","36,369,714"
tt0805526,Facing the Giants,2006,111,6.5,18581,100000,10307987,"100,000","10,307,987",151141.8650793651,15579683.803938493,"151,141","15,579,683"
tt0805564,Lars and the Real Girl,2007,106,7.3,161304,12000000,11293663,"12,000,000","11,293,663",17634748.386723384,16596742.11412063,"17,634,748","16,596,742"
tt0805570,The Midnight Meat Train,2008,100,6.0,73311,15000000,3533227,"15,000,000","3,533,227",21228361.8899876,5000308.093031681,"21,228,361","5,000,308"
tt0806027,Blood: The Last Vampire,2009,91,5.3,15419,30000000,5874530,"30,000,000","5,874,530",42608314.64968746,8343460.75530095,"42,608,314","8,343,460"
tt0808279,Funny Games,2007,111,6.5,106913,15000000,7938872,"15,000,000","7,938,872",22043435.48340423,11666667.516200287,"22,043,435","11,666,667"
tt0808399,"New York, I Love You",2008,103,6.2,48851,14700000,14600000,"14,700,000","14,600,000",20803794.652187847,20662272.23958793,"20,803,794","20,662,272"
tt0808510,Tooth Fairy,2010,101,5.0,51241,48000000,112462508,"48,000,000","112,462,508",67073118.8318597,157150232.56693694,"67,073,118","157,150,232"
tt0808526,Life During Wartime,2009,98,6.4,8032,4500000,744816,"4,500,000","744,816",6391247.19745312,1057845.1494707207,"6,391,247","1,057,845"
tt0810784,Bright Star,2009,119,6.9,29170,10000000,14374652,"10,000,000","14,374,652",14202771.549895821,20415989.846525304,"14,202,771","20,415,989"
tt0810913,Jack and Jill,2011,91,3.3,92773,79000000,149700000,"79,000,000","149,700,000",107013270.2643828,202783374.1592165,"107,013,270","202,783,374"
tt0810922,Take Me Home Tonight,2011,97,6.3,56654,19000000,6900000,"19,000,000","6,900,000",25737368.79776295,9346728.668661281,"25,737,368","9,346,728"
tt0811080,Speed Racer,2008,135,6.1,80335,120000000,93900000,"120,000,000","93,900,000",169826895.1199008,132889545.43132237,"169,826,895","132,889,545"
tt0811106,The Ten,2007,96,4.9,17053,5250000,785528,"5,250,000","785,528",7715202.419191481,1154382.385893837,"7,715,202","1,154,382"
tt0811138,The Love Guru,2008,87,3.8,55838,62000000,40854735,"62,000,000","40,854,735",87743895.81194875,57818606.63330283,"87,743,895","57,818,606"
tt0814255,Percy Jackson & the Olympians: The Lightning Thief,2010,118,5.9,208444,95000000,226497209,"95,000,000","226,497,209",132748881.021389,316497379.4654492,"132,748,881","316,497,379"
tt0814314,Seven Pounds,2008,123,7.6,320212,55000000,168167691,"55,000,000","168,167,691",77837326.92995453,237994973.51677403,"77,837,326","237,994,973"
tt0814335,The Stepfather,2009,101,5.6,40842,20000000,31198531,"20,000,000","31,198,531",28405543.099791642,44310560.84853428,"28,405,543","44,310,560"
tt0815236,She's Out of My League,2010,104,6.4,148899,20000000,49800000,"20,000,000","49,800,000",27947132.84660821,69588360.78805444,"27,947,132","69,588,360"
tt0815244,Sydney White,2007,108,6.2,52358,16500000,13620075,"16,500,000","13,620,075",24247779.03174465,20015549.636108458,"24,247,779","20,015,549"
tt0816462,Conan the Barbarian,2011,113,5.2,104002,90000000,63523283,"90,000,000","63,523,283",121913852.19992976,86048534.83240345,"121,913,852","86,048,534"
tt0816692,Interstellar,2014,169,8.7,2310585,165000000,746606706,"165,000,000","746,606,706",212370868.81589618,960954635.2545114,"212,370,868","960,954,635"
tt0816711,World War Z,2013,116,7.0,748348,200000000,531865000,"200,000,000","531,865,000",261595058.31548312,695666278.4548222,"261,595,058","695,666,278"
tt0817177,Flipped,2010,90,7.7,101644,14000000,4324817,"14,000,000","4,324,817",19562992.992625747,6043311.761813479,"19,562,992","6,043,311"
tt0817230,Valentine's Day,2010,125,5.8,127553,52000000,216500000,"52,000,000","216,500,000",72662545.40118134,302527713.0645339,"72,662,545","302,527,713"
tt0817538,Drillbit Taylor,2008,110,5.7,63183,40000000,32900000,"40,000,000","32,900,000",56608965.03996693,46560873.7453728,"56,608,965","46,560,873"
tt0821640,Ghosts of Girlfriends Past,2009,100,5.8,96813,37500000,102366815,"37,500,000","102,366,815",53260393.31210933,145389248.77354488,"53,260,393","145,389,248"
tt0822847,Priest,2011,87,5.7,126334,60000000,78309131,"60,000,000","78,309,131",81275901.46661983,106077420.25154375,"81,275,901","106,077,420"
tt0822854,Shooter,2007,124,7.1,365092,61000000,95700000,"61,000,000","95,700,000",89643304.2991772,140637118.38411897,"89,643,304","140,637,118"
tt0824747,Changeling,2008,141,7.7,269978,55000000,113400000,"55,000,000","113,400,000",77837326.92995453,160486415.88830626,"77,837,326","160,486,415"
tt0825232,The Bucket List,2007,97,7.4,265373,45000000,175400000,"45,000,000","175,400,000",66130306.45021269,257761238.91927347,"66,130,306","257,761,238"
tt0829150,Dracula Untold,2014,92,6.2,215034,70000000,217124280,"70,000,000","217,124,280",90096732.22492565,279459830.209854,"90,096,732","279,459,830"
tt0829482,Superbad,2007,113,7.6,658896,20000000,170800000,"20,000,000","170,800,000",29391247.31120564,251001252.03769615,"29,391,247","251,001,252"
tt0830515,Quantum of Solace,2008,106,6.5,481443,200000000,589593688,"200,000,000","589,593,688",283044825.19983464,834407211.7944293,"283,044,825","834,407,211"
tt0831387,Godzilla,2014,123,6.4,452415,160000000,524978362,"160,000,000","524,978,362",205935387.9426872,675697641.4999155,"205,935,387","675,697,641"
tt0831887,The Spirit,2008,103,4.7,63536,60000000,39031337,"60,000,000","39,031,337",84913447.5599504,55238089.79240419,"84,913,447","55,238,089"
tt0837562,Hotel Transylvania,2012,91,7.0,294823,85000000,358375603,"85,000,000","358,375,603",112806388.66869344,475612441.89876914,"112,806,388","475,612,441"
tt0837563,Pet Sematary,2019,100,5.7,101397,21000000,113118226,"21,000,000","113,118,226",25028620.378084697,134818720.7807805,"25,028,620","134,818,720"
tt0838221,The Darjeeling Limited,2007,91,7.2,222537,16000000,24377151,"16,000,000","24,377,151",23512997.848964512,35823743.689180195,"23,512,997","35,823,743"
tt0838232,The Pink Panther 2,2009,92,5.6,49814,70000000,75871032,"70,000,000","75,871,032",99419400.84927075,107757893.47508354,"99,419,400","107,757,893"
tt0838283,Step Brothers,2008,98,6.9,329296,65000000,128100000,"65,000,000","128,100,000",91989568.18994626,181290210.54049408,"91,989,568","181,290,210"
tt0839980,Semi-Pro,2008,91,5.8,87604,55000000,33500000,"55,000,000","33,500,000",77837326.92995453,47410008.22097231,"77,837,326","47,410,008"
tt0840361,The Town,2010,125,7.5,428527,37000000,154026136,"37,000,000","154,026,136",51702195.76622519,215229444.23208717,"51,702,195","215,229,444"
tt0841046,Walk Hard: The Dewey Cox Story,2007,96,6.8,79009,35000000,18317151,"35,000,000","18,317,151",51434682.79460987,26918195.75388488,"51,434,682","26,918,195"
tt0842929,Paranoid Park,2007,85,6.6,32360,3000000,4545747,"3,000,000","4,545,747",4408687.096680846,6680258.714558555,"4,408,687","6,680,258"
tt0844286,The Brothers Bloom,2008,114,6.7,53257,20000000,5530764,"20,000,000","5,530,764",28304482.519983467,7827270.648007692,"28,304,482","7,827,270"
tt0844471,Cloudy with a Chance of Meatballs,2009,90,6.9,269834,100000000,242988466,"100,000,000","242,988,466",142027715.49895823,345110967.1857628,"142,027,715","345,110,967"
tt0844479,The Collector,2009,90,6.3,75832,3400000,114000000,"3,400,000","114,000,000",4828942.3269645795,161911595.66881236,"4,828,942","161,911,595"
tt0844708,The Last House on the Left,2009,113,6.5,103851,15000000,32721635,"15,000,000","32,721,635",21304157.32484373,46473790.66440754,"21,304,157","46,473,790"
tt0844993,Hoodwinked Too! Hood vs. Evil,2011,86,4.7,14358,30000000,13500000,"30,000,000","13,500,000",40637950.73330992,18287077.829989463,"40,637,950","18,287,077"
tt0848228,The Avengers,2012,143,8.0,1499947,220000000,1518815515,"220,000,000","1,518,815,515",291969476.5542654,2015671685.895668,"291,969,476","2,015,671,685"
tt0848537,Epic,2013,102,6.6,111890,100000000,268426634,"100,000,000","268,426,634",130797529.15774156,351095404.8732942,"130,797,529","351,095,404"
tt0848557,Diary of the Dead,2007,95,5.5,50077,2000000,5540941,"2,000,000","5,540,941",2939124.731120564,8142758.363389954,"2,939,124","8,142,758"
tt0850253,Battle in Seattle,2007,98,6.6,15356,8000000,908847,"8,000,000","908,847",11756498.924482256,1335607.3472523654,"11,756,498","1,335,607"
tt0852713,The House Bunny,2008,97,5.6,92598,25000000,70442940,"25,000,000","70,442,940",35380603.14997933,99692548.19431221,"35,380,603","99,692,548"
tt0857295,Timber Falls,2007,100,5.2,6597,2600000,677548,"2,600,000","677,548",3820862.150456733,995699.041660638,"3,820,862","995,699"
tt0858486,Battle for Terra,2007,85,6.5,12370,4000000,6101046,"4,000,000","6,101,046",5878249.462241128,8965867.592152096,"5,878,249","8,965,867"
tt0859163,The Mummy: Tomb of the Dragon Emperor,2008,112,5.2,174920,145000000,403449830,"145,000,000","403,449,830",205207498.26988012,570971933.046265,"205,207,498","570,971,933"
tt0862846,Sunshine Cleaning,2008,91,6.8,75139,5000000,16174377,"5,000,000","16,174,377",7076120.629995867,22890368.55340613,"7,076,120","22,890,368"
tt0864761,The Duchess,2008,110,6.9,88657,17759769,43306325,"17,759,769","43,306,325",25134053.560972214,61288155.94836114,"25,134,053","61,288,155"
tt0864835,Mr. Peabody & Sherman,2014,92,6.7,80730,145000000,272912430,"145,000,000","272,912,430",186628945.3230603,351264544.6651967,"186,628,945","351,264,544"
tt0865556,The Forbidden Kingdom,2008,104,6.5,111264,55000000,127906624,"55,000,000","127,906,624",77837326.92995453,181016540.15990487,"77,837,326","181,016,540"
tt0866439,Made of Honor,2008,101,5.8,77749,40000000,106407672,"40,000,000","106,407,672",56608965.03996693,150590704.6058067,"56,608,965","150,590,704"
tt0870111,Frost/Nixon,2008,122,7.6,114247,25000000,27426335,"25,000,000","27,426,335",35380603.14997933,38814410.97973554,"35,380,603","38,814,410"
tt0870154,Jungle Cruise,2021,127,6.6,220066,200000000,220889446,"200,000,000","220,889,446",224897221.0945861,248387112.8726132,"224,897,221","248,387,112"
tt0872230,My Soul to Take,2010,107,4.8,22071,25000000,21500813,"25,000,000","21,500,813",34933916.05826026,30044303.86105404,"34,933,916","30,044,303"
tt0873886,Red State,2011,88,6.1,68856,4000000,1104682,"4,000,000","1,104,682",5418393.4311079895,1496400.423065809,"5,418,393","1,496,400"
tt0876294,Zombie Diaries,2006,85,4.0,4903,9300,2000000,"9,300","2,000,000",14056.193452380954,3022837.301587302,"14,056","3,022,837"
tt0878804,The Blind Side,2009,129,7.6,372590,29000000,309200000,"29,000,000","309,200,000",41188037.49469788,439149696.3227788,"41,188,037","439,149,696"
tt0880578,Untraceable,2008,101,6.2,53939,35000000,52659594,"35,000,000","52,659,594",49532844.409971066,74525127.8941213,"49,532,844","74,525,127"
tt0884224,"War, Inc.",2008,107,5.5,22747,5000000,1296184,"5,000,000","1,296,184",7076120.629995867,1834390.8685341123,"7,076,120","1,834,390"
tt0884328,The Mist,2007,126,7.1,356077,18000000,57470220,"18,000,000","57,470,220",26452122.580085076,84456072.45246983,"26,452,122","84,456,072"
tt0884726,Legends of Oz: Dorothy's Return,2013,88,4.9,6394,70000000,18662027,"70,000,000","18,662,027",91558270.41041909,24409470.2067506,"91,558,270","24,409,470"
tt0887883,Burn After Reading,2008,96,7.0,362533,37000000,163700000,"37,000,000","163,700,000",52363292.66196941,231672189.42606467,"52,363,292","231,672,189"
tt0889573,The Switch,2010,101,6.1,114480,19000000,49830607,"19,000,000","49,830,607",26549776.2042778,69631129.68280625,"26,549,776","69,631,129"
tt0889583,Brüno,2009,81,5.9,156033,42000000,138805831,"42,000,000","138,805,831",59651640.50956245,197142750.74864474,"59,651,640","197,142,750"
tt0890870,Saw IV,2007,93,5.9,170450,10000000,139352633,"10,000,000","139,352,633",14695623.65560282,204787384.9985338,"14,695,623","204,787,384"
tt0892318,Letters to Juliet,2010,105,6.5,109469,30000000,82148538,"30,000,000","82,148,538",41920699.26991232,114790805.23203212,"41,920,699","114,790,805"
tt0892769,How to Train Your Dragon,2010,98,8.1,836398,165000000,494879471,"165,000,000","494,879,471",230563845.98451772,691523115.9548098,"230,563,845","691,523,115"
tt0892782,Monsters vs. Aliens,2009,94,6.4,181602,175000000,381509870,"175,000,000","381,509,870",248548502.12317687,541849752.7640454,"248,548,502","541,849,752"
tt0892791,Shrek Forever After,2010,93,6.3,233627,165000000,752600867,"165,000,000","752,600,867",230563845.98451772,1051651820.5260758,"230,563,845","1,051,651,820"
tt0897361,I Know Who Killed Me,2007,105,3.6,31468,12000000,9620399,"12,000,000","9,620,399",17634748.386723384,14137776.31207377,"17,634,748","14,137,776"
tt0898367,The Road,2009,111,7.2,262044,32000000,27635305,"32,000,000","27,635,305",45448868.95966663,39249792.36266937,"45,448,868","39,249,792"
tt0900357,Boogeyman 2,2007,93,5.0,9234,4500000,1798418,"4,500,000","1,798,418",6613030.645021269,2642887.410346191,"6,613,030","2,642,887"
tt0901476,Bride Wars,2009,89,5.5,118828,30000000,115375850,"30,000,000","115,375,850",42608314.64968746,163865683.99250478,"42,608,314","163,865,683"
tt0903624,The Hobbit: An Unexpected Journey,2012,169,7.8,898839,250000000,1021103568,"250,000,000","1,021,103,568",331783496.0843924,1355141246.6211488,"331,783,496","1,355,141,246"
tt0905372,The Thing,2011,103,6.2,149821,35000000,31505287,"35,000,000","31,505,287",47410942.52219491,42677010.03149298,"47,410,942","42,677,010"
tt0910936,Pineapple Express,2008,111,6.9,364072,27000000,101624843,"27,000,000","101,624,843",38211051.40197768,143821929.6144782,"38,211,051","143,821,929"
tt0910970,WALL·E,2008,98,8.4,1250861,180000000,521311860,"180,000,000","521,311,860",254740342.6798512,737773121.4415034,"254,740,342","737,773,121"
tt0914798,The Boy in the Striped Pajamas,2008,94,7.7,260331,12500000,20416563,"12,500,000","20,416,563",17690301.574989665,28894012.527582057,"17,690,301","28,894,012"
tt0918927,Doubt,2008,104,7.5,140792,20000000,50907234,"20,000,000","50,907,234",28304482.519983467,72045145.7446854,"28,304,482","72,045,145"
tt0918940,The Legend of Tarzan,2016,110,6.2,192757,180000000,356743061,"180,000,000","356,743,061",228519834.83815056,452904807.6632015,"228,519,834","452,904,807"
tt0926084,Harry Potter and the Deathly Hallows: Part 1,2010,146,7.7,626450,250000000,954305868,"250,000,000","954,305,868",349339160.5826026,1333505643.4646878,"349,339,160","1,333,505,643"
tt0926129,Prom Night,2008,88,4.0,38871,20000000,14800000,"20,000,000","14,800,000",28304482.519983467,20945317.064787764,"28,304,482","20,945,317"
tt0935075,Rabbit Hole,2010,91,7.0,52006,5000000,5144717,"5,000,000","5,144,717",6986783.211652053,7189004.472860182,"6,986,783","7,189,004"
tt0936501,Taken,2008,90,7.7,652247,25000000,226830568,"25,000,000","226,830,568",35380603.14997933,321016092.347696,"35,380,603","321,016,092"
tt0937237,Redacted,2007,90,6.1,11452,5000000,782102,"5,000,000","782,102",7347811.82780141,1149347.6652294276,"7,347,811","1,149,347"
tt0938283,The Last Airbender,2010,103,4.0,177889,150000000,319713881,"150,000,000","319,713,881",209603496.34956157,446754315.2605844,"209,603,496","446,754,315"
tt0938330,Silent Hill: Revelation,2012,95,4.9,68355,20000000,55362705,"20,000,000","55,362,705",26542679.686751395,73473727.2703555,"26,542,679","73,473,727"
tt0942385,Tropic Thunder,2008,107,7.1,464944,92000000,195702811,"92,000,000","195,702,811",130200619.59192394,276963339.6530564,"130,200,619","276,963,339"
tt0944835,Salt,2010,100,6.5,336406,110000000,293329073,"110,000,000","293,329,073",153709230.65634516,409885328.54517186,"153,709,230","409,885,328"
tt0945513,Source Code,2011,93,7.5,565062,32000000,147332697,"32,000,000","147,332,697",43347147.448863916,199576629.40305594,"43,347,147","199,576,629"
tt0947798,Black Swan,2010,108,8.0,854063,13000000,329398046,"13,000,000","329,398,046",18165636.350295335,460286547.54875803,"18,165,636","460,286,547"
tt0947810,Green Zone,2010,115,6.8,144842,100000000,94882889,"100,000,000","94,882,889",139735664.23304105,132585235.18764903,"139,735,664","132,585,235"
tt0948470,The Amazing Spider-Man,2012,136,6.9,728178,215000000,757930663,"215,000,000","757,930,663",285333806.63257754,1005875540.6388059,"285,333,806","1,005,875,540"
tt0952640,Alvin and the Chipmunks,2007,92,5.3,98937,60000000,361366633,"60,000,000","361,366,633",88173741.93361692,531050804.02603424,"88,173,741","531,050,804"
tt0955308,Robin Hood,2010,140,6.6,289665,200000000,321669741,"200,000,000","321,669,741",279471328.4660821,449487349.2230528,"279,471,328","449,487,349"
tt0959337,Revolutionary Road,2008,119,7.3,229561,35000000,76000000,"35,000,000","76,000,000",49532844.409971066,107557033.57593717,"49,532,844","107,557,033"
tt0960144,You Don't Mess with the Zohan,2008,113,5.6,219933,90000000,204313400,"90,000,000","204,313,400",127370171.3399256,289149252.9449195,"127,370,171","289,149,252"
tt0960731,Bedtime Stories,2008,99,6.0,103434,80000000,212874864,"80,000,000","212,874,864",113217930.07993387,301265643.3515929,"113,217,930","301,265,643"
tt0962726,High School Musical 3: Senior Year,2008,112,5.0,69711,11000000,252909177,"11,000,000","252,909,177",15567465.385990907,357923168.9769952,"15,567,465","357,923,168"
tt0962736,The Young Victoria,2009,105,7.2,67973,35000000,29196409,"35,000,000","29,196,409",49709700.42463537,41466992.71043223,"49,709,700","41,466,992"
tt0963178,The International,2009,118,6.5,102246,50000000,60161391,"50,000,000","60,161,391",71013857.74947912,85445849.24969585,"71,013,857","85,445,849"
tt0963794,The Ruins,2008,90,5.9,87262,8000000,22818256,"8,000,000","22,818,256",11321793.007993387,32292946.40442539,"11,321,793","32,292,946"
tt0963966,The Sorcerer's Apprentice,2010,109,6.1,173009,150000000,215300000,"150,000,000","215,300,000",209603496.34956157,300850885.09373736,"209,603,496","300,850,885"
tt0964517,The Fighter,2010,116,7.8,397571,25000000,129190869,"25,000,000","129,190,869",34933916.05826026,180525718.92558792,"34,933,916","180,525,718"
tt0968264,The Conspirator,2010,122,6.9,30434,25000000,15478800,"25,000,000","15,478,800",34933916.05826026,21629403.99530396,"34,933,916","21,629,403"
tt0970411,City of Ember,2008,90,6.4,71279,55000000,17869048,"55,000,000","17,869,048",77837326.92995453,25288707.838237274,"77,837,326","25,288,707"
tt0970416,The Day the Earth Stood Still,2008,104,5.5,182168,80000000,233093859,"80,000,000","233,093,859",113217930.07993387,329880052.87904954,"113,217,930","329,880,052"
tt0970452,Solomon Kane,2009,104,6.1,78535,45000000,19700000,"45,000,000","19,700,000",63912471.974531196,27979459.95329477,"63,912,471","27,979,459"
tt0974015,Justice League,2017,120,6.0,489874,300000000,661326987,"300,000,000","661,326,987",372921834.20365536,822077576.6680564,"372,921,834","822,077,576"
tt0974554,Elegy,2008,112,6.7,23509,13000000,14894347,"13,000,000","14,894,347",18397913.637989253,21078839.215403408,"18,397,913","21,078,839"
tt0974661,17 Again,2009,102,6.4,223640,20000000,136300000,"20,000,000","136,300,000",28405543.099791642,193583776.22508004,"28,405,543","193,583,776"
tt0975645,Hitchcock,2012,98,6.8,80728,15700000,23570541,"15,700,000","23,570,541",20836003.554099847,31281265.990322046,"20,836,003","31,281,265"
tt0976051,The Reader,2008,124,7.6,267638,32000000,108902486,"32,000,000","108,902,486",45287172.03197355,154121425.5684872,"45,287,172","154,121,425"
tt0976238,Old Dogs,2009,88,5.3,40121,35000000,96753696,"35,000,000","96,753,696",49709700.42463537,137417064.0896069,"49,709,700","137,417,064"
tt0977855,Fair Game,2010,108,6.8,51872,22000000,25806953,"22,000,000","25,806,953",30741846.13126903,36061517.19285871,"30,741,846","36,061,517"
tt0980970,The Chronicles of Narnia: The Voyage of the Dawn Treader,2010,113,6.3,171318,155000000,415686217,"155,000,000","415,686,217",216590279.5612136,580861896.4501504,"216,590,279","580,861,896"
tt0981227,Nick and Norah's Infinite Playlist,2008,90,6.6,96272,9000000,33600000,"9,000,000","33,600,000",12737017.13399256,47551530.63357222,"12,737,017","47,551,530"
tt0983193,The Adventures of Tintin,2011,107,7.3,248290,130000000,373993951,"130,000,000","373,993,951",176097786.51100966,506611591.8431308,"176,097,786","506,611,591"
tt0983946,Fantasy Island,2020,109,4.9,61362,7000000,49500000,"7,000,000","49,500,000",8241203.0400562575,58277078.640397824,"8,241,203","58,277,078"
tt0985694,Machete,2010,105,6.6,206801,10500000,45491656,"10,500,000","45,491,656",14672244.74446931,63568067.682210065,"14,672,244","63,568,067"
tt0985699,Valkyrie,2008,121,7.1,265683,75000000,200276000,"75,000,000","200,276,000",106141809.449938,283435427.05861044,"106,141,809","283,435,427"
tt0986263,Surrogates,2009,89,6.3,182300,80000000,122444772,"80,000,000","122,444,772",113622172.39916657,173905512.41950804,"113,622,172","173,905,512"
tt0988045,Sherlock Holmes,2009,128,7.6,687422,90000000,524028679,"90,000,000","524,028,679",127824943.94906239,744265961.343069,"127,824,943","744,265,961"
tt0988047,Traitor,2008,114,6.9,60002,22000000,23530831,"22,000,000","23,530,831",31134930.771981813,33301399.73600925,"31,134,930","33,301,399"
tt0988595,27 Dresses,2008,111,6.1,180213,30000000,160300000,"30,000,000","160,300,000",42456723.7799752,226860427.39766747,"42,456,723","226,860,427"
tt0989757,Dear John,2010,108,6.3,160556,25000000,114977104,"25,000,000","114,977,104",34933916.05826026,160664019.99031442,"34,933,916","160,664,019"
tt0990407,The Green Hornet,2011,119,5.8,166517,120000000,227817248,"120,000,000","227,817,248",162551802.93323967,308600870.0140749,"162,551,802","308,600,870"
tt0993840,Army of the Dead,2021,148,5.8,194406,90000000,190700000,"90,000,000","190,700,000",101203749.49256374,214439500.31368783,"101,203,749","214,439,500"
tt0993842,Hanna,2011,111,6.7,210357,30000000,63782078,"30,000,000","63,782,078",40637950.73330992,86399098.11440435,"40,637,950","86,399,098"
tt0993846,The Wolf of Wall Street,2013,180,8.2,1667915,100000000,392000000,"100,000,000","392,000,000",130797529.15774156,512726314.29834694,"130,797,529","512,726,314"
tt0997047,College Road Trip,2008,83,4.3,16952,25000000,51549674,"25,000,000","51,549,674",35380603.14997933,72954342.33219232,"35,380,603","72,954,342"
tt10003008,The Rental,2020,88,5.7,41044,3500000,4311042,"3,500,000","4,311,042",4120601.5200281288,5075453.205172887,"4,120,601","5,075,453"
tt1000774,Sex and the City,2008,145,5.7,130061,65000000,418800000,"65,000,000","418,800,000",91989568.18994626,592695863.9684538,"91,989,568","592,695,863"
tt1001508,He's Just Not That Into You,2009,129,6.4,187599,40000000,178866158,"40,000,000","178,866,158",56811086.199583285,254039518.0081571,"56,811,086","254,039,518"
tt1001520,The Last Voyage of the Demeter,2023,118,6.1,61625,45000000,21600000,"45,000,000","21,600,000",45000000.0,21600000.0,"45,000,000","21,600,000"
tt1001526,Megamind,2010,95,7.3,307639,130000000,321885765,"130,000,000","321,885,765",181656363.50295335,449789211.7943556,"181,656,363","449,789,211"
tt10016180,The Little Things,2021,128,6.3,133765,30000000,29942746,"30,000,000","29,942,746",33734583.164187916,33670201.83670516,"33,734,583","33,670,201"
tt10039344,Countdown,2019,90,5.4,49271,6500000,48021766,"6,500,000","48,021,766",7746953.926550026,57234216.719010234,"7,746,953","57,234,216"
tt10059518,Unhinged,2020,90,6.0,82774,33000000,39238300,"33,000,000","39,238,300",38851385.760265216,46195828.178091355,"38,851,385","46,195,828"
tt10065694,Antebellum,2020,105,5.8,30862,15000000,7060384,"15,000,000","7,060,384",17659720.80012055,8312294.012109223,"17,659,720","8,312,294"
tt1007028,Zack and Miri Make a Porno,2008,101,6.5,184291,24000000,42105111,"24,000,000","42,105,111",33965379.023980156,59588168.91507317,"33,965,379","59,588,168"
tt1007029,The Iron Lady,2011,105,6.4,114993,13000000,115890792,"13,000,000","115,890,792",17609778.651100967,156985476.52467558,"17,609,778","156,985,476"
tt10098448,Jesus Revolution,2023,120,7.1,15370,15000000,52300000,"15,000,000","52,300,000",15000000.0,52300000.0,"15,000,000","52,300,000"
tt1010048,Slumdog Millionaire,2008,120,8.0,892940,15000000,378400000,"15,000,000","378,400,000",21228361.8899876,535520809.27808714,"21,228,361","535,520,809"
tt10128846,Megalopolis,2024,138,4.7,34281,120000000,13857002,"120,000,000","13,857,002",,,,
tt1013743,Knight and Day,2010,109,6.3,216878,117000000,261989769,"117,000,000","261,989,769",163490727.15265802,366093143.93475986,"163,490,727","366,093,143"
tt1013752,Fast & Furious,2009,107,6.5,321592,85000000,363164265,"85,000,000","363,164,265",120723558.17411448,515793909.0880827,"120,723,558","515,793,909"
tt1013753,Milk,2008,128,7.5,182349,20000000,54600000,"20,000,000","54,600,000",28304482.519983467,77271237.27955486,"28,304,482","77,271,237"
tt1013860,Dylan Dog: Dead of Night,2010,107,5.1,15850,20000000,4634062,"20,000,000","4,634,062",27947132.84660821,6475437.316670946,"27,947,132","6,475,437"
tt1014759,Alice in Wonderland,2010,108,6.4,453070,200000000,1025467110,"200,000,000","1,025,467,110",279471328.4660821,1432943277.6498694,"279,471,328","1,432,943,277"
tt1014763,Child 44,2015,137,6.4,77495,50000000,12951093,"50,000,000","12,951,093",64278511.66793943,16649539.650261372,"64,278,511","16,649,539"
tt10151854,Shazam! Fury of the Gods,2023,130,5.9,134620,125000000,134038006,"125,000,000","134,038,006",125000000.0,134038006.0,"125,000,000","134,038,006"
tt1016075,Fame,2009,107,5.0,17134,18000000,77211836,"18,000,000","77,211,836",25564988.78981248,109662206.7656022,"25,564,988","109,662,206"
tt10160976,The Nun II,2023,110,5.6,69139,38500000,269670590,"38,500,000","269,670,590",38500000.0,269670590.0,"38,500,000","269,670,590"
tt10168670,Bones and All,2022,131,6.8,65935,16000000,15234907,"16,000,000","15,234,907",16658632.177820303,15862044.498518735,"16,658,632","15,862,044"
tt1017451,The Runaways,2010,106,6.5,51708,10000000,2995811,"10,000,000","2,995,811",13973566.423304105,4186216.4000165095,"13,973,566","4,186,216"
tt1018765,Our Brand Is Crisis,2015,107,6.1,23679,28000000,7002261,"28,000,000","7,002,261",35995966.53404608,9001898.307809144,"35,995,966","9,001,898"
tt1019452,A Serious Man,2009,106,7.0,153844,7000000,31400000,"7,000,000","31,400,000",9941940.084927075,44596702.66667288,"9,941,940","44,596,702"
tt1020072,Selma,2014,128,7.5,97262,20000000,66787908,"20,000,000","66,787,908",25741923.4928359,85962460.89912815,"25,741,923","85,962,460"
tt1020530,Eden Lake,2008,91,6.7,101162,12850990,3984669,"12,850,990","3,984,669",18187031.090974115,5639199.702920999,"18,187,031","5,639,199"
tt1020558,Centurion,2010,97,6.3,87868,12000000,6890432,"12,000,000","6,890,432",16768279.707964925,9628390.923726015,"16,768,279","9,628,390"
tt10223460,Marry Me,2022,112,6.1,45989,23000000,44000000,"23,000,000","44,000,000",23946783.755616684,45811238.489005834,"23,946,783","45,811,238"
tt1022603,500 Days of Summer,2009,95,7.7,585580,7500000,60781545,"7,500,000","60,781,545",10652078.662421865,86326639.80847126,"10,652,078","86,326,639"
tt1023111,Never Back Down,2008,113,6.5,108648,20000000,41627431,"20,000,000","41,627,431",28304482.519983467,58912144.65456589,"28,304,482","58,912,144"
tt1023114,The Way Back,2010,133,7.3,124417,30000000,24200000,"30,000,000","24,200,000",41920699.26991232,33816030.744395934,"41,920,699","33,816,030"
tt1024648,Argo,2012,120,7.7,650455,44500000,232300000,"44,500,000","232,300,000",59057462.303021856,308293224.5616175,"59,057,462","308,293,224"
tt1024715,Choke,2008,92,6.4,34193,3000000,3982459,"3,000,000","3,982,459",4245672.377997519,5636072.0576025415,"4,245,672","5,636,072"
tt1025100,Gemini Man,2019,117,5.7,127276,140000000,173469516,"140,000,000","173,469,516",166857469.18723133,206747745.86352807,"166,857,469","206,747,745"
tt10272386,The Father,2020,97,8.2,210104,6000000,21029340,"6,000,000","21,029,340",7063888.320048221,24758151.53405381,"7,063,888","24,758,151"
tt10276482,Love Again,2023,104,5.9,17060,9000000,10000000,"9,000,000","10,000,000",9000000.0,10000000.0,"9,000,000","10,000,000"
tt1027718,Wall Street: Money Never Sleeps,2010,133,6.2,108026,70000000,134748021,"70,000,000","134,748,021",97814964.96312873,188291042.18522763,"97,814,964","188,291,042"
tt1027862,Swing Vote,2008,120,6.1,19858,21000000,17600000,"21,000,000","17,600,000",29719706.645982638,24907944.61758545,"29,719,706","24,907,944"
tt1028528,Death Proof,2007,127,7.0,322901,25000000,31126421,"25,000,000","31,126,421",36739059.13900705,45742216.87618524,"36,739,059","45,742,216"
tt1029360,Poltergeist,2015,93,4.9,62996,35000000,95437994,"35,000,000","95,437,994",44994958.167557605,122692244.21787466,"44,994,958","122,692,244"
tt10298810,Lightyear,2022,105,6.1,129717,200000000,226425420,"200,000,000","226,425,420",208232902.22275376,235746111.71802977,"208,232,902","235,746,111"
tt10298840,Strange World,2022,102,5.7,48267,180000000,73621640,"180,000,000","73,621,640",187409612.0004784,76652238.81799388,"187,409,612","76,652,238"
tt10304142,Amsterdam,2022,134,6.1,99770,80000000,31245810,"80,000,000","31,245,810",83293160.8891015,32532028.493003715,"83,293,160","32,532,028"
tt10310140,Fatman,2020,100,5.9,32025,20000000,1651413,"20,000,000","1,651,413",23546294.400160737,1944232.833712632,"23,546,294","1,944,232"
tt10327252,The Forever Purge,2021,103,5.4,46126,18000000,76994245,"18,000,000","76,994,245",20240749.898512747,86578958.70387866,"20,240,749","86,578,958"
tt1032755,RocknRolla,2008,114,7.2,269795,18000000,25740863,"18,000,000","25,740,863",25474034.26798512,36429090.34163946,"25,474,034","36,429,090"
tt1032815,"I Love You, Beth Cooper",2009,102,5.3,38265,18000000,15300000,"18,000,000","15,300,000",25564988.78981248,21730240.471340608,"25,564,988","21,730,240"
tt1033643,What Happens in Vegas,2008,99,6.1,191334,35000000,219400000,"35,000,000","219,400,000",49532844.409971066,310500173.2442186,"49,532,844","310,500,173"
tt1034032,Gamer,2009,95,5.7,141557,50000000,40800000,"50,000,000","40,800,000",71013857.74947912,57947307.923574954,"71,013,857","57,947,307"
tt10342730,Spiral,2021,93,5.2,72578,20000000,40618920,"20,000,000","40,618,920",22489722.10945861,45675411.159316525,"22,489,722","45,675,411"
tt10343028,Armageddon Time,2022,114,6.5,17082,15000000,6524886,"15,000,000","6,524,886",15617467.666706532,6793479.742263075,"15,617,467","6,793,479"
tt1034303,Defiance,2008,137,7.1,158295,32000000,51155219,"32,000,000","51,155,219",45287172.03197355,72396100.0995713,"45,287,172","72,396,100"
tt1034314,Iron Sky,2012,93,5.9,97415,7500000,10109659,"7,500,000","10,109,659",9953504.882531773,13416872.028964171,"9,953,504","13,416,872"
tt1034389,The Eagle,2011,114,6.2,75739,25000000,27122040,"25,000,000","27,122,040",33864958.944424935,36739470.84356204,"33,864,958","36,739,470"
tt1034415,Suspiria,2018,152,6.7,99057,20000000,7900000,"20,000,000","7,900,000",24268698.204351135,9586135.790718697,"24,268,698","9,586,135"
tt10362466,After We Collided,2020,105,5.1,41240,14000000,47990414,"14,000,000","47,990,414",16482406.080112515,56499820.821479775,"16,482,406","56,499,820"
tt10365998,Infinity Pool,2023,117,6.0,67014,4500000,5078400,"4,500,000","5,078,400",4500000.0,5078400.0,"4,500,000","5,078,400"
tt10366206,John Wick: Chapter 4,2023,169,7.6,370989,90000000,440157245,"90,000,000","440,157,245",90000000.0,440157245.0,"90,000,000","440,157,245"
tt10366460,CODA,2021,111,8.0,176470,10000000,1905058,"10,000,000","1,905,058",11244861.054729305,2142211.25112005,"11,244,861","2,142,211"
tt1037705,The Book of Eli,2010,118,6.8,349811,80000000,157107755,"80,000,000","157,107,755",111788531.38643284,219535565.01086876,"111,788,531","219,535,565"
tt1038686,Legion,2010,100,5.3,115508,26000000,67900000,"26,000,000","67,900,000",36331272.70059067,94880516.01423487,"36,331,272","94,880,516"
tt1038919,The Bounty Hunter,2010,110,5.5,136855,40000000,136300000,"40,000,000","136,300,000",55894265.69321642,190459710.34963495,"55,894,265","190,459,710"
tt1041829,The Proposal,2009,108,6.8,378195,40000000,317400000,"40,000,000","317,400,000",56811086.199583285,450795968.9936934,"56,811,086","450,795,968"
tt1043726,The Legend of Hercules,2014,99,4.3,56981,70000000,61279452,"70,000,000","61,279,452",90096732.22492565,78872548.2533455,"90,096,732","78,872,548"
tt10451852,Nine Days,2020,124,6.8,12837,10000000,969204,"10,000,000","969,204",11773147.200080369,1141058.1358906694,"11,773,147","1,141,058"
tt1045658,Silver Linings Playbook,2012,122,7.7,757318,21000000,236412453,"21,000,000","236,412,453",27869813.671088967,313751000.6969085,"27,869,813","313,751,000"
tt1045772,I Love You Phillip Morris,2009,98,6.6,101441,13000000,20768906,"13,000,000","20,768,906",18463603.014864568,29497602.725926064,"18,463,603","29,497,602"
tt1045778,Year One,2009,97,4.9,105949,60000000,62357900,"60,000,000","62,357,900",85216629.29937492,88565500.80312486,"85,216,629","88,565,500"
tt1046163,My Best Friend's Girl,2008,101,5.8,47244,20000000,41624687,"20,000,000","41,624,687",28304482.519983467,58908261.27956415,"28,304,482","58,908,261"
tt1046997,Miracle at St. Anna,2008,160,6.1,19380,45000000,9323833,"45,000,000","9,323,833",63685085.6699628,13195313.40838725,"63,685,085","13,195,313"
tt10473036,The Amazing Maurice,2022,93,6.2,6123,17000000,21110363,"17,000,000","21,110,363",17699796.68893407,21979360.772329196,"17,699,796","21,979,360"
tt1047494,Meet the Browns,2008,100,4.5,7448,20000000,41975388,"20,000,000","41,975,388",28304482.519983467,59404581.79577618,"28,304,482","59,404,581"
tt10481868,Black Christmas,2019,92,3.5,20668,5000000,18529730,"5,000,000","18,529,730",5959195.328115405,22084456.08944797,"5,959,195","22,084,456"
tt1049413,Up,2009,96,8.3,1172226,175000000,735099082,"175,000,000","735,099,082",248548502.12317687,1044044432.8184135,"248,548,502","1,044,044,432"
tt1051906,The Invisible Man,2020,124,7.1,269359,7000000,144492724,"7,000,000","144,492,724",8241203.0400562575,170113410.89925855,"8,241,203","170,113,410"
tt1053424,Repo Men,2010,111,6.3,112396,32000000,18409891,"32,000,000","18,409,891",44715412.55457313,25725183.473428845,"44,715,412","25,725,183"
tt10545296,The Hunger Games: The Ballad of Songbirds & Snakes,2023,157,6.7,154437,100000000,337371917,"100,000,000","337,371,917",100000000.0,337371917.0,"100,000,000","337,371,917"
tt1055292,Life as We Know It,2010,114,6.5,141584,38000000,105734416,"38,000,000","105,734,416",53099552.4085556,147748688.52052683,"53,099,552","147,748,688"
tt1055369,Transformers: Revenge of the Fallen,2009,149,6.0,439806,200000000,836303693,"200,000,000","836,303,693",284055430.99791646,1187783029.801321,"284,055,430","1,187,783,029"
tt1057500,Invictus,2009,134,7.3,170776,60000000,122400000,"60,000,000","122,400,000",85216629.29937492,173841923.77072486,"85,216,629","173,841,923"
tt1058017,The Invention of Lying,2009,100,6.4,153159,18500000,32400000,"18,500,000","32,400,000",26275127.36730727,46016979.82166246,"26,275,127","46,016,979"
tt1059786,Eagle Eye,2008,118,6.6,197979,80000000,178800000,"80,000,000","178,800,000",113217930.07993387,253042073.72865218,"113,217,930","253,042,073"
tt1060277,Cloverfield,2008,85,7.0,431850,25000000,170764026,"25,000,000","170,764,026",35380603.14997933,241669369.4479501,"35,380,603","241,669,369"
tt10633456,Minari,2020,115,7.4,103027,2000000,12900000,"2,000,000","12,900,000",2354629.4400160736,15187359.888103675,"2,354,629","15,187,359"
tt10638522,Talk to Me,2022,95,7.1,178182,4500000,92000000,"4,500,000","92,000,000",4685240.30001196,95787135.02246673,"4,685,240","95,787,135"
tt10640346,Babylon,2022,189,7.1,191231,78000000,65267446,"78,000,000","65,267,446",81210831.86687396,67954148.5062343,"81,210,831","67,954,148"
tt10648342,Thor: Love and Thunder,2022,118,6.2,428325,250000000,760900000,"250,000,000","760,900,000",260291127.7784422,792222076.5064667,"260,291,127","792,222,076"
tt1065073,Boyhood,2014,165,7.9,374410,4000000,48137666,"4,000,000","48,137,666",5148384.698567181,61957805.7647844,"5,148,384","61,957,805"
tt10665338,Halloween Kills,2021,105,5.5,103287,20000000,133423964,"20,000,000","133,423,964",22489722.10945861,150033393.65512046,"22,489,722","150,033,393"
tt10665342,Halloween Ends,2022,111,5.0,77779,20000000,104374176,"20,000,000","104,374,176",20823290.222275376,108670687.92794245,"20,823,290","108,670,687"
tt1067106,A Christmas Carol,2009,96,6.8,135234,200000000,325286646,"200,000,000","325,286,646",284055430.99791646,461997192.1369834,"284,055,430","461,997,192"
tt10676048,The Marvels,2023,105,5.5,145717,274800000,207089999,"274,800,000","207,089,999",274800000.0,207089999.0,"274,800,000","207,089,999"
tt1068680,Yes Man,2008,104,6.8,393140,70000000,223200000,"70,000,000","223,200,000",99065688.81994213,315878024.9230155,"99,065,688","315,878,024"
tt10696896,Stillwater,2021,139,6.6,61096,20000000,19754272,"20,000,000","19,754,272",22489722.10945861,22213404.387732957,"22,489,722","22,213,404"
tt1071875,Ghost Rider: Spirit of Vengeance,2011,96,4.3,129777,57000000,132563930,"57,000,000","132,563,930",77212106.39328885,179570881.87846485,"77,212,106","179,570,881"
tt1072748,Winchester,2018,99,5.5,38023,3500000,44019588,"3,500,000","44,019,588",4247022.185761448,53414904.81259383,"4,247,022","53,414,904"
tt1073105,The Descent: Part 2,2009,94,5.7,53389,6000200,7048886,"6,000,200","7,048,886",8521946.985368492,10011371.753925897,"8,521,946","10,011,371"
tt10731256,Don't Worry Darling,2022,123,6.3,162882,35000000,86700000,"35,000,000","86,700,000",36440757.88898191,90268963.11356376,"36,440,757","90,268,963"
tt1073498,Meet the Spartans,2008,87,2.8,113141,30000000,85897593,"30,000,000","85,897,593",42456723.7799752,121564345.9788577,"42,456,723","121,564,345"
tt1074638,Skyfall,2012,143,7.8,747855,200000000,1108594176,"200,000,000","1,108,594,176",265426796.86751395,1471253005.808305,"265,426,796","1,471,253,005"
tt1075417,Race to Witch Mountain,2009,98,5.7,64463,50000000,106387141,"50,000,000","106,387,141",71013857.74947912,151099225.94695553,"71,013,857","151,099,225"
tt1075747,Jonah Hex,2010,81,4.7,63035,47000000,10539000,"47,000,000","10,539,000",65675762.18952929,14726741.653520197,"65,675,762","14,726,741"
tt10767052,Next Goal Wins,2023,104,6.5,28639,14000000,18062279,"14,000,000","18,062,279",14000000.0,18062279.0,"14,000,000","18,062,279"
tt1077368,Dark Shadows,2012,113,6.2,287261,150000000,245527149,"150,000,000","245,527,149",199070097.65063548,325847423.5154141,"199,070,097","325,847,423"
tt1078588,My Sister's Keeper,2009,109,7.3,100567,30000000,95714875,"30,000,000","95,714,875",42608314.64968746,135941650.35518348,"42,608,314","135,941,650"
tt1080016,Ice Age: Dawn of the Dinosaurs,2009,94,6.9,273984,90000000,886686817,"90,000,000","886,686,817",127824943.94906239,1259341029.8155282,"127,824,943","1,259,341,029"
tt1082807,The Belko Experiment,2016,89,6.2,62690,5000000,10166820,"5,000,000","10,166,820",6347773.189948627,12907333.484606698,"6,347,773","12,907,333"
tt1082868,Quarantine,2008,89,6.0,80092,12000000,40855419,"12,000,000","40,855,419",16982689.511990078,57819574.64660502,"16,982,689","57,819,574"
tt1082886,The Wackness,2008,99,6.9,31480,6000000,3175469,"6,000,000","3,175,469",8491344.755995039,4494000.340162469,"8,491,344","4,494,000"
tt10838180,The Matrix Resurrections,2021,148,5.6,291554,190000000,156497322,"190,000,000","156,497,322",213652360.0398568,175979064.13272315,"213,652,360","175,979,064"
tt10855768,Missing,2023,111,7.1,66752,7000000,45100756,"7,000,000","45,100,756",7000000.0,45100756.0,"7,000,000","45,100,756"
tt1086064,Bill & Ted Face the Music,2020,91,5.9,54579,25000000,6274027,"25,000,000","6,274,027",29432868.00020092,7386504.340827864,"29,432,868","7,386,504"
tt1086772,Blended,2014,117,6.5,150896,40000000,128000000,"40,000,000","128,000,000",51483846.9856718,164748310.3541498,"51,483,846","164,748,310"
tt10872600,Spider-Man: No Way Home,2021,148,8.2,938873,200000000,1921847111,"200,000,000","1,921,847,111",224897221.0945861,2161090373.1627927,"224,897,221","2,161,090,373"
tt1091191,Lone Survivor,2013,121,7.5,314471,40000000,149295601,"40,000,000","149,295,601",52319011.66309662,195274957.2492005,"52,319,011","195,274,957"
tt1091722,Adventureland,2009,107,6.8,171874,9800000,17200000,"9,800,000","17,200,000",13918716.118897906,24428767.065820813,"13,918,716","24,428,767"
tt10919380,Freaky,2020,102,6.3,77165,5000000,15100000,"5,000,000","15,100,000",5886573.600040184,17777452.272121355,"5,886,573","17,777,452"
tt1092026,Paul,2011,104,6.9,272911,40000000,98000000,"40,000,000","98,000,000",54183934.3110799,132750639.06214574,"54,183,934","132,750,639"
tt1092633,"The Goods: Live Hard, Sell Hard",2009,89,5.7,22916,10000000,15300000,"10,000,000","15,300,000",14202771.549895821,21730240.471340608,"14,202,771","21,730,240"
tt1093357,The Darkest Hour,2011,89,4.9,64817,30000000,64626786,"30,000,000","64,626,786",40637950.73330992,87543338.18400544,"40,637,950","87,543,338"
tt1093908,Confessions of a Shopaholic,2009,104,5.9,85160,40000000,108394089,"40,000,000","108,394,089",56811086.199583285,153949648.34260756,"56,811,086","153,949,648"
tt1095217,Bad Lieutenant: Port of Call New Orleans,2009,122,6.6,82671,25000000,10589102,"25,000,000","10,589,102",35506928.87473956,15039459.662454495,"35,506,928","15,039,459"
tt10954600,Ant-Man and the Wasp: Quantumania,2023,124,6.0,247573,388369742,476071180,"388,369,742","476,071,180",388369742.0,476071180.0,"388,369,742","476,071,180"
tt10954652,Old,2021,108,5.8,174842,18000000,90146510,"18,000,000","90,146,510",20240749.898512747,101368497.95187658,"20,240,749","101,368,497"
tt10954718,Dog Man,2025,89,6.3,6879,40000000,114192145,"40,000,000","114,192,145",,,,
tt10954984,Nope,2022,130,6.8,295852,68000000,170823080,"68,000,000","170,823,080",70799186.75573628,177854928.57514822,"70,799,186","177,854,928"
tt1098327,Dragonball Evolution,2009,85,2.5,81028,30000000,58228460,"30,000,000","58,228,460",42608314.64968746,82700551.50822468,"42,608,314","82,700,551"
tt1099212,Twilight,2008,122,5.3,503479,37000000,393616788,"37,000,000","393,616,788",52363292.66196941,557055974.7759018,"52,363,292","557,055,974"
tt1100051,Bereavement,2010,103,5.0,8355,2000000,10000000,"2,000,000","10,000,000",2794713.284660821,13973566.423304105,"2,794,713","13,973,566"
tt1100089,Foxcatcher,2014,134,7.0,152116,24000000,12096300,"24,000,000","12,096,300",30890308.191403084,15569101.457319546,"30,890,308","15,569,101"
tt1104001,Tron: Legacy,2010,125,6.8,363785,170000000,400062763,"170,000,000","400,062,763",237550629.19616976,559030359.2271067,"237,550,629","559,030,359"
tt1104083,Little Ashes,2008,112,6.3,9808,2500000,767567,"2,500,000","767,567",3538060.3149979333,1086279.3367208075,"3,538,060","1,086,279"
tt1104733,Hamlet 2,2008,92,6.3,17616,9000000,4886216,"9,000,000","4,886,216",12737017.13399256,6915090.768043176,"12,737,017","6,915,090"
tt11057302,Madame Web,2024,116,4.0,99014,80000000,100498764,"80,000,000","100,498,764",,,,
tt11083552,Wrath of Man,2021,119,7.1,221760,40000000,103966489,"40,000,000","103,966,489",44979444.21891722,116908872.31530426,"44,979,444","116,908,872"
tt11084896,Spirit Untamed,2021,88,5.5,5068,30000000,17635215,"30,000,000","17,635,215",33734583.164187916,19830554.234527808,"33,734,583","19,830,554"
tt1111948,Soul Men,2008,100,6.4,11980,40000000,12300000,"40,000,000","12,300,000",56608965.03996693,17407256.74978983,"56,608,965","17,407,256"
tt11128440,Clerks III,2022,100,6.2,20451,7000000,4717597,"7,000,000","4,717,597",7288151.577796382,4911794.574136783,"7,288,151","4,911,794"
tt11138512,The Northman,2022,137,7.0,276121,70000000,69633110,"70,000,000","69,633,110",72881515.77796382,72499522.9304813,"72,881,515","72,499,522"
tt11145118,Creed III,2023,116,6.7,99317,75000000,275300000,"75,000,000","275,300,000",75000000.0,275300000.0,"75,000,000","275,300,000"
tt1114740,Paul Blart: Mall Cop,2009,91,5.3,120518,26000000,183293131,"26,000,000","183,293,131",36927206.029729135,260327046.62581277,"36,927,206","260,327,046"
tt11152168,IF,2024,104,6.4,56578,110000000,190309707,"110,000,000","190,309,707",,,,
tt1119646,The Hangover,2009,100,7.7,880228,35000000,469310836,"35,000,000","469,310,836",49709700.42463537,666551458.9598625,"49,709,700","666,551,458"
tt11198810,She Said,2022,129,7.3,46034,32000000,13900000,"32,000,000","13,900,000",33317264.355640605,14472186.704481388,"33,317,264","14,472,186"
tt1120985,Blue Valentine,2010,112,7.3,217461,1000000,15440333,"1,000,000","15,440,333",1397356.6423304104,21575651.87734343,"1,397,356","21,575,651"
tt1121096,Seventh Son,2014,102,5.5,81894,95000000,114178613,"95,000,000","114,178,613",122274136.59097053,146958856.0182059,"122,274,136","146,958,856"
tt11214590,House of Gucci,2021,158,6.6,167486,75000000,153235995,"75,000,000","153,235,995",84336457.91046979,172311747.23581943,"84,336,457","172,311,747"
tt1121931,Crank: High Voltage,2009,96,6.1,162925,20000000,34600000,"20,000,000","34,600,000",28405543.099791642,49141589.56263954,"28,405,543","49,141,589"
tt11240348,The Exorcism,2024,95,4.2,11089,22000000,12610418,"22,000,000","12,610,418",,,,
tt1124035,The Ides of March,2011,101,7.1,234897,12500000,76338111,"12,500,000","76,338,111",16932479.472212467,103407479.79639815,"16,932,479","103,407,479"
tt11245972,Scream,2022,114,6.3,171998,24000000,137743924,"24,000,000","137,743,924",24987948.266730454,143414085.29035214,"24,987,948","143,414,085"
tt11252248,Dog,2022,101,6.5,49146,20000000,84774243,"20,000,000","84,774,243",20823290.222275376,88263933.26813483,"20,823,290","88,263,933"
tt1125849,The Wrestler,2008,109,7.9,324772,6000000,44734660,"6,000,000","44,734,660",8491344.755995039,63309570.100370176,"8,491,344","63,309,570"
tt1126590,Big Eyes,2014,106,7.0,102013,10000000,28900000,"10,000,000","28,900,000",12870961.74641795,37197079.447147876,"12,870,961","37,197,079"
tt1126591,Burlesque,2010,119,6.4,96039,55000000,89500000,"55,000,000","89,500,000",76854615.32817258,125063419.48857173,"76,854,615","125,063,419"
tt1126618,Morning Glory,2010,107,6.5,85190,40000000,60040976,"40,000,000","60,040,976",55894265.69321642,83898656.62560076,"55,894,265","83,898,656"
tt11271038,Licorice Pizza,2021,133,7.1,146686,40000000,33276075,"40,000,000","33,276,075",44979444.21891722,37418483.98217514,"44,979,444","37,418,483"
tt1127180,Drag Me to Hell,2009,99,6.6,223596,30000000,90810892,"30,000,000","90,810,892",42608314.64968746,128976635.3318262,"42,608,314","128,976,635"
tt1127896,Taking Woodstock,2009,120,6.7,30329,30000000,9975737,"30,000,000","9,975,737",42608314.64968746,14168311.36528431,"42,608,314","14,168,311"
tt11286314,Don't Look Up,2021,138,7.2,635174,75000000,791863,"75,000,000","791,863",84336457.91046979,890438.9409381112,"84,336,457","890,438"
tt11291274,The Unbearable Weight of Massive Talent,2022,107,7.0,167990,30000000,29116320,"30,000,000","29,116,320",31234935.333413064,30314879.07823205,"31,234,935","30,314,879"
tt1129445,Amelia,2009,111,5.8,13932,40000000,19643086,"40,000,000","19,643,086",56811086.199583285,27898626.29929569,"56,811,086","27,898,626"
tt1130080,The Informant!,2009,108,6.5,68559,22000000,41771168,"22,000,000","41,771,168",31246097.40977081,59326635.647631876,"31,246,097","59,326,635"
tt11304740,Wish,2023,95,5.6,45870,175000000,254997360,"175,000,000","254,997,360",175000000.0,254997360.0,"175,000,000","254,997,360"
tt1130884,Shutter Island,2010,138,8.2,1534792,80000000,294804195,"80,000,000","294,804,195",111788531.38643284,411946600.07011956,"111,788,531","411,946,600"
tt11315808,Joker: Folie à Deux,2024,138,5.2,156193,195000000,206400287,"195,000,000","206,400,287",,,,
tt1131734,Jennifer's Body,2009,102,5.5,160369,16000000,31556061,"16,000,000","31,556,061",22724434.479833316,44818352.53975771,"22,724,434","44,818,352"
tt1132626,Saw V,2008,92,5.8,142709,10800000,118209778,"10,800,000","118,209,778",15284420.560791072,167293329.7546063,"15,284,420","167,293,329"
tt1133985,Green Lantern,2011,114,5.5,302516,200000000,219851172,"200,000,000","219,851,172",270919671.5553995,297810036.5465482,"270,919,671","297,810,036"
tt1135487,Duplicity,2009,125,6.1,52889,60000000,78176181,"60,000,000","78,176,181",85216629.29937492,111031843.93863063,"85,216,629","111,031,843"
tt11358390,Renfield,2023,93,6.4,110056,65000000,26874347,"65,000,000","26,874,347",65000000.0,26874347.0,"65,000,000","26,874,347"
tt1135985,Sex Drive,2008,109,6.5,93704,19000000,18755936,"19,000,000","18,755,936",26889258.39398429,26543853.132896427,"26,889,258","26,543,853"
tt11365186,Redeeming Love,2022,134,6.7,17258,30000000,9464198,"30,000,000","9,464,198",31234935.333413064,9853787.083753908,"31,234,935","9,853,787"
tt1136608,District 9,2009,112,7.9,732867,30000000,210888950,"30,000,000","210,888,950",42608314.64968746,299520757.92474025,"42,608,314","299,520,757"
tt11389872,Kingdom of the Planet of the Apes,2024,145,6.9,149058,160000000,397378150,"160,000,000","397,378,150",,,,
tt1139328,The Ghost Writer,2010,128,7.2,173581,45000000,60300000,"45,000,000","60,300,000",62881048.90486847,84260605.53252375,"62,881,048","84,260,605"
tt1139668,The Unborn,2009,88,4.7,54019,16000000,76514050,"16,000,000","76,514,050",22724434.479833316,108671157.25073063,"22,724,434","108,671,157"
tt1142988,The Ugly Truth,2009,96,6.4,235724,38000000,321700000,"38,000,000","321,700,000",53970531.88960412,456903160.7601486,"53,970,531","456,903,160"
tt1144884,The Final Destination,2009,82,5.1,121084,40000000,186167139,"40,000,000","186,167,139",56811086.199583285,264408934.5314701,"56,811,086","264,408,934"
tt11466222,Jackass Forever,2022,96,6.8,53305,10000000,80340218,"10,000,000","80,340,218",10411645.111137688,83647383.79674362,"10,411,645","83,647,383"
tt1148204,Orphan,2009,123,7.0,264749,20000000,77912251,"20,000,000","77,912,251",28405543.099791642,110656990.18911423,"28,405,543","110,656,990"
tt1151359,Leaves of Grass,2009,105,6.4,28285,9000000,1034214,"9,000,000","1,034,214",12782494.39490624,1468870.5175703957,"12,782,494","1,468,870"
tt1151922,Miss March,2009,90,5.0,22550,6000000,4591629,"6,000,000","4,591,629",8521662.929937493,6521385.77288766,"8,521,662","6,521,385"
tt1152398,Beastly,2011,86,5.5,80863,17000000,43200000,"17,000,000","43,200,000",23028172.082208954,58518649.05596629,"23,028,172","58,518,649"
tt1152836,Public Enemies,2009,140,6.9,327227,100000000,214104620,"100,000,000","214,104,620",142027715.49895823,304087900.5637256,"142,027,715","304,087,900"
tt1152850,Wendy and Lucy,2008,80,7.1,20296,200000,1192655,"200,000","1,192,655",283044.82519983465,1687874.129993544,"283,044","1,687,874"
tt1153706,Dance Flick,2009,83,3.6,12998,25000000,31439140,"25,000,000","31,439,140",35506928.87473956,44652292.314519174,"35,506,928","44,652,292"
tt1155056,"I Love You, Man",2009,105,7.0,221100,41000000,92000000,"41,000,000","92,000,000",58231363.35457287,130665498.25904156,"58,231,363","130,665,498"
tt11563598,A Complete Unknown,2024,141,7.4,58081,65000000,127117744,"65,000,000","127,117,744",,,,
tt1156398,Zombieland,2009,88,7.5,641915,23600000,102391540,"23,600,000","102,391,540",33518540.85775414,145424365.126202,"33,518,540","145,424,365"
tt11564570,Glass Onion,2022,139,7.1,472176,40000000,15000000,"40,000,000","15,000,000",41646580.44455075,15617467.666706532,"41,646,580","15,617,467"
tt1160419,Dune: Part One,2021,155,8.0,946601,165000000,407573628,"165,000,000","407,573,628",185540207.40303352,458310881.64319295,"185,540,207","458,310,881"
tt1161864,The Rite,2011,114,6.0,104165,37000000,96047633,"37,000,000","96,047,633",50120139.237748906,130105965.93016775,"50,120,139","130,105,965"
tt11703244,The Blackening,2022,97,6.0,21830,5000000,16000000,"5,000,000","16,000,000",5205822.555568844,16658632.177820303,"5,205,822","16,658,632"
tt1170358,The Hobbit: The Desolation of Smaug,2013,161,7.8,728430,250000000,958400000,"250,000,000","958,400,000",326993822.8943539,1253563519.4477952,"326,993,822","1,253,563,519"
tt11703710,Downton Abbey: A New Era,2022,124,7.4,34367,40000000,92651384,"40,000,000","92,651,384",41646580.44455075,96465332.92637406,"41,646,580","96,465,332"
tt1172233,Whip It,2009,111,6.9,71271,15000000,16633035,"15,000,000","16,633,035",21304157.32484373,23623519.62864214,"21,304,157","23,623,519"
tt1172570,Bronson,2008,92,7.0,144368,230000,2300000,"230,000","2,300,000",325501.54897980986,3255015.4897980983,"325,501","3,255,015"
tt11729298,American Underdog,2021,112,7.1,26117,25000000,26514814,"25,000,000","26,514,814",28112152.636823263,29815539.93219913,"28,112,152","29,815,539"
tt1172991,The Company Men,2010,104,6.7,49627,15000000,4882577,"15,000,000","4,882,577",20960349.63495616,6822701.402639688,"20,960,349","6,822,701"
tt1172998,Hurricane Season,2009,102,6.6,3319,143000,1000000,"143,000","1,000,000",203099.63316351024,1420277.1549895823,"203,099","1,420,277"
tt1174732,An Education,2009,100,7.2,139491,7500000,26100000,"7,500,000","26,100,000",10652078.662421865,37069233.7452281,"10,652,078","37,069,233"
tt1175491,W.,2008,129,6.3,50742,25100000,29506464,"25,100,000","29,506,464",35522125.56257925,41758259.725726075,"35,522,125","41,758,259"
tt1175506,Me and Orson Welles,2008,114,6.7,12109,25000000,2336172,"25,000,000","2,336,172",35380603.14997933,3306206.9768837406,"35,380,603","3,306,206"
tt11762114,Mean Girls,2024,112,5.6,36587,36000000,104573204,"36,000,000","104,573,204",,,,
tt1176740,Away We Go,2009,98,7.0,55763,17000000,15779455,"17,000,000","15,779,455",24144711.634822898,22411199.454686135,"24,144,711","22,411,199"
tt1179056,A Nightmare on Elm Street,2010,95,5.2,110749,35000000,115664037,"35,000,000","115,664,037",48907482.481564365,161623910.38070035,"48,907,482","161,623,910"
tt1179069,6 Souls,2010,112,6.0,37781,22000000,851517,"22,000,000","851,517",30741846.13126903,1189872.936007264,"30,741,846","1,189,872"
tt1179258,Chéri,2009,86,6.1,11859,23000000,9400000,"23,000,000","9,400,000",32666374.56476039,13350605.256902073,"32,666,374","13,350,605"
tt1179891,My Bloody Valentine,2009,101,5.4,62683,15000000,102836002,"15,000,000","102,836,002",21304157.32484373,146055624.35106298,"21,304,157","146,055,624"
tt1179904,Paranormal Activity,2007,86,6.3,263847,215000,193355800,"215,000","193,355,800",315955.90859546064,284148406.84280074,"315,955","284,148,406"
tt1179933,10 Cloverfield Lane,2016,103,7.2,369090,15000000,110216998,"15,000,000","110,216,998",19043319.569845878,139926500.9962043,"19,043,319","139,926,500"
tt11813216,The Banshees of Inisherin,2022,114,7.7,275873,20000000,49300000,"20,000,000","49,300,000",20823290.222275376,51329410.39790881,"20,823,290","51,329,410"
tt1182345,Moon,2009,97,7.8,384432,5000000,9760104,"5,000,000","9,760,104",7101385.774947911,13862052.74152244,"7,101,385","13,862,052"
tt11827628,Memory,2022,114,5.7,38849,30000000,13900000,"30,000,000","13,900,000",31234935.333413064,14472186.704481388,"31,234,935","14,472,186"
tt11832046,PAW Patrol: The Movie,2021,86,6.1,8980,26000000,144327371,"26,000,000","144,327,371",29236638.742296193,162294123.3289368,"29,236,638","162,294,123"
tt1183251,Beyond a Reasonable Doubt,2009,106,5.8,14182,25000000,4388563,"25,000,000","4,388,563",35506928.87473956,6232975.772132546,"35,506,928","6,232,975"
tt11851548,Orphan: First Kill,2022,99,5.9,50483,10000000,9572765,"10,000,000","9,572,765",10411645.111137688,9966823.191231998,"10,411,645","9,966,823"
tt1185266,Stan Helsing,2009,90,3.6,15328,365000,1400000,"365,000","1,400,000",518401.1615711975,1988388.016985415,"518,401","1,988,388"
tt1185416,When in Rome,2010,91,5.5,65914,55000000,43042835,"55,000,000","43,042,835",76854615.32817258,60146191.39198187,"76,854,615","60,146,191"
tt1185834,Star Wars: The Clone Wars,2008,98,5.9,75901,8500000,68282844,"8,500,000","68,282,844",12029405.070992973,96635528.22063789,"12,029,405","96,635,528"
tt11858890,The Creator,2023,133,6.7,183431,80000000,104272136,"80,000,000","104,272,136",80000000.0,104272136.0,"80,000,000","104,272,136"
tt1186367,Ninja Assassin,2009,99,6.3,77256,40000000,61601280,"40,000,000","61,601,280",56811086.199583285,87490890.70211665,"56,811,086","87,490,890"
tt1186830,Agora,2009,127,7.1,74385,70000000,39457342,"70,000,000","39,457,342",99419400.84927075,56040361.43921095,"99,419,400","56,040,361"
tt1187064,Triangle,2009,99,6.9,138436,12000000,1594955,"12,000,000","1,594,955",17043325.859874986,2265278.149736409,"17,043,325","2,265,278"
tt1189340,The Lincoln Lawyer,2011,118,7.3,261176,40000000,85412898,"40,000,000","85,412,898",54183934.3110799,115700171.36377418,"54,183,934","115,700,171"
tt1190080,2012,2009,158,5.8,408598,200000000,791217826,"200,000,000","791,217,826",284055430.99791646,1123748602.888322,"284,055,430","1,123,748,602"
tt1190617,An American Carol,2008,83,4.0,10228,20000000,7000000,"20,000,000","7,000,000",28304482.519983467,9906568.881994212,"28,304,482","9,906,568"
tt1192628,Rango,2011,107,7.3,303327,135000000,245700000,"135,000,000","245,700,000",182870778.29989463,332824816.50580823,"182,870,778","332,824,816"
tt1193138,Up in the Air,2009,109,7.4,354493,25000000,166842739,"25,000,000","166,842,739",35506928.87473956,236962930.67758942,"35,506,928","236,962,930"
tt1194417,Casino Jack,2010,108,6.2,17962,12500000,1083683,"12,500,000","1,083,683",17466958.02913013,1514291.6382305464,"17,466,958","1,514,291"
tt1195478,The Five-Year Engagement,2012,124,6.2,103708,30000000,54169363,"30,000,000","54,169,363",39814019.53012709,71890002.54721813,"39,814,019","71,890,002"
tt1196141,Diary of a Wimpy Kid,2010,94,6.2,61206,15000000,76196538,"15,000,000","76,196,538",20960349.63495616,106473738.49688153,"20,960,349","106,473,738"
tt1197628,Observe and Report,2009,86,5.8,66336,18000000,24007324,"18,000,000","24,007,324",25564988.78981248,34097053.82963312,"25,564,988","34,097,053"
tt1198138,Obsessed,2009,108,5.0,35100,20000000,73830340,"20,000,000","73,830,340",28405543.099791642,104859545.24711356,"28,405,543","104,859,545"
tt12003946,Violent Night,2022,112,6.7,113281,20000000,75734910,"20,000,000","75,734,910",20823290.222275376,78852500.54439528,"20,823,290","78,852,500"
tt1201607,Harry Potter and the Deathly Hallows: Part 2,2011,130,8.1,989511,125000000,1341511219,"125,000,000","1,341,511,219",169324794.72212467,1817208894.1968176,"169,324,794","1,817,208,894"
tt12037194,Furiosa: A Mad Max Saga,2024,148,7.5,279232,170000000,173775791,"170,000,000","173,775,791",,,,
tt1204342,The Muppets,2011,103,7.1,98662,45000000,165184237,"45,000,000","165,184,237",60956926.09996488,223758296.1708463,"60,956,926","223,758,296"
tt1204977,Ouija,2014,89,4.5,59807,5000000,103600000,"5,000,000","103,600,000",6435480.873208975,133343163.69288997,"6,435,480","133,343,163"
tt1205537,Jack Ryan: Shadow Recruit,2014,105,6.2,140291,60000000,135500000,"60,000,000","135,500,000",77225770.47850771,174401531.66396323,"77,225,770","174,401,531"
tt1206885,Rambo: Last Blood,2019,89,6.1,114533,50000000,91500000,"50,000,000","91,500,000",59591953.281154044,109053274.5045119,"59,591,953","109,053,274"
tt1210166,Moneyball,2011,133,7.6,483177,50000000,110206216,"50,000,000","110,206,216",67729917.88884987,149285159.21041706,"67,729,917","149,285,159"
tt1210819,The Lone Ranger,2013,150,6.4,248218,215000000,260500000,"215,000,000","260,500,000",281214687.6891444,340727563.45591676,"281,214,687","340,727,563"
tt1211837,Doctor Strange,2016,115,7.5,837188,180000000,676343174,"180,000,000","676,343,174",228519834.83815056,858654613.4243919,"228,519,834","858,654,613"
tt1211956,Escape Plan,2013,115,6.7,263970,50000000,137328301,"50,000,000","137,328,301",65398764.57887078,179622024.5423061,"65,398,764","179,622,024"
tt1212428,The Lost City of Z,2016,141,6.6,102227,30000000,8574339,"30,000,000","8,574,339",38086639.139691755,10885591.845146183,"38,086,639","10,885,591"
tt1212450,Lawless,2012,116,7.2,257887,26000000,55404207,"26,000,000","55,404,207",34505483.59277681,73528805.98497348,"34,505,483","73,528,805"
tt1213012,Alpha and Omega,2010,90,5.1,15615,20000000,50507267,"20,000,000","50,507,267",27947132.84660821,70576665.02840555,"27,947,132","70,576,665"
tt1213641,First Man,2018,141,7.3,209256,70000000,105713218,"70,000,000","105,713,218",84940443.71522896,128276109.192639,"84,940,443","128,276,109"
tt1213644,Disaster Movie,2008,87,1.9,95968,25000000,34816824,"25,000,000","34,816,824",35380603.14997933,49273609.31546704,"35,380,603","49,273,609"
tt1213663,The World's End,2013,109,6.9,305037,20000000,46100000,"20,000,000","46,100,000",26159505.83154831,60297660.94171886,"26,159,505","60,297,660"
tt1216475,Cars 2,2011,106,6.2,233201,200000000,559852396,"200,000,000","559,852,396",270919671.5553995,758375136.2191173,"270,919,671","758,375,136"
tt1216491,Kill the Messenger,2014,112,6.9,49446,5000000,5200000,"5,000,000","5,200,000",6435480.873208975,6692900.108137335,"6,435,480","6,692,900"
tt1216492,Leap Year,2010,100,6.4,113264,19000000,32686500,"19,000,000","32,686,500",26549776.2042778,45674697.88953296,"26,549,776","45,674,697"
tt1217209,Brave,2012,93,7.1,459186,185000000,539000000,"185,000,000","539,000,000",245519787.10245043,715325217.5579501,"245,519,787","715,325,217"
tt1217613,Battle Los Angeles,2011,116,5.7,187207,70000000,211800000,"70,000,000","211,800,000",94821885.04438981,286903932.177168,"94,821,885","286,903,932"
tt1219342,Legend of the Guardians: The Owls of Ga'Hoole,2010,97,6.9,89336,80000000,140073390,"80,000,000","140,073,390",111788531.38643284,195732481.9302381,"111,788,531","195,732,481"
tt12193804,Whitney Houston: I Wanna Dance with Somebody,2022,144,6.6,25358,50000000,59800000,"50,000,000","59,800,000",52058225.55568844,62261637.76460338,"52,058,225","62,261,637"
tt1219827,Ghost in the Shell,2017,107,6.3,233333,110000000,169801921,"110,000,000","169,801,921",136738005.87467363,211076146.1020806,"136,738,005","211,076,146"
tt1220198,The Fourth Kind,2009,98,5.9,83874,10000000,47709193,"10,000,000","47,709,193",14202771.549895821,67760276.90088889,"14,202,771","67,760,276"
tt1220628,I Hope They Serve Beer in Hell,2009,105,5.2,8793,7000000,1429299,"7,000,000","1,429,299",9941940.084927075,2030000.7173494548,"9,941,940","2,030,000"
tt1220634,Resident Evil: Afterlife,2010,96,5.8,182842,60000000,300228084,"60,000,000","300,228,084",83841398.53982463,419525707.3915324,"83,841,398","419,525,707"
tt1220888,Henry's Crime,2010,108,5.9,21818,12000000,2200000,"12,000,000","2,200,000",16768279.707964925,3074184.613126903,"16,768,279","3,074,184"
tt12226632,Big George Foreman,2023,129,6.6,11035,32000000,3800000,"32,000,000","3,800,000",32000000.0,3800000.0,"32,000,000","3,800,000"
tt1222817,Zookeeper,2011,102,5.2,67134,80000000,169900000,"80,000,000","169,900,000",108367868.6221598,230146260.98631185,"108,367,868","230,146,260"
tt12261776,65,2023,93,5.4,99045,45000000,60730568,"45,000,000","60,730,568",45000000.0,60730568.0,"45,000,000","60,730,568"
tt1226229,Get Him to the Greek,2010,109,6.3,187766,40000000,90029656,"40,000,000","90,029,656",55894265.69321642,125803537.8183219,"55,894,265","125,803,537"
tt1226273,Edge of Darkness,2010,117,6.6,101262,80000000,81126522,"80,000,000","81,126,522",111788531.38643284,113362684.38586418,"111,788,531","113,362,684"
tt1226753,The Debt,2010,113,6.8,72797,20000000,45636368,"20,000,000","45,636,368",27947132.84660821,63770281.95663499,"27,947,132","63,770,281"
tt1226837,Beautiful Boy,2018,120,7.4,112112,25000000,7700000,"25,000,000","7,700,000",30335872.755438916,9343448.808675187,"30,335,872","9,343,448"
tt1228705,Iron Man 2,2010,124,6.9,897173,200000000,623933331,"200,000,000","623,933,331",279471328.4660821,871857384.4441886,"279,471,328","871,857,384"
tt1228987,Let Me In,2010,116,7.1,130056,20000000,24145613,"20,000,000","24,145,613",27947132.84660821,33740032.70868951,"27,947,132","33,740,032"
tt1229238,Mission: Impossible - Ghost Protocol,2011,132,7.4,540582,145000000,694713380,"145,000,000","694,713,380",196416761.87766463,941057603.6737071,"196,416,761","941,057,603"
tt1229340,Anchorman 2: The Legend Continues,2013,119,6.3,196774,50000000,173700000,"50,000,000","173,700,000",65398764.57887078,227195308.1469971,"65,398,764","227,195,308"
tt1229822,Jane Eyre,2011,120,7.3,95204,13000000,34710627,"13,000,000","34,710,627",17609778.651100967,47018958.331609905,"17,609,778","47,018,958"
tt12299608,Mickey 17,2025,137,7.1,42908,118000000,90487032,"118,000,000","90,487,032",,,,
tt1230215,Not Fade Away,2012,112,6.0,5034,20000000,610792,"20,000,000","610,792",26542679.686751395,810602.820561513,"26,542,679","810,602"
tt1230414,It's Complicated,2009,120,6.5,100548,85000000,219103655,"85,000,000","219,103,655",120723558.17411448,311187915.77121896,"120,723,558","311,187,915"
tt1231583,Due Date,2010,95,6.5,364359,65000000,211800000,"65,000,000","211,800,000",90828181.75147668,295960136.84558094,"90,828,181","295,960,136"
tt1231587,Hot Tub Time Machine,2010,99,6.4,191136,36000000,64780213,"36,000,000","64,780,213",50304839.12389477,90521060.9271288,"50,304,839","90,521,060"
tt1232200,That's My Boy,2012,116,5.6,114456,70000000,58100000,"70,000,000","58,100,000",92899378.90362988,77106484.49001281,"92,899,378","77,106,484"
tt1232783,Sorority Row,2009,101,5.2,33134,12500000,27200000,"12,500,000","27,200,000",17753464.43736978,38631538.615716636,"17,753,464","38,631,538"
tt1232829,21 Jump Street,2012,109,7.2,619288,42000000,201585328,"42,000,000","201,585,328",55739627.342177935,267530739.53263587,"55,739,627","267,530,739"
tt1233227,Saw VI,2009,90,6.0,130208,11000000,69752402,"11,000,000","69,752,402",15623048.704885405,99067743.06624964,"15,623,048","99,067,743"
tt1233301,Ironclad,2011,121,6.1,44310,25000000,5151023,"25,000,000","5,151,023",33864958.944424935,6977567.296671542,"33,864,958","6,977,567"
tt1233334,Pariah,2011,86,7.2,7754,500000,769552,"500,000","769,552",677299.1788884987,1042433.8754240039,"677,299","1,042,433"
tt1234548,The Men Who Stare at Goats,2009,94,6.2,139630,24000000,68729358,"24,000,000","68,729,358",34086651.71974997,97614737.04450047,"34,086,651","97,614,737"
tt1234721,RoboCop,2014,117,6.1,243809,120000000,242688965,"120,000,000","242,688,965",154451540.95701542,312364038.4792765,"154,451,540","312,364,038"
tt12349832,Cuckoo,2024,102,5.7,24971,7000000,6680396,"7,000,000","6,680,396",,,,
tt1235189,Wild Target,2010,98,6.7,41503,8000000,3453043,"8,000,000","3,453,043",11178853.138643283,4825132.572302528,"11,178,853","4,825,132"
tt1235522,Broken City,2013,109,6.1,84691,56000000,34737199,"56,000,000","34,737,199",73246616.32833527,45435397.99060771,"73,246,616","45,435,397"
tt1240982,Your Highness,2011,102,5.5,105873,49900000,28013733,"49,900,000","28,013,733",67594458.05307217,37947356.71700328,"67,594,458","37,947,356"
tt12412888,Sonic the Hedgehog 2,2022,122,6.5,104420,110000000,405421518,"110,000,000","405,421,518",114528096.22251457,422110496.5834721,"114,528,096","422,110,496"
tt1242432,I Spit on Your Grave,2010,108,6.2,97598,2000000,572809,"2,000,000","572,809",2794713.284660821,800418.4609366402,"2,794,713","800,418"
tt1242460,We Need to Talk About Kevin,2011,112,7.4,173694,7000000,10800000,"7,000,000","10,800,000",9482188.504438981,14629662.263991572,"9,482,188","14,629,662"
tt1243974,Aloha,2015,105,5.4,75526,37000000,26250020,"37,000,000","26,250,020",47566098.63427518,33746244.33707287,"47,566,098","33,746,244"
tt1244754,Conviction,2010,107,7.2,47176,12500000,11826980,"12,500,000","11,826,980",17466958.02913013,16526509.061708918,"17,466,958","16,526,509"
tt1245492,This Is the End,2013,107,6.6,443257,32000000,126041322,"32,000,000","126,041,322",41855209.3304773,164858934.89375293,"41,855,209","164,858,934"
tt1245526,RED,2010,111,7.0,331152,58000000,199006387,"58,000,000","199,006,387",81046685.2551638,278082896.7406262,"81,046,685","278,082,896"
tt1250777,Kick-Ass,2010,117,7.6,607211,28000000,96188903,"28,000,000","96,188,903",39125985.985251494,134410202.52552554,"39,125,985","134,410,202"
tt12536294,Spencer,2021,117,6.5,79522,18000000,14000000,"18,000,000","14,000,000",20240749.898512747,15742805.476621026,"20,240,749","15,742,805"
tt1253863,300: Rise of an Empire,2014,102,6.2,322487,110000000,337580051,"110,000,000","337,580,051",141580579.21059746,434497992.2774821,"141,580,579","434,497,992"
tt1253864,Immortals,2011,110,6.0,179713,75000000,226904017,"75,000,000","226,904,017",101594876.8332748,307363808.8012039,"101,594,876","307,363,808"
tt1255919,Holmes & Watson,2018,90,3.9,40574,42000000,40500000,"42,000,000","40,500,000",50964266.22913738,49144113.863811046,"50,964,266","49,144,113"
tt12584954,Twisters,2024,122,6.5,159482,155000000,370962265,"155,000,000","370,962,265",,,,
tt1258972,The Man with the Iron Fists,2012,95,5.4,64801,15000000,20546518,"15,000,000","20,546,518",19907009.765063547,27267982.297603596,"19,907,009","27,267,982"
tt12592252,Songbird,2020,84,4.8,12117,2500000,1000000,"2,500,000","1,000,000",2943286.800020092,1177314.7200080368,"2,943,286","1,177,314"
tt12593682,Bullet Train,2022,127,7.3,485602,90000000,239300000,"90,000,000","239,300,000",93704806.0002392,249150667.50952488,"93,704,806","249,150,667"
tt1259521,The Cabin in the Woods,2011,95,7.0,469511,30000000,71038838,"30,000,000","71,038,838",40637950.73330992,96229093.29318616,"40,637,950","96,229,093"
tt1259528,Den of Thieves,2018,140,7.0,138592,30000000,80509622,"30,000,000","80,509,622",36403047.3065267,97693185.94321942,"36,403,047","97,693,185"
tt1259571,The Twilight Saga: New Moon,2009,130,4.8,308976,50000000,709827462,"50,000,000","709,827,462",71013857.74947912,1008151728.2628357,"71,013,857","1,008,151,728"
tt1261945,Sex and the City 2,2010,146,4.5,86081,100000000,290700000,"100,000,000","290,700,000",139735664.23304105,406211575.9254503,"139,735,664","406,211,575"
tt1262416,Scream 4,2011,111,6.2,179357,40000000,97231420,"40,000,000","97,231,420",54183934.3110799,131709521.85632549,"54,183,934","131,709,521"
tt1262426,Wicked,2024,160,7.5,140494,150000000,728145850,"150,000,000","728,145,850",,,,
tt1266029,Nowhere Boy,2009,98,7.1,40000,1500000,6577779,"1,500,000","6,577,779",2130415.7324843733,9342269.244270219,"2,130,415","9,342,269"
tt1267297,Hercules,2014,98,6.0,167728,100000000,244819862,"100,000,000","244,819,862",128709617.46417952,315106707.85653216,"128,709,617","315,106,707"
tt1268799,A Very Harold & Kumar Christmas,2011,90,6.2,73927,19000000,36192775,"19,000,000","36,192,775",25737368.79776295,49026673.578392364,"25,737,368","49,026,673"
tt1270286,To Save a Life,2009,120,6.8,5931,500000,3824868,"500,000","3,824,868",710138.5774947911,5432372.641250693,"710,138","5,432,372"
tt1270761,Don't Be Afraid of the Dark,2010,99,5.5,51298,25000000,36993168,"25,000,000","36,993,168",34933916.05826026,51692649.02564479,"34,933,916","51,692,649"
tt1270797,Venom,2018,112,6.6,572527,116000000,856085151,"116,000,000","856,085,151",140758449.58523658,1038803608.3422683,"140,758,449","1,038,803,608"
tt1270798,X-Men: First Class,2011,131,7.7,743512,160000000,353624124,"160,000,000","353,624,124",216735737.2443196,479018657.6407293,"216,735,737","479,018,657"
tt12718300,"Confess, Fletch",2022,98,6.4,25495,20000000,500000,"20,000,000","500,000",20823290.222275376,520582.25555688445,"20,823,290","520,582"
tt1272878,2 Guns,2013,109,6.7,231188,61000000,131940411,"61,000,000","131,940,411",79786492.78622235,172574797.54856905,"79,786,492","172,574,797"
tt1273678,The Spy Next Door,2010,94,5.5,48202,28000000,66166000,"28,000,000","66,166,000",39125985.985251494,92457499.59643394,"39,125,985","92,457,499"
tt1276104,Looper,2012,119,7.4,615196,30000000,47042000,"30,000,000","47,042,000",39814019.53012709,62431036.89120796,"39,814,019","62,431,036"
tt1277953,Madagascar 3: Europe's Most Wanted,2012,93,6.8,206452,145000000,746921274,"145,000,000","746,921,274",192434427.72894764,991264606.3501136,"192,434,427","991,264,606"
tt12789558,Belfast,2021,98,7.2,97364,11000000,49158343,"11,000,000","49,158,343",12369347.160202235,55277873.67157249,"12,369,347","55,277,873"
tt1279935,Date Night,2010,88,6.3,175616,55000000,152300000,"55,000,000","152,300,000",76854615.32817258,212817416.6269215,"76,854,615","212,817,416"
tt12801262,Luca,2021,95,7.4,207952,200000000,51074773,"200,000,000","51,074,773",224897221.0945861,57432872.57868398,"224,897,221","57,432,872"
tt1282140,Easy A,2010,92,7.0,429749,8000000,75026327,"8,000,000","75,026,327",11178853.138643283,104838536.38310342,"11,178,853","104,838,536"
tt1284575,Bad Teacher,2011,92,5.7,216853,20000000,216197492,"20,000,000","216,197,492",27091967.15553995,292860767.6187055,"27,091,967","292,860,767"
tt1285009,The Strangers: Prey at Night,2018,85,5.3,37684,12500000,31039126,"12,500,000","31,039,126",15167936.377719458,37663959.07104143,"15,167,936","37,663,959"
tt1285016,The Social Network,2010,120,7.8,785699,40000000,224920315,"40,000,000","224,920,315",55894265.69321642,314293896.1602982,"55,894,265","314,293,896"
tt1285309,The Joneses,2009,96,6.4,42317,10000000,7022728,"10,000,000","7,022,728",14202771.549895821,9974220.144105678,"14,202,771","9,974,220"
tt1288558,Evil Dead,2013,91,6.5,205039,17000000,99010045,"17,000,000","99,010,045",22235579.956816066,129502692.47796804,"22,235,579","129,502,692"
tt12889404,Cyrano,2021,123,6.4,15568,20000000,3000000,"20,000,000","3,000,000",22489722.10945861,3373458.316418791,"22,489,722","3,373,458"
tt1289401,Ghostbusters,2016,117,6.8,252437,144000000,229147509,"144,000,000","229,147,509",182815867.87052044,290915282.8347423,"182,815,867","290,915,282"
tt1291150,Teenage Mutant Ninja Turtles,2014,101,5.8,224735,125000000,485004754,"125,000,000","485,004,754",160887021.8302244,624247763.5564849,"160,887,021","624,247,763"
tt1291584,Warrior,2011,140,8.1,511684,25000000,23300000,"25,000,000","23,300,000",33864958.944424935,31562141.73620404,"33,864,958","31,562,141"
tt1292566,How to Be Single,2016,110,6.1,96676,38000000,112343513,"38,000,000","112,343,513",48243076.24360956,142626227.977209,"48,243,076","142,626,227"
tt1298644,The Hustle,2019,93,5.5,68166,21000000,97400000,"21,000,000","97,400,000",25028620.378084697,116085124.99168807,"25,028,620","116,085,124"
tt1298649,The Watch,2012,102,5.7,134911,68000000,68267862,"68,000,000","68,267,862",90245110.93495475,90600599.69826739,"90,245,110","90,600,599"
tt1298650,Pirates of the Caribbean: On Stranger Tides,2011,136,6.6,582867,379000000,1046721266,"379,000,000","1,046,721,266",513392777.597482,1417886907.9738595,"513,392,777","1,417,886,907"
tt1300851,The Boondock Saints II: All Saints Day,2009,118,6.2,67755,8000000,10629321,"8,000,000","10,629,321",11362217.239916658,15096581.78935102,"11,362,217","15,096,581"
tt1300854,Iron Man 3,2013,130,7.1,926561,200000000,1215577205,"200,000,000","1,215,577,205",261595058.31548312,1589944949.1447349,"261,595,058","1,589,944,949"
tt1302006,The Irishman,2019,209,7.8,449883,159000000,968853,"159,000,000","968,853",189502411.43406987,1154716.8542461188,"189,502,411","1,154,716"
tt1302011,Kung Fu Panda 2,2011,90,7.3,336226,150000000,665692281,"150,000,000","665,692,281",203189753.6665496,901745670.6274234,"203,189,753","901,745,670"
tt13024674,Army of Thieves,2021,127,6.4,93336,30000000,46900000,"30,000,000","46,900,000",33734583.164187916,52738398.34668044,"33,734,583","52,738,398"
tt1305591,Mars Needs Moms,2011,88,5.4,24571,150000000,39000000,"150,000,000","39,000,000",203189753.6665496,52829335.9533029,"203,189,753","52,829,335"
tt1306980,50/50,2011,100,7.6,347305,8000000,39187783,"8,000,000","39,187,783",10836786.862215979,53083706.496721335,"10,836,786","53,083,706"
tt13069986,After We Fell,2021,98,4.8,22458,14000000,21753705,"14,000,000","21,753,705",15742805.476621026,24461739.015057016,"15,742,805","24,461,739"
tt1307068,Seeking a Friend for the End of the World,2012,101,6.7,121069,10000000,9636289,"10,000,000","9,636,289",13271339.843375698,12788646.614798296,"13,271,339","12,788,646"
tt1308728,The Happytime Murders,2018,91,5.5,31115,40000000,27500000,"40,000,000","27,500,000",48537396.40870227,33369460.030982807,"48,537,396","33,369,460"
tt1311067,Halloween II,2009,105,4.8,61875,10000000,39421467,"10,000,000","39,421,467",14202771.549895821,55989408.9962757,"14,202,771","55,989,408"
tt1313092,Animal Kingdom,2010,113,7.2,61781,5000000,1000000,"5,000,000","1,000,000",6986783.211652053,1397356.6423304104,"6,986,783","1,397,356"
tt1314228,Did You Hear About the Morgans?,2009,103,4.9,43557,58000000,85280250,"58,000,000","85,280,250",82376074.98939577,121121590.84680031,"82,376,074","121,121,590"
tt1314655,Devil,2010,80,6.3,161838,10000000,33583175,"10,000,000","33,583,175",13973566.423304105,46927672.656794585,"13,973,566","46,927,672"
tt1315981,A Single Man,2009,99,7.5,119941,7000000,25000000,"7,000,000","25,000,000",9941940.084927075,35506928.87473956,"9,941,940","35,506,928"
tt13186482,Mufasa: The Lion King,2024,118,6.6,46998,200000000,700197856,"200,000,000","700,197,856",,,,
tt1320239,Burke and Hare,2010,91,6.1,21662,10000000,4791599,"10,000,000","4,791,599",13973566.423304105,6695572.6900337525,"13,973,566","6,695,572"
tt1320244,The Last Exorcism,2010,87,5.7,53231,1800000,69400000,"1,800,000","69,400,000",2515241.956194739,96976550.97773048,"2,515,241","96,976,550"
tt1320261,Gulliver's Travels,2010,85,4.9,75456,112000000,237382724,"112,000,000","237,382,724",156503943.94100598,331708326.15588653,"156,503,943","331,708,326"
tt1321509,Death at a Funeral,2010,92,5.7,55238,21000000,49050886,"21,000,000","49,050,886",29344489.48893862,68541581.36429174,"29,344,489","68,541,581"
tt1321510,In the Heights,2021,143,7.2,53999,55000000,43000000,"55,000,000","43,000,000",61846735.801011175,48352902.53533601,"61,846,735","48,352,902"
tt1321870,Gangster Squad,2013,113,6.7,225730,60000000,105200000,"60,000,000","105,200,000",78478517.49464494,137599000.67394412,"78,478,517","137,599,000"
tt1322312,Going the Distance,2010,102,6.3,60434,32000000,42045846,"32,000,000","42,045,846",44715412.55457313,58753042.19050152,"44,715,412","58,753,042"
tt1323594,Despicable Me,2010,95,7.6,606403,69000000,543284256,"69,000,000","543,284,256",96417608.32079832,759161863.7951351,"96,417,608","759,161,863"
tt1325004,The Twilight Saga: Eclipse,2010,124,5.1,269243,68000000,698491347,"68,000,000","698,491,347",95020251.67846791,976041523.3407656,"95,020,251","976,041,523"
tt1327194,The Lucky One,2012,101,6.4,115995,25000000,99400000,"25,000,000","99,400,000",33178349.608439244,131917118.04315445,"33,178,349","131,917,118"
tt13287846,Napoleon,2023,158,6.3,170344,165000000,220597098,"165,000,000","220,597,098",165000000.0,220597098.0,"165,000,000","220,597,098"
tt1331064,Paper Heart,2009,88,6.0,8678,1000000,1296971,"1,000,000","1,296,971",1420277.1549895823,1842058.2819839935,"1,420,277","1,842,058"
tt13320622,The Lost City,2022,112,6.1,168949,74000000,192907684,"74,000,000","192,907,684",77046173.8224189,200848634.5019494,"77,046,173","200,848,634"
tt1333125,Movie 43,2013,94,4.4,116041,6000000,32443111,"6,000,000","32,443,111",7847851.749464493,42434787.56990346,"7,847,851","42,434,787"
tt13345606,Evil Dead Rise,2023,96,6.5,153866,15000000,146700000,"15,000,000","146,700,000",15000000.0,146700000.0,"15,000,000","146,700,000"
tt1335975,47 Ronin,2013,128,6.2,174906,175000000,151783839,"175,000,000","151,783,839",228895676.02604774,198529511.0727645,"228,895,676","198,529,511"
tt1336608,Rock of Ages,2012,123,5.9,82893,75000000,59400000,"75,000,000","59,400,000",99535048.82531774,78831758.66965164,"99,535,048","78,831,758"
tt13375076,The Pope's Exorcist,2023,103,6.1,95156,18000000,76987621,"18,000,000","76,987,621",18000000.0,76987621.0,"18,000,000","76,987,621"
tt1340094,The Crow,2024,111,4.7,32375,50000000,24109036,"50,000,000","24,109,036",,,,
tt1340138,Terminator Genisys,2015,126,6.3,299118,155000000,440603537,"155,000,000","440,603,537",199263386.17061225,566426791.8797977,"199,263,386","566,426,791"
tt13405778,Insidious: The Red Door,2023,107,5.5,57259,16000000,189086877,"16,000,000","189,086,877",16000000.0,189086877.0,"16,000,000","189,086,877"
tt1340800,Tinker Tailor Soldier Spy,2011,127,7.0,218884,30000000,80600000,"30,000,000","80,600,000",40637950.73330992,109180627.636826,"40,637,950","109,180,627"
tt1341167,Four Lions,2010,97,7.3,87897,3900000,6200000,"3,900,000","6,200,000",5449690.905088601,8663611.182448545,"5,449,690","8,663,611"
tt1341188,How Do You Know,2010,121,5.4,56063,120000000,48668907,"120,000,000","48,668,907",167682797.07964927,68007820.47141102,"167,682,797","68,007,820"
tt1343092,The Great Gatsby,2013,143,7.2,617618,105000000,351040419,"105,000,000","351,040,419",137337405.61562863,459152194.39698315,"137,337,405","459,152,194"
tt13433802,A Quiet Place: Day One,2024,99,6.3,144751,67000000,261907653,"67,000,000","261,907,653",,,,
tt1343727,Dredd,2012,95,7.1,303343,50000000,41037742,"50,000,000","41,037,742",66356699.21687849,54462582.048677236,"66,356,699","54,462,582"
tt1345836,The Dark Knight Rises,2012,164,8.4,1899954,250000000,1081041287,"250,000,000","1,081,041,287",331783496.0843924,1434686630.4497244,"331,783,496","1,434,686,630"
tt1351685,Jack the Giant Slayer,2013,114,6.3,150434,195000000,197700000,"195,000,000","197,700,000",255055181.85759604,258586715.14485505,"255,055,181","258,586,715"
tt13521006,Beau Is Afraid,2023,179,6.7,70356,35000000,12337378,"35,000,000","12,337,378",35000000.0,12337378.0,"35,000,000","12,337,378"
tt1352824,Chloe,2009,96,6.3,79886,14000000,13657649,"14,000,000","13,657,649",19883880.16985415,19397646.865566313,"19,883,880","19,397,646"
tt1355631,The Infiltrator,2016,127,7.0,82276,28000000,21011110,"28,000,000","21,011,110",35547529.86371231,26674752.149812296,"35,547,529","26,674,752"
tt1355644,Passengers,2016,116,7.0,471029,110000000,303144152,"110,000,000","303,144,152",139651010.17886978,384858064.15106225,"139,651,010","384,858,064"
tt1355683,Black Mass,2015,123,6.8,197396,53000000,99975678,"53,000,000","99,975,678",68135222.3680158,128525755.69666311,"68,135,222","128,525,755"
tt13560574,X,2022,105,6.5,204970,1000000,15113105,"1,000,000","15,113,105",1041164.5111137689,15735228.578736056,"1,041,164","15,735,228"
tt1361336,Tom & Jerry,2021,101,5.3,41397,50000000,136536687,"50,000,000","136,536,687",56224305.273646526,153533607.4188065,"56,224,305","153,533,607"
tt13622970,Moana 2,2024,100,6.7,85936,150000000,1056396565,"150,000,000","1,056,396,565",,,,
tt13640696,See How They Run,2022,98,6.5,69113,40000000,21921551,"40,000,000","21,921,551",41646580.44455075,22823940.92977055,"41,646,580","22,823,940"
tt13651794,May December,2023,117,6.8,67931,20000000,4232370,"20,000,000","4,232,370",20000000.0,4232370.0,"20,000,000","4,232,370"
tt13655120,I.S.S.,2023,95,5.3,12152,13800000,6605079,"13,800,000","6,605,079",13800000.0,6605079.0,"13,800,000","6,605,079"
tt1365519,Tomb Raider,2018,119,6.3,233492,94000000,274650803,"94,000,000","274,650,803",114062881.56045033,333270872.4794848,"114,062,881","333,270,872"
tt13669038,Women Talking,2022,104,6.9,45500,20000000,7589419,"20,000,000","7,589,419",20823290.222275376,7901833.722772549,"20,823,290","7,901,833"
tt1371111,Cloud Atlas,2012,172,7.4,380235,102000000,130482868,"102,000,000","130,482,868",135367666.4024321,173168248.49663317,"135,367,666","173,168,248"
tt1371155,Made in Dagenham,2010,113,7.1,16314,7200000,12629471,"7,200,000","12,629,471",10060967.824778955,17647875.190969292,"10,060,967","17,647,875"
tt1372686,Coriolanus,2011,123,6.1,34100,7700000,1072602,"7,700,000","1,072,602",10430407.35488288,1452944.9077483227,"10,430,407","1,452,944"
tt1374989,Pride and Prejudice and Zombies,2016,108,5.8,62021,28000000,16457494,"28,000,000","16,457,494",35547529.86371231,20893687.837388076,"35,547,529","20,893,687"
tt1375666,Inception,2010,148,8.8,2662548,160000000,839030630,"160,000,000","839,030,630",223577062.77286568,1172425023.949169,"223,577,062","1,172,425,023"
tt1375670,Grown Ups,2010,102,6.0,292349,80000000,271430189,"80,000,000","271,430,189",111788531.38643284,379284777.5281487,"111,788,531","379,284,777"
tt1381404,The Company You Keep,2012,125,6.4,36428,2000000,20014680,"2,000,000","20,014,680",2654267.96867514,26562162.01364147,"2,654,267","26,562,162"
tt13833688,The Whale,2022,117,7.6,242221,3000000,55101305,"3,000,000","55,101,305",3123493.5333413067,57369523.28205567,"3,123,493","57,369,523"
tt13841850,Men,2022,100,6.0,72679,6500000,11152071,"6,500,000","11,152,071",6767569.322239498,11611140.55062104,"6,767,569","11,611,140"
tt13848804,Journey to Bethlehem,2023,99,6.4,3265,6000000,7778330,"6,000,000","7,778,330",6000000.0,7778330.0,"6,000,000","7,778,330"
tt1385826,The Adjustment Bureau,2011,106,7.0,276419,50200000,127900000,"50,200,000","127,900,000",68000837.56040527,173253129.95967796,"68,000,837","173,253,129"
tt1385867,Cop Out,2010,107,5.5,91398,30000000,55600000,"30,000,000","55,600,000",41920699.26991232,77693029.31357083,"41,920,699","77,693,029"
tt1386588,The Other Guys,2010,107,6.7,297520,100000000,170432927,"100,000,000","170,432,927",139735664.23304105,238155582.61526394,"139,735,664","238,155,582"
tt1386697,Suicide Squad,2016,123,5.9,738289,175000000,749200054,"175,000,000","749,200,054",222172061.6482019,951150403.3378526,"222,172,061","951,150,403"
tt1386703,Total Recall,2012,118,6.2,271128,125000000,198800000,"125,000,000","198,800,000",165891748.0421962,263834236.0863089,"165,891,748","263,834,236"
tt1389139,When the Bough Breaks,2016,107,5.2,8337,10000000,30658387,"10,000,000","30,658,387",12695546.379897254,38922497.409133896,"12,695,546","38,922,497"
tt1390411,In the Heart of the Sea,2015,122,6.9,154536,100000000,93900000,"100,000,000","93,900,000",128557023.33587886,120715044.91239025,"128,557,023","120,715,044"
tt1392170,The Hunger Games,2012,142,7.2,1035209,75000000,694394724,"75,000,000","694,394,724",99535048.82531774,921554836.765107,"99,535,048","921,554,836"
tt1392190,Mad Max: Fury Road,2015,120,8.1,1157501,150000000,378858340,"150,000,000","378,858,340",192835535.0038183,487049004.56372327,"192,835,535","487,049,004"
tt1392214,Prisoners,2013,153,8.2,862061,46000000,122126687,"46,000,000","122,126,687",60166863.41256112,159738689.03820878,"60,166,863","159,738,689"
tt13923084,Boy Kills World,2023,111,6.4,34584,18000000,3139717,"18,000,000","3,139,717",18000000.0,3139717.0,"18,000,000","3,139,717"
tt13923456,Mafia Mamma,2023,101,5.4,12658,41000000,3900000,"41,000,000","3,900,000",41000000.0,3900000.0,"41,000,000","3,900,000"
tt13957560,Dumb Money,2023,105,6.9,55507,30000000,20703794,"30,000,000","20,703,794",30000000.0,20703794.0,"30,000,000","20,703,794"
tt1396484,It,2017,135,7.3,638731,35000000,703000000,"35,000,000","703,000,000",43507547.32375979,873880164.8172324,"43,507,547","873,880,164"
tt1397514,Journey 2: The Mysterious Island,2012,94,5.7,115808,79000000,355692760,"79,000,000","355,692,760",104843584.76266801,472051949.778827,"104,843,584","472,051,949"
tt1398426,Straight Outta Compton,2015,147,7.8,226138,28000000,201634991,"28,000,000","201,634,991",35995966.53404608,259215942.43316725,"35,995,966","259,215,942"
tt1399103,Transformers: Dark of the Moon,2011,154,6.2,442515,195000000,1123794079,"195,000,000","1,123,794,079",264146679.76651448,1522289613.8929133,"264,146,679","1,522,289,613"
tt1399683,Winter's Bone,2010,100,7.1,153961,2000000,13831503,"2,000,000","13,831,503",2794713.284660821,19327542.590462998,"2,794,713","19,327,542"
tt1402488,Happy Feet Two,2011,100,5.8,49071,130000000,150406466,"130,000,000","150,406,466",176097786.51100966,203740351.84264177,"176,097,786","203,740,351"
tt1403865,True Grit,2010,110,7.6,365507,38000000,252300000,"38,000,000","252,300,000",53099552.4085556,352553080.8599626,"53,099,552","352,553,080"
tt1403981,Remember Me,2010,113,7.1,158932,16000000,56000000,"16,000,000","56,000,000",22357706.277286567,78251971.97050299,"22,357,706","78,251,971"
tt14060232,Infinite Storm,2022,97,5.3,11874,4749917,1707067,"4,749,917","1,707,067",4945445.01113598,1777337.578493448,"4,945,445","1,777,337"
tt1408101,Star Trek Into Darkness,2013,132,7.7,503106,190000000,467381584,"190,000,000","467,381,584",248515305.39970896,611323563.6103144,"248,515,305","611,323,563"
tt1408253,Ride Along,2014,99,6.1,126026,25000000,153997819,"25,000,000","153,997,819",32177404.36604488,198210003.73807955,"32,177,404","198,210,003"
tt14088510,Tarot,2024,92,4.8,30763,8000000,49256239,"8,000,000","49,256,239",,,,
tt1409024,Men in Black³,2012,106,6.8,398799,225000000,624000000,"225,000,000","624,000,000",298605146.4759532,828131606.2266436,"298,605,146","828,131,606"
tt14109724,Ticket to Paradise,2022,104,6.1,77261,20000000,168800000,"20,000,000","168,800,000",20823290.222275376,175748569.47600418,"20,823,290","175,748,569"
tt1411238,No Strings Attached,2011,108,6.2,249231,25000000,149200000,"25,000,000","149,200,000",33864958.944424935,202106074.980328,"33,864,958","202,106,074"
tt14114802,The Outfit,2022,105,7.2,80379,5000000,4000000,"5,000,000","4,000,000",5205822.555568844,4164658.0444550756,"5,205,822","4,164,658"
tt1411664,Bucky Larson: Born to Be a Star,2011,97,3.3,13173,10000000,2500000,"10,000,000","2,500,000",13545983.577769974,3386495.8944424936,"13,545,983","3,386,495"
tt1411697,The Hangover Part II,2011,102,6.5,552874,80000000,586764305,"80,000,000","586,764,305",108367868.6221598,794829963.9551611,"108,367,868","794,829,963"
tt1411704,Hop,2011,95,5.4,38524,63000000,183953723,"63,000,000","183,953,723",85339696.53995083,249183411.08276466,"85,339,696","249,183,411"
tt1413495,Paranoia,2013,106,5.6,39846,35000000,17056265,"35,000,000","17,056,265",45779135.205209546,22309173.18659667,"45,779,135","22,309,173"
tt14208870,The Fabelmans,2022,151,7.5,126967,40000000,45629909,"40,000,000","45,629,909",41646580.44455075,47508241.89615076,"41,646,580","47,508,241"
tt14209916,Cocaine Bear,2023,95,5.9,118499,32500000,88314672,"32,500,000","88,314,672",32500000.0,88314672.0,"32,500,000","88,314,672"
tt14230388,Asteroid City,2023,105,6.5,129364,25000000,47281670,"25,000,000","47,281,670",25000000.0,47281670.0,"25,000,000","47,281,670"
tt14230458,Poor Things,2023,141,7.8,334106,35000000,117607117,"35,000,000","117,607,117",35000000.0,117607117.0,"35,000,000","117,607,117"
tt1424381,Predators,2010,107,6.4,251305,40000000,127200000,"40,000,000","127,200,000",55894265.69321642,177743764.9044282,"55,894,265","177,743,764"
tt14260836,Better Man,2024,135,7.6,21807,110000000,20303745,"110,000,000","20,303,745",,,,
tt1428538,Hansel & Gretel: Witch Hunters,2013,88,6.1,221509,50000000,226349749,"50,000,000","226,349,749",65398764.57887078,296059878.94674987,"65,398,764","296,059,878"
tt1430132,The Wolverine,2013,126,6.7,509415,120000000,415440673,"120,000,000","415,440,673",156957034.98928988,543386135.4002928,"156,957,034","543,386,135"
tt1430607,Arthur Christmas,2011,97,7.1,70239,10000000,151300000,"10,000,000","151,300,000",13545983.577769974,204950731.5316597,"13,545,983","204,950,731"
tt1430612,Brick Mansions,2014,90,5.6,44849,28000000,71416730,"28,000,000","71,416,730",36038692.889970265,91920199.98842593,"36,038,692","91,920,199"
tt1430626,The Pirates! Band of Misfits,2012,88,6.7,52758,60000000,123054041,"60,000,000","123,054,041",79628039.06025419,163309199.72116867,"79,628,039","163,309,199"
tt1431045,Deadpool,2016,108,8.0,1197251,58000000,782837347,"58,000,000","782,837,347",73634169.00340407,993854784.675422,"73,634,169","993,854,784"
tt1434435,Mother's Day,2010,112,6.2,18900,11000000,863000,"11,000,000","863,000",15370923.065634515,1205918.7823311442,"15,370,923","1,205,918"
tt14362112,Trolls Band Together,2023,91,6.0,17780,95000000,207318137,"95,000,000","207,318,137",95000000.0,207318137.0,"95,000,000","207,318,137"
tt1436562,Rio,2011,96,6.9,259443,90000000,483866772,"90,000,000","483,866,772",121913852.19992976,655445134.7340568,"121,913,852","655,445,134"
tt1438176,Fright Night,2011,106,6.4,116416,30000000,41002607,"30,000,000","41,002,607",40637950.73330992,55542064.10677562,"40,637,950","55,542,064"
tt1440129,Battleship,2012,131,5.8,262434,209000000,303025485,"209,000,000","303,025,485",277371002.72655207,402155419.26387453,"277,371,002","402,155,419"
tt14402146,Empire of Light,2022,115,6.7,25938,13500000,11395604,"13,500,000","11,395,604",14055720.90003588,11864698.467506109,"14,055,720","11,864,698"
tt1440345,This Must Be the Place,2011,118,6.7,37820,25000000,11790979,"25,000,000","11,790,979",33864958.944424935,15972040.789983062,"33,864,958","15,972,040"
tt14403504,Last Breath,2025,93,6.9,3414,23800000,14875844,"23,800,000","14,875,844",,,,
tt1440728,The American,2010,105,6.3,104079,20000000,67900000,"20,000,000","67,900,000",27947132.84660821,94880516.01423487,"27,947,132","94,880,516"
tt1441326,Martha Marcy May Marlene,2011,102,6.8,56945,1000000,3500000,"1,000,000","3,500,000",1354598.3577769974,4741094.252219491,"1,354,598","4,741,094"
tt14444726,Tár,2022,158,7.4,102550,35000000,29048571,"35,000,000","29,048,571",36440757.88898191,30244341.2237686,"36,440,757","30,244,341"
tt1446192,Rise of the Guardians,2012,97,7.2,199844,145000000,306941670,"145,000,000","306,941,670",192434427.72894764,407352721.4663275,"192,434,427","407,352,721"
tt1446714,Prometheus,2012,124,7.0,673786,130000000,403354469,"130,000,000","403,354,469",172527417.9638841,535305423.5443348,"172,527,417","535,305,423"
tt1448754,Thanksgiving,2023,106,6.2,70116,15000000,46553280,"15,000,000","46,553,280",15000000.0,46553280.0,"15,000,000","46,553,280"
tt1448755,Killer Elite,2011,116,6.4,137687,66000000,57777106,"66,000,000","57,777,106",89403491.61328183,78264772.90470749,"89,403,491","78,264,772"
tt1449283,Winnie the Pooh,2011,63,7.1,29396,30000000,14460000,"30,000,000","14,460,000",40637950.73330992,19587492.25345538,"40,637,950","19,587,492"
tt1450321,Filth,2013,97,7.0,118835,5000000,9114264,"5,000,000","9,114,264",6539876.457887078,11921232.112913543,"6,539,876","11,921,232"
tt14513804,Captain America: Brave New World,2025,118,5.9,75784,180000000,388056272,"180,000,000","388,056,272",,,,
tt1453405,Monsters University,2013,104,7.2,406163,200000000,743600000,"200,000,000","743,600,000",261595058.31548312,972610426.8169663,"261,595,058","972,610,426"
tt14539740,Godzilla x Kong: The New Empire,2024,115,6.1,119076,150000000,571750016,"150,000,000","571,750,016",,,,
tt1454029,The Help,2011,146,8.1,509750,25000000,216600000,"25,000,000","216,600,000",33864958.944424935,293406004.2944976,"33,864,958","293,406,004"
tt1454468,Gravity,2013,91,7.7,879057,105000000,723192705,"105,000,000","723,192,705",137337405.61562863,945918189.1890349,"137,337,405","945,918,189"
tt14549466,Crimes of the Future,2022,107,5.8,44044,27000000,4551565,"27,000,000","4,551,565",28111441.80007176,4738927.948027541,"28,111,441","4,738,927"
tt1457765,The Haunting in Connecticut 2: Ghosts of Georgia,2013,100,5.3,18671,8000000,5127434,"8,000,000","5,127,434",10463802.332619324,6706556.981193954,"10,463,802","6,706,556"
tt1457767,The Conjuring,2013,112,7.5,580271,13000000,320415166,"13,000,000","320,415,166",17003678.790506404,419095120.174676,"17,003,678","419,095,120"
tt1458175,The Next Three Days,2010,133,7.3,211067,30000000,67448651,"30,000,000","67,448,651",41920699.26991232,94249820.49107568,"41,920,699","94,249,820"
tt1462041,Dream House,2011,92,6.0,70252,50000000,39984400,"50,000,000","39,984,400",67729917.88884987,54162802.57669857,"67,729,917","54,162,802"
tt1462764,Indiana Jones and the Dial of Destiny,2023,154,6.5,217558,294700000,383963057,"294,700,000","383,963,057",294700000.0,383963057.0,"294,700,000","383,963,057"
tt1464174,"Big Mommas: Like Father, Like Son",2011,107,4.5,30289,32000000,82686066,"32,000,000","82,686,066",43347147.448863916,112006409.21464042,"43,347,147","112,006,409"
tt1464335,Uncharted,2022,116,6.3,279569,120000000,407141258,"120,000,000","407,141,258",124939741.33365226,423901028.83981484,"124,939,741","423,901,028"
tt1465522,Tucker and Dale vs Evil,2010,89,7.5,200298,5000000,5224938,"5,000,000","5,224,938",6986783.211652053,7301101.820064571,"6,986,783","7,301,101"
tt14668630,"Lyle, Lyle, Crocodile",2022,106,6.1,16732,50000000,104088441,"50,000,000","104,088,441",52058225.55568844,108373190.78635938,"52,058,225","108,373,190"
tt1470023,MacGruber,2010,90,5.6,48346,10000000,9322895,"10,000,000","9,322,895",13973566.423304105,13027409.253998972,"13,973,566","13,027,409"
tt1470827,Monsters,2010,94,6.3,99568,500000,5639730,"500,000","5,639,730",698678.3211652052,7880714.176450086,"698,678","7,880,714"
tt1472584,Max Steel,2016,92,4.6,21060,10000000,6272403,"10,000,000","6,272,403",12695546.379897254,7963158.319990667,"12,695,546","7,963,158"
tt1473832,Bridget Jones's Baby,2016,123,6.4,87268,35000000,211952420,"35,000,000","211,952,420",44434412.32964038,269085177.8441462,"44,434,412","269,085,177"
tt1477076,Saw 3D,2010,90,5.5,113904,20000000,136151680,"20,000,000","136,151,680",27947132.84660821,190252454.4124445,"27,947,132","190,252,454"
tt1477834,Aquaman,2018,143,6.8,535490,160000000,1152028393,"160,000,000","1,152,028,393",194149585.63480908,1397911469.628031,"194,149,585","1,397,911,469"
tt1478964,Attack the Block,2011,88,6.7,113290,14350531,3964682,"14,350,531","3,964,682",19439205.72582789,5370551.726308021,"19,439,205","5,370,551"
tt1482459,The Lorax,2012,86,6.4,135951,70000000,349305397,"70,000,000","349,305,397",92899378.90362988,463575063.2712266,"92,899,378","463,575,063"
tt14824600,The Lord of the Rings: The War of the Rohirrim,2024,134,6.3,27379,30000000,19958572,"30,000,000","19,958,572",,,,
tt1483013,Oblivion,2013,124,7.0,568506,120000000,286168572,"120,000,000","286,168,572",156957034.98928988,374301421.4019927,"156,957,034","374,301,421"
tt14849194,The Holdovers,2023,133,7.9,196249,13000000,42513270,"13,000,000","42,513,270",13000000.0,42513270.0,"13,000,000","42,513,270"
tt1485796,The Greatest Showman,2017,105,7.5,328296,84000000,459066134,"84,000,000","459,066,134",104418113.57702349,570652615.7068701,"104,418,113","570,652,615"
tt14858658,Blink Twice,2024,102,6.5,99976,20000000,46393906,"20,000,000","46,393,906",,,,
tt1486185,Red Riding Hood,2011,100,5.4,117453,42000000,89162162,"42,000,000","89,162,162",56893131.02663389,120778918.2210466,"56,893,131","120,778,918"
tt1486192,The Raven,2012,110,6.4,89229,26000000,29657751,"26,000,000","29,657,751",34505483.59277681,39359809.25112154,"34,505,483","39,359,809"
tt1486834,What If,2013,98,6.8,82978,11000000,8500000,"11,000,000","8,500,000",14387728.207351571,11117789.978408033,"14,387,728","11,117,789"
tt1488555,The Change-Up,2011,112,6.3,200468,52000000,75500000,"52,000,000","75,500,000",70439114.60440387,102272176.0121633,"70,439,114","102,272,176"
tt1489887,Booksmart,2019,102,7.1,135789,6000000,24849029,"6,000,000","24,849,029",7151034.393738485,29616043.505000837,"7,151,034","29,616,043"
tt1489889,Central Intelligence,2016,107,6.3,224271,50000000,216972543,"50,000,000","216,972,543",63477731.899486266,275458498.2820751,"63,477,731","275,458,498"
tt1490017,The Lego Movie,2014,100,7.7,399708,60000000,470759687,"60,000,000","470,759,687",77225770.47850771,605912992.3132688,"77,225,770","605,912,992"
tt1491044,The Iceman,2012,106,6.8,81679,20000000,1969193,"20,000,000","1,969,193",26542679.686751395,2613382.952019652,"26,542,679","2,613,382"
tt14948432,Red One,2024,123,6.3,137020,250000000,185700759,"250,000,000","185,700,759",,,,
tt14966898,Late Night with the Devil,2023,93,7.0,119873,2000000,15469415,"2,000,000","15,469,415",2000000.0,15469415.0,"2,000,000","15,469,415"
tt1499658,Horrible Bosses,2011,98,6.9,477997,35000000,209838559,"35,000,000","209,838,559",47410942.52219491,284246967.41969156,"47,410,942","284,246,967"
tt15009428,Argylle,2024,139,5.6,91433,200000000,96221061,"200,000,000","96,221,061",,,,
tt1502397,Bad Boys for Life,2020,124,6.5,189324,90000000,426505244,"90,000,000","426,505,244",105958324.80072331,502130901.9218194,"105,958,324","502,130,901"
tt1502404,Drive Angry,2011,104,5.4,104923,50000000,40909909,"50,000,000","40,909,909",67729917.88884987,55416495.548206404,"67,729,917","55,416,495"
tt1502407,Halloween,2018,106,6.5,177958,10000000,259939869,"10,000,000","259,939,869",12134349.102175567,315420111.6019784,"12,134,349","315,420,111"
tt1502712,Fantastic Four,2015,100,4.3,182057,120000000,167977596,"120,000,000","167,977,596",154268428.00305465,215946997.28876832,"154,268,428","215,946,997"
tt1504320,The King's Speech,2010,118,8.0,719578,15000000,414211549,"15,000,000","414,211,549",20960349.63495616,578801259.3251183,"20,960,349","578,801,259"
tt1506999,Haywire,2011,93,5.8,91194,23000000,33372606,"23,000,000","33,372,606",31155762.22887094,45206477.28233877,"31,155,762","45,206,477"
tt15078804,Problemista,2023,104,6.8,8123,12000000,2503154,"12,000,000","2,503,154",12000000.0,2503154.0,"12,000,000","2,503,154"
tt1509767,The Three Musketeers,2011,110,5.7,113726,75000000,132274484,"75,000,000","132,274,484",101594876.8332748,179178798.8021997,"101,594,876","179,178,798"
tt1512235,Super,2010,96,6.7,85087,2500000,1185012,"2,500,000","1,185,012",3493391.6058260263,1655884.3894412445,"3,493,391","1,655,884"
tt1515091,Sherlock Holmes: A Game of Shadows,2011,129,7.4,490754,125000000,334615000,"125,000,000","334,615,000",169324794.72212467,453268929.48754996,"169,324,794","453,268,929"
tt15153532,Strays,2023,93,6.3,34742,46000000,32000000,"46,000,000","32,000,000",46000000.0,32000000.0,"46,000,000","32,000,000"
tt1517260,The Host,2013,125,5.8,120008,44000000,63300000,"44,000,000","63,300,000",57550912.829406284,82794835.95685041,"57,550,912","82,794,835"
tt1517268,Barbie,2023,114,6.8,598954,145000000,1445638421,"145,000,000","1,445,638,421",145000000.0,1445638421.0,"145,000,000","1,445,638,421"
tt1517451,A Star Is Born,2018,136,7.6,434050,36000000,436388866,"36,000,000","436,388,866",43683656.76783204,529529484.4346513,"43,683,656","529,529,484"
tt1521197,Anonymous,2011,130,6.8,42649,30000000,15395087,"30,000,000","15,395,087",40637950.73330992,20854159.568034004,"40,637,950","20,854,159"
tt15239678,Dune: Part Two,2024,166,8.5,611472,190000000,714444358,"190,000,000","714,444,358",,,,
tt1524575,The Vatican Tapes,2015,91,4.7,19626,13000000,1784763,"13,000,000","1,784,763",16712413.033664253,2294438.186400132,"16,712,413","2,294,438"
tt1524930,Vacation,2015,99,6.2,126255,31000000,104400000,"31,000,000","104,400,000",39852677.23412245,134213532.36265753,"39,852,677","134,213,532"
tt15255876,Emily the Criminal,2022,97,6.7,63307,2000000,2157673,"2,000,000","2,157,673",2082329.0222275378,2246492.554188379,"2,082,329","2,246,492"
tt15268244,Joy Ride,2023,95,6.4,26531,20000000,15800000,"20,000,000","15,800,000",20000000.0,15800000.0,"20,000,000","15,800,000"
tt1527186,Melancholia,2011,135,7.1,201453,7400000,15946321,"7,400,000","15,946,321",10024027.847549781,21600860.239184845,"10,024,027","21,600,860"
tt1528100,Exodus: Gods and Kings,2014,150,6.0,182759,140000000,268031828,"140,000,000","268,031,828",180193464.4498513,344982740.50104755,"180,193,464","344,982,740"
tt1528854,Daddy's Home,2015,96,6.2,134022,50000000,242786137,"50,000,000","242,786,137",64278511.66793943,312118630.7993688,"64,278,511","312,118,630"
tt15314262,The Beekeeper,2024,105,6.3,152433,35000000,152720535,"35,000,000","152,720,535",,,,
tt1532503,Beginners,2010,105,7.2,95825,3200000,14311701,"3,200,000","14,311,701",4471541.255457314,19998550.45539678,"4,471,541","19,998,550"
tt15325794,Fall,2022,107,6.4,120005,3000000,17363261,"3,000,000","17,363,261",3123493.5333413067,18078011.15040577,"3,123,493","18,078,011"
tt15339456,Marcel the Shell with Shoes On,2021,90,7.6,31088,6000000,6909209,"6,000,000","6,909,209",6746916.632837582,7769309.520308521,"6,746,916","7,769,309"
tt1535108,Elysium,2013,109,6.6,480772,115000000,286140700,"115,000,000","286,140,700",150417158.5314028,374264965.5146658,"150,417,158","374,264,965"
tt1535109,Captain Phillips,2013,134,7.8,505836,55000000,218791811,"55,000,000","218,791,811",71938641.03675786,286174282.7874758,"71,938,641","286,174,282"
tt15352542,The Day the Earth Blew Up: A Looney Tunes Movie,2024,91,6.9,1577,15000000,5283343,"15,000,000","5,283,343",,,,
tt1535438,Hope Springs,2012,100,6.3,45166,30000000,114281051,"30,000,000","114,281,051",39814019.53012709,151666266.54791504,"39,814,019","151,666,266"
tt1535612,The Son of No One,2011,90,5.1,18276,15000000,618425,"15,000,000","618,425",20318975.36665496,837717.4894082396,"20,318,975","837,717"
tt1536044,Paranormal Activity 2,2010,91,5.7,112348,3000000,177512032,"3,000,000","177,512,032",4192069.9269912313,248047617.00876835,"4,192,069","248,047,617"
tt1536537,What Happened to Monday,2017,123,6.8,139322,20000000,27975429,"20,000,000","27,975,429",24861455.613577023,34775494.317713775,"24,861,455","34,775,494"
tt1538403,The Mortal Instruments: City of Bones,2013,130,5.8,140782,60000000,95396573,"60,000,000","95,396,573",78478517.49464494,124776360.3851612,"78,478,517","124,776,360"
tt15398776,Oppenheimer,2023,180,8.3,864774,100000000,952000000,"100,000,000","952,000,000",100000000.0,952000000.0,"100,000,000","952,000,000"
tt1540011,Blair Witch,2016,89,5.0,51388,5000000,45172994,"5,000,000","45,172,994",6347773.189948627,57349584.04458203,"6,347,773","57,349,584"
tt1540128,Playing for Keeps,2012,105,5.7,31731,35000000,30962335,"35,000,000","30,962,335",46449689.45181494,41091167.012944594,"46,449,689","41,091,167"
tt1540133,The Guard,2011,96,7.3,98459,6000000,19560274,"6,000,000","19,560,274",8127590.146661984,26496315.038068097,"8,127,590","26,496,315"
tt1540767,Apartment 1303 3D,2012,85,2.5,6216,5000000,3377891,"5,000,000","3,377,891",6635669.921687849,4482913.941488018,"6,635,669","4,482,913"
tt1542344,127 Hours,2010,94,7.5,412424,18000000,35700000,"18,000,000","35,700,000",25152419.561947387,49885632.13119566,"25,152,419","49,885,632"
tt15474916,Smile,2022,115,6.5,210813,17000000,217408513,"17,000,000","217,408,513",17699796.68893407,226358028.14961645,"17,699,796","226,358,028"
tt1549572,Another Earth,2011,92,6.9,102006,100000,1938783,"100,000","1,938,783",135459.83577769974,2626272.26788596,"135,459","2,626,272"
tt15574270,I Saw the TV Glow,2024,100,5.8,34540,10000000,5396508,"10,000,000","5,396,508",,,,
tt1560220,Zombieland: Double Tap,2019,99,6.7,214040,42000000,122800000,"42,000,000","122,800,000",50057240.75616939,146357837.25851434,"50,057,240","146,357,837"
tt1560747,The Master,2012,138,7.1,191200,32000000,28258060,"32,000,000","28,258,060",42468287.49880224,37502231.75745011,"42,468,287","37,502,231"
tt1560985,The Devil Inside,2012,83,4.2,38038,1000000,101800000,"1,000,000","101,800,000",1327133.98433757,135102239.6055646,"1,327,133","135,102,239"
tt1563738,One Day,2011,107,7.0,173997,15000000,59400000,"15,000,000","59,400,000",20318975.36665496,80463142.45195365,"20,318,975","80,463,142"
tt1563742,Overboard,2018,112,6.0,42511,12000000,91244913,"12,000,000","91,244,913",14561218.92261068,110719762.81396377,"14,561,218","110,719,762"
tt1564349,Dolphin Tale,2011,113,6.8,26176,37000000,95404397,"37,000,000","95,404,397",50120139.237748906,129234639.5009047,"50,120,139","129,234,639"
tt1564367,Just Go with It,2011,117,6.4,275968,80000000,214945591,"80,000,000","214,945,591",108367868.6221598,291164944.5800061,"108,367,868","291,164,944"
tt1564585,Skyline,2010,92,4.5,93207,10500000,66984887,"10,500,000","66,984,887",14672244.74446931,93601776.78520197,"14,672,244","93,601,776"
tt15671028,No Hard Feelings,2023,103,6.3,190366,45000000,83000000,"45,000,000","83,000,000",45000000.0,83000000.0,"45,000,000","83,000,000"
tt1567609,Get the Gringo,2012,96,6.9,112995,35000000,8826837,"35,000,000","8,826,837",46449689.45181494,11714395.356908282,"46,449,689","11,714,395"
tt15679400,Knock at the Cabin,2023,100,6.1,132630,20000000,54700000,"20,000,000","54,700,000",20000000.0,54700000.0,"20,000,000","54,700,000"
tt1568338,Man on a Ledge,2012,102,6.6,160309,42000000,46221189,"42,000,000","46,221,189",55739627.342177935,61341710.718389854,"55,739,627","61,341,710"
tt1568346,The Girl with the Dragon Tattoo,2011,158,7.8,510912,90000000,232617430,"90,000,000","232,617,430",121913852.19992976,315103188.66830564,"121,913,852","315,103,188"
tt1568911,War Horse,2011,146,7.2,168921,66000000,177584879,"66,000,000","177,584,879",89403491.61328183,240556185.4594268,"89,403,491","240,556,185"
tt1570728,"Crazy, Stupid, Love.",2011,118,7.4,588333,50000000,145079584,"50,000,000","145,079,584",67729917.88884987,196524566.23336995,"67,729,917","196,524,566"
tt1571222,A Dangerous Method,2011,99,6.4,110121,15000000,27462041,"15,000,000","27,462,041",20318975.36665496,37200035.63980457,"20,318,975","37,200,035"
tt1571234,Mortal Engines,2018,128,6.1,147318,100000000,83869818,"100,000,000","83,869,818",121343491.02175567,101770565.07479282,"121,343,491","101,770,565"
tt1572315,Texas Chainsaw,2013,92,4.8,58027,20000000,47300000,"20,000,000","47,300,000",26159505.83154831,61867231.29161176,"26,159,505","61,867,231"
tt1578275,The Dilemma,2011,111,5.3,57591,70000000,67112664,"70,000,000","67,112,664",94821885.04438981,90910704.4404394,"94,821,885","90,910,704"
tt15789038,Elemental,2023,101,7.0,147541,200000000,496444308,"200,000,000","496,444,308",200000000.0,496444308.0,"200,000,000","496,444,308"
tt15791034,Barbarian,2022,102,7.0,217046,4500000,45400000,"4,500,000","45,400,000",4685240.30001196,47268868.80456511,"4,685,240","47,268,868"
tt1582507,House at the End of the Street,2012,101,5.5,82947,6900000,44287131,"6,900,000","44,287,131",9157224.491929231,58774956.6189099,"9,157,224","58,774,956"
tt1583420,Larry Crowne,2011,98,6.1,73208,30000000,75055070,"30,000,000","75,055,070",40637950.73330992,101669474.56483757,"40,637,950","101,669,474"
tt15837338,PAW Patrol: The Mighty Movie,2023,88,5.9,5795,30000000,202231360,"30,000,000","202,231,360",30000000.0,202231360.0,"30,000,000","202,231,360"
tt1586265,What to Expect When You're Expecting,2012,110,5.7,76928,40000000,79700000,"40,000,000","79,700,000",53085359.37350279,105772578.55170432,"53,085,359","105,772,578"
tt1586752,Machine Gun Preacher,2011,129,6.7,69982,30000000,2527904,"30,000,000","2,527,904",40637950.73330992,3424294.607017903,"40,637,950","3,424,294"
tt1587310,Maleficent,2014,97,6.9,411254,180000000,758539785,"180,000,000","758,539,785",231677311.43552312,976313655.5871098,"231,677,311","976,313,655"
tt1588173,Warm Bodies,2013,98,6.8,249159,35000000,117000000,"35,000,000","117,000,000",45779135.205209546,153033109.11455762,"45,779,135","153,033,109"
tt1588334,"Jeff, Who Lives at Home",2011,83,6.4,65979,10000000,4400000,"10,000,000","4,400,000",13545983.577769974,5960232.774218788,"13,545,983","5,960,232"
tt1590193,The Commuter,2018,104,6.3,129012,30000000,119942387,"30,000,000","119,942,387",36403047.3065267,145542279.6006244,"36,403,047","145,542,279"
tt1591095,Insidious,2010,103,6.8,351202,1500000,100106454,"1,500,000","100,106,454",2096034.9634956156,139884418.4370437,"2,096,034","139,884,418"
tt1592525,Lockout,2012,95,6.0,102022,20000000,32948113,"20,000,000","32,948,113",26542679.686751395,43726560.48209448,"26,542,679","43,726,560"
tt1592873,LOL,2012,97,4.4,58985,11000000,10500000,"11,000,000","10,500,000",14598473.827713268,13934906.835544484,"14,598,473","13,934,906"
tt1594972,Norm of the North,2016,90,3.4,10390,7000000,17062499,"7,000,000","17,062,499",8886882.465928078,21661774.741145052,"8,886,882","21,661,774"
tt1596343,Fast Five,2011,130,7.3,418568,125000000,626100000,"125,000,000","626,100,000",169324794.72212467,848114031.804178,"169,324,794","848,114,031"
tt1596346,Soul Surfer,2011,112,7.0,54258,18000000,47088990,"18,000,000","47,088,990",24382770.439985953,63786668.52337745,"24,382,770","63,786,668"
tt1596350,This Means War,2012,103,6.3,197036,65000000,156974557,"65,000,000","156,974,557",86263708.98194204,208326269.27103496,"86,263,708","208,326,269"
tt1596363,The Big Short,2015,130,7.8,506089,28000000,133346506,"28,000,000","133,346,506",35995966.53404608,171426298.8359991,"35,995,966","171,426,298"
tt1596365,The Woman in Black,2012,95,6.4,196155,32000000,129000000,"32,000,000","129,000,000",42468287.49880224,171200283.97954652,"42,468,287","171,200,283"
tt1598778,Contagion,2011,106,6.8,322861,60000000,137551594,"60,000,000","137,551,594",81275901.46661983,186327163.3420083,"81,275,901","186,327,163"
tt1598822,New Year's Eve,2011,118,5.6,91339,56000000,142000000,"56,000,000","142,000,000",75857508.03551185,192352966.80433363,"75,857,508","192,352,966"
tt1599348,Safe House,2012,115,6.7,243326,85000000,208076205,"85,000,000","208,076,205",112806388.66869344,276145002.98749095,"112,806,388","276,145,002"
tt1601913,The Grey,2011,117,6.7,268460,25000000,79781695,"25,000,000","79,781,695",33864958.944424935,108072153.02766527,"33,864,958","108,072,153"
tt1603257,ATM,2012,90,4.7,25972,3000000,921752,"3,000,000","921,752",3981401.9530127095,1223288.4043311237,"3,981,401","1,223,288"
tt1605630,American Reunion,2012,113,6.7,228357,50000000,234989584,"50,000,000","234,989,584",66356699.21687849,311862662.8917481,"66,356,699","311,862,662"
tt1605717,Frank,2014,95,6.9,83388,1000000,1897363,"1,000,000","1,897,363",1287096.1746417952,2442088.6592068803,"1,287,096","2,442,088"
tt1605783,Midnight in Paris,2011,94,7.6,460049,17000000,151119219,"17,000,000","151,119,219",23028172.082208954,204705845.8859424,"23,028,172","204,705,845"
tt1608290,Zoolander 2,2016,101,4.7,78671,50000000,56722693,"50,000,000","56,722,693",63477731.899486266,72012557.97741732,"63,477,731","72,012,557"
tt1609486,Harold and the Purple Crayon,2024,90,5.7,7847,40000000,32227855,"40,000,000","32,227,855",,,,
tt1611224,Abraham Lincoln: Vampire Hunter,2012,105,5.9,164459,69000000,116500000,"69,000,000","116,500,000",91572244.91929232,154611109.17532688,"91,572,244","154,611,109"
tt1615065,Savages,2012,131,6.4,136525,45000000,82966152,"45,000,000","82,966,152",59721029.29519064,110107199.86891644,"59,721,029","110,107,199"
tt1615147,Margin Call,2011,107,7.1,151628,3500000,19504039,"3,500,000","19,504,039",4741094.252219491,26420139.19941851,"4,741,094","26,420,139"
tt1615160,The Foreigner,2017,113,7.0,127418,35000000,145374099,"35,000,000","145,374,099",43507547.32375979,180710585.4826126,"43,507,547","180,710,585"
tt1616195,J. Edgar,2011,137,6.5,135493,35000000,84606030,"35,000,000","84,606,030",47410942.52219491,114607189.29603137,"47,410,942","114,607,189"
tt1617661,Jupiter Ascending,2015,127,5.3,197857,176000000,184000000,"176,000,000","184,000,000",226260361.0711468,236544922.9380171,"226,260,361","236,544,922"
tt1618442,The Last Witch Hunter,2015,106,5.9,112539,90000000,146936910,"90,000,000","146,936,910",115701321.00229098,188897717.67771932,"115,701,321","188,897,717"
tt1619029,Jackie,2016,100,6.6,85126,9000000,13960394,"9,000,000","13,960,394",11425991.741907528,17723482.95086393,"11,425,991","17,723,482"
tt1620680,A Wrinkle in Time,2018,109,4.3,48698,103000000,132675864,"103,000,000","132,675,864",124983795.75240834,160993525.12087676,"124,983,795","160,993,525"
tt1620935,Bleed for This,2016,117,6.8,32123,6000000,6174491,"6,000,000","6,174,491",7617327.827938352,7838853.6862758165,"7,617,327","7,838,853"
tt1620981,The Addams Family,2019,86,5.8,46800,40000000,204394183,"40,000,000","204,394,183",47673562.62492324,243604972.08551303,"47,673,562","243,604,972"
tt1621039,Free Birds,2013,91,5.8,27119,55000000,110000000,"55,000,000","110,000,000",71938641.03675786,143877282.0735157,"71,938,641","143,877,282"
tt1622547,30 Minutes or Less,2011,83,6.0,107986,28000000,40500000,"28,000,000","40,500,000",37928754.017755926,54861233.4899684,"37,928,754","54,861,233"
tt1622979,Final Destination 5,2011,92,5.9,130836,40000000,157887643,"40,000,000","157,887,643",54183934.3110799,213874341.92108083,"54,183,934","213,874,341"
tt1623205,Oz the Great and Powerful,2013,130,6.3,218020,200000000,491868548,"200,000,000","491,868,548",261595058.31548312,643351907.48806,"261,595,058","643,351,907"
tt16280138,Magic Mike's Last Dance,2023,112,5.2,18691,45000000,52000000,"45,000,000","52,000,000",45000000.0,52000000.0,"45,000,000","52,000,000"
tt1628841,Independence Day: Resurgence,2016,120,5.2,193889,165000000,389681935,"165,000,000","389,681,935",209476515.26830468,494722507.92006063,"209,476,515","494,722,507"
tt1630029,Avatar: The Way of Water,2022,192,7.5,529117,460000000,2320250281,"460,000,000","2,320,250,281",478935675.11233366,2415762249.4789495,"478,935,675","2,415,762,249"
tt1631867,Edge of Tomorrow,2014,113,7.9,767410,178000000,370541256,"178,000,000","370,541,256",229103119.08623955,476922233.1445661,"229,103,119","476,922,233"
tt1632708,Friends with Benefits,2011,109,6.5,407287,35000000,149500000,"35,000,000","149,500,000",47410942.52219491,202512454.4876611,"47,410,942","202,512,454"
tt1634106,Bloodshot,2020,109,5.7,87756,42000000,39861118,"42,000,000","39,861,118",49447218.24033755,46929080.97737732,"49,447,218","46,929,080"
tt1634121,Intruders,2011,100,5.4,21624,13000000,3012210,"13,000,000","3,012,210",17609778.651100967,4080334.719279449,"17,609,778","4,080,334"
tt1634122,Johnny English Reborn,2011,101,6.3,144953,45000000,160078586,"45,000,000","160,078,586",60956926.09996488,216842189.71086386,"60,956,926","216,842,189"
tt16366836,Venom: The Last Dance,2024,110,6.0,106530,120000000,478103649,"120,000,000","478,103,649",,,,
tt1636826,Project X,2012,88,6.7,243940,12000000,102731865,"12,000,000","102,731,865",15925607.812050838,136338949.31587934,"15,925,607","136,338,949"
tt1637688,In Time,2011,109,6.7,464055,40000000,173900000,"40,000,000","173,900,000",54183934.3110799,235564654.41741985,"54,183,934","235,564,654"
tt1637725,Ted,2012,106,6.9,679101,50000000,549368315,"50,000,000","549,368,315",66356699.21687849,729085360.7547672,"66,356,699","729,085,360"
tt1638355,The Man from U.N.C.L.E.,2015,116,7.2,345317,75000000,108100000,"75,000,000","108,100,000",96417767.50190915,138970142.22608504,"96,417,767","138,970,142"
tt1639826,Justin and the Knights of Valour,2013,90,6.0,6556,22000000,19799759,"22,000,000","19,799,759",28775456.414703142,25897595.55118756,"28,775,456","25,897,595"
tt16419074,Air,2023,111,7.4,181842,80000000,90100000,"80,000,000","90,100,000",80000000.0,90100000.0,"80,000,000","90,100,000"
tt16426418,Challengers,2024,131,7.1,150343,55000000,94182533,"55,000,000","94,182,533",,,,
tt1645170,The Dictator,2012,83,6.5,348604,65000000,179379533,"65,000,000","179,379,533",86263708.98194204,238060674.3389026,"86,263,708","238,060,674"
tt1646971,How to Train Your Dragon 2,2014,102,7.8,378663,145000000,621537519,"145,000,000","621,537,519",186628945.3230603,799978563.1012521,"186,628,945","799,978,563"
tt1646987,Wrath of the Titans,2012,99,5.7,198873,150000000,301970083,"150,000,000","301,970,083",199070097.65063548,400754759.4025367,"199,070,097","400,754,759"
tt1647668,Million Dollar Arm,2014,124,7.0,48528,25000000,38307627,"25,000,000","38,307,627",32177404.36604488,49305600.17130475,"32,177,404","49,305,600"
tt1648179,Here Comes the Boom,2012,105,6.4,96879,42000000,73100000,"42,000,000","73,100,000",55739627.342177935,97013494.25507635,"55,739,627","97,013,494"
tt1648190,The Dark Tower,2017,95,5.6,150263,60000000,113231078,"60,000,000","113,231,078",74584366.84073107,140754470.98872387,"74,584,366","140,754,470"
tt1649419,The Impossible,2012,114,7.5,254444,45000000,198100000,"45,000,000","198,100,000",59721029.29519064,262905242.2972726,"59,721,029","262,905,242"
tt1650043,El Diario De Un Chico En Apuros 2: Las Reglas De Rodrick,2011,99,6.6,38906,21000000,72526996,"21,000,000","72,526,996",28446565.513316944,98244949.67609887,"28,446,565","98,244,949"
tt1650062,Super 8,2011,112,7.0,373182,50000000,260100000,"50,000,000","260,100,000",67729917.88884987,352331032.857797,"67,729,917","352,331,032"
tt1650554,Kick-Ass 2,2013,103,6.5,294339,28000000,60795985,"28,000,000","60,795,985",36623308.164167635,79519646.2071112,"36,623,308","79,519,646"
tt1655420,My Week with Marilyn,2011,99,6.9,90550,6400000,35100000,"6,400,000","35,100,000",8669429.489772784,47546402.35797261,"8,669,429","47,546,402"
tt1655441,The Age of Adaline,2015,112,7.2,218172,25000000,65663276,"25,000,000","65,663,276",32139255.833969716,84414753.05042253,"32,139,255","84,414,753"
tt1656186,Stolen,2012,96,5.5,46988,35000000,2106557,"35,000,000","2,106,557",46449689.45181494,2795683.3846441978,"46,449,689","2,795,683"
tt1656190,Safe,2012,94,6.5,121204,30000000,40300000,"30,000,000","40,300,000",39814019.53012709,53483499.56880406,"39,814,019","53,483,499"
tt1658801,Freeheld,2015,103,6.6,13499,7000000,573335,"7,000,000","573,335",8998991.63351152,737062.409742761,"8,998,991","737,062"
tt1659337,The Perks of Being a Wallflower,2012,103,7.9,567523,13000000,33384127,"13,000,000","33,384,127",17252741.796388406,44305209.47914144,"17,252,741","44,305,209"
tt1661199,Cinderella,2015,105,6.9,196203,95000000,543514353,"95,000,000","543,514,353",122129172.16908492,698725873.620061,"122,129,172","698,725,873"
tt1661275,Their Finest,2016,117,6.8,21725,11795877,3603484,"11,795,877","3,603,484",14975510.354506325,4574819.825121767,"14,975,510","4,574,819"
tt1661382,Grudge Match,2013,113,6.4,63730,40000000,44907260,"40,000,000","44,907,260",52319011.66309662,58737586.49244282,"52,319,011","58,737,586"
tt1662293,Nothing Left to Fear,2013,100,4.4,5332,3000000,1675381,"3,000,000","1,675,381",3923925.8747322466,2191356.951978262,"3,923,925","2,191,356"
tt1663202,The Revenant,2015,156,8.0,906205,135000000,532950503,"135,000,000","532,950,503",173551981.50343648,685145302.5103937,"173,551,981","685,145,302"
tt1663662,Pacific Rim,2013,131,6.9,543283,180000000,411000000,"180,000,000","411,000,000",235435552.48393482,537577844.8383179,"235,435,552","537,577,844"
tt1666186,Vampires Suck,2010,82,3.4,52944,20000000,80547866,"20,000,000","80,547,866",27947132.84660821,112554095.58063982,"27,947,132","112,554,095"
tt1666801,The DUFF,2015,101,6.4,104289,8500000,43528634,"8,500,000","43,528,634",10927346.983549703,55959116.16916931,"10,927,346","55,959,116"
tt1667310,Deadfall,2012,95,6.2,41692,12000000,1900000,"12,000,000","1,900,000",15925607.812050838,2521554.570241383,"15,925,607","2,521,554"
tt1667353,Mirror Mirror,2012,106,5.6,92716,85000000,183018522,"85,000,000","183,018,522",112806388.66869344,242890100.3094332,"112,806,388","242,890,100"
tt1667889,Ice Age: Continental Drift,2012,88,6.5,233320,95000000,877244782,"95,000,000","877,244,782",126077728.51206914,1164221362.7750027,"126,077,728","1,164,221,362"
tt1670345,Now You See Me,2013,115,7.2,732561,75000000,351723989,"75,000,000","351,723,989",98098146.86830617,460046287.0670467,"98,098,146","460,046,287"
tt1673434,The Twilight Saga: Breaking Dawn - Part 2,2012,115,5.6,270708,120000000,829747654,"120,000,000","829,747,654",159256078.12050837,1101186310.0477712,"159,256,078","1,101,186,310"
tt1674771,Entourage,2015,104,6.5,84158,30000000,49263404,"30,000,000","49,263,404",38567107.00076366,63331565.77632828,"38,567,107","63,331,565"
tt1675192,Take Shelter,2011,120,7.3,111989,5000000,3741098,"5,000,000","3,741,098",6772991.788884987,5067685.207082809,"6,772,991","5,067,685"
tt1677720,Ready Player One,2018,140,7.4,512452,175000000,607274134,"175,000,000","607,274,134",212351109.2880724,736887634.2677344,"212,351,109","736,887,634"
tt1679335,Trolls,2016,92,6.4,96117,125000000,347337803,"125,000,000","347,337,803",158694329.74871567,440964318.7478115,"158,694,329","440,964,318"
tt1682180,Stoker,2013,99,6.7,116533,12000000,12077441,"12,000,000","12,077,441",15695703.498928986,15796994.413484033,"15,695,703","15,796,994"
tt1686821,Vampire Academy,2014,104,5.4,57723,30000000,15391979,"30,000,000","15,391,979",38612885.239253856,19810957.291066844,"38,612,885","19,810,957"
tt1687901,The Awakening,2011,102,6.5,70344,4798235,6879667,"4,798,235","6,879,667",6499681.251228111,9319185.620252602,"6,499,681","9,319,185"
tt1690953,Despicable Me 2,2013,98,7.3,441525,76000000,970766005,"76,000,000","970,766,005",99406122.15988359,1269737948.443318,"99,406,122","1,269,737,948"
tt1691917,Planes,2013,91,5.7,50175,50000000,219788712,"50,000,000","219,788,712",65398764.57887078,287478204.66362464,"65,398,764","287,478,204"
tt1694020,The Guilt Trip,2012,95,5.8,41123,40000000,41863726,"40,000,000","41,863,726",53085359.37350279,55558773.485596314,"53,085,359","55,558,773"
tt1695843,Haunted Mansion,2023,123,6.0,47013,157800000,117449790,"157,800,000","117,449,790",157800000.0,117449790.0,"157,800,000","117,449,790"
tt1698641,"Alexander and the Terrible, Horrible, No Good, Very Bad Day",2014,81,6.2,47526,28000000,100654149,"28,000,000","100,654,149",36038692.889970265,129551570.13972527,"36,038,692","129,551,570"
tt1700841,Sausage Party,2016,89,6.1,218014,19000000,140705322,"19,000,000","140,705,322",24121538.12180478,178633094.13493773,"24,121,538","178,633,094"
tt1702439,Safe Haven,2013,115,6.7,118739,28000000,97600000,"28,000,000","97,600,000",36623308.164167635,127658388.45795576,"36,623,308","127,658,388"
tt17024450,The Equalizer 3,2023,109,6.8,142394,70000000,191067560,"70,000,000","191,067,560",70000000.0,191067560.0,"70,000,000","191,067,560"
tt1704573,Bernie,2011,104,6.8,65378,5000000,9206470,"5,000,000","9,206,470",6772991.788884987,12471069.142923193,"6,772,991","12,471,069"
tt1706593,Chronicle,2012,84,7.0,269158,15000000,145000000,"15,000,000","145,000,000",19907009.765063547,192434427.72894764,"19,907,009","192,434,427"
tt1707386,Les Misérables,2012,158,7.5,353294,61000000,442636309,"61,000,000","442,636,309",80955173.04459175,587437688.3756458,"80,955,173","587,437,688"
tt1711525,Office Christmas Party,2016,105,5.9,91394,45000000,114500000,"45,000,000","114,500,000",57129958.70953764,145364006.04982355,"57,129,958","145,364,006"
tt1712261,Triple 9,2016,115,6.3,79535,20000000,12600000,"20,000,000","12,600,000",25391092.759794507,15996388.438670538,"25,391,092","15,996,388"
tt1713476,The Bay,2012,85,5.7,30812,2000000,1581252,"2,000,000","1,581,252",2654267.96867514,2098533.267001751,"2,654,267","2,098,533"
tt1714206,The Spectacular Now,2013,95,7.0,164983,2500000,6854611,"2,500,000","6,854,611",3269938.228943539,8965661.821374761,"3,269,938","8,965,661"
tt1714915,Only Lovers Left Alive,2013,123,7.2,111399,7000000,7600000,"7,000,000","7,600,000",9155827.041041909,9940612.215988358,"9,155,827","9,940,612"
tt1715336,Anna,2013,99,6.4,25810,4357373,1200000,"4,357,373","1,200,000",5699336.220186558,1569570.3498928987,"5,699,336","1,569,570"
tt1716772,The Inbetweeners,2011,97,6.7,88648,4500000,88823111,"4,500,000","88,823,111",6095692.609996488,120319640.29324396,"6,095,692","120,319,640"
tt1723121,We're the Millers,2013,110,7.0,503684,37000000,270000000,"37,000,000","270,000,000",48395085.78836438,353153328.7259022,"48,395,085","353,153,328"
tt1723808,Reagan,2024,141,6.2,10664,25000000,30107173,"25,000,000","30,107,173",,,,
tt1723811,Shame,2011,101,7.2,210792,6500000,3909002,"6,500,000","3,909,002",8804889.325550484,5295127.689746998,"8,804,889","5,295,127"
tt1724970,Beyond Skyline,2017,106,5.3,24117,14000000,992181,"14,000,000","992,181",17403018.929503918,1233353.194606723,"17,403,018","1,233,353"
tt1726592,Before I Go to Sleep,2014,92,6.3,86460,22000000,17669776,"22,000,000","17,669,776",28316115.842119493,22742701.0963774,"28,316,115","22,742,701"
tt1726669,Killer Joe,2011,102,6.7,85492,10000000,4633668,"10,000,000","4,633,668",13545983.577769974,6276759.063283824,"13,545,983","6,276,759"
tt1727388,The Way Way Back,2013,103,7.4,159862,4600000,23198652,"4,600,000","23,198,652",6016686.341256112,30343263.613902994,"6,016,686","30,343,263"
tt1727776,Scouts Guide to the Zombie Apocalypse,2015,93,6.3,57741,15000000,14900000,"15,000,000","14,900,000",19283553.50038183,19154996.47704595,"19,283,553","19,154,996"
tt1727824,Bohemian Rhapsody,2018,134,7.9,618971,52000000,918355943,"52,000,000","918,355,943",63098615.33131295,1114365161.2419646,"63,098,615","1,114,365,161"
tt17279496,Civil War,2024,109,7.0,231857,50000000,126542249,"50,000,000","126,542,249",,,,
tt1731141,Ender's Game,2013,114,6.6,259627,110000000,125537191,"110,000,000","125,537,191",143877282.0735157,164199544.00203472,"143,877,282","164,199,544"
tt1731697,The Lords of Salem,2012,101,5.2,33330,1500000,1165882,"1,500,000","1,165,882",1990700.9765063548,1547281.6239274545,"1,990,700","1,547,281"
tt17351924,Saltburn,2023,131,7.0,240914,20000000,21013738,"20,000,000","21,013,738",20000000.0,21013738.0,"20,000,000","21,013,738"
tt1735898,Snow White and the Huntsman,2012,127,6.1,308365,170000000,396600000,"170,000,000","396,600,000",225612777.33738688,526341338.1882802,"225,612,777","526,341,338"
tt1741243,Pawn Shop Chronicles,2013,112,5.9,12373,5000000,1080000,"5,000,000","1,080,000",6539876.457887078,1412613.3149036088,"6,539,876","1,412,613"
tt1742044,Jersey Boys,2014,134,6.8,37616,40000000,67347013,"40,000,000","67,347,013",51483846.9856718,86682082.80585125,"51,483,846","86,682,082"
tt1742334,Sabotage,2014,109,5.7,67344,35000000,22126842,"35,000,000","22,126,842",45048366.112462826,28479373.695103407,"45,048,366","28,479,373"
tt1742650,I Don't Know How She Does It,2011,89,5.0,21449,24000000,31410151,"24,000,000","31,410,151",32510360.586647935,42548138.962127514,"32,510,360","42,548,138"
tt1745960,Top Gun: Maverick,2022,130,8.2,762373,170000000,1488732821,"170,000,000","1,488,732,821",176997966.8893407,1550015779.755487,"176,997,966","1,550,015,779"
tt1748122,Moonrise Kingdom,2012,94,7.8,373254,16000000,68263166,"16,000,000","68,263,166",21234143.74940112,90594367.47707693,"21,234,143","90,594,367"
tt17505010,Horizon: An American Saga - Chapter 1,2024,181,6.7,38907,50000000,38235702,"50,000,000","38,235,702",,,,
tt17526714,The Substance,2024,141,7.3,278074,17500000,76506196,"17,500,000","76,506,196",,,,
tt17527468,Bottoms,2023,91,6.7,51585,11300000,12976079,"11,300,000","12,976,079",11300000.0,12976079.0,"11,300,000","12,976,079"
tt1754656,The Little Prince,2015,108,7.6,68668,64000000,97571250,"64,000,000","97,571,250",82276494.93496247,125434694.63160871,"82,276,494","125,434,694"
tt1756851,Twixt,2011,88,4.8,12292,7000000,647839,"7,000,000","647,839",9482188.504438981,877561.6455038921,"9,482,188","877,561"
tt1758692,Like Crazy,2011,86,6.6,63920,250000,3542353,"250,000","3,542,353",338649.58944424934,4798465.55646642,"338,649","4,798,465"
tt1758795,The To Do List,2013,104,5.8,42905,1500000,3566225,"1,500,000","3,566,225",1961962.9373661233,4664534.184205669,"1,961,962","4,664,534"
tt1758810,The Snowman,2017,119,5.2,74946,35000000,43203413,"35,000,000","43,203,413",43507547.32375979,53704986.73272683,"43,507,547","53,704,986"
tt1758830,This Is 40,2012,134,6.2,154635,35000000,88200000,"35,000,000","88,200,000",46449689.45181494,117053217.41857366,"46,449,689","117,053,217"
tt1762399,Walking with Dinosaurs 3D,2013,87,5.2,12125,80000000,126500000,"80,000,000","126,500,000",104638023.32619324,165458874.38454306,"104,638,023","165,458,874"
tt1764183,Arbitrage,2012,107,6.6,56176,12000000,35500000,"12,000,000","35,500,000",15925607.812050838,47113256.443983726,"15,925,607","47,113,256"
tt1764234,Killing Them Softly,2012,97,6.2,156397,15000000,37930465,"15,000,000","37,930,465",19907009.765063547,50338809.14322674,"19,907,009","50,338,809"
tt17663992,Scream VI,2023,122,6.4,135718,35000000,168961389,"35,000,000","168,961,389",35000000.0,168961389.0,"35,000,000","168,961,389"
tt1767354,Odd Thomas,2013,97,6.8,59218,27000000,1149267,"27,000,000","1,149,267",35315332.87259022,1503212.8394253019,"35,315,332","1,503,212"
tt1770734,Shadow Dancer,2012,101,6.2,13186,6300000,1777709,"6,300,000","1,777,709",8360944.10132669,2359258.028162757,"8,360,944","2,359,258"
tt1772240,Apollo 18,2011,86,5.2,59040,5000000,25562924,"5,000,000","25,562,924",6772991.788884987,34627494.87037819,"6,772,991","34,627,494"
tt1772341,Wreck-It Ralph,2012,101,7.7,476596,165000000,471222889,"165,000,000","471,222,889",218977107.41569903,625375910.1896304,"218,977,107","625,375,910"
tt1778304,Paranormal Activity 3,2011,83,5.8,101815,5000000,207039844,"5,000,000","207,039,844",6772991.788884987,280455832.67680573,"6,772,991","280,455,832"
tt1780967,Seberg,2019,102,6.0,10789,8000000,592565,"8,000,000","592,565",9534712.524984647,706242.1159209409,"9,534,712","706,242"
tt1781769,Anna Karenina,2012,129,6.6,109287,40600000,68929150,"40,600,000","68,929,150",53881639.764105335,91478217.476502,"53,881,639","91,478,217"
tt1781827,Hands of Stone,2016,111,6.6,18088,20000000,5000000,"20,000,000","5,000,000",25391092.759794507,6347773.189948627,"25,391,092","6,347,773"
tt1790809,Pirates of the Caribbean: Dead Men Tell No Tales,2017,129,6.5,362759,230000000,795922298,"230,000,000","795,922,298",285906739.5561358,989389344.1791612,"285,906,739","989,389,344"
tt1790864,The Maze Runner,2014,113,6.8,531953,34000000,348319861,"34,000,000","348,319,861",43761269.93782104,448321160.6448618,"43,761,269","448,321,160"
tt1790885,Zero Dark Thirty,2012,157,7.4,328970,40000000,132800000,"40,000,000","132,800,000",53085359.37350279,176243393.12002927,"53,085,359","176,243,393"
tt1790886,The Campaign,2012,85,6.1,138928,95000000,104907746,"95,000,000","104,907,746",126077728.51206914,139226634.93685377,"126,077,728","139,226,634"
tt1791528,Inherent Vice,2014,148,6.6,113761,20000000,14710975,"20,000,000","14,710,975",25741923.4928359,18934439.64775108,"25,741,923","18,934,439"
tt1798603,Bad Santa 2,2016,92,5.6,29964,26000000,24100000,"26,000,000","24,100,000",33008420.58773286,30596266.77555238,"33,008,420","30,596,266"
tt1798684,Southpaw,2015,124,7.3,267380,30000000,91709827,"30,000,000","91,709,827",38567107.00076366,117899423.69768414,"38,567,107","117,899,423"
tt1798709,Her,2013,126,8.0,697674,23000000,47351251,"23,000,000","47,351,251",30083431.70628056,61934266.33328039,"30,083,431","61,934,266"
tt1800241,American Hustle,2013,138,7.2,508549,40000000,251171807,"40,000,000","251,171,807",52319011.66309662,328526517.4968513,"52,319,011","328,526,517"
tt1800302,Gold,2016,120,6.7,71448,20000000,14880939,"20,000,000","14,880,939",25391092.759794507,18892165.125092182,"25,391,092","18,892,165"
tt1801552,Gotti,2018,112,4.8,17737,10000000,4343227,"10,000,000","4,343,227",12134349.102175567,5270223.264799468,"12,134,349","5,270,223"
tt18079362,80 for Brady,2023,98,5.9,13136,28000000,29637811,"28,000,000","29,637,811",28000000.0,29637811.0,"28,000,000","29,637,811"
tt1809398,Unbroken,2014,137,7.2,189957,65000000,163400000,"65,000,000","163,400,000",83661251.35171668,210311514.93646932,"83,661,251","210,311,514"
tt1815862,After Earth,2013,100,4.8,212766,130000000,243843127,"130,000,000","243,843,127",170036787.90506402,318940785.1369738,"170,036,787","318,940,785"
tt1817273,The Place Beyond the Pines,2012,140,7.3,297669,15000000,47135966,"15,000,000","47,135,966",19907009.765063547,62555742.36318023,"19,907,009","62,555,742"
tt1821549,Nebraska,2013,115,7.7,125908,12000000,27700000,"12,000,000","27,700,000",15695703.498928986,36230915.576694414,"15,695,703","36,230,915"
tt1821658,The Nut Job,2014,85,5.7,31126,42000000,122500000,"42,000,000","122,500,000",54058039.334955394,157669281.3936199,"54,058,039","157,669,281"
tt1821694,RED 2,2013,116,6.6,184649,84000000,148075565,"84,000,000","148,075,565",109869924.49250291,193679180.30636555,"109,869,924","193,679,180"
tt1823672,Chappie,2015,120,6.8,276630,49000000,104399548,"49,000,000","104,399,548",62992941.43458065,134212951.28491205,"62,992,941","134,212,951"
tt1825683,Black Panther,2018,134,7.3,867591,200000000,1349926083,"200,000,000","1,349,926,083",242686982.04351133,1638047435.3254428,"242,686,982","1,638,047,435"
tt18259086,Sonic the Hedgehog 3,2024,110,6.9,51891,122000000,486018457,"122,000,000","486,018,457",,,,
tt1826590,About Last Night,2014,100,6.0,25499,12500000,49002684,"12,500,000","49,002,684",16088702.18302244,63071167.123580694,"16,088,702","63,071,167"
tt18272208,Here,2024,104,6.3,17797,40000000,15397270,"40,000,000","15,397,270",,,,
tt1829012,Passion,2012,102,5.3,24773,20000000,713616,"20,000,000","713,616",26542679.686751395,947064.0453670393,"26,542,679","947,064"
tt1833116,The Informer,2019,113,6.6,44201,60000000,2927708,"60,000,000","2,927,708",71510343.93738486,3489356.767137219,"71,510,343","3,489,356"
tt1837636,Queen of the Desert,2015,128,5.7,12936,15000000,1592853,"15,000,000","1,592,853",19283553.50038183,2047724.4029162466,"19,283,553","2,047,724"
tt1837703,The Fifth Estate,2013,128,6.2,43360,28000000,8555008,"28,000,000","8,555,008",36623308.164167635,11189739.083247123,"36,623,308","11,189,739"
tt1839492,Ruby Sparks,2012,104,7.2,106877,8000000,9368803,"8,000,000","9,368,803",10617071.87470056,12433656.853863776,"10,617,071","12,433,656"
tt1840309,Divergent,2014,139,6.6,502979,85000000,288885818,"85,000,000","288,885,818",109403174.84455259,371823831.2560658,"109,403,174","371,823,831"
tt18412256,Alien: Romulus,2024,119,7.1,236877,80000000,350865342,"80,000,000","350,865,342",,,,
tt1841642,Demonic,2015,83,5.3,17030,3000000,3387000,"3,000,000","3,387,000",3856710.700076366,4354226.3803862175,"3,856,710","4,354,226"
tt1843866,Captain America: The Winter Soldier,2014,136,7.7,928252,170000000,714766572,"170,000,000","714,766,572",218806349.68910518,919973320.5830293,"218,806,349","919,973,320"
tt1850457,Sisters,2015,118,6.0,71301,30000000,105000000,"30,000,000","105,000,000",38567107.00076366,134984874.50267282,"38,567,107","134,984,874"
tt1853728,Django Unchained,2012,165,8.5,1774566,100000000,425368238,"100,000,000","425,368,238",132713398.43375698,564520644.5075917,"132,713,398","564,520,644"
tt1853739,You're Next,2011,95,6.6,114675,1000000,14347000,"1,000,000","14,347,000",1354598.3577769974,19434422.639026582,"1,354,598","19,434,422"
tt1854564,Percy Jackson: Sea of Monsters,2013,106,5.7,129979,90000000,199850315,"90,000,000","199,850,315",117717776.24196741,261399274.03396335,"117,717,776","261,399,274"
tt1855199,End of Watch,2012,109,7.6,279169,7000000,55078146,"7,000,000","55,078,146",9289937.89036299,73096079.35090639,"9,289,937","73,096,079"
tt1855325,Resident Evil: Retribution,2012,95,5.3,154135,65000000,240159255,"65,000,000","240,159,255",86263708.98194204,318723508.9636924,"86,263,708","318,723,508"
tt18559464,My Old Ass,2024,89,6.9,37322,3000000,5705895,"3,000,000","5,705,895",,,,
tt1856080,The Boys in the Boat,2023,123,7.0,27044,40000000,54401583,"40,000,000","54,401,583",40000000.0,54401583.0,"40,000,000","54,401,583"
tt1856101,Blade Runner 2049,2017,164,8.0,707049,150000000,259239658,"150,000,000","259,239,658",186460917.10182768,322253762.5322944,"186,460,917","322,253,762"
tt1859650,To Rome with Love,2012,112,6.3,91968,17000000,73200000,"17,000,000","73,200,000",22561277.733738687,97146207.65351011,"22,561,277","97,146,207"
tt1860213,Dirty Grandpa,2016,102,5.9,137404,11500000,94100000,"11,500,000","94,100,000",14599878.33688184,119465091.43483315,"14,599,878","119,465,091"
tt1860353,Turbo,2013,96,6.4,117108,135000000,282570682,"135,000,000","282,570,682",176576664.3629511,369595470.1801792,"176,576,664","369,595,470"
tt1860357,Deepwater Horizon,2016,107,7.1,190239,110000000,121790376,"110,000,000","121,790,376",139651010.17886978,154619536.71331254,"139,651,010","154,619,536"
tt1869716,The East,2013,116,6.8,53196,6500000,2401510,"6,500,000","2,401,510",8501839.395253202,3141115.742476079,"8,501,839","3,141,115"
tt1872181,The Amazing Spider-Man 2,2014,142,6.6,559523,200000000,708962323,"200,000,000","708,962,323",257419234.92835903,912502693.8984607,"257,419,234","912,502,693"
tt1872194,The Judge,2014,141,7.4,212704,40000000,84419388,"40,000,000","84,419,388",51483846.9856718,108655871.36040147,"51,483,846","108,655,871"
tt1877830,The Batman,2022,176,7.8,861806,185000000,772319315,"185,000,000","772,319,315",192615434.55604723,804111462.0256959,"192,615,434","804,111,462"
tt1877832,X-Men: Days of Future Past,2014,132,7.9,766802,250000000,747862775,"250,000,000","747,862,775",321774043.6604488,962571316.8594975,"321,774,043","962,571,316"
tt1878841,The Darkness,2016,92,4.5,17422,4000000,10900000,"4,000,000","10,900,000",5078218.551958901,13838145.554088006,"5,078,218","13,838,145"
tt1878870,The Edge of Seventeen,2016,104,7.3,145461,9000000,18803648,"9,000,000","18,803,648",11425991.741907528,23872258.529526222,"11,425,991","23,872,258"
tt18925334,Pearl,2022,103,7.0,136805,1000000,10139416,"1,000,000","10,139,416",1041164.5111137689,10556800.102619126,"1,041,164","10,556,800"
tt1895587,Spotlight,2015,129,8.1,516183,20000000,98690254,"20,000,000","98,690,254",25711404.667175774,126873252.86501811,"25,711,404","126,873,252"
tt1896747,Fly Me to the Moon,2024,132,6.6,47914,100000000,42247783,"100,000,000","42,247,783",,,,
tt1905041,Fast & Furious 6,2013,130,7.0,426873,160000000,788700000,"160,000,000","788,700,000",209276046.6523865,1031600112.4671077,"209,276,046","1,031,600,112"
tt1907668,Flight,2012,138,7.3,385543,31000000,161772575,"31,000,000","161,772,575",41141153.51446466,214693882.01629835,"41,141,153","214,693,882"
tt1911658,Penguins of Madagascar,2014,92,6.6,108025,132000000,373515621,"132,000,000","373,515,621",169896695.05271697,480750526.95805454,"169,896,695","480,750,526"
tt1921064,Pompeii,2014,105,5.5,119569,100000000,117831631,"100,000,000","117,831,631",128709617.46417952,151660641.51190355,"128,709,617","151,660,641"
tt1922612,Glee: The 3D Concert Movie,2011,84,5.6,6114,9000000,18700000,"9,000,000","18,700,000",12191385.219992977,25330989.29042985,"12,191,385","25,330,989"
tt1922777,Sinister,2012,110,6.8,296949,3000000,82515113,"3,000,000","82,515,113",3981401.9530127095,109508610.6837548,"3,981,401","109,508,610"
tt1924245,Cry Macho,2021,104,5.7,35091,33000000,16510734,"33,000,000","16,510,734",37108041.480606705,18566090.974159498,"37,108,041","18,566,090"
tt1924429,Trance,2013,101,6.9,119213,20000000,24300000,"20,000,000","24,300,000",26159505.83154831,31783799.585331198,"26,159,505","31,783,799"
tt1924435,Let's Be Cops,2014,104,6.4,141826,17000000,136600000,"17,000,000","136,600,000",21880634.96891052,175817337.4560692,"21,880,634","175,817,337"
tt1931435,The Big Wedding,2013,89,5.6,52769,35000000,21800000,"35,000,000","21,800,000",45779135.205209546,28513861.35638766,"45,779,135","28,513,861"
tt1931533,Seven Psychopaths,2012,110,7.1,280171,15000000,33035736,"15,000,000","33,035,736",19907009.765063547,43842847.9432041,"19,907,009","43,842,847"
tt1935179,Mud,2012,130,7.4,193811,10000000,32613173,"10,000,000","32,613,173",13271339.843375698,43282050.22538045,"13,271,339","43,282,050"
tt1935194,Overdrive,2017,93,5.4,17166,28210303,11247280,"28,210,303","11,247,280",35067459.794002935,13981187.62467363,"35,067,459","13,981,187"
tt19356262,Drive-Away Dolls,2024,84,5.4,22830,8000000,7935363,"8,000,000","7,935,363",,,,
tt1935859,Miss Peregrine's Home for Peculiar Children,2016,127,6.7,199616,110000000,296482446,"110,000,000","296,482,446",139651010.17886978,376400664.40183824,"139,651,010","376,400,664"
tt1935897,Amityville: The Awakening,2017,87,4.8,16070,12000000,8481997,"12,000,000","8,481,997",14916873.368146215,10543739.596499674,"14,916,873","10,543,739"
tt1939659,Carrie,2013,100,5.8,151805,30000000,84790678,"30,000,000","84,790,678",39239258.74732247,110904111.78009677,"39,239,258","110,904,111"
tt1946502,UglyDolls,2019,87,5.1,8189,45000000,32500000,"45,000,000","32,500,000",53632757.95303864,38734769.63275013,"53,632,757","38,734,769"
tt1950186,Ford v Ferrari,2019,152,8.1,515509,97600000,225508210,"97,600,000","225,508,210",116323492.8048127,268769494.2967335,"116,323,492","268,769,494"
tt1951181,The Immigrant,2013,120,6.6,34466,16000000,5867686,"16,000,000","5,867,686",20927604.66523865,7674788.306734719,"20,927,604","7,674,788"
tt1951261,The Hangover Part III,2013,100,5.8,346662,103000000,362000072,"103,000,000","362,000,072",134721455.0324738,473487149.7252455,"134,721,455","473,487,149"
tt1951264,The Hunger Games: Catching Fire,2013,146,7.5,743165,130000000,865011746,"130,000,000","865,011,746",170036787.90506402,1131413990.6922393,"170,036,787","1,131,413,990"
tt1951265,The Hunger Games: Mockingjay - Part 1,2014,123,6.6,520744,125000000,755356711,"125,000,000","755,356,711",160887021.8302244,972216733.218108,"160,887,021","972,216,733"
tt1951266,The Hunger Games: Mockingjay - Part 2,2015,137,6.6,390399,160000000,653428261,"160,000,000","653,428,261",205691237.3374062,840027921.9769974,"205,691,237","840,027,921"
tt1956620,Sex Tape,2014,94,5.1,120448,40000000,126069509,"40,000,000","126,069,509",51483846.9856718,162263582.77286938,"51,483,846","162,263,582"
tt1959490,Noah,2014,138,5.8,270927,125000000,362600000,"125,000,000","362,600,000",160887021.8302244,466701072.9251149,"160,887,021","466,701,072"
tt1959563,The Hitman's Bodyguard,2017,118,6.9,254533,30000000,176586701,"30,000,000","176,586,701",37292183.420365535,219510121.44297487,"37,292,183","219,510,121"
tt1961175,American Assassin,2017,111,6.2,95775,33000000,67200000,"33,000,000","67,200,000",41021401.76240209,83534490.8616188,"41,021,401","83,534,490"
tt19637052,Love Lies Bleeding,2024,104,6.6,55531,10000000,12778225,"10,000,000","12,778,225",,,,
tt1964418,Tomorrowland,2015,130,6.4,195147,190000000,209200000,"190,000,000","209,200,000",244258344.33816984,268941292.8186586,"244,258,344","268,941,292"
tt1967545,Labor Day,2013,111,6.9,54059,18000000,20275812,"18,000,000","20,275,812",23543555.24839348,26520261.112668864,"23,543,555","26,520,261"
tt1971325,Automata,2014,109,6.0,60427,7000000,6237990,"7,000,000","6,237,990",9009673.222492566,8028893.066453772,"9,009,673","8,028,893"
tt1971352,Compliance,2012,90,6.4,39185,270000,592116,"270,000","592,116",358326.17577114387,785817.2662700246,"358,326","785,817"
tt1972571,A Most Wanted Man,2014,122,6.7,82237,15000000,31554855,"15,000,000","31,554,855",19306442.619626928,40614133.16187652,"19,306,442","40,614,133"
tt1972591,King Arthur: Legend of the Sword,2017,126,6.7,239426,175000000,148700000,"175,000,000","148,700,000",217537736.61879894,184844922.48694515,"217,537,736","184,844,922"
tt1972779,The Best of Me,2014,118,6.7,79182,26000000,35926213,"26,000,000","35,926,213",33464500.540686674,46240491.32166633,"33,464,500","46,240,491"
tt1976009,Victor Frankenstein,2015,110,6.0,61871,40000000,34200000,"40,000,000","34,200,000",51422809.33435155,43966501.980870575,"51,422,809","43,966,501"
tt1979320,Rush,2013,123,8.1,530882,38000000,90200000,"38,000,000","90,200,000",49703061.079941794,117979371.30028288,"49,703,061","117,979,371"
tt1979376,Toy Story 4,2019,100,7.6,294945,175000000,1073841394,"175,000,000","1,073,841,394",208571836.48403916,1279846123.6523466,"208,571,836","1,279,846,123"
tt1979388,The Good Dinosaur,2015,93,6.7,132955,175000000,332207671,"175,000,000","332,207,671",224974790.83778802,427076293.13104963,"224,974,790","427,076,293"
tt1980209,Pain & Gain,2013,129,6.4,235283,25000000,87305549,"25,000,000","87,305,549",32699382.28943539,114193500.90960135,"32,699,382","114,193,500"
tt1980929,Begin Again,2013,104,7.4,171151,8000000,63500000,"8,000,000","63,500,000",10463802.332619324,83056431.0151659,"10,463,802","83,056,431"
tt1981115,Thor: The Dark World,2013,112,6.7,747606,170000000,644783140,"170,000,000","644,783,140",222355799.56816065,843360415.5457016,"222,355,799","843,360,415"
tt1981128,Geostorm,2017,111,5.3,125080,120000000,221600160,"120,000,000","221,600,160",149168733.68146214,275465127.0900783,"149,168,733","275,465,127"
tt1981677,Pitch Perfect,2012,112,7.1,339130,17000000,115647426,"17,000,000","115,647,426",22561277.733738687,153479629.2457643,"22,561,277","153,479,629"
tt1985019,Austenland,2013,97,6.3,24470,4900000,2159041,"4,900,000","2,159,041",6409078.928729337,2823972.2815025947,"6,409,078","2,823,972"
tt1985949,The Angry Birds Movie,2016,97,6.3,109783,73000000,349779543,"73,000,000","349,779,543",92677488.57324995,444064241.08957654,"92,677,488","444,064,241"
tt1985966,Cloudy with a Chance of Meatballs 2,2013,95,6.3,119478,78000000,248384621,"78,000,000","248,384,621",102022072.74303842,324880947.07582086,"102,022,072","324,880,947"
tt19890316,What Happens Later,2023,103,4.8,4461,3000000,3370345,"3,000,000","3,370,345",3000000.0,3370345.0,"3,000,000","3,370,345"
tt1990314,Robot & Frank,2012,89,7.0,66433,2500000,3325038,"2,500,000","3,325,038",3317834.9608439244,4412770.929013824,"3,317,834","4,412,770"
tt1991245,Chernobyl Diaries,2012,86,5.0,69515,1000000,38390020,"1,000,000","38,390,020",1327133.98433757,50948700.20139899,"1,327,133","50,948,700"
tt1996264,"For a Good Time, Call...",2012,85,6.0,17463,850000,1243961,"850,000","1,243,961",1128063.8866869344,1650902.9182905476,"1,128,063","1,650,902"
tt1999890,Hell Fest,2018,89,5.5,20509,5500000,18160930,"5,500,000","18,160,930",6673892.006196561,22037106.46401733,"6,673,892","22,037,106"
tt2002718,Machete Kills,2013,107,5.6,83853,12000000,15000000,"12,000,000","15,000,000",15695703.498928986,19619629.373661235,"15,695,703","19,619,629"
tt2005151,War Dogs,2016,114,7.1,274653,50000000,86234523,"50,000,000","86,234,523",63477731.899486266,109479438.62948164,"63,477,731","109,479,438"
tt2005374,The Frozen Ground,2013,105,6.4,70375,27220000,5496951,"27,220,000","5,496,951",35603087.436737254,7189876.087011767,"35,603,087","7,189,876"
tt2006295,The 33,2015,127,6.9,40581,25000000,24900000,"25,000,000","24,900,000",32139255.833969716,32010698.81063384,"32,139,255","32,010,698"
tt2015381,Guardians of the Galaxy,2014,121,8.0,1309820,170000000,772776600,"170,000,000","772,776,600",218806349.68910518,994637805.7126927,"218,806,349","994,637,805"
tt2016940,Man of Tai Chi,2013,105,6.0,41629,25000000,2054941,"25,000,000","2,054,941",32699382.28943539,2687812.053649386,"32,699,382","2,687,812"
tt2017038,All Is Lost,2013,106,6.9,85233,9000000,6108720,"9,000,000","6,108,720",11771777.62419674,7990054.823164791,"11,771,777","7,990,054"
tt20215234,Conclave,2024,120,7.4,130241,20000000,104779967,"20,000,000","104,779,967",,,,
tt20215968,Hit Man,2023,115,6.8,112555,8800000,5101673,"8,800,000","5,101,673",8800000.0,5101673.0,"8,800,000","5,101,673"
tt2023453,Diary of a Wimpy Kid: Dog Days,2012,94,6.3,31525,22000000,76196538,"22,000,000","76,196,538",29196947.655426536,101123015.06866904,"29,196,947","101,123,015"
tt20234774,Wicked Little Letters,2023,100,7.0,36477,12600000,27219729,"12,600,000","27,219,729",12600000.0,27219729.0,"12,600,000","27,219,729"
tt2023587,Mama,2013,100,6.2,195404,15000000,146428180,"15,000,000","146,428,180",19619629.373661235,191524441.4306503,"19,619,629","191,524,441"
tt2024432,Identity Thief,2013,111,5.7,143969,35000000,173965010,"35,000,000","173,965,010",45779135.205209546,227541934.67901802,"45,779,135","227,541,934"
tt2024469,Non-Stop,2014,106,6.9,281546,50000000,222809600,"50,000,000","222,809,600",64354808.73208976,286777383.8334685,"64,354,808","286,777,383"
tt2024544,12 Years a Slave,2013,134,8.1,761054,20000000,187000000,"20,000,000","187,000,000",26159505.83154831,244591379.52497673,"26,159,505","244,591,379"
tt2025690,The Finest Hours,2016,117,6.7,72491,80000000,52099090,"80,000,000","52,099,090",101564371.03917803,66142641.34454412,"101,564,371","66,142,641"
tt2034139,The Last Exorcism Part II,2013,88,4.0,17321,5000000,15200000,"5,000,000","15,200,000",6539876.457887078,19881224.431976717,"6,539,876","19,881,224"
tt2039338,Flatliners,2017,109,5.2,52358,19000000,45158254,"19,000,000","45,158,254",23618382.832898173,56134996.370381854,"23,618,382","56,134,996"
tt2041488,Thunderstruck,2012,94,5.1,6082,587211,587211,"587,211","587,211",779307.6740768488,779307.6740768488,"779,307","779,307"
tt2042568,Inside Llewyn Davis,2013,104,7.4,167356,11000000,32935319,"11,000,000","32,935,319",14387728.207351571,43078583.4722202,"14,387,728","43,078,583"
tt2049403,Beetlejuice Beetlejuice,2024,105,6.7,142872,100000000,451100435,"100,000,000","451,100,435",,,,
tt2053463,Side Effects,2013,106,7.1,200510,30000000,63414135,"30,000,000","63,414,135",39239258.74732247,82944121.7167546,"39,239,258","82,944,121"
tt2058673,Point Break,2015,114,5.3,67568,105000000,133782481,"105,000,000","133,782,481",134984874.50267282,171986775.3184877,"134,984,874","171,986,775"
tt2066051,Rocketman,2019,121,7.3,202654,40000000,167300000,"40,000,000","167,300,000",47673562.62492324,199394675.67874143,"47,673,562","199,394,675"
tt2076822,Chaos Walking,2021,109,5.7,59290,125000000,26508132,"125,000,000","26,508,132",140560763.1841163,29808026.11604236,"140,560,763","29,808,026"
tt20768712,Book Club: The Next Chapter,2023,107,5.6,8439,20000000,27849137,"20,000,000","27,849,137",20000000.0,27849137.0,"20,000,000","27,849,137"
tt2080374,Steve Jobs,2015,122,7.2,182850,30000000,34400000,"30,000,000","34,400,000",38567107.00076366,44223616.02754233,"38,567,107","44,223,616"
tt2083355,The Best Man Holiday,2013,123,6.6,17393,17000000,71625195,"17,000,000","71,625,195",22235579.956816066,93683985.31441425,"22,235,579","93,683,985"
tt2083383,Trouble with the Curve,2012,111,6.8,70233,60000000,49000000,"60,000,000","49,000,000",79628039.06025419,65029565.23254092,"79,628,039","65,029,565"
tt2084970,The Imitation Game,2014,114,8.0,849081,14000000,233555708,"14,000,000","233,555,708",18019346.444985133,300608658.3325561,"18,019,346","300,608,658"
tt2088003,Big Game,2014,110,5.4,36390,8500000,7500000,"8,500,000","7,500,000",10940317.48445526,9653221.309813464,"10,940,317","9,653,221"
tt2091256,Captain Underpants: The First Epic Movie,2017,89,6.2,34257,38000000,125427681,"38,000,000","125,427,681",47236765.66579635,155915736.1947699,"47,236,765","155,915,736"
tt2093991,Elvis & Nixon,2016,86,6.3,15312,5000000,1100000,"5,000,000","1,100,000",6347773.189948627,1396510.1017886978,"6,347,773","1,396,510"
tt2096672,Dumb and Dumber To,2014,109,5.6,149055,40000000,169837010,"40,000,000","169,837,010",51483846.9856718,218596565.8836003,"51,483,846","218,596,565"
tt2096673,Inside Out,2015,95,8.1,858699,175000000,857611174,"175,000,000","857,611,174",224974790.83778802,1102519397.0902848,"224,974,790","1,102,519,397"
tt2101441,Spring Breakers,2012,94,5.3,151477,5000000,31700000,"5,000,000","31,700,000",6635669.921687849,42070147.303500965,"6,635,669","42,070,147"
tt2103254,Tammy,2014,97,4.9,55907,20000000,100500000,"20,000,000","100,500,000",25741923.4928359,129353165.55150041,"25,741,923","129,353,165"
tt2103267,Adore,2013,112,6.2,37655,16000000,1600000,"16,000,000","1,600,000",20927604.66523865,2092760.466523865,"20,927,604","2,092,760"
tt2103281,Dawn of the Planet of the Apes,2014,130,7.6,498174,170000000,710644566,"170,000,000","710,644,566",218806349.68910518,914667902.4285787,"218,806,349","914,667,902"
tt2106361,Into the Storm,2014,89,5.8,72978,50000000,160600000,"50,000,000","160,600,000",64354808.73208976,206707645.6474723,"64,354,808","206,707,645"
tt21064584,The Iron Claw,2023,132,7.6,102430,15900000,40130232,"15,900,000","40,130,232",15900000.0,40130232.0,"15,900,000","40,130,232"
tt2109184,Paranormal Activity 4,2012,88,4.7,71886,5000000,142802657,"5,000,000","142,802,657",6635669.921687849,189518259.15840134,"6,635,669","189,518,259"
tt2114504,Woody Woodpecker,2017,91,4.2,5538,10000000,15316635,"10,000,000","15,316,635",12430727.806788512,19039692.06009301,"12,430,727","19,039,692"
tt21188080,Lisa Frankenstein,2024,101,6.1,27621,13400000,9927714,"13,400,000","9,927,714",,,,
tt2119532,Hacksaw Ridge,2016,139,8.1,630622,40000000,175302354,"40,000,000","175,302,354",50782185.519589014,222555916.57121667,"50,782,185","222,555,916"
tt2119543,The House with a Clock in Its Walls,2018,105,6.1,57259,42000000,131523093,"42,000,000","131,523,093",50964266.22913738,159594712.54599038,"50,964,266","159,594,712"
tt2120120,Pixels,2015,105,5.6,168429,88000000,244900000,"88,000,000","244,900,000",113130180.5355734,314836150.14956737,"113,130,180","314,836,150"
tt21232992,Theater Camp,2023,92,6.9,18367,5000000,4400000,"5,000,000","4,400,000",5000000.0,4400000.0,"5,000,000","4,400,000"
tt21235248,Ghostbusters: Frozen Empire,2024,115,6.1,92019,100000000,201967521,"100,000,000","201,967,521",,,,
tt2125435,Beasts of the Southern Wild,2012,93,7.2,85811,1800000,21107746,"1,800,000","21,107,746",2388841.171807626,28012807.049365405,"2,388,841","28,012,807"
tt21261712,Back to Black,2024,122,6.3,26041,30000000,51001975,"30,000,000","51,001,975",,,,
tt2126235,Collide,2016,99,5.7,17741,21500000,6817535,"21,500,000","6,817,535",27295424.716779094,8655233.17890728,"27,295,424","8,655,233"
tt2126355,San Andreas,2015,114,6.1,265715,110000000,473990832,"110,000,000","473,990,832",141412725.66946676,609348504.5041664,"141,412,725","609,348,504"
tt21276958,Babes,2024,104,6.3,6123,3700000,3663309,"3,700,000","3,663,309",,,,
tt2132285,The Bling Ring,2013,90,5.6,93919,15000000,19145732,"15,000,000","19,145,732",19619629.373661235,25042144.39516306,"19,619,629","25,042,144"
tt2140037,Jane Got a Gun,2015,98,5.9,24492,25000000,3771345,"25,000,000","3,771,345",32139255.833969716,4848328.871726501,"32,139,255","4,848,328"
tt2140373,Saving Mr. Banks,2013,125,7.5,172573,35000000,112544580,"35,000,000","112,544,580",45779135.205209546,147205529.8409578,"45,779,135","147,205,529"
tt2140379,Self/less,2015,117,6.5,105618,26000000,31807156,"26,000,000","31,807,156",33424826.067328505,40890332.96139939,"33,424,826","40,890,332"
tt2140479,The Accountant,2016,128,7.3,339734,44000000,155160045,"44,000,000","155,160,045",55860404.07154791,196984154.76044446,"55,860,404","196,984,154"
tt2140619,Two Night Stand,2014,86,6.3,75111,1645000,868081,"1,645,000","868,081",2117273.207285753,1117303.734379224,"2,117,273","1,117,303"
tt21454134,The Bikeriders,2023,116,6.6,65027,40000000,36110860,"40,000,000","36,110,860",40000000.0,36110860.0,"40,000,000","36,110,860"
tt21692408,Kung Fu Panda 4,2024,94,6.3,66496,80000000,548040835,"80,000,000","548,040,835",,,,
tt2171867,Empire State,2013,94,5.2,23443,11000000,3639345,"11,000,000","3,639,345",14387728.207351571,4760173.33752581,"14,387,728","4,760,173"
tt2172584,Maps to the Stars,2014,111,6.2,43607,15000000,4510000,"15,000,000","4,510,000",19306442.619626928,5804803.747634496,"19,306,442","5,804,803"
tt2172934,3 Days to Kill,2014,117,6.2,99539,28000000,53260230,"28,000,000","53,260,230",36038692.889970265,68551038.29354218,"36,038,692","68,551,038"
tt2177771,The Monuments Men,2014,118,6.1,145263,70000000,154984035,"70,000,000","154,984,035",90096732.22492565,199479358.5790501,"90,096,732","199,479,358"
tt2179116,The Kings of Summer,2013,95,7.1,85823,1500000,1400000,"1,500,000","1,400,000",1961962.9373661233,1831165.4082083819,"1,961,962","1,831,165"
tt2179136,American Sniper,2014,133,7.3,547312,58800000,542300000,"58,800,000","542,300,000",75681255.06893755,697992255.5082455,"75,681,255","697,992,255"
tt2180411,Into the Woods,2014,125,5.9,150592,50000000,212902372,"50,000,000","212,902,372",64354808.73208976,274025828.57336444,"64,354,808","274,025,828"
tt21807222,Saw X,2023,118,6.6,88253,13000000,125319714,"13,000,000","125,319,714",13000000.0,125319714.0,"13,000,000","125,319,714"
tt21823606,A Real Pain,2024,90,7.1,74939,3000000,20581325,"3,000,000","20,581,325",,,,
tt2183034,Earth to Echo,2014,91,5.7,20070,13000000,45300000,"13,000,000","45,300,000",16732250.270343337,58305456.71127332,"16,732,250","58,305,456"
tt2184339,The Purge,2013,85,5.8,250186,3000000,91266581,"3,000,000","91,266,581",3923925.8747322466,119374432.89474882,"3,923,925","119,374,432"
tt21867434,BlackBerry,2023,120,7.3,54816,5000000,2600000,"5,000,000","2,600,000",5000000.0,2600000.0,"5,000,000","2,600,000"
tt2193215,The Counselor,2013,117,5.4,107643,25000000,71009334,"25,000,000","71,009,334",32699382.28943539,92878454.34336808,"32,699,382","92,878,454"
tt21942866,Dream Scenario,2023,102,6.8,83325,10000000,14114415,"10,000,000","14,114,415",10000000.0,14114415.0,"10,000,000","14,114,415"
tt2194499,About Time,2013,123,7.8,409261,12000000,87100449,"12,000,000","87,100,449",15695703.498928986,113925235.17729881,"15,695,703","113,925,235"
tt2199571,Run All Night,2015,114,6.6,117715,50000000,71561644,"50,000,000","71,561,644",64278511.66793943,91997519.37661856,"64,278,511","91,997,519"
tt22022452,Inside Out 2,2024,96,7.5,210623,200000000,1698863816,"200,000,000","1,698,863,816",,,,
tt2203939,The Other Woman,2014,109,6.0,156099,40000000,196800000,"40,000,000","196,800,000",51483846.9856718,253300527.16950527,"51,483,846","253,300,527"
tt22041854,Priscilla,2023,113,6.5,45954,20000000,30140906,"20,000,000","30,140,906",20000000.0,30140906.0,"20,000,000","30,140,906"
tt22048412,MaXXXine,2024,103,6.3,67222,1000000,22057160,"1,000,000","22,057,160",,,,
tt22050754,The Strangers: Chapter 1,2024,91,4.6,22039,8500000,48166448,"8,500,000","48,166,448",,,,
tt2209764,Transcendence,2014,119,6.2,242365,100000000,103039258,"100,000,000","103,039,258",128709617.46417952,132621434.809729,"128,709,617","132,621,434"
tt22173666,Azrael,2024,86,5.4,10129,12000000,631272,"12,000,000","631,272",,,,
tt2217859,Louder Than Bombs,2015,109,6.6,14539,11000000,1400000,"11,000,000","1,400,000",14141272.566946674,1799798.3267023042,"14,141,272","1,799,798"
tt2222042,Love and Monsters,2020,109,6.9,151781,30000000,1122066,"30,000,000","1,122,066",35319441.6002411,1321024.8186205379,"35,319,441","1,321,024"
tt2223990,Draft Day,2014,110,6.8,69483,25000000,28831145,"25,000,000","28,831,145",32177404.36604488,37108456.44004291,"32,177,404","37,108,456"
tt2224026,Home,2015,94,6.5,115653,135000000,368871007,"135,000,000","368,871,007",173551981.50343648,474209586.5482814,"173,551,981","474,209,586"
tt2226417,Insidious: Chapter 2,2013,106,6.6,195060,5000000,161921515,"5,000,000","161,921,515",6539876.457887078,211789340.79478186,"6,539,876","211,789,340"
tt2226597,The Mountain Between Us,2017,112,6.4,85678,35000000,62832209,"35,000,000","62,832,209",43507547.32375979,78105008.75782473,"43,507,547","78,105,008"
tt2230358,Curse of Chucky,2013,97,5.6,45584,5000000,3876587,"5,000,000","3,876,587",6539876.457887078,5070480.011650219,"6,539,876","5,070,480"
tt2231253,Wild Card,2015,92,5.6,62033,30000000,6738764,"30,000,000","6,738,764",38567107.00076366,8663154.408029804,"38,567,107","8,663,154"
tt2231461,Rampage,2018,107,6.1,192987,120000000,428028233,"120,000,000","428,028,233",145612189.2261068,519384400.4809344,"145,612,189","519,384,400"
tt2234155,The Internship,2013,119,6.3,219509,58000000,44000000,"58,000,000","44,000,000",75862566.91149011,57550912.829406284,"75,862,566","57,550,912"
tt22375054,Strange Darling,2023,97,7.1,46982,4000000,3504687,"4,000,000","3,504,687",4000000.0,3504687.0,"4,000,000","3,504,687"
tt2238032,Skiptrace,2016,107,5.6,23052,32000000,58500000,"32,000,000","58,500,000",40625748.41567121,74268946.32239893,"40,625,748","74,268,946"
tt2239822,Valerian and the City of a Thousand Planets,2017,136,6.4,203154,177200000,225973340,"177,200,000","225,973,340",220272496.73629242,280901308.1130874,"220,272,496","280,901,308"
tt2239832,Think Like a Man Too,2014,106,5.7,23571,24000000,70181428,"24,000,000","70,181,428",30890308.191403084,90330247.50969857,"30,890,308","90,330,247"
tt22408160,Kinds of Kindness,2024,164,6.5,57692,15000000,16398509,"15,000,000","16,398,509",,,,
tt2241351,Money Monster,2016,98,6.5,108901,27000000,93282604,"27,000,000","93,282,604",34277975.22572258,118427362.5519589,"34,277,975","118,427,362"
tt2243537,A Haunted House,2013,86,5.0,51808,2500000,60141683,"2,500,000","60,141,683",3269938.228943539,78663835.3578815,"3,269,938","78,663,835"
tt2244901,I Give It a Year,2013,97,5.7,40016,13000000,29200000,"13,000,000","29,200,000",17003678.790506404,38192878.514060535,"17,003,678","38,192,878"
tt2245084,Big Hero 6,2014,102,7.8,524900,165000000,657870525,"165,000,000","657,870,525",212370868.81589618,846742636.1370894,"212,370,868","846,742,636"
tt2247476,When the Game Stands Tall,2014,115,6.6,17220,15000000,30127963,"15,000,000","30,127,963",19306442.619626928,38777585.92704954,"19,306,442","38,777,585"
tt2250912,Spider-Man: Homecoming,2017,133,7.4,751529,175000000,880166924,"175,000,000","880,166,924",217537736.61879894,1094111545.678231,"217,537,736","1,094,111,545"
tt2261287,Leap!,2016,89,6.8,25399,30000000,109573511,"30,000,000","109,573,511",38086639.139691755,139109559.09086818,"38,086,639","139,109,559"
tt2262227,The Book of Life,2014,95,7.2,80701,50000000,97437106,"50,000,000","97,437,106",64354808.73208976,125410926.4007671,"64,354,808","125,410,926"
tt2267968,Kung Fu Panda 3,2016,95,7.1,202291,145000000,521170825,"145,000,000","521,170,825",184085422.50851017,661654838.0636815,"184,085,422","661,654,838"
tt2267998,Gone Girl,2014,149,8.1,1113038,61000000,370890259,"61,000,000","370,890,259",78512866.6531495,477371433.5708046,"78,512,866","477,371,433"
tt22687790,A Haunting in Venice,2023,103,6.5,129807,60000000,121400000,"60,000,000","121,400,000",60000000.0,121400000.0,"60,000,000","121,400,000"
tt2274648,Hellboy,2019,120,5.3,103882,50000000,55065289,"50,000,000","55,065,289",59591953.281154044,65628962.59002491,"59,591,953","65,628,962"
tt2277860,Finding Dory,2016,97,7.2,317297,200000000,1028600000,"200,000,000","1,028,600,000",253910927.59794506,1305863900.6362314,"253,910,927","1,305,863,900"
tt2278388,The Grand Budapest Hotel,2014,99,8.1,920530,30000000,174600318,"30,000,000","174,600,318",38612885.239253856,224727401.38904098,"38,612,885","224,727,401"
tt2279373,The SpongeBob Movie: Sponge Out of Water,2015,92,6.0,64067,74000000,311594032,"74,000,000","311,594,032",95132197.26855037,400576012.4314459,"95,132,197","400,576,012"
tt2281587,Muppets Most Wanted,2014,107,6.4,38038,50000000,80400000,"50,000,000","80,400,000",64354808.73208976,103482532.44120033,"64,354,808","103,482,532"
tt2283336,Men in Black: International,2019,114,5.6,153295,110000000,253890701,"110,000,000","253,890,701",131102297.2185389,302596855.850229,"131,102,297","302,596,855"
tt2283362,Jumanji: Welcome to the Jungle,2017,119,7.0,474492,90000000,995339117,"90,000,000","995,339,117",111876550.2610966,1237278963.8876224,"111,876,550","1,237,278,963"
tt22866358,The Book of Clarence,2023,129,5.7,7126,40000000,6205230,"40,000,000","6,205,230",40000000.0,6205230.0,"40,000,000","6,205,230"
tt2293640,Minions,2015,91,6.4,271240,74000000,1159457503,"74,000,000","1,159,457,503",95132197.26855037,1490564052.7013085,"95,132,197","1,490,564,052"
tt2294449,22 Jump Street,2014,112,7.0,420496,50000000,331333876,"50,000,000","331,333,876",64354808.73208976,426458564.3288389,"64,354,808","426,458,564"
tt2294629,Frozen,2013,102,7.4,684422,150000000,1274219009,"150,000,000","1,274,219,009",196196293.73661235,1666646979.8302605,"196,196,293","1,666,646,979"
tt2294677,In a World...,2013,93,6.6,33373,1000000,2963902,"1,000,000","2,963,902",1307975.2915774155,3876710.5826568855,"1,307,975","3,876,710"
tt2296777,Sherlock Gnomes,2018,86,5.3,14704,59000000,90497778,"59,000,000","90,497,778",71592659.70283584,109813163.12231837,"71,592,659","109,813,163"
tt2300975,Jessabelle,2014,90,5.4,26517,1000000,23456897,"1,000,000","23,456,897",1287096.1746417952,30191282.3976666,"1,287,096","30,191,282"
tt2302755,Olympus Has Fallen,2013,119,6.5,299224,70000000,170270201,"70,000,000","170,270,201",91558270.41041909,222709215.79992014,"91,558,270","222,709,215"
tt2304933,The 5th Wave,2016,112,5.2,121000,38000000,109906372,"38,000,000","109,906,372",48243076.24360956,139532144.3172241,"48,243,076","139,532,144"
tt2305051,Wild,2014,115,7.1,142548,15000000,52501541,"15,000,000","52,501,541",19306442.619626928,67574532.58389936,"19,306,442","67,574,532"
tt2309260,The Gallows,2015,81,4.2,22066,100000,42964410,"100,000","42,964,410",128557.02333587887,55233766.58982267,"128,557","55,233,766"
tt2310332,The Hobbit: The Battle of the Five Armies,2014,144,7.4,593411,250000000,956019788,"250,000,000","956,019,788",321774043.6604488,1230489412.01666,"321,774,043","1,230,489,412"
tt2316204,Alien: Covenant,2017,122,6.4,327737,97000000,240891763,"97,000,000","240,891,763",120578059.72584856,299445993.67504084,"120,578,059","299,445,993"
tt2318092,Endless Love,2014,104,6.2,48354,20000000,34100000,"20,000,000","34,100,000",25741923.4928359,43889979.555285215,"25,741,923","43,889,979"
tt2322441,Fifty Shades of Grey,2015,125,4.2,344973,40000000,569651467,"40,000,000","569,651,467",51422809.33435155,732326969.3643662,"51,422,809","732,326,969"
tt2328678,The King's Daughter,2022,98,5.2,6695,40500000,2200000,"40,500,000","2,200,000",42167162.70010764,2290561.9244502913,"42,167,162","2,290,561"
tt2328900,Mary Queen of Scots,2018,124,6.3,57332,25000000,46712809,"25,000,000","46,712,809",30335872.755438916,56682953.19492487,"30,335,872","56,682,953"
tt2333804,The Zero Theorem,2013,107,6.0,50581,8500000,770706,"8,500,000","770,706",11117789.978408033,1008064.4050704637,"11,117,789","1,008,064"
tt2334649,Fruitvale Station,2013,85,7.5,87591,900000,17600000,"900,000","17,600,000",1177177.762419674,23020365.131762516,"1,177,177","23,020,365"
tt2334873,Blue Jasmine,2013,98,7.3,215834,18000000,99200000,"18,000,000","99,200,000",23543555.24839348,129751148.92447963,"23,543,555","129,751,148"
tt2334879,White House Down,2013,131,6.3,242500,150000000,205366737,"150,000,000","205,366,737",196196293.73661235,268614617.70787746,"196,196,293","268,614,617"
tt2345737,The Rover,2014,103,6.4,52771,12250000,2510007,"12,250,000","2,510,007",15766928.13936199,3230620.4080241285,"15,766,928","3,230,620"
tt2345759,The Mummy,2017,110,5.4,213244,125000000,409231607,"125,000,000","409,231,607",155384097.5848564,508704671.6551648,"155,384,097","508,704,671"
tt23468450,Longlegs,2024,101,6.6,177856,10000000,126942386,"10,000,000","126,942,386",,,,
tt2347285,The Best Christmas Pageant Ever,2024,99,6.8,5978,10000000,40236104,"10,000,000","40,236,104",,,,
tt23558280,Elevation,2024,91,5.6,19304,18000000,3300000,"18,000,000","3,300,000",,,,
tt23561236,American Fiction,2023,117,7.5,109367,16000000,22483370,"16,000,000","22,483,370",16000000.0,22483370.0,"16,000,000","22,483,370"
tt2357129,Jobs,2013,128,6.0,105327,12000000,42100000,"12,000,000","42,100,000",15695703.498928986,55065759.7754092,"15,695,703","55,065,759"
tt2357291,Rio 2,2014,101,6.3,105530,103000000,498781117,"103,000,000","498,781,117",132570905.9881049,641979267.6742617,"132,570,905","641,979,267"
tt2361317,Live by Night,2016,129,6.4,60863,90000000,22700000,"90,000,000","22,700,000",114259917.41907528,28818890.282366764,"114,259,917","28,818,890"
tt2361509,The Intern,2015,121,7.1,290834,35000000,194564672,"35,000,000","194,564,672",44994958.167557605,250126550.78641617,"44,994,958","250,126,550"
tt2368619,The Take,2016,92,6.3,52722,20000000,14397593,"20,000,000","14,397,593",25391092.759794507,18278530.969038405,"25,391,092","18,278,530"
tt2369135,Need for Speed,2014,132,6.4,182135,66000000,203277636,"66,000,000","203,277,636",84948347.52635849,261637867.68582726,"84,948,347","261,637,867"
tt2370248,Short Term 12,2013,96,7.9,93426,1000000,1645164,"1,000,000","1,645,164",1307975.2915774155,2151833.8625926673,"1,307,975","2,151,833"
tt2377322,Deliver Us from Evil,2014,118,6.2,88381,30000000,87937815,"30,000,000","87,937,815",38612885.239253856,113184425.29285787,"38,612,885","113,184,425"
tt2378507,The Glass Castle,2017,127,7.1,39644,9000000,22088533,"9,000,000","22,088,533",11187655.02610966,27457654.137426566,"11,187,655","27,457,654"
tt2379713,Spectre,2015,148,6.8,478717,245000000,880707597,"245,000,000","880,707,597",314964707.17290324,1132211470.9961479,"314,964,707","1,132,211,470"
tt2380307,Coco,2017,105,8.4,641170,175000000,807816196,"175,000,000","807,816,196",217537736.61879894,1004174325.0391319,"217,537,736","1,004,174,325"
tt2381111,Brooklyn,2015,117,7.5,154452,11000000,62076141,"11,000,000","62,076,141",14141272.566946674,79803239.07138306,"14,141,272","79,803,239"
tt2381941,Focus,2015,105,6.6,285097,50100000,153962963,"50,100,000","153,962,963",64407068.69127531,197930202.27252054,"64,407,068","197,930,202"
tt2381991,The Huntsman: Winter's War,2016,114,6.1,123124,115000000,164989338,"115,000,000","164,989,338",145998783.3688184,209462979.27675444,"145,998,783","209,462,979"
tt2382320,No Time to Die,2021,163,7.3,462680,250000000,774153024,"250,000,000","774,153,024",281121526.3682326,870524318.9978521,"281,121,526","870,524,318"
tt2386490,How to Train Your Dragon: The Hidden World,2019,104,7.4,161918,129000000,524580592,"129,000,000","524,580,592",153747239.46537742,625215642.6132826,"153,747,239","625,215,642"
tt2388715,Oculus,2013,104,6.5,144500,5000000,44459951,"5,000,000","44,459,951",6539876.457887078,58152517.37274261,"6,539,876","58,152,517"
tt2390283,The Journey Home,2014,98,6.0,1028,12758853,3016126,"12,758,853","3,016,126",16421870.889116991,3882044.236837659,"16,421,870","3,882,044"
tt2392830,A Quiet Passion,2016,125,6.4,6493,8138338,1864266,"8,138,338","1,864,266",10332064.753428025,2366787.546746553,"10,332,064","2,366,787"
tt2395427,Avengers: Age of Ultron,2015,141,7.3,953713,365000000,1405403694,"365,000,000","1,405,403,694",469233135.17595786,1806745154.8588836,"469,233,135","1,806,745,154"
tt2397461,Clifford the Big Red Dog,2021,96,5.9,17893,64000000,107347356,"64,000,000","107,347,356",71967110.75026755,120710610.28125621,"71,967,110","120,710,610"
tt2397535,Predestination,2014,97,7.4,319891,5500000,4942449,"5,500,000","4,942,449",7079028.960529873,6361407.201262166,"7,079,028","6,361,407"
tt2398231,The Homesman,2014,122,6.6,37002,16000000,3442853,"16,000,000","3,442,853",20593538.794268724,4431282.926154029,"20,593,538","4,431,282"
tt2398241,Smurfs: The Lost Village,2017,90,6.0,25620,60000000,197183546,"60,000,000","197,183,546",74584366.84073107,245113498.83033615,"74,584,366","245,113,498"
tt2402101,Dark Places,2015,113,6.2,48841,20000000,5090852,"20,000,000","5,090,852",25711404.667175774,6544647.793635056,"25,711,404","6,544,647"
tt2402157,The November Man,2014,108,6.3,71771,15000000,32600000,"15,000,000","32,600,000",19306442.619626928,41959335.29332252,"19,306,442","41,959,335"
tt2402927,Carol,2015,118,7.3,147855,11800000,40272135,"11,800,000","40,272,135",15169728.753633706,51772657.989806645,"15,169,728","51,772,657"
tt2403021,The Green Inferno,2013,100,5.4,52042,5000000,12666449,"5,000,000","12,666,449",6539876.457887078,16567402.324025463,"6,539,876","16,567,402"
tt2404181,Belle,2013,100,7.3,33981,10900000,16500000,"10,900,000","16,500,000",14256930.67819383,21581592.31102736,"14,256,930","21,581,592"
tt2404233,Gods of Egypt,2016,127,5.4,130310,140000000,150680864,"140,000,000","150,680,864",177737649.31856152,191297589.74749902,"177,737,649","191,297,589"
tt2404311,The Family,2013,111,6.3,125435,30000000,36894225,"30,000,000","36,894,225",39239258.74732247,48256734.70189778,"39,239,258","48,256,734"
tt2404435,The Magnificent Seven,2016,132,6.9,236076,90000000,162400000,"90,000,000","162,400,000",114259917.41907528,206175673.2095314,"114,259,917","206,175,673"
tt2404463,The Heat,2013,117,6.6,184526,43000000,158674180,"43,000,000","158,674,180",56242937.53782887,207541906.85130733,"56,242,937","207,541,906"
tt2406566,Atomic Blonde,2017,115,6.7,213265,30000000,100014025,"30,000,000","100,014,025",37292183.420365535,124324712.16363414,"37,292,183","124,324,712"
tt24176060,Queer,2024,137,6.5,17582,53400000,3865730,"53,400,000","3,865,730",,,,
tt2436386,Project Almanac,2015,106,6.4,85868,12000000,33200000,"12,000,000","33,200,000",15426842.800305463,42680931.74751178,"15,426,842","42,680,931"
tt2446980,Joy,2015,124,6.6,148935,60000000,101134059,"60,000,000","101,134,059",77134214.00152732,130014935.8291515,"77,134,214","130,014,935"
tt2452042,The Peanuts Movie,2015,88,7.0,51387,99000000,246233113,"99,000,000","246,233,113",127271453.10252008,316549960.540071,"127,271,453","316,549,960"
tt2452150,Respect,2021,145,6.6,18639,55000000,31217372,"55,000,000","31,217,372",61846735.801011175,35103501.063379705,"61,846,735","35,103,501"
tt2452244,Isn't It Romantic,2019,89,5.9,75235,31000000,48800000,"31,000,000","48,800,000",36947011.034315504,58161746.40240635,"36,947,011","58,161,746"
tt2452254,Clouds of Sils Maria,2014,124,6.7,31871,6600000,1851517,"6,600,000","1,851,517",8494834.752635848,2383080.4479842526,"8,494,834","2,383,080"
tt24577462,Afraid,2024,84,5.2,13220,12000000,12977758,"12,000,000","12,977,758",,,,
tt2461150,Masterminds,2015,95,5.8,62740,25000000,29200000,"25,000,000","29,200,000",32139255.833969716,37538650.814076625,"32,139,255","37,538,650"
tt2467046,Left Behind,2014,110,3.1,43513,16000000,19682924,"16,000,000","19,682,924",20593538.794268724,25333816.18616518,"20,593,538","25,333,816"
tt2473510,Paranormal Activity: The Ghost Dimension,2015,88,4.6,31820,10000000,78903124,"10,000,000","78,903,124",12855702.333587887,101435507.53341743,"12,855,702","101,435,507"
tt2473602,Get on Up,2014,139,6.9,26552,30000000,33448971,"30,000,000","33,448,971",38612885.239253856,43052042.619804345,"38,612,885","43,052,042"
tt2473682,Paranormal Activity: The Marked Ones,2014,84,5.1,46542,5000000,90894962,"5,000,000","90,894,962",6435480.873208975,116990557.88441133,"6,435,480","116,990,557"
tt2488496,Star Wars: Episode VII - The Force Awakens,2015,138,7.8,994999,245000000,2068223624,"245,000,000","2,068,223,624",314964707.17290324,2658846726.9438396,"314,964,707","2,658,846,726"
tt2510894,Hotel Transylvania 2,2015,89,6.6,151377,80000000,473200000,"80,000,000","473,200,000",102845618.6687031,608331834.4253788,"102,845,618","608,331,834"
tt2513074,Billy Lynn's Long Halftime Walk,2016,113,6.2,24585,40000000,30930984,"40,000,000","30,930,984",50782185.519589014,39268574.19478598,"50,782,185","39,268,574"
tt2515030,Escobar: Paradise Lost,2014,120,6.5,23774,17000000,3758328,"17,000,000","3,758,328",21880634.96891052,4837329.591849149,"21,880,634","4,837,329"
tt2527336,Star Wars: Episode VIII - The Last Jedi,2017,152,6.9,691180,200000000,1332698830,"200,000,000","1,332,698,830",248614556.13577023,1656641640.4155514,"248,614,556","1,656,641,640"
tt2527338,Star Wars: Episode IX - The Rise of Skywalker,2019,141,6.4,513401,416000000,1074144248,"416,000,000","1,074,144,248",495805051.29920167,1280207076.8807268,"495,805,051","1,280,207,076"
tt2531344,Blockers,2018,102,6.2,89006,21000000,94017294,"21,000,000","94,017,294",25482133.11456869,114083866.70378762,"25,482,133","114,083,866"
tt2543164,Arrival,2016,116,7.9,810153,47000000,203388186,"47,000,000","203,388,186",59669067.985517085,258212414.8486169,"59,669,067","258,212,414"
tt2543472,Wonder,2017,113,7.9,187011,20000000,315025930,"20,000,000","315,025,930",24861455.613577023,391600158.79104114,"24,861,455","391,600,158"
tt2554274,Crimson Peak,2015,119,6.5,162945,55000000,74700000,"55,000,000","74,700,000",70706362.83473338,96032096.43190151,"70,706,362","96,032,096"
tt2557478,Pacific Rim: Uprising,2018,111,5.6,132081,150000000,290061297,"150,000,000","290,061,297",182015236.5326335,351970503.88278306,"182,015,236","351,970,503"
tt2557490,A Million Ways to Die in the West,2014,116,6.1,204415,40000000,86400000,"40,000,000","86,400,000",51483846.9856718,111205109.4890511,"51,483,846","111,205,109"
tt2562232,Birdman or (The Unexpected Virtue of Ignorance),2014,119,7.7,680141,18000000,103215094,"18,000,000","103,215,094",23167731.14355231,132847752.6526933,"23,167,731","132,847,752"
tt2567026,Alice Through the Looking Glass,2016,113,6.2,127956,170000000,299457024,"170,000,000","299,457,024",215824288.4582533,380177053.69780046,"215,824,288","380,177,053"
tt2568862,Going in Style,2017,96,6.6,95063,25000000,84618541,"25,000,000","84,618,541",31076819.51697128,105187005.05785738,"31,076,819","105,187,005"
tt2582782,Hell or High Water,2016,102,7.6,263291,12000000,37600000,"12,000,000","37,600,000",15234655.655876704,47735254.38841367,"15,234,655","47,735,254"
tt2582802,Whiplash,2014,106,8.5,1060874,3300000,50307484,"3,300,000","50,307,484",4247417.376317924,64750570.21225331,"4,247,417","64,750,570"
tt2582846,The Fault in Our Stars,2014,126,7.6,413127,14000000,307166834,"14,000,000","307,166,834",18019346.444985133,395353257.01823133,"18,019,346","395,353,257"
tt2584384,Jojo Rabbit,2019,108,7.9,463260,14000000,82468705,"14,000,000","82,468,705",16685746.918723132,98289424.3103455,"16,685,746","98,289,424"
tt2592614,Resident Evil: The Final Chapter,2016,107,5.5,104243,40000000,312242626,"40,000,000","312,242,626",50782185.519589014,396409074.01639116,"50,782,185","396,409,074"
tt26047818,Anyone But You,2023,103,6.1,140429,25000000,214891370,"25,000,000","214,891,370",25000000.0,214891370.0,"25,000,000","214,891,370"
tt2609758,A Madea Christmas,2013,100,5.1,7477,25000000,53396635,"25,000,000","53,396,635",32699382.28943539,69841479.23337784,"32,699,382","69,841,479"
tt2614684,'71,2014,99,7.2,63013,11000000,3200000,"11,000,000","3,200,000",14158057.921059746,4118707.7588537442,"14,158,057","4,118,707"
tt26237514,Bonhoeffer: Pastor. Spy. Assassin.,2024,133,6.3,3333,25000000,12165702,"25,000,000","12,165,702",,,,
tt2637276,Ted 2,2015,115,6.3,245066,68000000,215863606,"68,000,000","215,863,606",87418775.86839762,277507826.33908963,"87,418,775","277,507,826"
tt2638144,Ben-Hur,2016,123,5.7,48005,100000000,94061311,"100,000,000","94,061,311",126955463.79897253,119415973.63544396,"126,955,463","119,415,973"
tt2652118,"Crouching Tiger, Hidden Dragon: Sword of Destiny",2016,96,6.1,21303,20000000,38659039,"20,000,000","38,659,039",25391092.759794507,49079762.26267567,"25,391,092","49,079,762"
tt26584495,Companion,2025,97,7.0,60735,10000000,36499858,"10,000,000","36,499,858",,,,
tt2660888,Star Trek Beyond,2016,122,7.0,263953,185000000,343471816,"185,000,000","343,471,816",234867608.02809918,436056237.0215535,"234,867,608","436,056,237"
tt26625693,The Order,2024,116,6.8,37180,20000000,1970445,"20,000,000","1,970,445",,,,
tt2671706,Fences,2016,139,7.2,121348,24000000,64400000,"24,000,000","64,400,000",30469311.311753407,81759318.68653831,"30,469,311","81,759,318"
tt26736843,The Watchers,2024,102,5.7,55017,30000000,51147812,"30,000,000","51,147,812",,,,
tt2674426,Me Before You,2016,110,7.4,307150,20000000,207945075,"20,000,000","207,945,075",25391092.759794507,263997634.41337126,"25,391,092","263,997,634"
tt26753003,Trap,2024,105,5.8,129158,30000000,82677281,"30,000,000","82,677,281",,,,
tt26757462,Hellboy: The Crooked Man,2024,99,4.5,12089,20000000,2014050,"20,000,000","2,014,050",,,,
tt2692904,Locke,2013,85,7.1,163728,2000000,4635300,"2,000,000","4,635,300",2615950.583154831,6062857.869048794,"2,615,950","6,062,857"
tt2704998,Game Night,2018,100,6.9,264040,37000000,117501013,"37,000,000","117,501,013",44897091.678049594,142579831.16012695,"44,897,091","142,579,831"
tt2709692,The Grinch,2018,85,6.4,102918,75000000,508600000,"75,000,000","508,600,000",91007618.26631676,617152995.3366493,"91,007,618","617,152,995"
tt2709768,The Secret Life of Pets,2016,86,6.5,225968,75000000,875457937,"75,000,000","875,457,937",95216597.8492294,1111441684.2832665,"95,216,597","1,111,441,684"
tt27131358,We Live in Time,2024,108,7.0,47946,20000000,37182814,"20,000,000","37,182,814",,,,
tt2713180,Fury,2014,134,7.6,573913,68000000,211817906,"68,000,000","211,817,906",87522539.87564208,272630016.5332354,"87,522,539","272,630,016"
tt27155038,Ruby Gillman: Teenage Kraken,2023,91,5.7,12655,70000000,46247409,"70,000,000","46,247,409",70000000.0,46247409.0,"70,000,000","46,247,409"
tt2717822,Blackhat,2015,133,5.5,65789,70000000,17752940,"70,000,000","17,752,940",89989916.33511521,22822651.218604572,"89,989,916","22,822,651"
tt2719848,Everest,2015,121,7.1,238713,55000000,203427584,"55,000,000","203,427,584",70706362.83473338,261520446.63449457,"70,706,362","261,520,446"
tt2720826,Birth of the Dragon,2016,95,5.7,9098,31000000,7125027,"31,000,000","7,125,027",39356193.777681485,9045611.073652018,"39,356,193","9,045,611"
tt27218960,Y2K,2024,91,4.9,9701,15000000,4210306,"15,000,000","4,210,306",,,,
tt27403986,Juror #2,2024,114,7.0,90919,30000000,21418477,"30,000,000","21,418,477",,,,
tt27489557,Abigail,2024,109,6.6,93946,28000000,42791449,"28,000,000","42,791,449",,,,
tt2752758,Devil's Due,2014,89,4.2,18134,7000000,36433975,"7,000,000","36,433,975",9009673.222492566,46894029.8494948,"9,009,673","46,894,029"
tt27534307,Speak No Evil,2024,110,6.8,91855,15000000,76756109,"15,000,000","76,756,109",,,,
tt2763304,T2 Trainspotting,2017,117,7.1,136707,18000000,41681746,"18,000,000","41,681,746",22375310.05221932,51813443.90376958,"22,375,310","51,813,443"
tt27657135,Saturday Night,2024,109,6.9,28701,25000000,9802525,"25,000,000","9,802,525",,,,
tt2771200,Beauty and the Beast,2017,129,7.1,344916,160000000,1266115964,"160,000,000","1,266,115,964",198891644.9086162,1573874292.0313642,"198,891,644","1,573,874,292"
tt27714946,The Monkey,2025,98,6.4,19500,10000000,56168198,"10,000,000","56,168,198",,,,
tt2784678,Top Five,2014,102,6.4,28073,12000000,26117471,"12,000,000","26,117,471",15445154.095701542,33615697.01541802,"15,445,154","33,615,697"
tt2788710,The Interview,2014,112,6.5,365469,44000000,12342632,"44,000,000","12,342,632",56632231.684238985,15886154.432211408,"56,632,231","15,886,154"
tt2798920,Annihilation,2018,115,6.8,376806,40000000,43070915,"40,000,000","43,070,915",48537396.40870227,52263751.87601301,"48,537,396","52,263,751"
tt2799166,The Pyramid,2014,89,4.6,28050,6500000,16861137,"6,500,000","16,861,137",8366125.135171669,21701904.932811234,"8,366,125","21,701,904"
tt28015403,Heretic,2024,111,7.0,117809,10000000,51913394,"10,000,000","51,913,394",,,,
tt2802144,Kingsman: The Secret Service,2014,129,7.7,747702,81000000,414351546,"81,000,000","414,351,546",104254790.14598541,533310289.81351376,"104,254,790","533,310,289"
tt2820852,Furious 7,2015,137,7.1,425155,190000000,1515400000,"190,000,000","1,515,400,000",244258344.33816984,1948153131.6319082,"244,258,344","1,948,153,131"
tt2822672,Rock Dog,2016,90,6.0,6219,60000000,23270926,"60,000,000","23,270,926",76173278.27938351,29543712.033615686,"76,173,278","29,543,712"
tt2823054,Mike and Dave Need Wedding Dates,2016,98,6.0,97712,33000000,77100000,"33,000,000","77,100,000",41895303.05366094,97882662.58900782,"41,895,303","97,882,662"
tt28249919,Presence,2024,84,6.2,16689,2000000,9284015,"2,000,000","9,284,015",,,,
tt2828996,A Haunted House 2,2014,86,4.7,24373,4000000,25343661,"4,000,000","25,343,661",5148384.698567181,32619729.124518454,"5,148,384","32,619,729"
tt2837574,The Old Man & the Gun,2018,93,6.7,50733,15800000,11277120,"15,800,000","11,277,120",19172271.581437394,13684051.094712611,"19,172,271","13,684,051"
tt2850386,The Croods: A New Age,2020,95,6.9,56664,65000000,215905815,"65,000,000","215,905,815",76525456.8005224,254189094.134832,"76,525,456","254,189,094"
tt28607951,Anora,2024,139,7.6,146726,6000000,51868503,"6,000,000","51,868,503",,,,
tt2865120,Ratchet & Clank,2016,94,5.5,12105,20000000,8800000,"20,000,000","8,800,000",25391092.759794507,11172080.814309582,"25,391,092","11,172,080"
tt2869728,Ride Along 2,2016,102,5.9,65075,40000000,124827316,"40,000,000","124,827,316",50782185.519589014,158475097.97560903,"50,782,185","158,475,097"
tt2870612,"As Above, So Below",2014,93,6.3,121303,5000000,41900000,"5,000,000","41,900,000",6435480.873208975,53929329.71749122,"6,435,480","53,929,329"
tt2870756,Magic in the Moonlight,2014,97,6.5,72083,16800000,51029361,"16,800,000","51,029,361",21623215.733982157,65679695.337515205,"21,623,215","65,679,695"
tt2872718,Nightcrawler,2014,117,7.8,632457,8500000,50300000,"8,500,000","50,300,000",10940317.48445526,64740937.5844823,"10,940,317","64,740,937"
tt2872750,Shaun the Sheep Movie,2015,85,7.3,44982,25000000,106209378,"25,000,000","106,209,378",32139255.833969716,136539614.8603518,"32,139,255","136,539,614"
tt2873282,Red Sparrow,2018,140,6.6,210228,69000000,151572634,"69,000,000","151,572,634",83727008.8050114,183923525.52922857,"83,727,008","183,923,525"
tt2883512,Chef,2014,114,7.3,240792,11000000,45967935,"11,000,000","45,967,935",14158057.921059746,59165153.29468269,"14,158,057","59,165,153"
tt2884018,Macbeth,2015,113,6.6,60487,15000000,16322067,"15,000,000","16,322,067",19283553.50038183,20983163.482087784,"19,283,553","20,983,163"
tt2906216,Dungeons & Dragons: Honor Among Thieves,2023,134,7.2,255845,151000000,208200000,"151,000,000","208,200,000",151000000.0,208200000.0,"151,000,000","208,200,000"
tt2910814,The Signal,2014,97,6.0,70756,4000000,2665322,"4,000,000","2,665,322",5148384.698567181,3430525.750388619,"5,148,384","3,430,525"
tt2910904,The Dressmaker,2015,119,7.0,68331,11930000,25003426,"11,930,000","25,003,426",15336852.883970348,32143660.197589204,"15,336,852","32,143,660"
tt2911666,John Wick,2014,101,7.5,773604,20000000,88761661,"20,000,000","88,761,661",25741923.4928359,114244794.32795182,"25,741,923","114,244,794"
tt2918436,The Lazarus Effect,2015,83,5.2,47281,3300000,64110728,"3,300,000","64,110,728",4242381.770084002,82418843.55576183,"4,242,381","82,418,843"
tt29268110,Smile 2,2024,127,6.7,96617,28000000,138083280,"28,000,000","138,083,280",,,,
tt2932536,47 Meters Down,2017,89,5.6,62952,5500000,62198461,"5,500,000","62,198,461",6836900.293733682,77317213.86921509,"6,836,900","77,317,213"
tt2935476,Far from the Madding Crowd,2015,119,7.1,55346,14500000,30300000,"14,500,000","30,300,000",18640768.383702435,38952778.07077129,"18,640,768","38,952,778"
tt2935510,Ad Astra,2019,123,6.5,268968,87500000,127461872,"87,500,000","127,461,872",104285918.24201958,151914038.4270487,"104,285,918","151,914,038"
tt2948356,Zootopia,2016,108,8.0,574660,150000000,1023784195,"150,000,000","1,023,784,195",190433195.6984588,1299749973.0628273,"190,433,195","1,299,749,973"
tt2948372,Soul,2020,100,8.0,404013,150000000,121977511,"150,000,000","121,977,511",176597208.00120553,143605919.21024224,"176,597,208","143,605,919"
tt2953050,Encanto,2021,102,7.2,278963,135000000,261289554,"135,000,000","261,289,554",151805624.23884562,293816472.978219,"151,805,624","293,816,472"
tt29603959,Novocaine,2025,110,7.0,2913,18000000,10500000,"18,000,000","10,500,000",,,,
tt29623480,The Wild Robot,2024,102,8.2,150824,78000000,331982078,"78,000,000","331,982,078",,,,
tt2967224,Hot Pursuit,2015,87,5.1,55401,35000000,51680201,"35,000,000","51,680,201",44994958.167557605,66438528.0595991,"44,994,958","66,438,528"
tt2974918,Alvin and the Chipmunks: The Road Chip,2015,92,4.9,23922,90000000,233755553,"90,000,000","233,755,553",115701321.00229098,300509180.8191227,"115,701,321","300,509,180"
tt2975578,The Purge: Anarchy,2014,103,6.4,167392,9000000,111928365,"9,000,000","111,928,365",11583865.571776155,144062570.4254106,"11,583,865","144,062,570"
tt2975590,Batman v Superman: Dawn of Justice,2016,151,6.5,768655,250000000,874362803,"250,000,000","874,362,803",317388659.49743134,1110051351.8343465,"317,388,659","1,110,051,351"
tt2978462,Dolphin Tale 2,2014,107,6.4,10010,36000000,52424533,"36,000,000","52,424,533",46335462.28710462,67475415.88168256,"46,335,462","67,475,415"
tt2980516,The Theory of Everything,2014,123,7.7,494485,15000000,123726688,"15,000,000","123,726,688",19306442.619626928,159248146.8258989,"19,306,442","159,248,146"
tt2980592,The Guest,2014,100,6.7,111033,5000000,2700051,"5,000,000","2,700,051",6435480.873208975,3475225.313437754,"6,435,480","3,475,225"
tt2980706,Planes: Fire & Rescue,2014,83,5.9,20651,50000000,151165787,"50,000,000","151,165,787",64354808.73208976,194564906.1844164,"64,354,808","194,564,906"
tt30057084,Babygirl,2024,114,6.0,46744,20000000,60934894,"20,000,000","60,934,894",,,,
tt3014284,The Lego Ninjago Movie,2017,101,6.1,31601,70000000,123081555,"70,000,000","123,081,555",87015094.64751957,152999330.82412696,"87,015,094","152,999,330"
tt3014866,Criminal,2016,113,6.3,72937,31500000,14708696,"31,500,000","14,708,696",39990971.09667635,18673493.22558092,"39,990,971","18,673,493"
tt3040964,The Jungle Book,2016,106,7.3,298058,175000000,966550600,"175,000,000","966,550,600",222172061.6482019,1227088797.0817518,"222,172,061","1,227,088,797"
tt3045616,Mortdecai,2015,107,5.5,78327,60000000,47318560,"60,000,000","47,318,560",77134214.00152732,60831332.22140185,"77,134,214","60,831,332"
tt3063516,Jackass Presents: Bad Grandpa,2013,92,6.5,99273,15000000,151831537,"15,000,000","151,831,537",19619629.373661235,198591898.87822217,"19,619,629","198,591,898"
tt3065204,The Conjuring 2,2016,134,7.3,316098,40000000,322811702,"40,000,000","322,811,702",50782185.519589014,409827093.47145706,"50,782,185","409,827,093"
tt3068194,Love & Friendship,2016,90,6.4,26950,3000000,21401949,"3,000,000","21,401,949",3808663.913969176,27170943.614969563,"3,808,663","27,170,943"
tt3072482,Hardcore Henry,2015,96,6.7,105090,2000000,16810562,"2,000,000","16,810,562",2571140.466717577,21611158.113232385,"2,571,140","21,611,158"
tt3076658,Creed,2015,133,7.6,319696,37000000,173600000,"37,000,000","173,600,000",47566098.63427518,223174992.51108572,"47,566,098","223,174,992"
tt3077214,Suffragette,2015,106,6.9,45561,14000000,16002420,"14,000,000","16,002,420",17997983.26702304,20572234.813705347,"17,997,983","20,572,234"
tt30788842,Love Hurts,2025,83,5.3,7034,18000000,16958671,"18,000,000","16,958,671",,,,
tt3079380,Spy,2015,120,7.0,266647,65000000,235666219,"65,000,000","235,666,219",83562065.16832127,302965476.15461344,"83,562,065","302,965,476"
tt3095734,Monster Trucks,2016,104,5.7,19634,125000000,64493915,"125,000,000","64,493,915",158694329.74871567,81878548.9103651,"158,694,329","81,878,548"
tt30988739,Black Bag,2025,93,7.4,4030,50000000,11766000,"50,000,000","11,766,000",,,,
tt3099498,Tusk,2014,102,5.4,67747,3000000,1882074,"3,000,000","1,882,074",3861288.5239253854,2422410.245792782,"3,861,288","2,422,410"
tt3104988,Crazy Rich Asians,2018,120,6.9,199709,30000000,238539198,"30,000,000","238,539,198",36403047.3065267,289451790.30849797,"36,403,047","289,451,790"
tt31050020,Once Upon a Deadpool,2018,118,7.2,1732,110000000,51349833,"110,000,000","51,349,833",133477840.12393123,62309679.99604153,"133,477,840","62,309,679"
tt31064841,Piece by Piece,2024,93,6.9,5063,16000000,10591426,"16,000,000","10,591,426",,,,
tt3110958,Now You See Me 2,2016,129,6.4,335150,120000000,334897606,"120,000,000","334,897,606",152346556.55876702,425170808.94895566,"152,346,556","425,170,808"
tt31193791,The Last Showgirl,2024,88,6.5,8516,2000000,4455671,"2,000,000","4,455,671",,,,
tt3125324,Beyond the Lights,2014,116,6.8,17912,7000000,14600000,"7,000,000","14,600,000",9009673.222492566,18791604.149770208,"9,009,673","18,791,604"
tt3127022,The Bookshop,2017,113,6.5,18136,5400000,12055868,"5,400,000","12,055,868",6712593.015665797,14986321.35825718,"6,712,593","14,986,321"
tt3152592,Scoob!,2020,93,5.6,31317,90000000,28600000,"90,000,000","28,600,000",105958324.80072331,33671200.99222986,"105,958,324","33,671,200"
tt3152624,Trainwreck,2015,125,6.2,144900,35000000,140795793,"35,000,000","140,795,793",44994958.167557605,181002880.4629457,"44,994,958","181,002,880"
tt3170832,Room,2015,118,8.1,465453,13000000,35401758,"13,000,000","35,401,758",16712413.033664253,45511446.29337136,"16,712,413","45,511,446"
tt3172532,The Diary of a Teenage Girl,2015,102,6.8,34384,2000000,1477002,"2,000,000","1,477,002",2571140.466717577,1898789.8058113975,"2,571,140","1,898,789"
tt3183660,Fantastic Beasts and Where to Find Them,2016,132,7.2,522762,180000000,809342332,"180,000,000","809,342,332",228519834.83815056,1027504311.3120201,"228,519,834","1,027,504,311"
tt3195644,Insidious: Chapter 3,2015,97,6.1,123048,10000000,120453155,"10,000,000","120,453,155",12855702.333587887,154850990.58215234,"12,855,702","154,850,990"
tt3203606,Trumbo,2015,124,7.4,85933,15000000,8235661,"15,000,000","8,235,661",19283553.50038183,10587520.633633874,"19,283,553","10,587,520"
tt32063050,Bridget Jones: Mad About the Boy,2025,124,6.7,18143,50000000,103679000,"50,000,000","103,679,000",,,,
tt3215824,Those Who Wish Me Dead,2021,100,6.0,75688,20000000,23384502,"20,000,000","23,384,502",22489722.10945861,26295547.582403954,"22,489,722","26,295,547"
tt3216348,Incarnate,2016,87,5.3,14472,5000000,6341855,"5,000,000","6,341,855",6347773.189948627,8051331.42870833,"6,347,773","8,051,331"
tt32221196,One of Them Days,2025,97,6.6,7917,14000000,48765616,"14,000,000","48,765,616",,,,
tt3224458,A Beautiful Day in the Neighborhood,2019,109,7.2,91373,25000000,67900000,"25,000,000","67,900,000",29795976.640577022,80925872.55580719,"29,795,976","80,925,872"
tt3231054,Risen,2016,107,6.3,31650,20000000,46100000,"20,000,000","46,100,000",25391092.759794507,58526468.81132633,"25,391,092","58,526,468"
tt3235888,It Follows,2014,100,6.8,285080,2300000,23374076,"2,300,000","23,374,076",2960321.201676129,30084683.80538659,"2,960,321","30,084,683"
tt32558992,Heart Eyes,2025,97,6.2,12704,18000000,31010725,"18,000,000","31,010,725",,,,
tt3263904,Sully,2016,96,7.4,309908,60000000,240800000,"60,000,000","240,800,000",76173278.27938351,305708756.82792586,"76,173,278","305,708,756"
tt3268668,Captive,2015,97,5.4,7376,2000000,2801508,"2,000,000","2,801,508",2571140.466717577,3601535.293316513,"2,571,140","3,601,535"
tt3272066,Reminiscence,2021,116,5.9,68630,68000000,18717947,"68,000,000","18,717,947",76465055.17215927,21048071.324478723,"76,465,055","21,048,071"
tt3278540,A Nice Girl Like You,2020,94,5.2,8167,6100000,769234,"6,100,000","769,234",7181619.792049025,905630.5113306623,"7,181,619","905,630"
tt3280262,Cult of Chucky,2017,91,5.3,32010,6500000,2332018,"6,500,000","2,332,018",8079973.074412532,2898868.0998531333,"8,079,973","2,898,868"
tt3281548,Little Women,2019,135,7.8,264643,40000000,216600000,"40,000,000","216,600,000",47673562.62492324,258152341.6139593,"47,673,562","258,152,341"
tt3289728,Equals,2015,101,6.0,33600,16000000,2084628,"16,000,000","2,084,628",20569123.733740617,2679935.7044262644,"20,569,123","2,679,935"
tt3289956,The Autopsy of Jane Doe,2016,86,6.8,151854,4000000,6170043,"4,000,000","6,170,043",5078218.551958901,7833206.707246038,"5,078,218","7,833,206"
tt3291150,The Expendables 4,2023,103,4.8,48880,100000000,37917985,"100,000,000","37,917,985",100000000.0,37917985.0,"100,000,000","37,917,985"
tt33034103,Am I Racist?,2024,100,6.7,16471,3000000,12311598,"3,000,000","12,311,598",,,,
tt3315342,Logan,2017,137,8.1,882605,97000000,619021436,"97,000,000","619,021,436",120578059.72584856,769488697.7483355,"120,578,059","769,488,697"
tt3316948,American Ultra,2015,96,6.1,98020,28000000,27100000,"28,000,000","27,100,000",35995966.53404608,34838953.32402317,"35,995,966","34,838,953"
tt3319920,Regression,2015,106,5.6,43539,20000000,17671101,"20,000,000","17,671,101",25711404.667175774,22717441.436276726,"25,711,404","22,717,441"
tt3322364,Concussion,2015,123,7.1,102609,35000000,50400000,"35,000,000","50,400,000",44994958.167557605,64792739.76128295,"44,994,958","64,792,739"
tt3332064,Pan,2015,111,5.7,68247,150000000,128388320,"150,000,000","128,388,320",192835535.0038183,165052202.50294283,"192,835,535","165,052,202"
tt3348730,Jigsaw,2017,92,5.7,97551,10000000,104223315,"10,000,000","104,223,315",12430727.806788512,129557165.98861782,"12,430,727","129,557,165"
tt3381008,The Brothers Grimsby,2016,83,6.2,114888,35000000,28000000,"35,000,000","28,000,000",44434412.32964038,35547529.86371231,"44,434,412","35,547,529"
tt3385516,X-Men: Apocalypse,2016,144,6.8,476922,178000000,543934787,"178,000,000","543,934,787",225980725.5621711,690554931.5998033,"225,980,725","690,554,931"
tt3387520,Scary Stories to Tell in the Dark,2019,108,6.2,88843,25000000,104545505,"25,000,000","104,545,505",29795976.640577022,124601416.99429312,"29,795,976","124,601,416"
tt3387542,The Forest,2016,93,4.8,46686,10000000,37608299,"10,000,000","37,608,299",12695546.379897254,47745790.42235435,"12,695,546","47,745,790"
tt3393786,Jack Reacher: Never Go Back,2016,118,6.2,184044,60000000,162100000,"60,000,000","162,100,000",76173278.27938351,205794806.81813446,"76,173,278","205,794,806"
tt3397884,Sicario,2015,121,7.7,503851,30000000,84997446,"30,000,000","84,997,446",38567107.00076366,109270186.48912103,"38,567,107","109,270,186"
tt3401882,Fist Fight,2017,91,5.6,46919,22000000,41087017,"22,000,000","41,087,017",27347601.174934726,51074152.47198923,"27,347,601","51,074,152"
tt3402236,Murder on the Orient Express,2017,114,6.5,309171,55000000,352800000,"55,000,000","352,800,000",68369002.93733682,438556077.0234987,"68,369,002","438,556,077"
tt3411444,Ferdinand,2017,108,6.7,67431,111000000,295038508,"111,000,000","295,038,508",137981078.65535247,366754338.54689944,"137,981,078","366,754,338"
tt3416532,A Monster Calls,2016,108,7.4,96163,43000000,47300000,"43,000,000","47,300,000",54590849.43355819,60049934.376914,"54,590,849","60,049,934"
tt3416742,What We Do in the Shadows,2014,86,7.6,207188,1600000,6300000,"1,600,000","6,300,000",2059353.8794268721,8108705.900243309,"2,059,353","8,108,705"
tt3416828,Ice Age: Collision Course,2016,94,5.7,80058,105000000,408579038,"105,000,000","408,579,038",133303236.98892115,518713412.6782802,"133,303,236","518,713,412"
tt3427252,The Boogeyman,2023,98,5.9,49158,41900000,66978229,"41,900,000","66,978,229",41900000.0,66978229.0,"41,900,000","66,978,229"
tt3447590,Matilda: The Musical,2022,117,7.0,30851,25000000,37289659,"25,000,000","37,289,659",26029112.77784422,38824669.58233415,"26,029,112","38,824,669"
tt3450958,War for the Planet of the Apes,2017,140,7.4,314225,150000000,490719763,"150,000,000","490,719,763",186460917.10182768,610000380.3264768,"186,460,917","610,000,380"
tt3460252,The Hateful Eight,2015,168,7.8,686890,44000000,155760117,"44,000,000","155,760,117",56565090.2677867,200240569.95968223,"56,565,090","200,240,569"
tt3462710,Unforgettable,2017,100,5.1,17292,12000000,17800000,"12,000,000","17,800,000",14916873.368146215,22126695.49608355,"14,916,873","22,126,695"
tt3464902,The Lobster,2015,119,7.1,316680,4000000,15700000,"4,000,000","15,700,000",5142280.933435154,20183452.663732983,"5,142,280","20,183,452"
tt3469046,Despicable Me 3,2017,89,6.3,167196,80000000,1034800131,"80,000,000","1,034,800,131",99445822.4543081,1286331876.2890093,"99,445,822","1,286,331,876"
tt3470600,Sing,2016,108,7.1,201324,75000000,634151679,"75,000,000","634,151,679",95216597.8492294,805090205.2634214,"95,216,597","805,090,205"
tt3471098,Maggie's Plan,2015,98,6.2,18818,2000000,3400000,"2,000,000","3,400,000",2571140.466717577,4370938.793419882,"2,571,140","4,370,938"
tt3480822,Black Widow,2021,134,6.6,447394,200000000,379751131,"200,000,000","379,751,131",224897221.0945861,427024870.34713066,"224,897,221","427,024,870"
tt3486626,The Nut Job 2: Nutty by Nature,2017,91,5.5,7578,40000000,65100000,"40,000,000","65,100,000",49722911.22715405,80924038.02219321,"49,722,911","80,924,038"
tt3488710,The Walk,2015,123,7.3,138183,35000000,61181942,"35,000,000","61,181,942",44994958.167557605,78653683.45428388,"44,994,958","78,653,683"
tt3498820,Captain America: Civil War,2016,147,7.8,882556,250000000,1155046416,"250,000,000","1,155,046,416",317388659.49743134,1466394534.5262096,"317,388,659","1,466,394,534"
tt3499096,Race,2016,134,7.1,42645,5000000,24804129,"5,000,000","24,804,129",6347773.189948627,31490197.013245445,"6,347,773","31,490,197"
tt3501632,Thor: Ragnarok,2017,130,7.9,848780,180000000,855301806,"180,000,000","855,301,806",223753100.5221932,1063202394.3040633,"223,753,100","1,063,202,394"
tt3513498,The Lego Movie 2: The Second Part,2019,107,6.5,80416,99000000,199603202,"99,000,000","199,603,202",117992067.49668501,237894893.76705506,"117,992,067","237,894,893"
tt3513500,Chip 'n Dale: Rescue Rangers,2022,97,6.9,48798,70000000,623190,"70,000,000","623,190",72881515.77796382,648843.3116809896,"72,881,515","648,843"
tt3513548,Richard Jewell,2019,131,7.5,102193,45000000,33900000,"45,000,000","33,900,000",53632757.95303864,40403344.324622445,"53,632,757","40,403,344"
tt3521126,The Disaster Artist,2017,104,7.3,167875,10000000,29820616,"10,000,000","29,820,616",12430727.806788512,37069196.05267624,"12,430,727","37,069,196"
tt3521164,Moana,2016,107,7.6,409859,150000000,690860472,"150,000,000","690,860,472",190433195.6984588,877085116.4313707,"190,433,195","877,085,116"
tt3530002,The Night Before,2015,101,6.4,86422,25000000,52395996,"25,000,000","52,395,996",32139255.833969716,67358732.80478616,"32,139,255","67,358,732"
tt3531824,Nerve,2016,96,6.5,143530,19000000,85241496,"19,000,000","85,241,496",24121538.12180478,108218736.59598263,"24,121,538","108,218,736"
tt3532216,American Made,2017,115,7.1,218115,50000000,133511855,"50,000,000","133,511,855",62153639.03394256,165964952.84844157,"62,153,639","165,964,952"
tt3544112,Sing Street,2016,106,7.9,104092,4000000,13624522,"4,000,000","13,624,522",5078218.551958901,17297075.09549305,"5,078,218","17,297,075"
tt3553442,Whiskey Tango Foxtrot,2016,112,6.6,58042,35000000,48000000,"35,000,000","48,000,000",44434412.32964038,60938622.623506814,"44,434,412","60,938,622"
tt3553976,Captain Fantastic,2016,118,7.8,242834,5000000,23123592,"5,000,000","23,123,592",6347773.189948627,29356663.470582105,"6,347,773","29,356,663"
tt3554046,Space Jam: A New Legacy,2021,115,4.5,83338,150000000,163692228,"150,000,000","163,692,228",168672915.82093957,184069635.959907,"168,672,915","184,069,635"
tt3564472,Girls Trip,2017,122,6.2,41652,19000000,140376621,"19,000,000","140,376,621",23618382.832898173,174498356.6087712,"23,618,382","174,498,356"
tt3567288,The Visit,2015,94,6.3,163051,5000000,98450062,"5,000,000","98,450,062",6427851.166793943,126564469.17952721,"6,427,851","126,564,469"
tt3569230,Legend,2015,132,6.9,212358,25000000,42972994,"25,000,000","42,972,994",32139255.833969716,55244801.924705826,"32,139,255","55,244,801"
tt3605418,Knock Knock,2015,99,4.9,109643,10000000,6341684,"10,000,000","6,341,684",12855702.333587887,8152680.179767696,"12,855,702","8,152,680"
tt3606752,Cars 3,2017,102,6.7,134023,175000000,383925276,"175,000,000","383,925,276",217537736.61879894,477247060.4102154,"217,537,736","477,247,060"
tt3606756,Incredibles 2,2018,118,7.5,348498,200000000,1242805359,"200,000,000","1,242,805,359",242686982.04351133,1508063409.2160633,"242,686,982","1,508,063,409"
tt3612126,The Grudge,2019,94,4.4,30909,10000000,42800000,"10,000,000","42,800,000",11918390.65623081,51010712.008667864,"11,918,390","51,010,712"
tt3614530,Jem and the Holograms,2015,118,4.2,8482,5000000,2333684,"5,000,000","2,333,684",6427851.166793943,3000114.6844656714,"6,427,851","3,000,114"
tt3631112,The Girl on the Train,2016,112,6.5,204798,45000000,173200000,"45,000,000","173,200,000",57129958.70953764,219886863.29982042,"57,129,958","219,886,863"
tt3640424,Allied,2016,124,7.1,174755,106000000,119520023,"106,000,000","119,520,023",134572791.62691087,151737199.5322886,"134,572,791","151,737,199"
tt3647498,Blood Father,2016,88,6.4,69095,13000000,6903033,"13,000,000","6,903,033",16504210.29386643,8763777.561346127,"16,504,210","8,763,777"
tt3658772,Misconduct,2016,106,5.3,18425,11000000,2049761,"11,000,000","2,049,761",13965101.017886978,2602283.584320457,"13,965,101","2,602,283"
tt3659388,The Martian,2015,144,8.0,961767,108000000,631058917,"108,000,000","631,058,917",138841585.20274916,811270559.1908345,"138,841,585","811,270,559"
tt3682448,Bridge of Spies,2015,142,7.6,334993,40000000,165478348,"40,000,000","165,478,348",51422809.33435155,212734038.45418683,"51,422,809","212,734,038"
tt3704428,Elvis,2022,159,7.3,249124,85000000,288670284,"85,000,000","288,670,284",88498983.44467035,300553255.1139328,"88,498,983","300,553,255"
tt3707106,By the Sea,2015,122,5.3,23047,10000000,3727746,"10,000,000","3,727,746",12855702.333587887,4792279.295122291,"12,855,702","4,792,279"
tt3713166,Unfriended,2014,83,5.6,84357,1000000,62900000,"1,000,000","62,900,000",1287096.1746417952,80958349.3849689,"1,287,096","80,958,349"
tt3715320,Irrational Man,2015,95,6.6,68726,11000000,27391084,"11,000,000","27,391,084",14141272.566946674,35213162.24983019,"14,141,272","35,213,162"
tt3717252,Underworld: Blood Wars,2016,91,5.8,83316,35000000,81093313,"35,000,000","81,093,313",44434412.32964038,102952391.62910248,"44,434,412","102,952,391"
tt3717490,Power Rangers,2017,124,5.9,116370,105000000,142300000,"105,000,000","142,300,000",130522641.97127937,176889256.6906005,"130,522,641","176,889,256"
tt3721936,American Honey,2016,163,7.0,48174,3500000,2290649,"3,500,000","2,290,649",4443441.232964039,2908104.0619565262,"4,443,441","2,908,104"
tt3721964,Gringo,2018,111,6.1,32904,10000000,11001627,"10,000,000","11,001,627",12134349.102175567,13349758.270992046,"12,134,349","13,349,758"
tt3722234,Gosnell: The Trial of America's Biggest Serial Killer,2018,93,6.5,4788,4000000,3679893,"4,000,000","3,679,893",4853739.640870227,4465310.632065215,"4,853,739","4,465,310"
tt3731562,Kong: Skull Island,2017,118,6.7,361208,185000000,566652812,"185,000,000","566,652,812",229968464.42558748,704390686.6923302,"229,968,464","704,390,686"
tt3741700,Godzilla: King of the Monsters,2019,132,6.0,218250,170000000,387300138,"170,000,000","387,300,138",202612641.15592375,461599434.5896102,"202,612,641","461,599,434"
tt3741834,Lion,2016,118,8.0,258343,12000000,140312928,"12,000,000","140,312,928",15234655.655876704,178134928.5123184,"15,234,655","178,134,928"
tt3748528,Rogue One: A Star Wars Story,2016,133,7.8,709392,200000000,1056057273,"200,000,000","1,056,057,273",253910927.59794506,1340722408.9199314,"253,910,927","1,340,722,408"
tt3758542,Ferrari,2023,130,6.4,61475,95000000,39220516,"95,000,000","39,220,516",95000000.0,39220516.0,"95,000,000","39,220,516"
tt3760922,My Big Fat Greek Wedding 2,2016,94,6.0,36658,18000000,90632641,"18,000,000","90,632,641",22851983.483815055,115063089.73480773,"22,851,983","115,063,089"
tt3766354,The Equalizer 2,2018,121,6.7,212841,62000000,190400157,"62,000,000","190,400,157",75232964.43348852,231038197.41470367,"75,232,964","231,038,197"
tt3766394,"Hello, My Name Is Doris",2015,90,6.6,22716,1000000,14659448,"1,000,000","14,659,448",1285570.2333587885,18845749.986271027,"1,285,570","18,845,749"
tt3774114,Snowden,2016,134,7.3,167637,40000000,37357216,"40,000,000","37,357,216",50782185.519589014,47427026.83518397,"50,782,185","47,427,026"
tt3778644,Solo: A Star Wars Story,2018,135,6.9,391834,250000000,392952373,"250,000,000","392,952,373",303358727.5543892,476822127.4510308,"303,358,727","476,822,127"
tt3783958,La La Land,2016,128,8.0,712643,30000000,509183536,"30,000,000","509,183,536",38086639.139691755,646436319.7168083,"38,086,639","646,436,319"
tt3794354,Sonic the Hedgehog,2020,99,6.5,178317,85000000,319715683,"85,000,000","319,715,683",100071751.20068313,376405979.81332326,"100,071,751","376,405,979"
tt3799694,The Nice Guys,2016,116,7.4,391421,50000000,71261763,"50,000,000","71,261,763",63477731.899486266,90470701.7279746,"63,477,731","90,470,701"
tt3811906,Malignant,2021,111,6.2,115941,40000000,34891791,"40,000,000","34,891,791",44979444.21891722,39235334.17456544,"44,979,444","39,235,334"
tt3824458,Tangerine,2015,88,7.1,39773,100000,925000,"100,000","925,000",128557.02333587887,1189152.4658568795,"128,557","1,189,152"
tt3829266,The Predator,2018,107,5.3,152806,88000000,160542134,"88,000,000","160,542,134",106782272.09914498,194807429.95642495,"106,782,272","194,807,429"
tt3829920,Only the Brave,2017,134,7.6,82317,38000000,25754775,"38,000,000","25,754,775",47236765.66579635,32015059.77500816,"47,236,765","32,015,059"
tt3833480,The Outpost,2019,123,6.8,45124,18000000,2133452,"18,000,000","2,133,452",21453103.181215454,2542731.438231693,"21,453,103","2,542,731"
tt3850590,Krampus,2015,98,6.2,90114,15000000,61800000,"15,000,000","61,800,000",19283553.50038183,79448240.42157313,"19,283,553","79,448,240"
tt3859076,Truth,2015,125,6.8,21836,9600000,5383097,"9,600,000","5,383,097",12341474.24024437,6920349.266482996,"12,341,474","6,920,349"
tt3874544,The Boss Baby,2017,97,6.3,148353,125000000,527965936,"125,000,000","527,965,936",155384097.5848564,656300084.1672323,"155,384,097","656,300,084"
tt3881784,Stronger,2017,119,6.9,51329,30000000,8484418,"30,000,000","8,484,418",37292183.420365535,10546749.075701697,"37,292,183","10,546,749"
tt3882082,The Boy,2016,97,6.0,105048,10000000,73929392,"10,000,000","73,929,392",12695546.379897254,93857402.49736048,"12,695,546","93,857,402"
tt3890160,Baby Driver,2017,113,7.5,644857,34000000,226945087,"34,000,000","226,945,087",42264474.54308094,282109260.3584938,"42,264,474","282,109,260"
tt3896198,Guardians of the Galaxy Vol. 2,2017,136,7.6,788804,200000000,863756051,"200,000,000","863,756,051",248614556.13577023,1073711636.1447536,"248,614,556","1,073,711,636"
tt3915174,Puss in Boots: The Last Wish,2022,102,7.8,199857,90000000,484700000,"90,000,000","484,700,000",93704806.0002392,504652438.5368438,"93,704,806","504,652,438"
tt3920820,Brian Banks,2018,99,7.2,10429,10000000,4300000,"10,000,000","4,300,000",12134349.102175567,5217770.113935494,"12,134,349","5,217,770"
tt3949660,Teenage Mutant Ninja Turtles: Out of the Shadows,2016,112,5.9,102926,135000000,245623848,"135,000,000","245,623,848",171389876.1286129,311832895.4292833,"171,389,876","311,832,895"
tt3960412,Popstar: Never Stop Never Stopping,2016,87,6.7,70504,20000000,9500000,"20,000,000","9,500,000",25391092.759794507,12060769.06090239,"25,391,092","12,060,769"
tt3963816,Marauders,2016,107,5.5,24323,15000000,1616004,"15,000,000","1,616,004",19043319.569845878,2051605.373209948,"19,043,319","2,051,605"
tt4003440,The House That Jack Built,2018,152,6.8,98669,9800000,5566776,"9,800,000","5,566,776",11891662.120132055,6754920.33576125,"11,891,662","6,754,920"
tt4005402,Colonia,2015,110,7.0,58379,14000000,3621046,"14,000,000","3,621,046",17997983.26702304,4655108.951222909,"17,997,983","4,655,108"
tt4009460,Kirk Cameron's Saving Christmas,2014,79,1.3,16989,500000,2800000,"500,000","2,800,000",643548.0873208976,3603869.288997026,"643,548","3,603,869"
tt4034228,Manchester by the Sea,2016,137,7.8,329759,9000000,79000000,"9,000,000","79,000,000",11425991.741907528,100294816.4011883,"11,425,991","100,294,816"
tt4034354,Swiss Army Man,2016,97,6.9,136991,3000000,5800000,"3,000,000","5,800,000",3808663.913969176,7363416.900340406,"3,808,663","7,363,416"
tt4046784,Maze Runner: The Scorch Trials,2015,131,6.3,290215,61000000,312296056,"61,000,000","312,296,056",78419784.23488611,401478513.5889493,"78,419,784","401,478,513"
tt4062536,Green Room,2015,95,7.0,147338,5000000,3800000,"5,000,000","3,800,000",6427851.166793943,4885166.886763397,"6,427,851","4,885,166"
tt4073790,The Darkest Minds,2018,104,5.7,38474,34000000,41142379,"34,000,000","41,142,379",41256786.94739693,49923598.96800169,"41,256,786","49,923,598"
tt4094724,The Purge: Election Year,2016,108,6.0,114687,10000000,118587880,"10,000,000","118,587,880",12695546.379897254,150553793.06336898,"12,695,546","150,553,793"
tt4105584,Deep,2017,92,4.2,1678,6000000,10972300,"6,000,000","10,972,300",7458436.684073107,13639367.471442558,"7,458,436","13,639,367"
tt4106376,American Renegades,2017,106,5.5,12097,66190000,2602149,"66,190,000","2,602,149",82278987.35313316,3234660.593170692,"82,278,987","3,234,660"
tt4116284,The Lego Batman Movie,2017,104,7.3,180959,80000000,311950384,"80,000,000","311,950,384",99445822.4543081,387777031.2727154,"99,445,822","387,777,031"
tt4123430,Fantastic Beasts: The Crimes of Grindelwald,2018,134,6.5,319807,200000000,654900000,"200,000,000","654,900,000",242686982.04351133,794678522.7014779,"242,686,982","794,678,522"
tt4123432,Fantastic Beasts: The Secrets of Dumbledore,2022,142,6.2,182505,200000000,407200000,"200,000,000","407,200,000",208232902.22275376,423962188.9255267,"208,232,902","423,962,188"
tt4126476,After,2019,105,5.3,70790,14000000,69497587,"14,000,000","69,497,587",16685746.918723132,82829939.15313877,"16,685,746","82,829,939"
tt4139124,Keanu,2016,100,6.2,53567,15000000,20609977,"15,000,000","20,609,977",19043319.569845878,26165491.889211565,"19,043,319","26,165,491"
tt4154664,Captain Marvel,2019,123,6.8,632916,152000000,1131416446,"152,000,000","1,131,416,446",181159537.9747083,1348466319.8312268,"181,159,537","1,348,466,319"
tt4154756,Avengers: Infinity War,2018,149,8.4,1273290,300000000,2052415039,"300,000,000","2,052,415,039",364030473.065267,2490472058.5781283,"364,030,473","2,490,472,058"
tt4154796,Avengers: Endgame,2019,181,8.4,1340334,356000000,2799439100,"356,000,000","2,799,439,100",424294707.36181676,3336480881.2127185,"424,294,707","3,336,480,881"
tt4155534,Animal Crackers,2017,105,5.8,4218,17000000,13285512,"17,000,000","13,285,512",21132237.27154047,16514858.344582245,"21,132,237","16,514,858"
tt4158096,Free Fire,2016,91,6.3,52039,7000000,3719383,"7,000,000","3,719,383",8886882.465928078,4721959.938110138,"8,886,882","4,721,959"
tt4178092,The Gift,2015,108,7.0,178731,5000000,58978653,"5,000,000","58,978,653",6427851.166793943,75821200.70039701,"6,427,851","75,821,200"
tt4183692,Woodlawn,2015,123,6.4,8062,12000000,14394097,"12,000,000","14,394,097",15426842.800305463,18504622.639279038,"15,426,842","18,504,622"
tt4191054,Strange Magic,2015,99,5.8,12798,100000000,13603453,"100,000,000","13,603,453",128557023.33587886,17488194.247695312,"128,557,023","17,488,194"
tt4191580,Meet the Blacks,2016,94,4.8,38188,900000,9097072,"900,000","9,097,072",1142599.1741907527,11549229.949726466,"1,142,599","11,549,229"
tt4199898,Playmobil: The Movie,2019,99,4.9,4948,75000000,1630000,"75,000,000","1,630,000",89387929.92173107,1942697.6769656218,"89,387,929","1,942,697"
tt4209788,Molly's Game,2017,140,7.4,195934,30000000,59284015,"30,000,000","59,284,015",37292183.420365535,73694345.37585671,"37,292,183","73,694,345"
tt4216984,Wolf Man,2025,103,5.6,22546,25000000,34844931,"25,000,000","34,844,931",,,,
tt4218572,Widows,2018,129,6.8,106470,42000000,73900000,"42,000,000","73,900,000",50964266.22913738,89672839.86507744,"50,964,266","89,672,839"
tt4244994,The Last Duel,2021,152,7.3,193199,100000000,30552111,"100,000,000","30,552,111",112448610.54729305,34355424.31236668,"112,448,610","34,355,424"
tt4263482,The Witch,2015,92,7.0,328768,4000000,40423945,"4,000,000","40,423,945",5142280.933435154,51967820.40693283,"5,142,280","51,967,820"
tt4276820,The Founder,2016,115,7.2,190329,15000000,24121245,"15,000,000","24,121,245",19043319.569845878,30623238.46383647,"19,043,319","30,623,238"
tt4287320,The Circle,2017,110,5.4,102995,18000000,40651864,"18,000,000","40,651,864",22375310.05221932,50533225.622258484,"22,375,310","50,533,225"
tt4302938,Kubo and the Two Strings,2016,101,7.7,142229,60000000,76249438,"60,000,000","76,249,438",76173278.27938351,96802827.65701,"76,173,278","96,802,827"
tt4383594,Nine Lives,2016,87,5.3,25040,30000000,57814445,"30,000,000","57,814,445",38086639.139691755,73398596.79255188,"38,086,639","73,398,596"
tt4385888,20th Century Women,2016,119,7.3,50901,7000000,5664764,"7,000,000","5,664,764",8886882.465928078,7191727.409317228,"8,886,882","7,191,727"
tt4419684,In the Lost Lands,2025,101,5.0,1085,55000000,2663562,"55,000,000","2,663,562",,,,
tt4425200,John Wick: Chapter 2,2017,122,7.4,536026,40000000,171539887,"40,000,000","171,539,887",49722911.22715405,213236564.3304259,"49,722,911","213,236,564"
tt4428398,Paws of Fury: The Legend of Hank,2022,98,5.8,7071,45000000,42500000,"45,000,000","42,500,000",46852403.0001196,44249491.722335175,"46,852,403","44,249,491"
tt4429194,Paris Can Wait,2016,92,5.8,10049,5000000,13203541,"5,000,000","13,203,541",6347773.189948627,16762616.714437496,"6,347,773","16,762,616"
tt4463894,Shaft,2019,111,6.4,60386,30000000,21360215,"30,000,000","21,360,215",35755171.96869243,25457938.687108118,"35,755,171","25,457,938"
tt4465564,Fifty Shades Darker,2017,118,4.6,116113,55000000,381545846,"55,000,000","381,545,846",68369002.93733682,474289255.7436847,"68,369,002","474,289,255"
tt4477536,Fifty Shades Freed,2018,105,4.5,78201,55000000,371985018,"55,000,000","371,985,018",66738920.061965615,451379606.9191062,"66,738,920","451,379,606"
tt4481414,Gifted,2017,101,7.6,149962,7000000,40300000,"7,000,000","40,300,000",8701509.464751959,50095833.0613577,"8,701,509","50,095,833"
tt4481514,The House,2017,88,5.6,48590,40000000,34200000,"40,000,000","34,200,000",49722911.22715405,42513089.09921671,"49,722,911","42,513,089"
tt4495098,Gran Turismo,2023,134,7.1,118154,60000000,121700000,"60,000,000","121,700,000",60000000.0,121700000.0,"60,000,000","121,700,000"
tt4513674,Café Society,2016,96,6.6,82981,30000000,43763247,"30,000,000","43,763,247",38086639.139691755,55559833.202339925,"38,086,639","55,559,833"
tt4513678,Ghostbusters: Afterlife,2021,124,7.0,231929,75000000,204334455,"75,000,000","204,334,455",84336457.91046979,229771255.51688376,"84,336,457","229,771,255"
tt4520364,Morgan,2016,92,5.9,47848,8000000,8810591,"8,000,000","8,810,591",10156437.103917802,11185526.667480532,"10,156,437","11,185,526"
tt4520988,Frozen II,2019,103,6.8,205581,150000000,1453683476,"150,000,000","1,453,683,476",178775859.84346214,1732556755.7475522,"178,775,859","1,732,556,755"
tt4530422,Overlord,2018,110,6.6,110397,38000000,41657844,"38,000,000","41,657,844",46110526.588267155,50549082.19399699,"46,110,526","50,549,082"
tt4532826,Robin Hood,2018,116,5.3,82947,100000000,86493046,"100,000,000","86,493,046",121343491.02175567,104953681.507453,"121,343,491","104,953,681"
tt4537896,White Boy Rick,2018,111,6.5,45768,29000000,26000000,"29,000,000","26,000,000",35189612.396309145,31549307.665656473,"35,189,612","31,549,307"
tt4540710,Miss Sloane,2016,132,7.5,85603,13000000,9101546,"13,000,000","9,101,546",16504210.29386643,11554909.937176831,"16,504,210","11,554,909"
tt4550098,Nocturnal Animals,2016,116,7.4,326782,22500000,29300000,"22,500,000","29,300,000",28564979.35476882,37197950.89309895,"28,564,979","37,197,950"
tt4555426,Darkest Hour,2017,125,7.4,229665,30000000,150847207,"30,000,000","150,847,207",37292183.420365535,187514057.06312826,"37,292,183","187,514,057"
tt4560436,Mile 22,2018,94,6.1,89656,35000000,66308758,"35,000,000","66,308,758",42470221.85761448,80461361.8103677,"42,470,221","80,461,361"
tt4566758,Mulan,2020,115,5.8,163073,200000000,69965374,"200,000,000","69,965,374",235462944.00160736,82371264.70106758,"235,462,944","82,371,264"
tt4572514,Patriots Day,2016,133,7.3,117483,45000000,50548152,"45,000,000","50,548,152",57129958.70953764,64173640.81340961,"57,129,958","64,173,640"
tt4575576,Christopher Robin,2018,104,7.2,87489,75000000,99138899,"75,000,000","99,138,899",91007618.26631676,120298601.00713241,"91,007,618","120,298,601"
tt4589218,Five Nights at Freddy's,2023,109,5.4,110175,20000000,297144130,"20,000,000","297,144,130",20000000.0,297144130.0,"20,000,000","297,144,130"
tt4622512,Battle of the Sexes,2017,121,6.7,61692,25000000,12638526,"25,000,000","12,638,526",31076819.51697128,15710607.658501957,"31,076,819","15,710,607"
tt4624424,Storks,2016,87,6.8,69701,70000000,182379278,"70,000,000","182,379,278",88868824.65928076,231540458.25811747,"88,868,824","231,540,458"
tt4630562,The Fate of the Furious,2017,136,6.6,262791,250000000,1236000000,"250,000,000","1,236,000,000",310768195.1697128,1536437956.91906,"310,768,195","1,536,437,956"
tt4633694,Spider-Man: Into the Spider-Verse,2018,117,8.4,721094,90000000,384298736,"90,000,000","384,298,736",109209141.9195801,466321502.2148805,"109,209,141","466,321,502"
tt4649416,Almost Christmas,2016,111,6.2,8751,17000000,42580920,"17,000,000","42,580,920",21582428.84582533,54058804.475869454,"21,582,428","54,058,804"
tt4649466,Kingsman: The Golden Circle,2017,141,6.7,382607,104000000,410902662,"104,000,000","410,902,662",129279569.19060051,510781914.6406821,"129,279,569","510,781,914"
tt4651410,Precious Cargo,2016,90,4.6,10066,10500000,567064,"10,500,000","567,064",13330323.698892115,719918.7312370056,"13,330,323","719,918"
tt4651466,Joe Bell,2020,94,6.2,10097,3500000,1700000,"3,500,000","1,700,000",4120601.5200281288,2001435.0240136627,"4,120,601","2,001,435"
tt4651520,Bad Moms,2016,100,6.2,137888,20000000,183936074,"20,000,000","183,936,074",25391092.759794507,233516895.8403213,"25,391,092","233,516,895"
tt4667094,Fifty Shades of Black,2016,92,3.5,23877,20000000,21164799,"20,000,000","21,164,799",25391092.759794507,26869868.732570298,"25,391,092","26,869,868"
tt4682266,The New Mutants,2020,94,5.3,95563,67000000,49169594,"67,000,000","49,169,594",78880086.24053846,57888086.79301885,"78,880,086","57,888,086"
tt4685762,The Craft: Legacy,2020,97,4.6,17641,18000000,2300000,"18,000,000","2,300,000",21191664.960144665,2707823.8560184846,"21,191,664","2,707,823"
tt4686844,The Death of Stalin,2017,107,7.3,119279,13000000,24600000,"13,000,000","24,600,000",16159946.148825064,30579590.40469974,"16,159,946","30,579,590"
tt4698684,Hunt for the Wilderpeople,2016,101,7.8,147139,2500000,23900000,"2,500,000","23,900,000",3173886.5949743134,30342355.847954433,"3,173,886","30,342,355"
tt4701182,Bumblebee,2018,114,6.7,197602,135000000,467989645,"135,000,000","467,989,645",163813712.87937015,567874972.8633213,"163,813,712","567,874,972"
tt4701724,Early Man,2018,89,6.1,24583,50000000,53431158,"50,000,000","53,431,158",60671745.51087783,64835232.41055009,"60,671,745","64,835,232"
tt4731136,A Cure for Wellness,2016,146,6.4,114465,40000000,26620002,"40,000,000","26,620,002",50782185.519589014,33795547.002395764,"50,782,185","33,795,547"
tt4761916,Unfriended: Dark Web,2018,92,6.0,40667,1000000,16000000,"1,000,000","16,000,000",1213434.9102175566,19414958.563480906,"1,213,434","19,414,958"
tt4765284,Pitch Perfect 3,2017,93,5.8,74444,45000000,185400345,"45,000,000","185,400,345",55938275.1305483,230466122.39796835,"55,938,275","230,466,122"
tt4777008,Maleficent: Mistress of Evil,2019,119,6.6,124812,185000000,491730089,"185,000,000","491,730,089",220490227.14026996,586063129.8125144,"220,490,227","586,063,129"
tt4779682,The Meg,2018,113,5.7,216664,150000000,530517320,"150,000,000","530,517,320",182015236.5326335,643748236.5630587,"182,015,236","643,748,236"
tt4786282,Lights Out,2016,81,6.3,146960,4900000,149368835,"4,900,000","149,368,835",6220817.726149654,189631897.245372,"6,220,817","189,631,897"
tt4799050,Rough Night,2017,101,5.2,57252,20000000,45056771,"20,000,000","45,056,771",24861455.613577023,56008845.61538022,"24,861,455","56,008,845"
tt4799066,Midnight Sun,2018,91,6.6,38116,2800000,27365467,"2,800,000","27,365,467",3397617.7486091587,33206212.992206506,"3,397,617","33,206,212"
tt4823776,The SpongeBob Movie: Sponge on the Run,2020,91,5.9,23487,60000000,4700000,"60,000,000","4,700,000",70638883.2004822,5533379.184037773,"70,638,883","5,533,379"
tt4824302,Mother's Day,2016,118,5.7,41090,25000000,48782670,"25,000,000","48,782,670",31738865.949743133,61932264.95202223,"31,738,865","61,932,264"
tt4824308,God's Not Dead 2,2016,120,4.3,13926,5000000,24487848,"5,000,000","24,487,848",6347773.189948627,31088661.002787415,"6,347,773","31,088,661"
tt4846232,Good Time,2017,102,7.3,146427,2000000,3283369,"2,000,000","3,283,369",2486145.561357702,4081466.632824739,"2,486,145","4,081,466"
tt4846340,Hidden Figures,2016,127,7.8,271558,25000000,235957472,"25,000,000","235,957,472",31738865.949743133,299560902.9459307,"31,738,865","299,560,902"
tt4873118,Guy Ritchie's the Covenant,2023,123,7.5,186190,55000000,20000000,"55,000,000","20,000,000",55000000.0,20000000.0,"55,000,000","20,000,000"
tt4877122,The Emoji Movie,2017,86,3.4,74924,50000000,216909830,"50,000,000","216,909,830",62153639.03394256,269634705.53467685,"62,153,639","269,634,705"
tt4881806,Jurassic World: Fallen Kingdom,2018,128,6.1,357806,170000000,1310466296,"170,000,000","1,310,466,296",206283934.73698464,1590165552.229894,"206,283,934","1,590,165,552"
tt4912910,Mission: Impossible - Fallout,2018,147,7.7,392426,178000000,791658205,"178,000,000","791,658,205",215991414.0187251,960625702.9071671,"215,991,414","960,625,702"
tt4913966,The Curse of La Llorona,2019,93,5.3,60783,9000000,123233739,"9,000,000","123,233,739",10726551.590607727,146874784.34299862,"10,726,551","146,874,784"
tt4916630,Just Mercy,2019,137,7.6,79623,25000000,50401502,"25,000,000","50,401,502",29795976.640577022,60070479.04967984,"29,795,976","60,070,479"
tt4919268,Bad Boys: Ride or Die,2024,115,6.5,97744,100000000,404547819,"100,000,000","404,547,819",,,,
tt4925292,Lady Bird,2017,94,7.4,349232,10000000,79000000,"10,000,000","79,000,000",12430727.806788512,98202749.67362924,"12,430,727","98,202,749"
tt4950110,I'm Not Ashamed,2016,112,5.8,4350,1500000,2082980,"1,500,000","2,082,980",1904331.956984588,2644456.919839838,"1,904,331","2,644,456"
tt4960748,Till,2022,130,7.2,16699,33000000,11498884,"33,000,000","11,498,884",34358428.866754375,11972229.938213939,"34,358,428","11,972,229"
tt4971344,The Sisters Brothers,2018,122,6.9,73298,38000000,13143056,"38,000,000","13,143,056",46110526.588267155,15948242.97734432,"46,110,526","15,948,242"
tt4972582,Split,2016,117,7.3,586397,9000000,278454358,"9,000,000","278,454,358",11425991.741907528,353513021.66735137,"11,425,991","353,513,021"
tt4975722,Moonlight,2016,111,7.4,340541,4000000,65046687,"4,000,000","65,046,687",5078218.551958901,82580323.16671596,"5,078,218","82,580,323"
tt4978420,Borderlands,2024,101,4.7,44963,115000000,32978510,"115,000,000","32,978,510",,,,
tt4998632,Ambulance,2022,136,6.1,107034,40000000,52303589,"40,000,000","52,303,589",41646580.44455075,54456640.6706805,"41,646,580","54,456,640"
tt5001718,"Everything, Everything",2017,96,6.3,43556,10000000,61621140,"10,000,000","61,621,140",12430727.806788512,76599561.84840077,"12,430,727","76,599,561"
tt5013056,Dunkirk,2017,106,7.8,768519,150000000,527000000,"150,000,000","527,000,000",186460917.10182768,655099355.4177545,"186,460,917","655,099,355"
tt5027774,"Three Billboards Outside Ebbing, Missouri",2017,115,8.1,578493,15000000,162729321,"15,000,000","162,729,321",18646091.710182767,202284389.5534514,"18,646,091","202,284,389"
tt5028340,Mary Poppins Returns,2018,130,6.7,97739,130000000,348807090,"130,000,000","348,807,090",157746538.32828236,423254699.9373972,"157,746,538","423,254,699"
tt5034838,Godzilla vs. Kong,2021,113,6.3,255182,200000000,470116094,"200,000,000","470,116,094",224897221.0945861,528639015.6622061,"224,897,221","528,639,015"
tt5040012,Nosferatu,2024,132,7.3,177142,50000000,177225075,"50,000,000","177,225,075",,,,
tt5052448,Get Out,2017,104,7.8,751773,4500000,255407969,"4,500,000","255,407,969",5593827.51305483,317490694.2323678,"5,593,827","317,490,694"
tt5052474,Sicario: Day of the Soldado,2018,122,7.1,177475,35000000,75836683,"35,000,000","75,836,683",42470221.85761448,92022878.6273023,"42,470,221","92,022,878"
tt5083738,The Favourite,2018,119,7.5,246210,15000000,95918706,"15,000,000","95,918,706",18201523.65326335,116391106.4032942,"18,201,523","116,391,106"
tt5090568,Transformers: Rise of the Beasts,2023,127,6.0,119754,195000000,441381193,"195,000,000","441,381,193",195000000.0,441381193.0,"195,000,000","441,381,193"
tt5095030,Ant-Man and the Wasp,2018,118,7.0,468884,140000000,622674139,"140,000,000","622,674,139",169880887.43045792,755574537.9522594,"169,880,887","755,574,537"
tt5108870,Morbius,2022,104,5.1,162406,75000000,167635712,"75,000,000","167,635,712",78087338.33353266,174536354.12968856,"78,087,338","174,536,354"
tt5109280,Raya and the Last Dragon,2021,107,7.3,179422,100000000,130423032,"100,000,000","130,423,032",112448610.54729305,146658887.31765136,"112,448,610","146,658,887"
tt5109784,Mother!,2017,121,6.6,258232,30000000,44516999,"30,000,000","44,516,999",37292183.420365535,55337869.73440764,"37,292,183","55,337,869"
tt5113040,The Secret Life of Pets 2,2019,86,6.4,73276,80000000,429434163,"80,000,000","429,434,163",95347125.24984647,511816411.57654977,"95,347,125","511,816,411"
tt5113044,Minions: The Rise of Gru,2022,87,6.5,97261,85000000,940203765,"85,000,000","940,203,765",88498983.44467035,978906793.3335497,"88,498,983","978,906,793"
tt5117670,Peter Rabbit,2018,95,6.6,50053,50000000,351266433,"50,000,000","351,266,433",60671745.51087783,426238952.5897964,"60,671,745","426,238,952"
tt5140878,Annabelle: Creation,2017,109,6.5,158116,15000000,306592201,"15,000,000","306,592,201",18646091.710182767,381116419.83151925,"18,646,091","381,116,419"
tt5164214,Ocean's Eight,2018,110,6.3,250877,70000000,297718711,"70,000,000","297,718,711",84940443.71522896,361262277.3523717,"84,940,443","361,262,277"
tt5164432,"Love, Simon",2018,110,7.5,130084,17000000,66316289,"17,000,000","66,316,289",20628393.473698463,80470500.18867654,"20,628,393","80,470,500"
tt5177088,The Girl in the Spider's Web,2018,115,6.1,53776,43000000,35164920,"43,000,000","35,164,920",52177701.13935494,42670341.54300756,"52,177,701","42,670,341"
tt5177114,Young Woman and the Sea,2024,129,7.5,16502,40000000,581725,"40,000,000","581,725",,,,
tt5177120,The Ministry of Ungentlemanly Warfare,2024,122,6.8,131374,60000000,29715044,"60,000,000","29,715,044",,,,
tt5198068,Wolfwalkers,2020,103,8.0,41410,12000000,1310720,"12,000,000","1,310,720",14127776.640096443,1543129.949808934,"14,127,776","1,543,129"
tt5198890,Eileen,2023,97,5.9,17071,16000000,1560142,"16,000,000","1,560,142",16000000.0,1560142.0,"16,000,000","1,560,142"
tt5220122,Hotel Transylvania 3: Summer Vacation,2018,97,6.3,91578,80000000,528600000,"80,000,000","528,600,000",97074792.81740454,641421693.5410005,"97,074,792","641,421,693"
tt5247022,Paterson,2016,118,7.3,91765,5000000,2152738,"5,000,000","2,152,738",6347773.189948627,2733018.512276725,"6,347,773","2,733,018"
tt5270948,Chappaquiddick,2017,106,6.4,15020,34000000,17904202,"34,000,000","17,904,202",42264474.54308094,22256226.165975846,"42,264,474","22,256,226"
tt5294550,All the Money in the World,2017,132,6.8,93776,50000000,56996304,"50,000,000","56,996,304",62153639.03394256,70850554.10169713,"62,153,639","70,850,554"
tt5301662,Marshall,2017,118,7.3,27574,12000000,10051659,"12,000,000","10,051,659",14916873.368146215,12494943.703565601,"14,916,873","12,494,943"
tt5308322,Happy Death Day,2017,96,6.6,174201,4800000,125479266,"4,800,000","125,479,266",5966749.347258486,155979860.10416123,"5,966,749","155,979,860"
tt5314190,Sgt. Stubby: An American Hero,2018,84,6.9,2701,25000000,4900000,"25,000,000","4,900,000",30335872.755438916,5945831.060066028,"30,335,872","5,945,831"
tt5325452,Boo! A Madea Halloween,2016,103,4.7,9638,20000000,74827344,"20,000,000","74,827,344",25391092.759794507,94997401.62365264,"25,391,092","94,997,401"
tt5340300,Lean on Pete,2017,121,7.1,14365,8000000,2400000,"8,000,000","2,400,000",9944582.245430809,2983374.673629243,"9,944,582","2,983,374"
tt5360952,The Hurricane Heist,2018,103,5.1,23053,35000000,32517248,"35,000,000","32,517,248",42470221.85761448,39457563.90740202,"42,470,221","39,457,563"
tt5362988,Wind River,2017,107,7.7,294163,11000000,44998252,"11,000,000","44,998,252",13673800.587467363,55936102.23932767,"13,673,800","55,936,102"
tt5390504,Detroit,2017,143,7.3,57232,34000000,23400000,"34,000,000","23,400,000",42264474.54308094,29087903.067885116,"42,264,474","29,087,903"
tt5397194,Anon,2018,100,6.1,50059,20000000,1197741,"20,000,000","1,197,741",24268698.204351135,1453380.7427988865,"24,268,698","1,453,380"
tt5433138,F9: The Fast Saga,2021,143,5.2,170171,200000000,726229501,"200,000,000","726,229,501",224897221.0945861,816634983.2590396,"224,897,221","816,634,983"
tt5433140,Fast X,2023,141,5.7,132407,340000000,704709660,"340,000,000","704,709,660",340000000.0,704709660.0,"340,000,000","704,709,660"
tt5439796,Logan Lucky,2017,118,7.0,170032,29000000,48453605,"29,000,000","48,453,605",36049110.63968668,60231357.501264684,"36,049,110","60,231,357"
tt5439812,Zola,2020,86,6.4,19028,5000000,3500000,"5,000,000","3,500,000",5886573.600040184,4120601.5200281288,"5,886,573","4,120,601"
tt5442430,Life,2017,104,6.6,265722,58000000,100541806,"58,000,000","100,541,806",72098221.27937336,124980782.3588936,"72,098,221","124,980,782"
tt5462602,The Big Sick,2017,120,7.5,146715,5000000,56303596,"5,000,000","56,303,596",6215363.903394256,69989467.64193864,"6,215,363","69,989,467"
tt5463162,Deadpool 2,2018,119,7.6,706631,110000000,785896632,"110,000,000","785,896,632",133477840.12393123,953634409.0912002,"133,477,840","953,634,409"
tt5503686,Hustlers,2019,110,6.3,110174,20000000,157563598,"20,000,000","157,563,598",23836781.31246162,187790451.41653073,"23,836,781","187,790,451"
tt5523010,The Nutcracker and the Four Realms,2018,99,5.6,38887,120000000,173961069,"120,000,000","173,961,069",145612189.2261068,211090434.14336517,"145,612,189","211,090,434"
tt5537002,Killers of the Flower Moon,2023,206,7.6,277713,200000000,156922344,"200,000,000","156,922,344",200000000.0,156922344.0,"200,000,000","156,922,344"
tt5563334,The Good Liar,2019,109,6.7,51323,10000000,33856058,"10,000,000","33,856,058",11918390.65623081,40350972.53240083,"11,918,390","40,350,972"
tt5580036,"I, Tonya",2017,119,7.5,251953,11000000,53900000,"11,000,000","53,900,000",13673800.587467363,67001622.87859008,"13,673,800","67,001,622"
tt5580266,The Hate U Give,2018,133,7.5,41960,23000000,34934009,"23,000,000","34,934,009",27909002.935003802,42390146.07445432,"27,909,002","42,390,146"
tt5580390,The Shape of Water,2017,123,7.3,458860,19500000,195300000,"19,500,000","195,300,000",24239919.223237596,242772114.06657964,"24,239,919","242,772,114"
tt5592248,The Beguiled,2017,93,6.3,64564,10500000,27869129,"10,500,000","27,869,129",13052264.197127936,34643355.68112761,"13,052,264","34,643,355"
tt5606664,Doctor Sleep,2019,152,7.3,230276,45000000,72381712,"45,000,000","72,381,712",53632757.95303864,86267351.99827895,"53,632,757","86,267,351"
tt5613484,Mid90s,2018,85,7.4,82252,1700000,9303022,"1,700,000","9,303,022",2062839.3473698464,11288611.665321954,"2,062,839","11,288,611"
tt5638642,The Ritual,2017,94,6.3,129792,1000000,1786396,"1,000,000","1,786,396",1243072.780678851,2220620.243113577,"1,243,072","2,220,620"
tt5649144,The Florida Project,2017,111,7.6,137941,2000000,11303040,"2,000,000","11,303,040",2486145.561357702,14050501.362924282,"2,486,145","14,050,501"
tt5657846,Daddy's Home 2,2017,100,6.0,87691,69000000,180613180,"69,000,000","180,613,180",85772021.86684074,224515327.88984987,"85,772,021","224,515,327"
tt5669936,The Recall,2017,90,4.2,9677,5000000,1319566,"5,000,000","1,319,566",6215363.903394256,1640316.576909269,"6,215,363","1,640,316"
tt5672290,The First Omen,2024,119,6.5,63149,30000000,53992802,"30,000,000","53,992,802",,,,
tt5688932,Sorry to Bother You,2018,112,6.9,91226,3200000,18200000,"3,200,000","18,200,000",3882991.712696181,22084515.365959533,"3,882,991","22,084,515"
tt5690360,Slender Man,2018,93,3.3,40298,10000000,11817275,"10,000,000","11,817,275",12134349.102175567,14339494.028641177,"12,134,349","14,339,494"
tt5691670,Under the Silver Lake,2018,139,6.5,55329,8500000,2053469,"8,500,000","2,053,469",10314196.736849232,2491750.971649536,"10,314,196","2,491,750"
tt5697572,Cats,2019,110,2.8,57392,95000000,77276321,"95,000,000","77,276,321",113224711.23419268,92100938.21542926,"113,224,711","92,100,938"
tt5715410,Son of Bigfoot,2017,92,6.1,8511,30000000,46372519,"30,000,000","46,372,519",37292183.420365535,57644416.14041285,"37,292,183","57,644,416"
tt5715874,The Killing of a Sacred Deer,2017,121,7.0,202490,3000000,10700000,"3,000,000","10,700,000",3729218.3420365537,13300878.753263708,"3,729,218","13,300,878"
tt5719700,Home Again,2017,97,5.8,36068,12000000,27020284,"12,000,000","27,020,284",14916873.368146215,33588179.56661227,"14,916,873","33,588,179"
tt5719748,Cold Pursuit,2019,119,6.2,81521,60000000,76419755,"60,000,000","76,419,755",71510343.93738486,91080049.39434476,"71,510,343","91,080,049"
tt5726086,Insidious: The Last Key,2018,103,5.7,75359,10000000,172811971,"10,000,000","172,811,971",12134349.102175567,209696078.514904,"12,134,349","209,696,078"
tt5726616,Call Me by Your Name,2017,132,7.8,336733,3500000,43143046,"3,500,000","43,143,046",4350754.732375979,53629946.15817559,"4,350,754","53,629,946"
tt5727208,Uncut Gems,2019,135,7.4,332721,19000000,50023780,"19,000,000","50,023,780",22644942.246838536,59620295.21413456,"22,644,942","59,620,295"
tt5734576,The Possession of Hannah Grace,2018,86,5.2,27761,9500000,43000000,"9,500,000","43,000,000",11527631.647066789,52177701.13935494,"11,527,631","52,177,701"
tt5758778,Skyscraper,2018,102,5.8,139408,125000000,292400000,"125,000,000","292,400,000",151679363.7771946,354808367.74761355,"151,679,363","354,808,367"
tt5774060,Underwater,2020,95,5.9,102638,50000000,40882928,"50,000,000","40,882,928",58865736.00040184,48132072.93142873,"58,865,736","48,132,072"
tt5776858,Phantom Thread,2017,130,7.4,150882,35000000,47756590,"35,000,000","47,756,590",43507547.32375979,59364917.12703982,"43,507,547","59,364,917"
tt5779228,The Garfield Movie,2024,101,5.7,23501,60000000,254907482,"60,000,000","254,907,482",,,,
tt5814060,The Nun,2018,96,5.4,180267,22000000,366082797,"22,000,000","366,082,797",26695568.024786245,444217645.909887,"26,695,568","444,217,645"
tt5814534,Spies in Disguise,2019,102,6.8,59728,100000000,171616764,"100,000,000","171,616,764",119183906.56230809,204539563.6510168,"119,183,906","204,539,563"
tt5816682,Victoria & Abdul,2017,111,6.8,39146,22000000,65400000,"22,000,000","65,400,000",27347601.174934726,81296959.85639687,"27,347,601","81,296,959"
tt5822536,Paddington in Peru,2024,106,6.7,16681,90000000,175614864,"90,000,000","175,614,864",,,,
tt5822564,The Kitchen,2019,102,5.6,23497,38000000,16000000,"38,000,000","16,000,000",45289884.49367707,19069425.049969293,"45,289,884","19,069,425"
tt5827916,A Hidden Life,2019,174,7.4,29999,9000000,4645140,"9,000,000","4,645,140",10726551.590607727,5536259.317288398,"10,726,551","5,536,259"
tt5834262,Hotel Artemis,2018,94,6.1,60454,15000000,12371132,"15,000,000","12,371,132",18201523.65326335,15011563.447709542,"18,201,523","15,011,563"
tt5834426,Moonfall,2022,130,5.2,105933,146000000,67319703,"146,000,000","67,319,703",152010018.62261024,70090885.66231912,"152,010,018","70,090,885"
tt5848272,Ralph Breaks the Internet,2018,112,7.0,193179,175000000,529323962,"175,000,000","529,323,962",212351109.2880724,642300174.3054714,"212,351,109","642,300,174"
tt5867314,The Empty Man,2020,137,6.2,43161,16000000,4796993,"16,000,000","4,796,993",18837035.52012859,5647570.470675512,"18,837,035","5,647,570"
tt5884052,Pokémon: Detective Pikachu,2019,104,6.5,189765,150000000,449762638,"150,000,000","449,762,638",178775859.84346214,536044682.2260919,"178,775,859","536,044,682"
tt5884796,Plane,2023,107,6.5,90127,25000000,74515586,"25,000,000","74,515,586",25000000.0,74515586.0,"25,000,000","74,515,586"
tt5886046,Escape Room,2019,99,6.4,150115,9000000,155712077,"9,000,000","155,712,077",10726551.590607727,185583736.35790923,"10,726,551","185,583,736"
tt5918982,Possessor,2020,103,6.5,49975,2500000,911000,"2,500,000","911,000",2943286.800020092,1072533.7099273216,"2,943,286","1,072,533"
tt5941692,Miss Bala,2019,104,5.8,13596,15000000,15200000,"15,000,000","15,200,000",17877585.984346215,18115953.79747083,"17,877,585","18,115,953"
tt5971474,The Little Mermaid,2023,135,7.2,164398,297000000,569626289,"297,000,000","569,626,289",297000000.0,569626289.0,"297,000,000","569,626,289"
tt6000478,"Roman J. Israel, Esq.",2017,122,6.5,45419,22000000,13025860,"22,000,000","13,025,860",27347601.174934726,16192092.01093342,"27,347,601","16,192,092"
tt6003368,Diary of a Wimpy Kid: The Long Haul,2017,91,4.3,11705,22000000,40120144,"22,000,000","40,120,144",27347601.174934726,49872258.96331593,"27,347,601","49,872,258"
tt6053438,First Reformed,2017,113,7.1,64611,3500000,3988612,"3,500,000","3,988,612",4350754.732375979,4958135.009889035,"4,350,754","4,958,135"
tt6095472,The Angry Birds Movie 2,2019,97,6.4,38299,65000000,137792047,"65,000,000","137,792,047",77469539.26550026,164225944.54677165,"77,469,539","164,225,944"
tt6105098,The Lion King,2019,118,6.8,280551,260000000,1662020819,"260,000,000","1,662,020,819",309878157.06200105,1980861339.9630675,"309,878,157","1,980,861,339"
tt6133444,The Fire Inside,2024,109,6.8,2125,12000000,8104331,"12,000,000","8,104,331",,,,
tt6133466,The First Purge,2018,97,5.2,74938,13000000,137056262,"13,000,000","137,056,262",15774653.832828237,166308852.9747239,"15,774,653","166,308,852"
tt6139732,Aladdin,2019,128,6.9,300876,183000000,1054300000,"183,000,000","1,054,300,000",218106549.0090238,1256555926.886414,"218,106,549","1,256,555,926"
tt6141246,The Aeronauts,2019,100,6.6,38880,40000000,3485251,"40,000,000","3,485,251",47673562.62492324,4153858.295301908,"47,673,562","4,153,858"
tt6143568,The Humanity Bureau,2017,95,4.5,12350,6000000,17544173,"6,000,000","17,544,173",7458436.684073107,21808683.915820822,"7,458,436","21,808,683"
tt6146586,John Wick: Chapter 3 - Parabellum,2019,130,7.4,448832,55000000,326709727,"55,000,000","326,709,727",65551148.60926945,389385415.75765187,"65,551,148","389,385,415"
tt6166392,Wonka,2023,116,7.0,174162,125000000,632302312,"125,000,000","632,302,312",125000000.0,632302312.0,"125,000,000","632,302,312"
tt6182908,Smallfoot,2018,96,6.6,44106,80000000,214115531,"80,000,000","214,115,531",97074792.81740454,259815260.13516948,"97,074,792","259,815,260"
tt6189022,Angel Has Fallen,2019,121,6.4,116395,40000000,146661977,"40,000,000","146,661,977",47673562.62492324,174797473.63011375,"47,673,562","174,797,473"
tt6199572,Capone,2020,103,4.7,24096,20600000,858281,"20,600,000","858,281",24252683.23216556,1010466.8552032178,"24,252,683","1,010,466"
tt6205872,Assassination Nation,2018,108,6.0,22643,7000000,2900000,"7,000,000","2,900,000",8494044.371522896,3518961.2396309143,"8,494,044","3,518,961"
tt6212478,American Animals,2018,116,7.0,50829,3000000,2847319,"3,000,000","2,847,319",3640304.73065267,3455036.275125743,"3,640,304","3,455,036"
tt6225520,The Man Who Invented Christmas,2017,104,7.0,20626,17000000,8100000,"17,000,000","8,100,000",21132237.27154047,10068889.523498693,"21,132,237","10,068,889"
tt6246322,Don't Breathe 2,2021,98,6.0,77026,15000000,53785551,"15,000,000","53,785,551",16867291.582093958,60481104.77470568,"16,867,291","60,481,104"
tt6263850,Deadpool & Wolverine,2024,128,7.6,478716,200000000,1338073645,"200,000,000","1,338,073,645",,,,
tt6264654,Free Guy,2021,115,7.1,457648,110000000,331526598,"110,000,000","331,526,598",123693471.60202235,372797053.04570985,"123,693,471","372,797,053"
tt6266538,Vice,2018,132,7.2,168222,60000000,76100000,"60,000,000","76,100,000",72806094.6130534,92342396.66755606,"72,806,094","92,342,396"
tt6288124,"Don't Worry, He Won't Get Far on Foot",2018,114,6.8,31979,3500000,4200000,"3,500,000","4,200,000",4247022.185761448,5096426.622913738,"4,247,022","5,096,426"
tt6294822,The Post,2017,116,7.2,166866,50000000,179769467,"50,000,000","179,769,467",62153639.03394256,223466531.22484496,"62,153,639","223,466,531"
tt6306064,Adrift,2018,96,6.6,63798,35000000,59945012,"35,000,000","59,945,012",42470221.85761448,72739370.25421035,"42,470,221","72,739,370"
tt6320628,Spider-Man: Far from Home,2019,129,7.4,590398,160000000,1131927996,"160,000,000","1,131,927,996",190694250.49969295,1349076005.1052465,"190,694,250","1,349,076,005"
tt6324278,Abominable,2019,97,7.0,44730,75000000,190304772,"75,000,000","190,304,772",89387929.92173107,226812661.64409345,"89,387,929","226,812,661"
tt6334354,The Suicide Squad,2021,132,7.2,429448,185000000,168717425,"185,000,000","168,717,425",208029929.51249215,189720400.16367123,"208,029,929","189,720,400"
tt6343314,Creed II,2018,130,7.1,161381,50000000,214200000,"50,000,000","214,200,000",60671745.51087783,259917757.76860064,"60,671,745","259,917,757"
tt6348138,Missing Link,2019,93,6.7,29713,100000000,26565710,"100,000,000","26,565,710",119183906.56230809,31662050.984013736,"119,183,906","31,662,050"
tt6359956,A Bad Moms Christmas,2017,104,5.6,60394,28000000,130560428,"28,000,000","130,560,428",34806037.859007835,162296114.28058094,"34,806,037","162,296,114"
tt6394270,Bombshell,2019,109,6.8,131185,32000000,61404394,"32,000,000","61,404,394",38138850.09993859,73184155.57011151,"38,138,850","73,184,155"
tt6398184,Downton Abbey,2019,122,7.4,66449,20000000,194694725,"20,000,000","194,694,725",23836781.31246162,232044779.12574267,"23,836,781","232,044,779"
tt6428676,Wonder Park,2019,85,5.9,13052,100000000,119559110,"100,000,000","119,559,110",119183906.56230809,142495217.94912714,"119,183,906","142,495,217"
tt6443346,Black Adam,2022,125,6.2,288939,200000000,393452111,"200,000,000","393,452,111",208232902.22275376,409648374.7959953,"208,232,902","409,648,374"
tt6450804,Terminator: Dark Fate,2019,128,6.2,202582,185000000,261119292,"185,000,000","261,119,292",220490227.14026996,311212172.9934404,"220,490,227","311,212,172"
tt6467266,Sing 2,2021,110,7.3,94713,85000000,408402685,"85,000,000","408,402,685",95581318.96519908,459243144.720338,"95,581,318","459,243,144"
tt6475714,Monster Hunter,2020,103,5.2,70885,60000000,42145959,"60,000,000","42,145,959",70638883.2004822,49619057.9195552,"70,638,883","49,619,057"
tt6491178,Dragged Across Concrete,2018,159,6.9,58552,15000000,660132,"15,000,000","660,132",18201523.65326335,801027.2141517361,"18,201,523","801,027"
tt6495056,Migration,2023,83,6.6,39265,72000000,298776052,"72,000,000","298,776,052",72000000.0,298776052.0,"72,000,000","298,776,052"
tt6499752,Upgrade,2018,100,7.5,220587,5000000,16706680,"5,000,000","16,706,680",6067174.551087784,20272468.74583345,"6,067,174","20,272,468"
tt6511932,The Beach Bum,2019,95,5.5,25759,5000000,4600000,"5,000,000","4,600,000",5959195.328115405,5482459.701866172,"5,959,195","5,482,459"
tt6513120,Fighting with My Family,2019,108,7.0,90380,11000000,39055536,"11,000,000","39,055,536",13110229.72185389,46547913.533648595,"13,110,229","46,547,913"
tt6521876,Jay and Silent Bob Reboot,2019,105,5.6,29323,10000000,1011305,"10,000,000","1,011,305",11918390.65623081,1205312.80625995,"11,918,390","1,205,312"
tt6528290,Knights of the Zodiac,2023,112,4.4,15911,60000000,7000000,"60,000,000","7,000,000",60000000.0,7000000.0,"60,000,000","7,000,000"
tt6535880,Haunt,2019,92,6.3,42482,5000000,2243353,"5,000,000","2,243,353",5959195.328115405,2673715.743382735,"5,959,195","2,673,715"
tt6565702,X-Men: Dark Phoenix,2019,113,5.7,216701,200000000,252442974,"200,000,000","252,442,974",238367813.12461618,300871398.25527173,"238,367,813","300,871,398"
tt6574272,Phoenix Forgotten,2017,87,5.4,7311,2800000,3600000,"2,800,000","3,600,000",3480603.7859007833,4475062.010443864,"3,480,603","4,475,062"
tt6587640,Trolls World Tour,2020,91,6.1,30788,90000000,49276818,"90,000,000","49,276,818",105958324.80072331,58014323.18655699,"105,958,324","58,014,323"
tt6628394,Bad Times at the El Royale,2018,141,7.1,171766,32000000,31882724,"32,000,000","31,882,724",38829917.12696181,38687610.334431134,"38,829,917","38,687,610"
tt6644200,A Quiet Place,2018,90,7.5,624419,17000000,340955294,"17,000,000","340,955,294",20628393.473698463,413727056.5630906,"20,628,393","413,727,056"
tt6663582,The Spy Who Dumped Me,2018,117,6.0,84733,40000000,33562069,"40,000,000","33,562,069",48537396.40870227,40725386.18373044,"48,537,396","40,725,386"
tt6673612,Dolittle,2020,101,5.6,73840,175000000,251410631,"175,000,000","251,410,631",206030076.00140646,295989436.6428089,"206,030,076","295,989,436"
tt6710474,Everything Everywhere All at Once,2022,139,7.8,574689,25000000,139200000,"25,000,000","139,200,000",26029112.77784422,144930099.94703662,"26,029,112","144,930,099"
tt6718170,The Super Mario Bros. Movie,2023,92,7.0,263302,100000000,1362000000,"100,000,000","1,362,000,000",100000000.0,1362000000.0,"100,000,000","1,362,000,000"
tt6723592,Tenet,2020,150,7.3,625007,205000000,365304105,"205,000,000","365,304,105",241349517.60164756,430077900.0958615,"241,349,517","430,077,900"
tt6760876,Wasp Network,2019,127,5.9,12333,10530000,1400000,"10,530,000","1,400,000",12550065.361011041,1668574.6918723132,"12,550,065","1,668,574"
tt6772950,Truth or Dare,2018,100,5.2,69290,3500000,95330493,"3,500,000","95,330,493",4247022.185761448,115677348.2144504,"4,247,022","115,677,348"
tt6791350,Guardians of the Galaxy Vol. 3,2023,150,7.9,421064,250000000,845600000,"250,000,000","845,600,000",250000000.0,845600000.0,"250,000,000","845,600,000"
tt6803212,Don't Let Go,2019,103,6.4,14465,5000000,5300000,"5,000,000","5,300,000",5959195.328115405,6316747.047802329,"5,959,195","6,316,747"
tt6806448,Fast & Furious Presents: Hobbs & Shaw,2019,137,6.5,246506,200000000,760098996,"200,000,000","760,098,996",238367813.12461618,905915677.1736819,"238,367,813","905,915,677"
tt6811018,The Kid Who Would Be King,2019,120,6.1,19517,59000000,32140970,"59,000,000","32,140,970",70318504.87176177,38306863.65301947,"70,318,504","38,306,863"
tt6820256,Arctic,2018,98,6.8,60541,2000000,4100000,"2,000,000","4,100,000",2426869.8204351133,4975083.131891983,"2,426,869","4,975,083"
tt6823368,Glass,2019,129,6.6,290878,20000000,246999039,"20,000,000","246,999,039",23836781.31246162,294383103.8515589,"23,836,781","294,383,103"
tt6850820,Peppermint,2018,101,6.5,73126,25000000,53918723,"25,000,000","53,918,723",30335872.755438916,65426860.80255031,"30,335,872","65,426,860"
tt6857112,Us,2019,116,6.8,361617,20000000,256067149,"20,000,000","256,067,149",23836781.31246162,305190831.6009262,"23,836,781","305,190,831"
tt6857166,Book Club,2018,104,6.1,33703,10000000,78720293,"10,000,000","78,720,293",12134349.102175567,95521951.66875476,"12,134,349","95,521,951"
tt6878306,News of the World,2020,118,6.8,98234,38000000,12700000,"38,000,000","12,700,000",44737959.3603054,14951896.944102068,"44,737,959","14,951,896"
tt6902332,The Marksman,2021,108,5.7,45862,23000000,23076711,"23,000,000","23,076,711",25863180.4258774,25949440.879514333,"25,863,180","25,949,440"
tt6902676,Guns Akimbo,2019,98,6.3,73448,15000000,835102,"15,000,000","835,102",17877585.984346215,995307.1873799661,"17,877,585","995,307"
tt6906292,Retribution,2023,91,5.3,25157,20000000,18685751,"20,000,000","18,685,751",20000000.0,18685751.0,"20,000,000","18,685,751"
tt6911608,Mamma Mia! Here We Go Again,2018,114,6.6,114699,75000000,395607854,"75,000,000","395,607,854",91007618.26631676,480044380.7998502,"91,007,618","480,044,380"
tt6920084,Resident Evil: Welcome to Raccoon City,2021,107,5.2,67889,25000000,41914915,"25,000,000","41,914,915",28112152.636823263,47132739.52957892,"28,112,152","47,132,739"
tt6921996,Johnny English Strikes Again,2018,89,6.2,86848,25000000,158972570,"25,000,000","158,972,570",30335872.755438916,192902866.20500425,"30,335,872","192,902,866"
tt6924650,Midway,2019,138,6.7,99709,100000000,127400000,"100,000,000","127,400,000",119183906.56230809,151840296.9603805,"119,183,906","151,840,296"
tt6932874,The Boss Baby: Family Business,2021,107,5.9,24246,82000000,146745280,"82,000,000","146,745,280",92207860.6487803,165013028.4037347,"92,207,860","165,013,028"
tt6966692,Green Book,2018,130,8.2,626661,23000000,321752656,"23,000,000","321,752,656",27909002.935003802,390425905.24562037,"27,909,002","390,425,905"
tt6977338,Good Boys,2019,90,6.7,85169,20000000,111037232,"20,000,000","111,037,232",23836781.31246162,132338510.83625326,"23,836,781","132,338,510"
tt7008872,Boy Erased,2018,115,6.9,45028,15000000,7900000,"15,000,000","7,900,000",18201523.65326335,9586135.790718697,"18,201,523","9,586,135"
tt7014006,Eighth Grade,2018,93,7.3,84627,2000000,13539709,"2,000,000","13,539,709",2426869.8204351133,16429555.574786844,"2,426,869","16,429,555"
tt7040874,A Simple Favor,2018,117,6.8,174868,20000000,97644617,"20,000,000","97,644,617",24268698.204351135,118485387.0626227,"24,268,698","118,485,387"
tt7069210,The Conjuring: The Devil Made Me Do It,2021,112,6.3,149172,39000000,206431050,"39,000,000","206,431,050",43854958.11344429,232128847.46318778,"43,854,958","232,128,847"
tt7074886,The Front Runner,2018,113,6.1,14560,25000000,3300000,"25,000,000","3,300,000",30335872.755438916,4004335.2037179368,"30,335,872","4,004,335"
tt7083526,Breakthrough,2019,116,6.3,11432,14000000,49200000,"14,000,000","49,200,000",16685746.918723132,58638482.02865558,"16,685,746","58,638,482"
tt7097896,Venom: Let There Be Carnage,2021,97,5.9,284216,110000000,506863592,"110,000,000","506,863,592",123693471.60202235,569961066.5741004,"123,693,471","569,961,066"
tt7126948,Wonder Woman 1984,2020,151,5.4,299991,200000000,169601036,"200,000,000","169,601,036",235462944.00160736,199673796.211413,"235,462,944","199,673,796"
tt7131622,Once Upon a Time... in Hollywood,2019,161,7.6,897644,95000000,392105159,"95,000,000","392,105,159",113224711.23419268,467326246.32854956,"113,224,711","467,326,246"
tt7134096,The Rhythm Section,2020,109,5.4,20442,50000000,5989583,"50,000,000","5,989,583",58865736.00040184,7051624.232609898,"58,865,736","7,051,624"
tt7139936,A Rainy Day in New York,2019,92,6.4,55302,25000000,23800000,"25,000,000","23,800,000",29795976.640577022,28365769.761829324,"29,795,976","28,365,769"
tt7144666,The Black Phone,2021,103,6.9,223385,16000000,161440742,"16,000,000","161,440,742",17991777.687566888,181537871.23624018,"17,991,777","181,537,871"
tt7146812,Onward,2020,102,7.4,177943,200000000,141940042,"200,000,000","141,940,042",235462944.00160736,167108100.805159,"235,462,944","167,108,100"
tt7153766,Unsane,2018,98,6.4,51264,1500000,14293601,"1,500,000","14,293,601",1820152.365326335,17344354.44612058,"1,820,152","17,344,354"
tt7158430,Hearts Beat Loud,2018,97,6.9,12094,2000000,2115765,"2,000,000","2,115,765",2426869.8204351133,2567343.112816449,"2,426,869","2,567,343"
tt7160372,The Zone of Interest,2023,105,7.3,130908,15000000,52631884,"15,000,000","52,631,884",15000000.0,52631884.0,"15,000,000","52,631,884"
tt7167630,Batman: Gotham by Gaslight,2018,78,6.7,19737,1000000,3469151,"1,000,000","3,469,151",1213434.9102175566,4209588.932216147,"1,213,434","4,209,588"
tt7286456,Joker,2019,122,8.3,1593179,55000000,1078958629,"55,000,000","1,078,958,629",65551148.60926945,1285945044.2333202,"65,551,148","1,285,945,044"
tt7322224,Triangle of Sadness,2022,147,7.3,200019,15600000,24733572,"15,600,000","24,733,572",16242166.373374794,25751717.399477202,"16,242,166","25,751,717"
tt7329656,47 Meters Down: Uncaged,2019,90,5.0,32173,12000000,47582563,"12,000,000","47,582,563",14302068.78747697,56710757.42587138,"14,302,068","56,710,757"
tt7334528,Uncle Drew,2018,103,5.8,16458,19000000,17700000,"19,000,000","17,700,000",23055263.294133577,21477797.910850752,"23,055,263","21,477,797"
tt7339248,The Art of Self-Defense,2019,104,6.6,42106,1800000,2400000,"1,800,000","2,400,000",2145310.3181215455,2860413.757495394,"2,145,310","2,860,413"
tt7349662,BlacKkKlansman,2018,135,7.5,300558,15000000,93411426,"15,000,000","93,411,426",18201523.65326335,113348685.32160392,"18,201,523","113,348,685"
tt7349950,It Chapter Two,2019,169,6.5,321172,79000000,473123154,"79,000,000","473,123,154",94155286.18422338,563886657.788005,"94,155,286","563,886,657"
tt7390646,Black and Blue,2019,108,6.4,28100,12000000,22741061,"12,000,000","22,741,061",14302068.78747697,27103684.893517483,"14,302,068","27,103,684"
tt7424200,Teen Titans GO! To the Movies,2018,84,6.7,22609,10000000,52390236,"10,000,000","52,390,236",12134349.102175567,63572141.3169366,"12,134,349","63,572,141"
tt7466442,The Bob's Burgers Movie,2022,102,7.0,22818,38000000,34148750,"38,000,000","34,148,750",39564251.42232322,35554466.59889632,"39,564,251","35,554,466"
tt7504726,The Call of the Wild,2020,100,6.7,60745,109000000,111200000,"109,000,000","111,200,000",128327304.48087601,130917396.8648937,"128,327,304","130,917,396"
tt7510222,Despicable Me 4,2024,94,6.2,61984,100000000,969280910,"100,000,000","969,280,910",,,,
tt7527682,Out of Darkness,2022,88,5.5,7020,1500000,1987281,"1,500,000","1,987,281",1561746.7666706534,2069086.4508106816,"1,561,746","2,069,086"
tt7531096,StarDog and TurboCat,2019,90,5.2,2529,2100000,585443,"2,100,000","585,443",2502862.03780847,697753.8380955734,"2,502,862","697,753"
tt7541720,Music,2021,107,3.2,9419,16000000,645949,"16,000,000","645,949",17991777.687566888,726360.6753441339,"17,991,777","726,360"
tt7547410,Dora and the Lost City of Gold,2019,102,6.1,36757,49000000,120600000,"49,000,000","120,600,000",58400114.21553096,143735791.31414357,"58,400,114","143,735,791"
tt7549996,Judy,2019,118,6.8,56444,10000000,38981322,"10,000,000","38,981,322",11918390.65623081,46459462.38923245,"11,918,390","46,459,462"
tt7599146,Sound of Freedom,2023,131,7.6,129200,14500000,250600000,"14,500,000","250,600,000",14500000.0,250600000.0,"14,500,000","250,600,000"
tt7638348,Boss Level,2020,100,6.8,84085,45000000,2000000,"45,000,000","2,000,000",52979162.40036166,2354629.4400160736,"52,979,162","2,354,629"
tt7657566,Death on the Nile,2022,127,6.3,199618,90000000,137307235,"90,000,000","137,307,235",93704806.0002392,142959420.20115837,"93,704,806","142,959,420"
tt7668870,Searching,2018,102,7.6,185869,1000000,75462037,"1,000,000","75,462,037",1213434.9102175566,91568270.09192893,"1,213,434","91,568,270"
tt7713068,Birds of Prey and the Fantabulous Emancipation of One Harley Quinn,2020,109,6.1,272815,75000000,205537933,"75,000,000","205,537,933",88298604.00060277,241982834.04092565,"88,298,604","241,982,834"
tt7734218,Stuber,2019,93,6.2,52817,16000000,32400000,"16,000,000","32,400,000",19069425.049969293,38615585.72618782,"19,069,425","38,615,585"
tt7737786,Greenland,2020,119,6.4,144658,34000000,52300000,"34,000,000","52,300,000",40028700.480273254,61573559.85642033,"40,028,700","61,573,559"
tt7740496,Nightmare Alley,2021,150,7.0,173879,60000000,39629195,"60,000,000","39,629,195",67469166.32837583,44562479.148577325,"67,469,166","44,562,479"
tt7740510,Antlers,2021,99,5.9,47122,17000000,18867659,"17,000,000","18,867,659",19116263.793039817,21216420.388301287,"19,116,263","21,216,420"
tt7784604,Hereditary,2018,127,7.3,413942,10000000,87825916,"10,000,000","87,825,916",12134349.102175567,106571032.49623469,"12,134,349","106,571,032"
tt7798634,Ready or Not,2019,95,6.8,211465,6000000,57600000,"6,000,000","57,600,000",7151034.393738485,68649930.17988946,"7,151,034","68,649,930"
tt7888964,Nobody,2021,92,7.4,345953,17000000,61779301,"17,000,000","61,779,301",19116263.793039817,69469965.58032991,"19,116,263","69,469,965"
tt7958736,Ma,2019,99,5.6,65817,5000000,51749995,"5,000,000","51,749,995",5959195.328115405,61677665.68679911,"5,959,195","61,677,665"
tt7959026,The Mule,2018,116,7.0,159643,50000000,174800000,"50,000,000","174,800,000",60671745.51087783,212108422.3060289,"60,671,745","212,108,422"
tt7975244,Jumanji: The Next Level,2019,123,6.6,300421,125000000,801693929,"125,000,000","801,693,929",148979883.20288512,955490143.2550565,"148,979,883","955,490,143"
tt7984734,The Lighthouse,2019,109,7.4,279474,11000000,18262464,"11,000,000","18,262,464",13110229.72185389,21765918.02973515,"13,110,229","21,765,918"
tt7985704,Operation Fortune: Ruse de Guerre,2023,114,6.3,99043,50000000,37800000,"50,000,000","37,800,000",50000000.0,37800000.0,"50,000,000","37,800,000"
tt8041270,Jurassic World: Dominion,2022,147,5.6,220884,165000000,1001978080,"165,000,000","1,001,978,080",171792144.33377185,1043224017.8099127,"171,792,144","1,043,224,017"
tt8079248,Yesterday,2019,116,6.8,175251,26000000,154608856,"26,000,000","154,608,856",30987815.706200104,184268874.47209346,"30,987,815","184,268,874"
tt8080204,Hypnotic,2023,93,5.5,41518,70000000,16014123,"70,000,000","16,014,123",70000000.0,16014123.0,"70,000,000","16,014,123"
tt8085790,Little,2019,109,5.5,15455,20000000,17399000,"20,000,000","17,399,000",23836781.31246162,20736807.902775984,"23,836,781","20,736,807"
tt8093700,The Woman King,2022,135,6.9,78710,50000000,97300000,"50,000,000","97,300,000",52058225.55568844,101305306.9313697,"52,058,225","101,305,306"
tt8097030,Turning Red,2022,100,6.9,163319,175000000,21328962,"175,000,000","21,328,962",182203789.44490954,22206958.293294154,"182,203,789","22,206,958"
tt8110652,Bodies Bodies Bodies,2022,94,6.2,82937,3000000,13900000,"3,000,000","13,900,000",3123493.5333413067,14472186.704481388,"3,123,493","14,472,186"
tt8115900,The Bad Guys,2022,100,6.8,66032,80000000,250162278,"80,000,000","250,162,278",83293160.8891015,260460085.87297675,"83,293,160","260,460,085"
tt8155288,Happy Death Day 2U,2019,100,6.2,90451,9000000,64600152,"9,000,000","64,600,152",10726551.590607727,76992984.798789,"10,726,551","76,992,984"
tt8186318,Overcomer,2019,119,6.7,6058,5000000,38026103,"5,000,000","38,026,103",5959195.328115405,45320995.06880703,"5,959,195","45,320,995"
tt8242084,My Spy,2020,99,6.4,39073,18000000,10200000,"18,000,000","10,200,000",21191664.960144665,12008610.144081976,"21,191,664","12,008,610"
tt8244784,The Hunt,2020,90,6.6,142089,14000000,10550350,"14,000,000","10,550,350",16482406.080112515,12421082.356236791,"16,482,406","12,421,082"
tt8266310,Blinded by the Light,2019,118,6.9,27897,8300000,18144644,"8,300,000","18,144,644",9892264.244671572,21625495.551023442,"9,892,264","21,625,495"
tt8305852,All My Life,2020,91,6.3,6511,25000000,2000000,"25,000,000","2,000,000",29432868.00020092,2354629.4400160736,"29,432,868","2,354,629"
tt8310486,Miller's Girl,2024,93,5.2,22678,4000000,1430985,"4,000,000","1,430,985",,,,
tt8332922,A Quiet Place Part II,2020,97,7.2,300894,55000000,297372261,"55,000,000","297,372,261",64752309.60044203,350100740.19737184,"64,752,309","350,100,740"
tt8337290,Absolution,2024,112,5.2,7373,30000000,3854594,"30,000,000","3,854,594",,,,
tt8350360,Annabelle Comes Home,2019,106,5.9,92375,27000000,231252591,"27,000,000","231,252,591",32179654.771823183,275615871.9803565,"32,179,654","275,615,871"
tt8356942,The 355,2022,122,5.6,40541,75000000,55700000,"75,000,000","55,700,000",78087338.33353266,57992863.26903693,"78,087,338","57,992,863"
tt8364368,Crawl,2019,87,6.1,98350,13500000,91500000,"13,500,000","91,500,000",16089827.385911591,109053274.5045119,"16,089,827","109,053,274"
tt8367814,The Gentlemen,2019,113,7.8,429614,22000000,115171795,"22,000,000","115,171,795",26220459.44370778,137266244.538933,"26,220,459","137,266,244"
tt8368368,The Apprentice,2024,122,7.1,49402,16000000,17279457,"16,000,000","17,279,457",,,,
tt8368408,Gunpowder Milkshake,2021,114,6.1,53598,30000000,1015760,"30,000,000","1,015,760",33734583.164187916,1142208.0064951838,"33,734,583","1,142,208"
tt8376234,Peter Rabbit 2: The Runaway,2021,93,6.2,15616,45000000,153000000,"45,000,000","153,000,000",50601874.74628187,172046374.13735837,"50,601,874","172,046,374"
tt8385148,Hitman's Wife's Bodyguard,2021,100,6.1,113543,70000000,70060492,"70,000,000","70,060,492",78714027.38310513,78782049.79659739,"78,714,027","78,782,049"
tt8404256,Snake Eyes,2021,121,5.4,46365,88000000,36964325,"88,000,000","36,964,325",98954777.28161788,41565869.86068568,"98,954,777","41,565,869"
tt8406660,Inmate Zero,2020,106,4.3,3451,141129,695501,"141,129","695,501",166153.24912001422,818823.5650803096,"166,153","818,823"
tt8521778,Bob Marley: One Love,2024,107,6.2,34084,70000000,180828556,"70,000,000","180,828,556",,,,
tt8544498,The Way Back,2020,108,6.7,54543,23000000,14590514,"23,000,000","14,590,514",27078238.560184848,17177626.90468334,"27,078,238","17,177,626"
tt8579674,1917,2019,119,8.2,720439,100000000,394638258,"100,000,000","394,638,258",119183906.56230809,470345292.6738403,"119,183,906","470,345,292"
tt8589698,Teenage Mutant Ninja Turtles: Mutant Mayhem,2023,99,7.2,72326,75000000,180513586,"75,000,000","180,513,586",75000000.0,180513586.0,"75,000,000","180,513,586"
tt8623904,Last Christmas,2019,103,6.5,97456,30000000,121600000,"30,000,000","121,600,000",35755171.96869243,144927630.37976664,"35,755,171","144,927,630"
tt8633478,Run,2020,90,6.7,104011,1700000,5184368,"1,700,000","5,184,368",2001435.0240136627,6103632.760338626,"2,001,435","6,103,632"
tt8652728,Waves,2019,135,7.5,34077,6000000,2576990,"6,000,000","2,576,990",7151034.393738485,3071357.3537200233,"7,151,034","3,071,357"
tt8663516,Child's Play,2019,90,5.7,58383,10000000,44902237,"10,000,000","44,902,237",11918390.65623081,53516240.190466136,"11,918,390","53,516,240"
tt8688634,21 Bridges,2019,99,6.6,77851,33000000,49900000,"33,000,000","49,900,000",39330689.16556167,59472769.37459174,"39,330,689","59,472,769"
tt8695030,The Dead Don't Die,2019,104,5.4,95648,11000000,15800000,"11,000,000","15,800,000",13110229.72185389,18831057.236844677,"13,110,229","18,831,057"
tt8722346,Queen & Slim,2019,132,7.1,35857,20000000,47803176,"20,000,000","47,803,176",23836781.31246162,56973692.61765569,"23,836,781","56,973,692"
tt8760708,M3GAN,2022,102,6.3,160939,12000000,181796517,"12,000,000","181,796,517",12493974.133365227,189280081.74449095,"12,493,974","189,280,081"
tt8772262,Midsommar,2019,148,7.1,442582,9000000,48015416,"9,000,000","48,015,416",10726551.590607727,57226648.540943526,"10,726,551","57,226,648"
tt8790086,Kraven the Hunter,2024,127,5.4,43499,120000000,59184643,"120,000,000","59,184,643",,,,
tt8847712,The French Dispatch,2021,107,7.1,157880,25000000,46333545,"25,000,000","46,333,545",28112152.636823263,52101427.56980477,"28,112,152","52,101,427"
tt8864596,Transformers One,2024,104,7.6,47206,75000000,128888103,"75,000,000","128,888,103",,,,
tt8912936,DC League of Super-Pets,2022,105,7.0,78482,90000000,203000000,"90,000,000","203,000,000",93704806.0002392,211356395.75609508,"93,704,806","211,356,395"
tt8946378,Knives Out,2019,130,7.9,811141,40000000,312897920,"40,000,000","312,897,920",47673562.62492324,372923964.6082055,"47,673,562","372,923,964"
tt8972256,Greed,2019,104,5.8,8684,5500000,1460431,"5,500,000","1,460,431",6555114.860926945,1740598.7184469816,"6,555,114","1,740,598"
tt8999762,The Brutalist,2024,216,7.5,67204,9000000,45151320,"9,000,000","45,151,320",,,,
tt9024106,Unplanned,2019,109,5.5,14933,6000000,21600000,"6,000,000","21,600,000",7151034.393738485,25743723.817458548,"7,151,034","25,743,723"
tt9032400,Eternals,2021,156,6.2,404435,200000000,402064899,"200,000,000","402,064,899",224897221.0945861,452116392.4238771,"224,897,221","452,116,392"
tt9051908,Living,2022,102,7.2,36887,10000000,6999027,"10,000,000","6,999,027",10411645.111137688,7287138.524727068,"10,411,645","7,287,138"
tt9071322,Dark Waters,2019,126,7.6,114562,20000000,13601384,"20,000,000","13,601,384",23836781.31246162,16210660.797740722,"23,836,781","16,210,660"
tt9086228,Gretel & Hansel,2020,87,5.5,36560,5000000,22304357,"5,000,000","22,304,357",5886573.600040184,26259247.816414297,"5,886,573","26,259,247"
tt9100054,The Lost Daughter,2021,121,6.7,78220,5000000,703281,"5,000,000","703,281",5622430.527364653,790829.712743108,"5,622,430","790,829"
tt9114286,Black Panther: Wakanda Forever,2022,161,6.6,326716,250000000,859102154,"250,000,000","859,102,154",260291127.7784422,894466674.1661958,"260,291,127","894,466,674"
tt9134216,Playing with Fire,2019,96,5.2,17098,29900000,69412425,"29,900,000","69,412,425",35635988.062130116,82728439.75463217,"35,635,988","82,728,439"
tt9185206,"Are You There God? It's Me, Margaret.",2023,106,7.3,33103,30000000,21800000,"30,000,000","21,800,000",30000000.0,21800000.0,"30,000,000","21,800,000"
tt9198364,Three Thousand Years of Longing,2022,108,6.7,67700,60000000,20300000,"60,000,000","20,300,000",62469870.66682613,21135639.57560951,"62,469,870","21,135,639"
tt9214772,Monkey Man,2024,121,6.8,89835,10000000,35271631,"10,000,000","35,271,631",,,,
tt9214832,Emma.,2020,124,6.7,66640,10000000,25200000,"10,000,000","25,200,000",11773147.200080369,29668330.944202527,"11,773,147","29,668,330"
tt9218128,Gladiator II,2024,148,6.6,215175,310000000,458718000,"310,000,000","458,718,000",,,,
tt9224104,Meg 2: The Trench,2023,116,5.0,91222,129000000,384056482,"129,000,000","384,056,482",129000000.0,384056482.0,"129,000,000","384,056,482"
tt9243804,The Green Knight,2021,130,6.6,124996,15000000,18887953,"15,000,000","18,887,953",16867291.582093958,21239240.709325753,"16,867,291","21,239,240"
tt9288692,Werewolves Within,2021,97,6.0,26958,6500000,937490,"6,500,000","937,490",7309159.685574048,1054194.4790198177,"7,309,159","1,054,194"
tt9340860,Let Him Go,2020,113,6.7,37105,21000000,7997460,"21,000,000","7,997,460",24723609.120168775,9415527.380675474,"24,723,609","9,415,527"
tt9347730,Candyman,2021,91,5.9,79093,25000000,77411570,"25,000,000","77,411,570",28112152.636823263,87048234.86784513,"28,112,152","87,048,234"
tt9357050,Dear Evan Hansen,2021,137,6.1,19879,27500000,19133454,"27,500,000","19,133,454",30923367.900505587,21515303.172705464,"30,923,367","21,515,303"
tt9362722,Spider-Man: Across the Spider-Verse,2023,140,8.5,442148,100000000,690897910,"100,000,000","690,897,910",100000000.0,690897910.0,"100,000,000","690,897,910"
tt9362930,Blue Beetle,2023,127,5.9,107254,104000000,130788072,"104,000,000","130,788,072",104000000.0,130788072.0,"104,000,000","130,788,072"
tt9376612,Shang-Chi and the Legend of the Ten Rings,2021,132,7.3,458806,150000000,432243292,"150,000,000","432,243,292",168672915.82093957,486051576.03787863,"168,672,915","486,051,576"
tt9411972,Where the Crawdads Sing,2022,125,7.2,144368,24000000,144353965,"24,000,000","144,353,965",24987948.266730454,150296225.3965591,"24,987,948","150,296,225"
tt9419056,The Unholy,2021,99,5.1,29433,10000000,30800000,"10,000,000","30,800,000",11244861.054729305,34634172.04856626,"11,244,861","34,634,172"
tt9419884,Doctor Strange in the Multiverse of Madness,2022,126,6.9,509564,200000000,955775804,"200,000,000","955,775,804",208232902.22275376,995119847.7060294,"208,232,902","995,119,847"
tt9462944,Treasure,2024,111,6.3,1978,2000000,583631,"2,000,000","583,631",,,,
tt9603212,Mission: Impossible - Dead Reckoning Part One,2023,163,7.6,280893,291000000,567535383,"291,000,000","567,535,383",291000000.0,567535383.0,"291,000,000","567,535,383"
tt9620288,King Richard,2021,144,7.5,145800,50000000,39400000,"50,000,000","39,400,000",56224305.273646526,44304752.55563346,"56,224,305","44,304,752"
tt9620292,Promising Young Woman,2020,113,7.5,222969,10000000,20379604,"10,000,000","20,379,604",11773147.200080369,23993207.777134668,"11,773,147","23,993,207"
tt9639470,Last Night in Soho,2021,116,7.0,189524,43000000,22957625,"43,000,000","22,957,625",48352902.53533601,25815530.327157985,"48,352,902","25,815,530"
tt9663764,Aquaman and the Lost Kingdom,2023,124,5.6,104767,205000000,439381226,"205,000,000","439,381,226",205000000.0,439381226.0,"205,000,000","439,381,226"
tt9664108,Voyagers,2021,108,5.5,28676,20000000,4298184,"20,000,000","4,298,184",22489722.10945861,4833248.186766062,"22,489,722","4,833,248"
tt9682428,Night Swim,2024,98,4.7,26914,15000000,54771241,"15,000,000","54,771,241",,,,
tt9686708,The King of Staten Island,2020,136,7.1,79279,35000000,2200000,"35,000,000","2,200,000",41206015.20028129,2590092.3840176812,"41,206,015","2,590,092"
tt9731598,Bros,2022,115,6.4,37826,22000000,14800000,"22,000,000","14,800,000",22905619.244502917,15409234.76448378,"22,905,619","15,409,234"
tt9764362,The Menu,2022,107,7.2,446843,35000000,79628200,"35,000,000","79,628,200",36440757.88898191,82906055.92386942,"36,440,757","82,906,055"
tt9770150,Nomadland,2020,107,7.3,191894,5000000,39458207,"5,000,000","39,458,207",5886573.600040184,46454727.92622416,"5,886,573","46,454,727"
tt9777666,The Tomorrow War,2021,138,6.6,238902,200000000,14400000,"200,000,000","14,400,000",224897221.0945861,16192599.918810198,"224,897,221","16,192,599"
tt9784798,Judas and the Black Messiah,2021,126,7.4,94405,26000000,6416063,"26,000,000","6,416,063",29236638.742296193,7214773.695338967,"29,236,638","7,214,773"
tt9844522,Escape Room: Tournament of Champions,2021,88,5.7,64003,15000000,65774490,"15,000,000","65,774,490",16867291.582093958,73962500.0995682,"16,867,291","73,962,500"
tt9848626,Hotel Transylvania 4: Transformania,2022,87,6.0,43035,75000000,18500000,"75,000,000","18,500,000",78087338.33353266,19261543.455604725,"78,087,338","19,261,543"
