,title
0,Captain America: Brave New World
1,Gladiator II
2,Furiosa: A Mad Max Saga
3,Dune: Part Two
4,Gladiator
5,Gladiator
6,Inception
7,The Electric State
8,Borderlands
9,Top Gun: Maverick
10,The Dark Knight
11,The Lord of the Rings: The Fellowship of the Ring
12,The Super Mario Bros. Movie
13,The Northman
14,Mission: Impossible - Dead Reckoning Part One
15,The Matrix
16,The Batman
17,Black Hawk Down
18,Mad Max: Fury Road
19,The Lord of the Rings: The Return of the King
20,Blade Runner 2049
21,Heat
22,Kingdom of Heaven
23,Top Gun
24,John Wick: Chapter 4
25,The Dark Knight Rises
26,Terminator 2: Judgment Day
27,Star Wars: Episode IV - A New Hope
28,Independence Day
29,Braveheart
30,Fast X
31,Road House
32,Road House
33,Avatar: The Way of Water
34,Bad Boys: Ride or Die
35,No Time to Die
36,Batman Begins
37,The Avengers
38,The Avengers
39,Rogue One: A Star Wars Story
40,Avatar
41,Solo Leveling: ReAwakening
42,Star Wars: Episode IX - The Rise of Skywalker
43,Guy Ritchie's the Covenant
44,The Lord of the Rings: The Two Towers
45,Transformers
46,300
47,Apocalypto
48,Transformers One
49,Star Wars: Episode I - The Phantom Menace
50,Star Wars: Episode III - Revenge of the Sith
51,Rebel Moon - Part One: A Child of Fire
52,Dunkirk
53,Godzilla x Kong: The New Empire
54,The Creator
55,Monkey Man
56,Star Wars: Episode V - The Empire Strikes Back
57,Napoleon
58,Star Wars: Episode VII - The Force Awakens
59,The Last Duel
60,Shang-Chi and the Legend of the Ten Rings
61,Star Wars: Episode VIII - The Last Jedi
62,Zack Snyder's Justice League
63,Mission: Impossible - Fallout
64,Batman
65,Godzilla Minus One
66,The Last Samurai
67,King Arthur: Legend of the Sword
68,Aquaman and the Lost Kingdom
69,Star Wars: Episode VI - Return of the Jedi
70,War of the Worlds
71,Star Wars: Episode II - Attack of the Clones
72,Fast & Furious
73,I Am Legend
74,Princess Mononoke
75,Sisu
76,The Last of the Mohicans
77,Daredevil
78,F9: The Fast Saga
79,RRR
80,The Expendables 4
81,The Hobbit: The Battle of the Five Armies
82,Fast Five
83,Kill
84,The Book of Eli
85,xXx
86,The Road Warrior
87,Robin Hood
88,Robin Hood
89,Robin Hood
90,Robin Hood
91,"Crouching Tiger, Hidden Dragon"
92,Godzilla: King of the Monsters
93,Atlas
94,Akira
95,Rebel Moon - Part Two: The Scargiver
96,300: Rise of an Empire
97,Fast & Furious 6
98,Exodus: Gods and Kings
99,The Woman King
100,War for the Planet of the Apes
101,Neon Genesis Evangelion: The End of Evangelion
102,Mad Max Beyond Thunderdome
103,The Last Kingdom: Seven Kings Must Die
104,Ben-Hur
105,After Earth
106,Godzilla
107,Godzilla
108,Titan A.E.
109,The Message
110,The Message
111,13 Assassins
112,The Princess
113,Hamburger Hill
114,The Transformers: The Movie
115,Sabotage
116,Athena
117,Shershaah
118,Ultraman: Rising
119,The Wind and the Lion
120,Carter
121,Godzilla: Final Wars
122,Godzilla vs. Biollante
123,Saaho
124,Steamboy
125,Xtreme
126,Godzilla vs. Destoroyah
127,Godzilla 1985
128,Mickey 17
129,Venom: The Last Dance
130,Elevation
131,Alien
132,Arrival
133,The Thing
134,The Thing
135,A Quiet Place: Day One
136,Starship Troopers
137,The Tomorrow War
138,Aliens
139,Men in Black
140,Edge of Tomorrow
141,Nope
142,Pixels
143,Annihilation
144,A Quiet Place
145,Predator
146,Man of Steel
147,Prey
148,Prey
149,Prey
150,They Live
151,Superman II
152,Signs
153,The 5th Wave
154,Transformers: Rise of the Beasts
155,Lilo & Stitch
156,The Faculty
157,Krull
158,Independence Day: Resurgence
159,Lifeforce
160,District 9
161,The Predator
162,Mars Attacks!
163,The Day the Earth Stood Still
164,No One Will Save You
165,Paul
166,Transformers: Revenge of the Fallen
167,A Quiet Place Part II
168,Alien³
169,Coneheads
170,Battleship
171,Men in Black: International
172,Slither
173,Transformers: Dark of the Moon
174,The Iron Giant
175,Ender's Game
176,We Can Be Heroes
177,The World's End
178,Bumblebee
179,Fire in the Sky
180,Predator 2
181,Invasion of the Body Snatchers
182,Howard the Duck
183,Cowboys & Aliens
184,The Blob
185,Chicken Little
186,The Invasion
187,Evolution
188,Evolution
189,The Watch
190,The Darkest Hour
191,Monsters vs. Aliens
192,Monsters
193,Battle Los Angeles
194,The Arrival
195,The Host
196,The Host
197,Penguins of Madagascar
198,The X Files
199,The Andromeda Strain
200,Killer Klowns from Outer Space
201,K-PAX
202,The Lego Movie 2: The Second Part
203,Rim of the World
204,Attack the Block
205,Skyline
206,Battle Beyond the Stars
207,Jimmy Neutron: Boy Genius
208,Beyond Skyline
209,Horror Express
210,Evangelion: 1.0 You Are (Not) Alone
211,Superman II: The Richard Donner Cut
212,Muppets from Space
213,Aliens in the Attic
214,Without Warning
215,Earth to Echo
216,Invaders from Mars
217,Buck Rogers in the 25th Century
218,Encounter
219,Occupation
220,The Deadly Spawn
221,Laserblast
222,Godzilla 2000
223,Godzilla vs. Mechagodzilla
224,2001: A Space Travesty
225,The Recall
226,Angry Video Game Nerd: The Movie
227,Terror of Mechagodzilla
228,Godzilla vs. Gigan
229,Mystery Science Theater 3000: The Movie
230,Returner
231,The Fall
232,Resistance
233,The Replacements
234,Jerry Maguire
235,The Longest Yard
236,The Longest Yard
237,Remember the Titans
238,The Waterboy
239,The Blind Side
240,Varsity Blues
241,Rudy
242,Friday Night Lights
243,Underdogs
244,Next Goal Wins
245,Little Giants
246,Draft Day
247,Blue Crush
248,Radio
249,The Game Plan
250,Invincible
251,Gridiron Gang
252,We Are Marshall
253,Home Team
254,80 for Brady
255,American Underdog
256,Heaven Can Wait
257,Greater
258,Concussion
259,Concussion
260,The Program
261,The Program
262,Facing the Giants
263,12 Mighty Orphans
264,My All-American
265,Safety
266,The Express
267,Woodlawn
268,Brian Banks
269,When the Game Stands Tall
270,Air Bud: Golden Receiver
271,Undefeated
272,The Magician
273,The 12th Man
274,The Boys in the Boat
275,Young Woman and the Sea
276,Soul Surfer
277,Point Break
278,Point Break
279,Nyad
280,The Big Blue
281,The Swimmers
282,Surf Ninjas
283,Drown
284,Chasing Mavericks
285,Big Wednesday
286,The Novice
287,Pride
288,Pride
289,Deep Water
290,Proximity
291,Companion
292,The Wild Robot
293,Subservience
294,Her
295,The Terminator
296,Blade Runner
297,Wallace & Gromit: Vengeance Most Fowl
298,Free Guy
299,Ex Machina
300,Avengers: Age of Ultron
301,WALL·E
302,Upgrade
303,Terminator: Dark Fate
304,Tron: Legacy
305,M3GAN
306,A.I. Artificial Intelligence
307,Y2K
308,Morgan
309,Big Hero 6
310,"I, Robot"
311,Ghost in the Shell
312,Ghost in the Shell
313,Finch
314,Afraid
315,Extinction
316,Extinction
317,The Mitchells vs. the Machines
318,Tron
319,I Am Mother
320,Transcendence
321,Chappie
322,Flight of the Navigator
323,Short Circuit
324,Archive
325,2010: The Year We Make Contact
326,Virtuosity
327,Bicentennial Man
328,Westworld
329,Automata
330,The Stepford Wives
331,The Stepford Wives
332,Wifelike
333,Oxygen
334,Ron's Gone Wrong
335,After Yang
336,I'm Your Man
337,Robots
338,Robots
339,S1m0ne
340,Astro Boy
341,D.A.R.Y.L.
342,Demon Seed
343,The Machine
344,The Machine
345,Stealth
346,Futureworld
347,Halloween III: Season of the Witch
348,Looker
349,Margaux
350,Zoe
351,Singularity
352,Ghost in the Shell 2: Innocence
353,Summer Wars
354,Superintelligence
355,Zone 414
356,Jung_E
357,Godzilla: Tokyo S.O.S.
358,Capsule
359,Android Kunjappan Ver 5.25
360,Mad Max
361,Escape from New York
362,Bloodsport
363,Death Race 2000
364,The Toxic Avenger
365,Kickboxer
366,Cyborg
367,Over the Top
368,Iron Sky
369,Saw 3D
370,Runaway
371,Assault on Precinct 13
372,Assault on Precinct 13
373,War
374,War
375,War
376,Foxy Brown
377,Lionheart
378,Double Impact
379,Coffy
380,El Mariachi
381,Showdown in Little Tokyo
382,Marked for Death
383,Stone Cold
384,Starcrash
385,Samurai Cop
386,Nemesis
387,Remo Williams: The Adventure Begins
388,Missing in Action
389,Cosmic Sin
390,Acts of Vengeance
391,Miami Connection
392,Doom: Annihilation
393,Invasion U.S.A.
394,Skyscraper
395,Surf Nazis Must Die
396,Wanted: Dead or Alive
397,Dolemite
398,Stowaway
399,Enter the Ninja
400,Vanquish
401,The Legend of the 7 Golden Vampires
402,Six-String Samurai
403,Double Trouble
404,Hard Kill
405,The Keeper
406,The Keeper
407,The Last House on the Left
408,The Last House on the Left
409,The Texas Chain Saw Massacre
410,Tremors
411,The Blair Witch Project
412,The Evil Dead
413,Halloween
414,Halloween
415,Halloween
416,Friday the 13th
417,Friday the 13th
418,Dead Alive
419,Sleepaway Camp
420,Piranha
421,House
422,House
423,House
424,Night of the Living Dead
425,Sting
426,Paranormal Activity
427,The Slumber Party Massacre
428,Friday the 13th Part 2
429,The Hills Have Eyes
430,The Hills Have Eyes
431,The Burning
432,The Sand
433,The Last Days on Mars
434,Night of the Creeps
435,"Silent Night, Deadly Night"
436,Open Water
437,Life After Beth
438,Eaten Alive
439,Madman
440,Happy Birthday to Me
441,The Little Mermaid
442,The Little Mermaid
443,The Little Mermaid
444,Ghoulies
445,The Toxic Avenger Part II
446,Antropophagus
447,The Mutilator
448,The Raven
449,The Island of Dr. Moreau
450,The Island of Dr. Moreau
451,Hell of the Living Dead
452,Bloody Birthday
453,Citizen Toxie: The Toxic Avenger IV
454,Mirror Mirror
455,White Dog
456,Saturday the 14th
457,Terror Firmer
458,The Hills Have Eyes Part II
459,Blood Rage
460,Dark Ride
461,The Haunting of Molly Hartley
462,Contamination
463,The Ritual
464,Ghoulies II
465,Prevenge
466,Warlock: The Armageddon
467,The Last Broadcast
468,Nightmare City
469,Cold Ground
470,Midnight
471,The Forest
472,Maniac
473,Maniac
474,Hollow
475,A League of Their Own
476,The Sandlot
477,Major League
478,Moneyball
479,42
480,Angels in the Outfield
481,Field of Dreams
482,The Bad News Bears
483,Trouble with the Curve
484,Rookie of the Year
485,Bull Durham
486,The Natural
487,Hardball
488,BASEketball
489,The Rookie
490,The Rookie
491,For Love of the Game
492,Fever Pitch
493,Fever Pitch
494,Eight Men Out
495,Little Big League
496,Major League II
497,Bad News Bears
498,Major League: Back to the Minors
499,Million Dollar Arm
500,The Babe
501,Cobb
502,The Scout
503,Ed
504,Sugar
505,Mr. 3000
506,Hoosiers
507,The Basketball Diaries
508,Air
509,Air
510,Champions
511,Champions
512,Space Jam
513,Hustle
514,Coach Carter
515,Uncle Drew
516,Love & Basketball
517,White Men Can't Jump
518,White Men Can't Jump
519,Space Jam: A New Legacy
520,He Got Game
521,Glory Road
522,Air Bud
523,Like Mike
524,Semi-Pro
525,The Sixth Man
526,The First Slam Dunk
527,The Way Back
528,The Way Back
529,Above the Rim
530,Sweetwater
531,Blue Chips
532,Hoop Dreams
533,Just Wright
534,Overcomer
535,Thunderstruck
536,Lady Ballers
537,Rise
538,Juwanna Mann
539,Rebound
540,High Flying Bird
541,The Air Up There
542,Celtic Pride
543,The Redeem Team
544,The Winning Season
545,Amateur
546,Amateur
547,More Than a Game
548,Wolves
549,The Substance
550,Wolf Man
551,The Human Centipede (First Sequence)
552,28 Days Later
553,Nightbitch
554,Infinity Pool
555,Hellboy: The Crooked Man
556,The Exorcist
557,Tusk
558,Death Becomes Her
559,Old
560,Evil Dead Rise
561,The Fly
562,Malignant
563,An American Werewolf in London
564,Hellraiser
565,Hellraiser
566,Titane
567,The Cloverfield Paradox
568,Teeth
569,Altered States
570,Saw X
571,Wishmaster
572,Overlord
573,Lamb
574,Apostle
575,The Taking of Deborah Logan
576,Crimes of the Future
577,Videodrome
578,Cabin Fever
579,Cabin Fever
580,Society
581,Nightbreed
582,Dreamcatcher
583,Thinner
584,Leviathan
585,Leviathan
586,Possessor
587,Raw
588,The Ruins
589,Freaks
590,Scanners
591,Idle Hands
592,eXistenZ
593,Re-Animator
594,Antlers
595,Swamp Thing
596,Frankenhooker
597,Clown
598,Frankenstein
599,The Company of Wolves
600,Basket Case
601,The Perfection
602,Amityville II: The Possession
603,The Cursed
604,Rabid
605,Rabid
606,From Beyond
607,Wounds
608,Splinter
609,A Nightmare on Elm Street 2: Freddy's Revenge
610,A Nightmare on Elm Street 4: The Dream Master
611,The Brood
612,Begotten
613,Hellbound: Hellraiser II
614,Deadgirl
615,Dagon
616,The Last Circus
617,A Nightmare on Elm Street: The Dream Child
618,Shivers
619,Body Snatchers
620,Poltergeist II: The Other Side
621,An American Werewolf in Paris
622,Afflicted
623,Street Trash
624,The Fly II
625,Brain Damage
626,Honeymoon
627,In My Skin
628,V/H/S/94
629,The Thaw
630,Burial Ground: The Nights of Terror
631,The Invisible Man
632,Body Parts
633,Brainscan
634,Dead Snow 2: Red vs. Dead
635,Sea Fever
636,Bride of Re-Animator
637,Nightwatch
638,Nightwatch
639,The Hole in the Ground
640,Poltergeist III
641,Xtro
642,It's Alive
643,Strangeland
644,Cabin Fever 2: Spring Fever
645,Ticks
646,Little Otik
647,Devil's Due
648,The Incredible Melting Man
649,Infini
650,The Resurrected
651,Faust
652,Beyond the Darkness
653,Await Further Instructions
654,Poison
655,Tetsuo II: Body Hammer
656,Bad Milo
657,Mad Love
658,Infection
659,The Invisible Woman
660,The Rental
661,17 Again
662,Jumanji: Welcome to the Jungle
663,13 Going on 30
664,The Emperor's New Groove
665,Big
666,Jumanji: The Next Level
667,Being John Malkovich
668,The Change-Up
669,Freaky Friday
670,Freaky Friday
671,The Hot Chick
672,Freaky
673,Porco Rosso
674,The Santa Clause
675,Family Switch
676,Dream a Little Dream
677,Little
678,Switch
679,It's a Boy Girl Thing
680,Down to Earth
681,Nine Lives
682,Nine Lives
683,All of Me
684,The Shaggy Dog
685,Like Father Like Son
686,18 Again!
687,Vice Versa
688,Prelude to a Kiss
689,Turnabout
690,Million Dollar Baby
691,Rocky
692,Warrior
693,Raging Bull
694,Southpaw
695,Real Steel
696,The Fighter
697,Creed
698,Cinderella Man
699,Rocky IV
700,Creed III
701,Rocky Balboa
702,Creed II
703,Rocky III
704,Undisputed
705,Rocky V
706,Rocky II
707,Bleed for This
708,Hands of Stone
709,A Prayer Before Dawn
710,Grudge Match
711,The Survivor
712,When We Were Kings
713,Sixty Minutes
714,The Power of One
715,The Champ
716,The Harder They Fall
717,Kickboxer 2: The Road Back
718,The Great White Hype
719,Chuck
720,Resurrecting the Champ
721,Champion
722,The Happiest Day in the Life of Olli Maki
723,Iron Man
724,The Ring
725,The Ring
726,Saturday Night
727,Revenge
728,Revenge
729,The Miracle
730,The Heat
731,A Real Pain
732,Deadpool & Wolverine
733,One of Them Days
734,Shrek
735,White Chicks
736,The Big Lebowski
737,Sonic the Hedgehog
738,That's My Boy
739,The Blues Brothers
740,Superbad
741,Toy Story
742,Finding Nemo
743,Napoleon Dynamite
744,Zootopia
745,Ferris Bueller's Day Off
746,The Union
747,Zombieland
748,3 Idiots
749,Ted
750,The Unbearable Weight of Massive Talent
751,"Monsters, Inc."
752,Hot Fuzz
753,Step Brothers
754,Talladega Nights: The Ballad of Ricky Bobby
755,Drive-Away Dolls
756,Wayne's World
757,Dumb and Dumber
758,Beverly Hills Cop: Axel F
759,Antz
760,Shaun of the Dead
761,Friday
762,Men in Black II
763,The Instigators
764,Clerks
765,Booksmart
766,Who Framed Roger Rabbit
767,Despicable Me 3
768,Diary of a Wimpy Kid
769,Hall Pass
770,Role Models
771,Shark Tale
772,Wreck-It Ralph
773,Super Mario Bros.
774,Tucker and Dale vs Evil
775,The Flintstones
776,Tommy Boy
777,The Interview
778,The Interview
779,Please Don't Destroy: The Treasure of Foggy Mountain
780,Jackpot!
781,City Slickers
782,Sideways
783,Asterix & Obelix: Mission Cleopatra
784,Grumpy Old Men
785,Rush Hour 3
786,Pokémon: Detective Pikachu
787,Anger Management
788,"Dude, Where's My Car?"
789,Twins
790,Ghost World
791,Harold & Kumar Go to White Castle
792,Ralph Breaks the Internet
793,Due Date
794,"I Love You, Man"
795,The Road to El Dorado
796,Bill & Ted's Excellent Adventure
797,Wild Wild West
798,A Goofy Movie
799,The SpongeBob SquarePants Movie
800,My Blue Heaven
801,Dirty Grandpa
802,Jay and Silent Bob Strike Back
803,Blades of Glory
804,Don't Be a Menace to South Central While Drinking Your Juice in the Hood
805,Captain Underpants: The First Epic Movie
806,Murder Mystery 2
807,Dirty Rotten Scoundrels
808,Strays
809,Hunt for the Wilderpeople
810,"Planes, Trains & Automobiles"
811,Bill & Ted Face the Music
812,Swiss Army Man
813,The Producers
814,Babes
815,The Good Dinosaur
816,The Internship
817,Queenpins
818,The Do-Over
819,Mousehunt
820,Sisters
821,Sisters
822,Jack and Jill
823,Stripes
824,"See No Evil, Hear No Evil"
825,Midnight Run
826,Withnail and I
827,Daddy's Home
828,Me Time
829,Life
830,Life
831,Life
832,Grumpier Old Men
833,El Diario De Un Chico En Apuros 2: Las Reglas De Rodrick
834,Throw Momma from the Train
835,Chip 'n Dale: Rescue Rangers
836,Keanu
837,Year One
838,Last Flag Flying
839,The Man from Toronto
840,Nothing to Lose
841,Nothing to Lose
842,Dumb and Dumber To
843,Clerks III
844,The Hustle
845,Spies Like Us
846,Dog
847,Shanghai Noon
848,Barb and Star Go to Vista Del Mar
849,Yoga Hosers
850,Wayne's World 2
851,Hop
852,Good Burger
853,The Tuxedo
854,They Call Me Trinity
855,How High
856,The Jewel of the Nile
857,My Spy: The Eternal City
858,Open Season
859,Air America
860,Clerks II
861,Quiz Lady
862,Holmes & Watson
863,My Name Is Nobody
864,Spies in Disguise
865,Dumb and Dumberer: When Harry Met Lloyd
866,Beverly Hills Ninja
867,Black Sheep
868,Black Sheep
869,Jay and Silent Bob Reboot
870,Fire Island
871,My Spy
872,Bio-Dome
873,Home on the Range
874,Bandidas
875,Officer Black Belt
876,The Mighty
877,The Cowboy Way
878,Kangaroo Jack
879,The Last Detail
880,The Banger Sisters
881,Dick
882,The Dilemma
883,The Kid
884,The Kid
885,The Rugrats Movie
886,Skiptrace
887,New York Minute
888,Shanghai Knights
889,Bad Trip
890,Beavis and Butt-Head Do America
891,Formula 51
892,Old Dogs
893,Money Talks
894,Smoke Signals
895,Stuck on You
896,Thunder Force
897,The Valet
898,The Valet
899,Mississippi Grind
900,The Week Of
901,Silver Streak
902,Brannigan
903,Darlings
904,Men at Work
905,Wheels on Meals
906,Gone Fishin'
907,Marry My Dead Body
908,Without a Clue
909,Class Act
910,Analyze That
911,A Life Less Ordinary
912,"Big Mommas: Like Father, Like Son"
913,Free Birds
914,Robot & Frank
915,Firewalker
916,Eating Raoul
917,Mac & Devin Go to High School
918,Clockwatchers
919,Envy
920,On the Count of Three
921,The In-Laws
922,The In-Laws
923,Father of the Year
924,Missing Link
925,Agent Cody Banks 2: Destination London
926,Ratchet & Clank
927,All About the Benjamins
928,Fathers' Day
929,Here Today
930,The Wash
931,The Wackness
932,Wise Guys
933,The Odd Couple II
934,The Pebble and the Penguin
935,I Used to Be Famous
936,Tom and Jerry: The Movie
937,The First Time
938,Special Correspondents
939,The Liability
940,Outrageous Fortune
941,Crime Busters
942,Husbands
943,My Giant
944,The Matador
945,"Jeff, Who Lives at Home"
946,The Festival
947,The Man
948,The Promotion
949,Klown
950,College Road Trip
951,All Nighter
952,Search Party
953,The Magic Flute
954,Learning to Drive
955,Miami Supercops
956,Mother
957,Mother
958,Mother
959,The Last Laugh
960,Snoopy Come Home
961,Chill Factor
962,All Is Bright
963,Into the Sun
964,Turn the Other Cheek
965,Klown Forever
966,When in Rome
967,Get a Job
968,The Way
969,The Nice Guys
970,The Other Guys
971,Bad Boys
972,Bad Boys
973,Bad Boys
974,Rush Hour
975,Beverly Hills Cop
976,21 Jump Street
977,Men in Black³
978,Loose Cannons
979,Loose Cannons
980,The Hitman's Bodyguard
981,Central Intelligence
982,Bad Boys for Life
983,Rush Hour 2
984,The Last Boy Scout
985,48 Hrs.
986,Cop Out
987,Bad Boys II
988,22 Jump Street
989,Spenser Confidential
990,Starsky & Hutch
991,Osmosis Jones
992,The Spy Who Dumped Me
993,Beverly Hills Cop II
994,Tango & Cash
995,The Brothers Grimsby
996,2 Guns
997,The Guard
998,Red Heat
999,CHIPS
1000,Beverly Hills Cop III
1001,Running Scared
1002,Running Scared
1003,Shaft
1004,Shaft
1005,Shaft
1006,Another 48 Hrs.
1007,Miss Congeniality 2: Armed & Fabulous
1008,Taxi
1009,Taxi
1010,Taxi
1011,Bulletproof
1012,R.I.P.D.
1013,National Security
1014,Let's Be Cops
1015,The Happytime Murders
1016,The Hard Way
1017,Turner & Hooch
1018,Ride Along
1019,Loaded Weapon 1
1020,Dragnet
1021,Stuber
1022,Stakeout
1023,Hollywood Homicide
1024,Double Team
1025,Money Train
1026,Ride Along 2
1027,War on Everyone
1028,K-9
1029,I Spy
1030,Showtime
1031,City Heat
1032,The Glimmer Man
1033,The Takedown
1034,Inspector Gadget
1035,Scooby-Doo
1036,Ace Ventura: Pet Detective
1037,Kiss Kiss Bang Bang
1038,Inherent Vice
1039,See How They Run
1040,Murder Mystery
1041,The Pink Panther Strikes Again
1042,The Pink Panther
1043,Murder by Death
1044,Date Night
1045,Foul Play
1046,"Confess, Fletch"
1047,Fletch
1048,Who's Harry Crumb?
1049,The Kid Detective
1050,Revenge of the Pink Panther
1051,That Darn Cat
1052,Fletch Lives
1053,The Pink Panther 2
1054,The Cheap Detective
1055,Once Upon a Crime...
1056,Mystery Team
1057,The Gentlemen
1058,The Usual Suspects
1059,Heartbreakers
1060,The Grand Budapest Hotel
1061,City of God
1062,Snatch
1063,Baby Driver
1064,Ocean's Eleven
1065,Heist
1066,Heist
1067,Catch Me If You Can
1068,Jackie Brown
1069,"O Brother, Where Art Thou?"
1070,Ocean's Eight
1071,Spring Breakers
1072,Now You See Me
1073,Fantastic Mr. Fox
1074,The Sting
1075,Focus
1076,A Fish Called Wanda
1077,Logan Lucky
1078,The Italian Job
1079,The Bad Guys
1080,Seven Psychopaths
1081,Now You See Me 2
1082,Hitman's Wife's Bodyguard
1083,Army of Thieves
1084,Ocean's Twelve
1085,Paper Moon
1086,The Thomas Crown Affair
1087,The Bank Job
1088,Ocean's Thirteen
1089,Going in Style
1090,Pain & Gain
1091,Raising Arizona
1092,The Player
1093,Shoplifters
1094,The Good Liar
1095,The Getaway
1096,The Getaway
1097,The Ladykillers
1098,Out of Sight
1099,Masterminds
1100,Sneakers
1101,Bottle Rocket
1102,The Bling Ring
1103,Matchstick Men
1104,Bandits
1105,Entrapment
1106,Headhunters
1107,The Taking of Pelham One Two Three
1108,Duplicity
1109,Tower Heist
1110,Overdrive
1111,Breathless
1112,Breathless
1113,Thunderbolt and Lightfoot
1114,Blue Streak
1115,Man Bites Dog
1116,Muppets Most Wanted
1117,Mad Money
1118,Mortdecai
1119,The Old Man & the Gun
1120,Quick Change
1121,Two Hands
1122,The Brothers Bloom
1123,Gambit
1124,Confidence
1125,The Great Muppet Caper
1126,Exit Through the Gift Shop
1127,Catch That Kid
1128,The Art of the Steal
1129,Henry's Crime
1130,Locked Down
1131,The Maiden Heist
1132,First Sunday
1133,Family Business
1134,Collide
1135,The Distinguished Gentleman
1136,Welcome to Collinwood
1137,A Cop
1138,Where the Money Is
1139,Foolproof
1140,Criminal
1141,Criminal
1142,We're No Angels
1143,The Hot Rock
1144,Heroic Losers
1145,Steal
1146,Shanghai Surprise
1147,Ordinary Decent Criminal
1148,Nobel Son
1149,Scorched
1150,Pocket Listing
1151,Stark Raving Mad
1152,The Parole Officer
1153,Deadfall
1154,Happy End
1155,Inside Out
1156,Happy New Year
1157,Siberia
1158,Drive
1159,Drive
1160,Drive
1161,Speed
1162,The Fast and the Furious
1163,Death Proof
1164,The Fast and the Furious: Tokyo Drift
1165,Fast & Furious Presents: Hobbs & Shaw
1166,Back to the Future Part II
1167,2 Fast 2 Furious
1168,Furious 7
1169,Cars 3
1170,Gran Turismo
1171,Cars 2
1172,Days of Thunder
1173,Unhinged
1174,Gone in 60 Seconds
1175,Gone in 60 Seconds
1176,The Fate of the Furious
1177,The Transporter
1178,Need for Speed
1179,Back to the Future Part III
1180,Breakdown
1181,The Cannonball Run
1182,Ronin
1183,Smokey and the Bandit
1184,Speed Racer
1185,Transporter 2
1186,Vanishing Point
1187,Retribution
1188,Retribution
1189,Cannonball Run II
1190,Monster Trucks
1191,The Car
1192,The Pinchcliffe Grand Prix
1193,Redline
1194,Redline
1195,Flow
1196,Mufasa: The Lion King
1197,Dog Man
1198,Moana 2
1199,Despicable Me 4
1200,Inside Out 2
1201,The Lion King
1202,The Lion King
1203,Ratatouille
1204,Spider-Man: Across the Spider-Verse
1205,Shrek Forever After
1206,Cars
1207,Shrek 2
1208,Shrek the Third
1209,How to Train Your Dragon
1210,Moana
1211,Sing
1212,IF
1213,The Incredibles
1214,Spider-Man: Into the Spider-Verse
1215,Puss in Boots: The Last Wish
1216,Frozen
1217,Frozen
1218,Tangled
1219,Up
1220,Encanto
1221,Despicable Me
1222,Coco
1223,A Bug's Life
1224,Sing 2
1225,The Garfield Movie
1226,Toy Story 3
1227,Kung Fu Panda
1228,Teenage Mutant Ninja Turtles: Mutant Mayhem
1229,Kung Fu Panda 4
1230,Ice Age
1231,Soul
1232,How to Train Your Dragon: The Hidden World
1233,Sausage Party
1234,Minions
1235,Toy Story 4
1236,Elemental
1237,Brave
1238,The Jungle Book
1239,The Jungle Book
1240,How to Train Your Dragon 2
1241,Madagascar
1242,Raya and the Last Dragon
1243,Incredibles 2
1244,Toy Story 2
1245,The Secret Life of Pets
1246,The Lego Movie
1247,Bolt
1248,Trolls
1249,Despicable Me 2
1250,Hotel Transylvania
1251,Happy Feet
1252,Trolls Band Together
1253,Turning Red
1254,Frozen II
1255,Wish
1256,Luca
1257,The Lego Batman Movie
1258,Spellbound
1259,Spellbound
1260,Monsters University
1261,9
1262,Rio
1263,Puss in Boots
1264,The Croods
1265,Finding Dory
1266,Migration
1267,Over the Hedge
1268,Cloudy with a Chance of Meatballs
1269,The Lorax
1270,Piece by Piece
1271,Rango
1272,Mr. Peabody & Sherman
1273,Meet the Robinsons
1274,Home
1275,Home
1276,Home
1277,Leo
1278,Leo
1279,Megamind
1280,Kung Fu Panda 2
1281,Minions: The Rise of Gru
1282,Dinosaur
1283,The Boss Baby
1284,The Adventures of Tintin
1285,Kung Fu Panda 3
1286,The Emoji Movie
1287,Epic
1288,The Secret Life of Pets 2
1289,Ice Age: Collision Course
1290,Beowulf
1291,Beowulf
1292,Onward
1293,Ice Age: Continental Drift
1294,Hoodwinked!
1295,PAW Patrol: The Mighty Movie
1296,The Angry Birds Movie
1297,Hotel Transylvania 4: Transformania
1298,Luck
1299,Nimona
1300,Ferdinand
1301,DC League of Super-Pets
1302,Lightyear
1303,Hotel Transylvania 3: Summer Vacation
1304,Surf's Up
1305,Hotel Transylvania 2
1306,Madagascar: Escape 2 Africa
1307,The SpongeBob Movie: Sponge Out of Water
1308,Ice Age: The Meltdown
1309,The Grinch
1310,The Angry Birds Movie 2
1311,Monster House
1312,Bee Movie
1313,The Sea Beast
1314,Planes
1315,Ice Age: Dawn of the Dinosaurs
1316,Flushed Away
1317,Madagascar 3: Europe's Most Wanted
1318,The Polar Express
1319,PAW Patrol: The Movie
1320,TMNT
1321,Wish Dragon
1322,Rise of the Guardians
1323,The Croods: A New Age
1324,The Book of Life
1325,Gnomeo & Juliet
1326,Horton Hears a Who!
1327,Trolls World Tour
1328,Turbo
1329,Entergalactic
1330,Cloudy with a Chance of Meatballs 2
1331,Rio 2
1332,Ruby Gillman: Teenage Kraken
1333,The Addams Family
1334,The Addams Family
1335,Happy Feet Two
1336,Back to the Outback
1337,The Lego Ninjago Movie
1338,Barnyard
1339,That Christmas
1340,The Boss Baby: Family Business
1341,Arthur and the Invisibles
1342,Storks
1343,The Little Prince
1344,Leap!
1345,Smurfs: The Lost Village
1346,The Wild
1347,Vivo
1348,Scoob!
1349,The SpongeBob Movie: Sponge on the Run
1350,The Peanuts Movie
1351,Legend of the Guardians: The Owls of Ga'Hoole
1352,Strange World
1353,The Ant Bully
1354,UglyDolls
1355,The Monkey King
1356,Abominable
1357,Abominable
1358,The Nut Job
1359,The Ice Age Adventures of Buck Wild
1360,Tom & Jerry
1361,A Christmas Carol
1362,Smallfoot
1363,Star Wars: The Clone Wars
1364,Strange Magic
1365,Planet 51
1366,Final Fantasy: The Spirits Within
1367,Sherlock Gnomes
1368,Foodfight!
1369,Over the Moon
1370,Planes: Fire & Rescue
1371,Paws of Fury: The Legend of Hank
1372,Secret of the Wings
1373,Red Shoes and the Seven Dwarfs
1374,Escape from Planet Earth
1375,The Tale of Despereaux
1376,The Star
1377,"Miraculous: Ladybug & Cat Noir, the Movie"
1378,Final Fantasy VII: Advent Children
1379,Everyone's Hero
1380,Mars Needs Moms
1381,Valiant
1382,A Monster in Paris
1383,The Willoughbys
1384,Hoodwinked Too! Hood vs. Evil
1385,The Addams Family 2
1386,Spirit Untamed
1387,"Batman: The Long Halloween, Part One"
1388,Son of Bigfoot
1389,Mummies
1390,Open Season 2
1391,"Ultramarines: A Warhammer 40,000 Movie"
1392,Rock Dog
1393,Igor
1394,Waltz with Bashir
1395,The Queen's Corgi
1396,The Amazing Maurice
1397,Doogal
1398,Norm of the North
1399,Arthur Christmas
1400,Wonder Park
1401,The Nut Job 2: Nutty by Nature
1402,Rumble
1403,Apollo 10½: A Space Age Childhood
1404,Space Chimps
1405,A Turtle's Tale: Sammy's Adventures
1406,The Wild Life
1407,Arthur and the Revenge of Maltazard
1408,The Magician's Elephant
1409,Walking with Dinosaurs 3D
1410,Resident Evil: Degeneration
1411,Blame!
1412,My Neighbors the Yamadas
1413,Arthur 3: The War of the Two Worlds
1414,Legends of Oz: Dorothy's Return
1415,Alpha and Omega
1416,Monster Family
1417,Happily N'Ever After
1418,Open Season 3
1419,Appleseed
1420,Appleseed Alpha
1421,Appleseed: Ex Machina
1422,Godzilla: Planet of the Monsters
1423,Battle for Terra
1424,Conference of Animals
1425,Godzilla: The Planet Eater
1426,Dragon Hunters
1427,Justin and the Knights of Valour
1428,Vexille
1429,Godzilla: City on the Edge of Battle
1430,Tekken: Blood Vengeance
1431,Forces of Nature
1432,Race
1433,Race
1434,Willy Wonka & the Chocolate Factory
1435,Fiddler on the Roof
1436,The Music Man
1437,A Star Is Born
1438,A Star Is Born
1439,The Magnificent Seven
1440,The Alamo
1441,3:10 to Yuma
1442,Broken Arrow
1443,Greed
1444,The Lone Ranger
1445,The Wind
1446,The Furies
1447,Arizona
1448,Lone Star
1449,Passion
1450,Branded
1451,The Command
1452,Sky High
1453,Parthenope
1454,The Karate Kid
1455,The Karate Kid
1456,Dazed and Confused
1457,Here
1458,10 Things I Hate About You
1459,Good Will Hunting
1460,My Old Ass
1461,Call Me by Your Name
1462,Spirited Away
1463,The Breakfast Club
1464,Stand by Me
1465,The Outsiders
1466,Little Women
1467,Little Women
1468,I Saw the TV Glow
1469,Dead Poets Society
1470,Pearl
1471,Almost Famous
1472,Malena
1473,Blue Is the Warmest Colour
1474,Into the Wild
1475,The Florida Project
1476,Where the Crawdads Sing
1477,Aftersun
1478,Pan's Labyrinth
1479,The Blue Lagoon
1480,Bird
1481,Bird
1482,Jojo Rabbit
1483,American Graffiti
1484,Moonlight
1485,Thirteen
1486,Juno
1487,E.T. the Extra-Terrestrial
1488,Kids
1489,The Fallout
1490,CODA
1491,Dirty Dancing
1492,The Perks of Being a Wallflower
1493,The Karate Kid Part III
1494,Dìdi
1495,What's Eating Gilbert Grape
1496,Lady Bird
1497,Little Miss Sunshine
1498,"Girl, Interrupted"
1499,Clueless
1500,The Fabelmans
1501,Emma.
1502,Bridge to Terabithia
1503,Mulan
1504,Mulan
1505,Lost in Translation
1506,My Girl
1507,The Last Picture Show
1508,The Girl Next Door
1509,The Girl Next Door
1510,The Worst Person in the World
1511,8 Mile
1512,Footloose
1513,Footloose
1514,Bones and All
1515,Licorice Pizza
1516,Wonder
1517,Vision Quest
1518,The Virgin Suicides
1519,Moonrise Kingdom
1520,Cinema Paradiso
1521,Lion
1522,Pretty in Pink
1523,Captain Fantastic
1524,I'm Not There
1525,Mud
1526,Slumdog Millionaire
1527,The Spectacular Now
1528,Waves
1529,Heavenly Creatures
1530,Boyz n the Hood
1531,Empire Records
1532,The Peanut Butter Falcon
1533,Secondhand Lions
1534,Chaos Walking
1535,But I'm a Cheerleader
1536,Boyhood
1537,The Fault in Our Stars
1538,St. Elmo's Fire
1539,Priscilla
1540,Monster
1541,Monster
1542,Monster
1543,Let the Right One In
1544,Say Anything
1545,"Are You There God? It's Me, Margaret."
1546,Eighth Grade
1547,The Tree of Life
1548,Marie Antoinette
1549,Mid90s
1550,Belfast
1551,The Way Way Back
1552,Picnic at Hanging Rock
1553,Empire of the Sun
1554,Now and Then
1555,Suncoast
1556,Valley Girl
1557,Beach Rats
1558,Billy Elliot
1559,Bend It Like Beckham
1560,Humanist Vampire Seeking Consenting Suicidal Person
1561,The Edge of Seventeen
1562,Return to the Blue Lagoon
1563,Good Boys
1564,Chronicle
1565,Crossroads
1566,Crossroads
1567,The Man in the Moon
1568,Whisper of the Heart
1569,Labor Day
1570,The Sisterhood of the Traveling Pants
1571,Rushmore
1572,Welcome to the Dollhouse
1573,The Hate U Give
1574,My Own Private Idaho
1575,"Love, Simon"
1576,Adventureland
1577,Sing Street
1578,River's Edge
1579,Boys Don't Cry
1580,Boys Don't Cry
1581,Me and Earl and the Dying Girl
1582,Whip It
1583,Midnight Sun
1584,Vampire Academy
1585,A River Runs Through It
1586,October Sky
1587,Stick It
1588,My Friend Dahmer
1589,You Are So Not Invited to My Bat Mitzvah
1590,Finding Forrester
1591,Cry Macho
1592,The Inbetweeners
1593,Elephant
1594,Wolfwalkers
1595,Mermaids
1596,Breaking Away
1597,Reality Bites
1598,The King of Staten Island
1599,The Squid and the Whale
1600,Peggy Sue Got Married
1601,Rumble Fish
1602,Frances Ha
1603,The Diary of a Teenage Girl
1604,"Angus, Thongs and Perfect Snogging"
1605,Harold and Maude
1606,The Kite Runner
1607,Song of the Sea
1608,"Yes, God, Yes"
1609,The Glass Castle
1610,Christopher Robin
1611,Dead Man
1612,Lucas
1613,Igby Goes Down
1614,The Horse Whisperer
1615,Summer of '42
1616,Dead Presidents
1617,The Runaways
1618,An Education
1619,The Tale of The Princess Kaguya
1620,White Bird in a Blizzard
1621,Over the Edge
1622,Valerie and Her Week of Wonders
1623,Little Man Tate
1624,The Kings of Summer
1625,Fly Away Home
1626,Georgia Rule
1627,Persepolis
1628,Moxie
1629,Boy Erased
1630,Armageddon Time
1631,The Devil's Backbone
1632,Extremely Loud & Incredibly Close
1633,20th Century Women
1634,John and the Hole
1635,Charlie Bartlett
1636,Arizona Dream
1637,Beasts of the Southern Wild
1638,The Half of It
1639,"Welcome Home, Roxy Carmichael"
1640,Giant Little Ones
1641,Beautiful Thing
1642,Only Yesterday
1643,Angela's Ashes
1644,Pauline at the Beach
1645,Petite Maman
1646,Rabbit-Proof Fence
1647,Foxes
1648,Catherine Called Birdy
1649,Black Beauty
1650,Uncle Frank
1651,My Life as a Dog
1652,The Journey of Natty Gann
1653,Alfie
1654,Blinded by the Light
1655,Never Rarely Sometimes Always
1656,The Boy and the Beast
1657,Joe Bell
1658,Belle Epoque
1659,Paranoid Park
1660,Alaska
1661,Shithouse
1662,Farha
1663,Lawn Dogs
1664,My Dog Skip
1665,Lassie
1666,Everybody's Talking About Jamie
1667,Butterflies Are Free
1668,Lean on Pete
1669,Wadjda
1670,Cría Cuervos
1671,Not Fade Away
1672,Sweet Sixteen
1673,House of D
1674,Love Per Square Foot
1675,Blancanieves
1676,Sleepwalking
1677,Pelle the Conqueror
1678,Hearts Beat Loud
1679,Indignation
1680,Pariah
1681,Rocks
1682,Another Me
1683,Girlhood
1684,Winter in Wartime
1685,The Life Before Her Eyes
1686,Aparajito
1687,Head Full of Honey
1688,All Together Now
1689,To Save a Life
1690,35 Shots of Rum
1691,1/1
1692,Morris from America
1693,I Want You
1694,Conclave
1695,Longlegs
1696,The Conversation
1697,Runaway Jury
1698,Enemy of the State
1699,All the President's Men
1700,Jack Reacher
1701,Inheritance
1702,The Accountant
1703,Captain America: The Winter Soldier
1704,Snowpiercer
1705,L.A. Confidential
1706,The Cabin in the Woods
1707,Absolute Power
1708,The Fugitive
1709,The Game
1710,Amsterdam
1711,Minority Report
1712,Chinatown
1713,Jack Reacher: Never Go Back
1714,Super 8
1715,The Contractor
1716,21 Bridges
1717,Angel Has Fallen
1718,The Boys from Brazil
1719,Hypnotic
1720,Hypnotic
1721,Hitman
1722,Hitman
1723,The Constant Gardener
1724,Gemini Man
1725,The Insider
1726,The A-Team
1727,Body of Lies
1728,The Manchurian Candidate
1729,Blow Out
1730,Brotherhood of the Wolf
1731,I Came By
1732,Clear and Present Danger
1733,The Pelican Brief
1734,Disclosure
1735,Disclosure
1736,Double Jeopardy
1737,In the Line of Fire
1738,Those Who Wish Me Dead
1739,The Net
1740,Without Remorse
1741,The Mauritanian
1742,Last Seen Alive
1743,Jack Ryan: Shadow Recruit
1744,The Circle
1745,The Circle
1746,State of Play
1747,No Sudden Move
1748,Capricorn One
1749,The 6th Day
1750,Traitor
1751,Money Monster
1752,Red State
1753,Conspiracy Theory
1754,Eraser
1755,Black and Blue
1756,The Commuter
1757,Edge of Darkness
1758,Courage Under Fire
1759,Kiss of the Dragon
1760,Snake Eyes
1761,Snake Eyes
1762,Outland
1763,The Peacemaker
1764,Mighty Joe Young
1765,Consenting Adults
1766,Coma
1767,Coma
1768,Lockout
1769,Paradise Highway
1770,Black Christmas
1771,Black Christmas
1772,Black Christmas
1773,The Courier
1774,The Courier
1775,The Courier
1776,Brainstorm
1777,Brainstorm
1778,Monolith
1779,Anonymous
1780,OtherLife
1781,How to Blow Up a Pipeline
1782,Dirty Pretty Things
1783,The Cassandra Crossing
1784,In the Fade
1785,Bent
1786,Bent
1787,The Sacrament
1788,Marauders
1789,Wander
1790,Buster's Mal Heart
1791,The Cry of the Owl
1792,Blind Horizon
1793,Revolver
1794,Pandemic
1795,The Patriot
1796,The Patriot
1797,The American
1798,The American
1799,The Osterman Weekend
1800,Black Box
1801,Black Box
1802,Rage
1803,Oasis
1804,No Country for Old Men
1805,Sicario
1806,Wind River
1807,Brokeback Mountain
1808,El Camino
1809,Hell or High Water
1810,In the Land of Saints and Sinners
1811,Near Dark
1812,Thelma & Louise
1813,The Highwaymen
1814,Desperado
1815,The Mule
1816,The Mule
1817,The Marksman
1818,Urban Cowboy
1819,The Last Stand
1820,The Forever Purge
1821,Gold
1822,Gold
1823,Gold
1824,The Misfits
1825,8 Seconds
1826,Bring Me the Head of Alfredo Garcia
1827,Thunderheart
1828,Extreme Prejudice
1829,Lone Wolf McQuade
1830,The Three Burials of Melquiades Estrada
1831,Down in the Valley
1832,The Hero
1833,Bronco Billy
1834,Junior Bonner
1835,Thar
1836,Red Hill
1837,The French Connection
1838,Se7en
1839,The Departed
1840,Den of Thieves
1841,Fargo
1842,Zodiac
1843,End of Watch
1844,Training Day
1845,The Untouchables
1846,The Little Things
1847,Traffic
1848,Traffic
1849,Traffic
1850,BlacKkKlansman
1851,Kindergarten Cop
1852,Dirty Harry
1853,Serpico
1854,Ambulance
1855,Cop Land
1856,The Guilty
1857,The Guilty
1858,Force of Nature: The Dry 2
1859,The Dry
1860,New Jack City
1861,Elite Squad
1862,Infernal Affairs
1863,Motherless Brooklyn
1864,The Take
1865,The Hunted
1866,The Hunted
1867,Blown Away
1868,Ricochet
1869,Someone to Watch Over Me
1870,Dark Blue
1871,Kathal: A Jackfruit Mystery
1872,Infiesto
1873,Sooryavanshi
1874,Investigation of a Citizen Above Suspicion
1875,Jennifer 8
1876,Singham
1877,Pride & Prejudice
1878,Babylon
1879,Amadeus
1880,12 Years a Slave
1881,Gangs of New York
1882,Dances with Wolves
1883,Sense and Sensibility
1884,Virgin Territory
1885,The Favourite
1886,Barry Lyndon
1887,Firebrand
1888,The Secret Garden
1889,The Secret Garden
1890,Anna Karenina
1891,Anna Karenina
1892,Downton Abbey
1893,Gettysburg
1894,Mary Queen of Scots
1895,Persuasion
1896,Master and Commander: The Far Side of the World
1897,Elizabeth
1898,Downton Abbey: A New Era
1899,Jane Eyre
1900,Jane Eyre
1901,The Assassination of Jesse James by the Coward Robert Ford
1902,Open Range
1903,The Other Boleyn Girl
1904,Elizabeth: The Golden Age
1905,Maurice
1906,Rob Roy
1907,Emma
1908,Heaven's Gate
1909,Belle
1910,Belle
1911,The Bounty
1912,The White Ribbon
1913,Tulip Fever
1914,The Duchess
1915,Les Misérables
1916,Les Misérables
1917,Les Misérables
1918,Zulu Dawn
1919,Mr. Malcolm's List
1920,Waterloo
1921,Queen Margot
1922,The Proposition
1923,Becoming Jane
1924,"Greystoke: The Legend of Tarzan, Lord of the Apes"
1925,The Young Victoria
1926,Dreams
1927,Gods and Generals
1928,Colette
1929,Immortal Beloved
1930,The Merchant of Venice
1931,Bright Star
1932,Love & Friendship
1933,Cyrano
1934,Madame Bovary
1935,Far from the Madding Crowd
1936,Beauty and the Beast
1937,Beauty and the Beast
1938,Beauty and the Beast
1939,Cyrano de Bergerac
1940,Yves Saint Laurent
1941,The Last King
1942,The Front Page
1943,Victoria & Abdul
1944,The Hunchback of Notre Dame
1945,The House of Mirth
1946,Knives Out
1947,Glass Onion
1948,Clue
1949,Enola Holmes
1950,Death on the Nile
1951,Death on the Nile
1952,Enola Holmes 2
1953,Crooked House
1954,Evil Under the Sun
1955,Appointment with Death
1956,7 Women and a Murder
1957,Miss Fisher & the Crypt of Tears
1958,WarGames
1959,In Time
1960,Spiderhead
1961,Terminator Genisys
1962,Paradise
1963,Strange Days
1964,Hackers
1965,The 355
1966,Live Free or Die Hard
1967,Swordfish
1968,Eagle Eye
1969,Paycheck
1970,Countdown
1971,In the Shadow of the Moon
1972,In the Shadow of the Moon
1973,The Girl in the Spider's Web
1974,The Thirteenth Floor
1975,Reminiscence
1976,The Girl Who Played with Fire
1977,Blackhat
1978,Anon
1979,Unfriended: Dark Web
1980,Kimi
1981,The Signal
1982,The Signal
1983,Nerve
1984,Johnny Mnemonic
1985,Child's Play
1986,Child's Play
1987,Cam
1988,Pulse
1989,Pulse
1990,Profile
1991,The Takeover
1992,Chatroom
1993,Takedown
1994,Vice
1995,Vice
1996,Ready Player One
1997,Dredd
1998,Looper
1999,RoboCop
2000,RoboCop
2001,Total Recall
2002,Total Recall
2003,The Matrix Reloaded
2004,Cloud Atlas
2005,12 Monkeys
2006,Alita: Battle Angel
2007,The Matrix Resurrections
2008,Dark City
2009,Elysium
2010,The Matrix Revolutions
2011,Logan's Run
2012,Terminator Salvation
2013,RoboCop 2
2014,The Lawnmower Man
2015,Hardcore Henry
2016,Æon Flux
2017,RoboCop 3
2018,Surrogates
2019,Jason X
2020,Hardware
2021,Chopping Mall
2022,Repo Men
2023,The Zero Theorem
2024,Mute
2025,Space Sweepers
2026,Until the End of the World
2027,Babylon A.D.
2028,Bleeding Steel
2029,Metropolis
2030,Lawnmower Man 2: Beyond Cyberspace
2031,Cypher
2032,Ghost in the Shell 2.0
2033,Wonderful Days
2034,The Monkey
2035,Anora
2036,Heart Eyes
2037,Pulp Fiction
2038,The Menu
2039,Parasite
2040,The Banshees of Inisherin
2041,Poor Things
2042,Inglourious Basterds
2043,A Different Man
2044,The Wolf of Wall Street
2045,Everything Everywhere All at Once
2046,A Simple Favor
2047,Django Unchained
2048,Abigail
2049,"Three Billboards Outside Ebbing, Missouri"
2050,Lolita
2051,Idiocracy
2052,God Bless America
2053,Oldboy
2054,Oldboy
2055,Beetlejuice Beetlejuice
2056,Kinds of Kindness
2057,Midsommar
2058,Triangle of Sadness
2059,American Psycho
2060,The Shining
2061,It's What's Inside
2062,Don't Look Up
2063,Renfield
2064,Get Out
2065,Saltburn
2066,Psycho
2067,From Dusk Till Dawn
2068,Secretary
2069,Airplane!
2070,Once Upon a Time in America
2071,The Truman Show
2072,Beau Is Afraid
2073,A Clockwork Orange
2074,The Dead Don't Die
2075,Full Metal Jacket
2076,Suicide Squad
2077,Beetlejuice
2078,Trainspotting
2079,Scream
2080,Scream
2081,Kneecap
2082,Ready or Not
2083,Network
2084,Deadpool
2085,The Big Short
2086,The Hunt
2087,The Hunt
2088,Wild at Heart
2089,The Lobster
2090,Get Shorty
2091,The Suicide Squad
2092,Charlie and the Chocolate Factory
2093,In Bruges
2094,American Fiction
2095,Jennifer's Body
2096,The Boondock Saints
2097,Dream Scenario
2098,Kick-Ass
2099,Your Monster
2100,Deadpool 2
2101,Dog Day Afternoon
2102,Uncommon Valor
2103,Con Air
2104,Brazil
2105,Us
2106,Take Me Home Tonight
2107,The Death of Stalin
2108,Heavyweights
2109,Border
2110,Border
2111,Buffy the Vampire Slayer
2112,Four Weddings and a Funeral
2113,Fear and Loathing in Las Vegas
2114,Birdman or (The Unexpected Virtue of Ignorance)
2115,Cocaine Bear
2116,May December
2117,The Rocky Horror Picture Show
2118,Get Away
2119,RED
2120,Wicked Little Letters
2121,Villains
2122,War Dogs
2123,"Me, Myself & Irene"
2124,Do the Right Thing
2125,Zombieland: Double Tap
2126,Game Night
2127,I Am Wrath
2128,Planet Terror
2129,What We Do in the Shadows
2130,This Is the End
2131,Sister Act 2: Back in the Habit
2132,Brothers
2133,Brothers
2134,Brothers
2135,Brothers
2136,M*A*S*H
2137,Gremlins
2138,King of New York
2139,Sister Act
2140,Heathers
2141,A Series of Unfortunate Events
2142,Nothing But Trouble
2143,The Visit
2144,"I, Tonya"
2145,After Hours
2146,Horrible Bosses
2147,The Little Hours
2148,Gosford Park
2149,Kingpin
2150,Gummo
2151,Punch-Drunk Love
2152,Borat
2153,Buffalo '66
2154,Bottoms
2155,Dogma
2156,Supervixens
2157,Dragged Across Concrete
2158,Pink Flamingos
2159,Bad Teacher
2160,Little Shop of Horrors
2161,Adaptation.
2162,Grosse Pointe Blank
2163,A Simple Plan
2164,Bodies Bodies Bodies
2165,Warm Bodies
2166,I Care a Lot
2167,Boss Level
2168,To Die For
2169,To Die For
2170,Lars and the Real Girl
2171,The Babysitter
2172,The Babysitter
2173,Drop Dead Gorgeous
2174,Lisa Frankenstein
2175,Jolt
2176,Wild Tales
2177,How I Live Now
2178,The Dressmaker
2179,Violent Night
2180,Birds of Prey and the Fantabulous Emancipation of One Harley Quinn
2181,Die Hard with a Vengeance
2182,Scream 4
2183,Scream 2
2184,"The Adventures of Priscilla, Queen of the Desert"
2185,RocknRolla
2186,Better Off Dead
2187,Mini's First Time
2188,Team America: World Police
2189,Get Smart
2190,Young Guns II
2191,Crank
2192,Monty Python's Life of Brian
2193,Tammy and the T-Rex
2194,The Dirt
2195,Small Soldiers
2196,"Sex, Lies, and Videotape"
2197,Guns Akimbo
2198,The Return of the Living Dead
2199,A Nightmare on Elm Street 3: Dream Warriors
2200,Grindhouse
2201,Payback
2202,Payback
2203,Una Novia Sin Igual
2204,Weekend at Bernie's
2205,Cold Pursuit
2206,Happy Death Day
2207,Freddy vs. Jason
2208,High-Rise
2209,Romance
2210,G.I. Jane
2211,Army of Darkness
2212,Addams Family Values
2213,You People
2214,Machete
2215,Happiness
2216,Sorry to Bother You
2217,Postal
2218,Barton Fink
2219,Burn After Reading
2220,Blood Simple
2221,The Love Witch
2222,Miracle Mile
2223,Severance
2224,The Lair of the White Worm
2225,The Life Aquatic with Steve Zissou
2226,The Aeronauts
2227,The Cable Guy
2228,Gamer
2229,Naked Lunch
2230,Breaking News in Yuba County
2231,Don't Tell Mom the Babysitter's Dead
2232,Cronos
2233,White Noise
2234,White Noise
2235,Menace II Society
2236,The Long Kiss Goodnight
2237,Silent Running
2238,Choke
2239,The King of Comedy
2240,Death at a Funeral
2241,Death at a Funeral
2242,Midnight Express
2243,"The Cook, the Thief, His Wife & Her Lover"
2244,Happiest Season
2245,Smokin' Aces
2246,"South Park: Bigger, Longer & Uncut"
2247,You Hurt My Feelings
2248,Inside Llewyn Davis
2249,Zombeavers
2250,Swingers
2251,Killer Joe
2252,Do Revenge
2253,RED 2
2254,The 'Burbs
2255,Seventh Son
2256,Sexy Beast
2257,Maximum Overdrive
2258,Gunpowder Milkshake
2259,Evil Dead II
2260,The Family
2261,The Family
2262,The Voices
2263,The Hangover Part III
2264,T2 Trainspotting
2265,The Disaster Artist
2266,Filth
2267,Willy's Wonderland
2268,Rent
2269,Just Like Heaven
2270,"Synecdoche, New York"
2271,All That Jazz
2272,The Good Girl
2273,Very Bad Things
2274,A Boy and His Dog
2275,The Core
2276,Tie Me Up! Tie Me Down!
2277,Interstate 60
2278,The World According to Garp
2279,The Fisher King
2280,Drive Angry
2281,Heavy Metal
2282,Any Given Sunday
2283,The Last Seduction
2284,Pride and Prejudice and Zombies
2285,Dawn of the Dead
2286,Dawn of the Dead
2287,Texas Chainsaw Massacre: The Next Generation
2288,Naked Gun 33 1/3: The Final Insult
2289,Jawbreaker
2290,Odd Thomas
2291,Leprechaun
2292,The To Do List
2293,The Celebration
2294,Ed Wood
2295,Kate
2296,Sugar & Spice
2297,Something Wild
2298,Run Lola Run
2299,Four Rooms
2300,Four Lions
2301,A Scanner Darkly
2302,Tank Girl
2303,Goon
2304,Airplane II: The Sequel
2305,Thank You for Smoking
2306,Universal Soldier
2307,The Whole Nine Yards
2308,The Babysitter: Killer Queen
2309,Attack of the Killer Tomatoes!
2310,The Rules of Attraction
2311,Super
2312,Suburbicon
2313,The Rundown
2314,Drugstore Cowboy
2315,The People Under the Stairs
2316,Lords of Chaos
2317,Black Snake Moan
2318,The Frighteners
2319,"Good Morning, Vietnam"
2320,Once Upon a Time in Mexico
2321,Fun with Dick and Jane
2322,Fun with Dick and Jane
2323,A Serious Man
2324,London Fields
2325,Wild Card
2326,Juice
2327,Critters
2328,Spun
2329,Election
2330,Election
2331,The Bucket List
2332,The Devils
2333,The Losers
2334,Force Majeure
2335,The Adventures of Baron Munchausen
2336,SLC Punk!
2337,Confessions of a Dangerous Mind
2338,The Texas Chainsaw Massacre 2
2339,Reindeer Games
2340,Your Highness
2341,The Witches of Eastwick
2342,Short Cuts
2343,Heartbreak Ridge
2344,Dear Santa
2345,High Plains Drifter
2346,Entourage
2347,Three Kings
2348,Thirst
2349,Sliding Doors
2350,3 Days to Kill
2351,The Belko Experiment
2352,Married to the Mob
2353,Blood Father
2354,Crank: High Voltage
2355,Machete Kills
2356,Creepshow
2357,The Simpsons Movie
2358,History of the World: Part I
2359,2 Days in the Valley
2360,The Brothers Grimm
2361,Go
2362,Starman
2363,Lady Vengeance
2364,Spontaneous
2365,Horns
2366,Hard Target
2367,The People vs. Larry Flynt
2368,Bernie
2369,Repo Man
2370,The Purge: Election Year
2371,Arachnophobia
2372,The Crow: City of Angels
2373,Valentine
2374,The Tenant
2375,Big Trouble
2376,Exit to Eden
2377,They Cloned Tyrone
2378,Colossal
2379,Repo! The Genetic Opera
2380,Tragedy Girls
2381,Shoot 'Em Up
2382,Drop Dead Fred
2383,Killing Them Softly
2384,Airport
2385,Nowhere Boy
2386,Kalifornia
2387,Wag the Dog
2388,Phantom of the Paradise
2389,Under Siege 2: Dark Territory
2390,Ravenous
2391,Ravenous
2392,Carnal Knowledge
2393,The City of Lost Children
2394,The Doom Generation
2395,Catch-22
2396,Bad Santa
2397,Monty Python's the Meaning of Life
2398,About Schmidt
2399,Vengeance
2400,Vengeance
2401,Animal Kingdom
2402,Dirty Work
2403,Nowhere
2404,Nowhere
2405,The Long Good Friday
2406,Highlander II: The Quickening
2407,Hot Pursuit
2408,Out for Justice
2409,Feast
2410,Land of the Dead
2411,"LaRoy, Texas"
2412,Harlem Nights
2413,Delicatessen
2414,Trick 'r Treat
2415,Night of the Demons
2416,Night of the Demons
2417,Freeway
2418,The Benchwarmers
2419,Friday the 13th: The Final Chapter
2420,Henry: Portrait of a Serial Killer
2421,Romeo Must Die
2422,This Must Be the Place
2423,The Prophecy
2424,Diary of a Mad Black Woman
2425,Bugsy
2426,30 Minutes or Less
2427,"No Retreat, No Surrender"
2428,Darkman
2429,The Hidden
2430,Beerfest
2431,Convoy
2432,Problem Child
2433,The Double
2434,The Double
2435,Coup de Chance
2436,The Ice Pirates
2437,Bride of Chucky
2438,Bad Lieutenant: Port of Call New Orleans
2439,The Wicker Man
2440,The Wicker Man
2441,Fatman
2442,Greta
2443,Star Trek IV: The Voyage Home
2444,The War of the Roses
2445,Nebraska
2446,Stand Up Guys
2447,She-Devil
2448,The Two Jakes
2449,Rubber
2450,Enemy Mine
2451,Billy Lynn's Long Halftime Walk
2452,Creepshow 2
2453,White Fang
2454,Southland Tales
2455,Night of the Comet
2456,Free Fire
2457,Miami Blues
2458,Volver
2459,Red Planet
2460,Reign Over Me
2461,Elizabethtown
2462,Broken Flowers
2463,Set It Off
2464,Highway to Hell
2465,Bewitched
2466,Breach
2467,Breach
2468,Memphis Belle
2469,Three O'Clock High
2470,Jackass: The Movie
2471,Live by Night
2472,Man on a Ledge
2473,Ingrid Goes West
2474,The Boondock Saints II: All Saints Day
2475,Studio 666
2476,U Turn
2477,Hotel Artemis
2478,10 to Midnight
2479,The Dead Pool
2480,Seed of Chucky
2481,Altitude
2482,Rogue
2483,Rogue
2484,Shallow Grave
2485,Interceptor
2486,Serial Mom
2487,Above the Law
2488,Honest Thief
2489,I Don't Feel at Home in This World Anymore
2490,Skylines
2491,Spirited
2492,Awake
2493,Awake
2494,Raw Deal
2495,Night on Earth
2496,Sorority Row
2497,Self/less
2498,Novocaine
2499,American Ultra
2500,Frenzy
2501,The Crow: Salvation
2502,The Package
2503,The Package
2504,Thursday
2505,Thursday
2506,Earthquake
2507,Scrooged
2508,Assassination Nation
2509,Wild Target
2510,My Stepmother Is an Alien
2511,Chopper
2512,Cemetery Man
2513,The Men Who Stare at Goats
2514,The Big Wedding
2515,Memories
2516,Memories
2517,The Conference
2518,Monkeybone
2519,The Ninth Configuration
2520,Wristcutters: A Love Story
2521,Unlawful Entry
2522,The Wolf of Snow Hollow
2523,The Man Who Knew Too Little
2524,Boys on the Side
2525,Police Story
2526,The Bonfire of the Vanities
2527,Used Cars
2528,Am I Racist?
2529,Friday the 13th Part VI: Jason Lives
2530,Better Watch Out
2531,P2
2532,The Stuff
2533,Waking Ned Devine
2534,North
2535,W.
2536,Romance & Cigarettes
2537,Trance
2538,Trance
2539,Cooties
2540,Domino
2541,Domino
2542,Dark Angel
2543,The Trip
2544,The Trip
2545,Spanking the Monkey
2546,Vampire's Kiss
2547,Crimes of Passion
2548,Zola
2549,Intolerable Cruelty
2550,The Dentist
2551,The Messenger
2552,Problem Child 2
2553,Trick or Treat
2554,Bardo: False Chronicle of a Handful of Truths
2555,I Hope They Serve Beer in Hell
2556,Ali G Indahouse
2557,Irrational Man
2558,The Omega Man
2559,Sunshine Cleaning
2560,Adam's Apples
2561,Nutty Professor II: The Klumps
2562,Psycho Beach Party
2563,Deathtrap
2564,Split Second
2565,Cecil B. Demented
2566,Slacker
2567,The Sugarland Express
2568,Death to Smoochy
2569,Torque
2570,Freddy's Dead: The Final Nightmare
2571,Romeo Is Bleeding
2572,Three Colors: White
2573,Stir Crazy
2574,Ruthless People
2575,Women on the Verge of a Nervous Breakdown
2576,The House
2577,The House
2578,Everly
2579,Slumber Party Massacre II
2580,Observe and Report
2581,Rollerball
2582,Rollerball
2583,World's Greatest Dad
2584,Not Okay
2585,Airport 1975
2586,Don't Say a Word
2587,The Informant!
2588,The Last of Sheila
2589,Triple Threat
2590,Songbird
2591,I Heart Huckabees
2592,The Way of the Gun
2593,Irresistible
2594,Irresistible
2595,Dead End
2596,Employee of the Month
2597,Employee of the Month
2598,Rumble in the Bronx
2599,Sleepaway Camp II: Unhappy Campers
2600,El Conde
2601,The Hotel New Hampshire
2602,Death Wish: The Face of Death
2603,The Castle
2604,In Order of Disappearance
2605,Get the Gringo
2606,Whiskey Tango Foxtrot
2607,The Art of Self-Defense
2608,Female Trouble
2609,The Man with Two Brains
2610,Visitor Q
2611,The Big Feast
2612,Pathology
2613,Sudden Death
2614,Surviving the Game
2615,Fair Game
2616,Fair Game
2617,The House of Yes
2618,Bubba Ho-Tep
2619,My Blueberry Nights
2620,The Green Butchers
2621,American Renegades
2622,Man Up
2623,Who Am I?
2624,Let's Go to Prison
2625,Friday the 13th Part VIII: Jason Takes Manhattan
2626,Dead Heat
2627,Drowning Mona
2628,Things to Do in Denver When You're Dead
2629,Drowning by Numbers
2630,Coffee and Cigarettes
2631,Party Monster
2632,Away We Go
2633,Class of 1999
2634,Maggie Moore(s)
2635,11:14
2636,The Limey
2637,Polyester
2638,Detention
2639,American Ninja
2640,Motel Hell
2641,Dr. Giggles
2642,Red Rock West
2643,Pieles
2644,Deuce Bigalow: European Gigolo
2645,Black Bear
2646,Dolls
2647,Dolls
2648,Going Places
2649,Tequila Sunrise
2650,The Hunting Party
2651,The Man Without a Past
2652,Exit Wounds
2653,Last of the Dogmen
2654,Paranoia
2655,Cherry Falls
2656,The Crow: Wicked Prayer
2657,The Freshman
2658,Gator
2659,Teaching Mrs. Tingle
2660,White Lightning
2661,Jabberwocky
2662,Welcome to Me
2663,Memoirs of an Invisible Man
2664,The Greasy Strangler
2665,Stay Tuned
2666,The Perfect Host
2667,Patient Zero
2668,TerrorVision
2669,Love Me If You Dare
2670,The Big Hit
2671,The Abominable Dr. Phibes
2672,Gringo
2673,I Love You to Death
2674,Innocent Blood
2675,Bitch Slap
2676,Inside Man: Most Wanted
2677,Corner Office
2678,The Ref
2679,Hell
2680,Hell
2681,Hell
2682,Zom 100: Bucket List of the Dead
2683,The Weather Man
2684,Pawn Shop Chronicles
2685,Little Evil
2686,Jackass Presents: Bad Grandpa
2687,Jumpin' Jack Flash
2688,Slums of Beverly Hills
2689,"Don't Worry, He Won't Get Far on Foot"
2690,Forbidden Zone
2691,Suicide Club
2692,Pushing Tin
2693,Dragonfly
2694,What We Did on Our Holiday
2695,Heavy Metal 2000
2696,Bordello of Blood
2697,Mr. Nice Guy
2698,The Marine
2699,Hell Ride
2700,Bedazzled
2701,The Party
2702,The Party
2703,Mr. Majestyk
2704,Moebius
2705,Daydream Nation
2706,Sleepaway Camp III: Teenage Wasteland
2707,The Hospital
2708,Riki-Oh: The Story of Ricky
2709,Ice Cream Man
2710,Big Game
2711,Captain Kronos: Vampire Hunter
2712,Flirting with Disaster
2713,Fierce Creatures
2714,A Bay of Blood
2715,Blue Collar
2716,Mystery Train
2717,The Manhattan Project
2718,Home Sweet Hell
2719,Alien Nation
2720,Birthday Girl
2721,Suicide Kings
2722,Freaks of Nature
2723,Blow the Man Down
2724,Vamp
2725,New Police Story
2726,Gorgeous
2727,Gorgeous
2728,Keeping Mum
2729,Shock Treatment
2730,French Exit
2731,The Day of the Beast
2732,Behind the Mask: The Rise of Leslie Vernon
2733,High Strung
2734,Desayuno De Campeones
2735,Tales from the Darkside: The Movie
2736,Damsel
2737,Damsel
2738,Stolen
2739,Stolen
2740,Shakes the Clown
2741,Goin' South
2742,The Killer Elite
2743,Swimming with Sharks
2744,Operation: Endgame
2745,Below Zero
2746,The Opposite of Sex
2747,The Boys in the Band
2748,The Boys in the Band
2749,Dirty Love
2750,Martin
2751,Martin
2752,The Last Supper
2753,Electra Glide in Blue
2754,Phantasm II
2755,The Last Days of Disco
2756,The Spanish Apartment
2757,Cannibal! The Musical
2758,Fahrenheit 9/11
2759,Duplex
2760,Burying the Ex
2761,Action Jackson
2762,The Fourth Protocol
2763,Everything You Always Wanted to Know About Sex * But Were Afraid to Ask
2764,Willard
2765,Willard
2766,The Concorde... Airport '79
2767,Mickey Blue Eyes
2768,The Crazies
2769,The Crazies
2770,Blithe Spirit
2771,Pumpkin
2772,The Private Lives of Pippa Lee
2773,Intermission
2774,Just Before I Go
2775,Pink Cadillac
2776,Furry Vengeance
2777,Dirty Mary Crazy Larry
2778,Silent Rage
2779,Theater of Blood
2780,High Heels
2781,Mafia!
2782,The Savages
2783,Wasabi
2784,What Just Happened
2785,Four Flies on Grey Velvet
2786,Brick Mansions
2787,Kika
2788,Bunraku
2789,The Dance of Reality
2790,Ripley's Game
2791,Fire Birds
2792,Knockaround Guys
2793,Support Your Local Gunfighter
2794,Nurse Betty
2795,One Night at McCool's
2796,Other People
2797,Manhattan Murder Mystery
2798,Miss You Already
2799,Nice Dreams
2800,Extra Ordinary
2801,Rare Exports
2802,Deranged
2803,Matador
2804,I Give It a Year
2805,He Never Died
2806,Death Hunt
2807,Perrier's Bounty
2808,The Monster
2809,The Monster
2810,The Stronghold
2811,Silent Movie
2812,Dr. T & the Women
2813,America: The Motion Picture
2814,Scent of a Woman
2815,Scent of a Woman
2816,Weekend at Bernie's II
2817,Urban Legends: Final Cut
2818,Nick of Time
2819,Spartan
2820,The Forsaken
2821,Cadillac Man
2822,Jack Frost
2823,The Phantom of Liberty
2824,Clockwise
2825,The Ruling Class
2826,I Wanna Hold Your Hand
2827,Dillinger
2828,Moonlight Mile
2829,Honkytonk Man
2830,In Fabric
2831,The Cottage
2832,Kevin & Perry Go Large
2833,A New Leaf
2834,Buffalo Soldiers
2835,Metropolitan
2836,Surveillance
2837,Point Blank
2838,Point Blank
2839,The Foot Fist Way
2840,O Lucky Man!
2841,The 100 Year-Old Man Who Climbed Out the Window and Disappeared
2842,The Death of Dick Long
2843,Love Stinks
2844,Death Line
2845,The Dish
2846,Unaccompanied Minors
2847,Kidulthood
2848,North Sea Hijack
2849,Blood Sucking Freaks
2850,Mother's Day
2851,Mother's Day
2852,Mother's Day
2853,The Tournament
2854,Dobermann
2855,The Lift
2856,976-EVIL
2857,Brain Dead
2858,Silent Night
2859,Silent Night
2860,Silent Night
2861,Twin Town
2862,Office Uprising
2863,The Family Fang
2864,The Hunter
2865,The Hunter
2866,The Angels' Share
2867,Parents
2868,Leprechaun Returns
2869,Pixie
2870,The Chumscrubber
2871,Head Above Water
2872,Mute Witness
2873,Police Story 2
2874,Dylan Dog: Dead of Night
2875,Home Fries
2876,The Survivors
2877,Strangers with Candy
2878,Fred Claus
2879,Basket Case 2
2880,Kill Me Three Times
2881,Storytelling
2882,Satan's Little Helper
2883,A Return to Salem's Lot
2884,I Don't Know How She Does It
2885,Replicant
2886,You Kill Me
2887,A Long Way Down
2888,Chi-Raq
2889,The Unbelievable Truth
2890,JCVD
2891,Brewster McCloud
2892,Triple Dog
2893,Nina Forever
2894,Lucky Numbers
2895,Alan Partridge
2896,Telefon
2897,The Octagon
2898,White Sands
2899,CB4
2900,Precious Cargo
2901,House of the Long Shadows
2902,Alone in the Dark
2903,Alone in the Dark
2904,Blood Diner
2905,Dead in a Week Or Your Money Back
2906,Crimewave
2907,Big Nothing
2908,Fido
2909,Three... Extremes
2910,Feeling Minnesota
2911,"War, Inc."
2912,The Death of Mr. Lazarescu
2913,The Mod Squad
2914,The Accidental Spy
2915,Phantasm III: Lord of the Dead
2916,Celine and Julie Go Boating
2917,My Boyfriend's Back
2918,Eddie Murphy: Raw
2919,Burke and Hare
2920,"Monica, O My Darling"
2921,Kafka
2922,It's All Gone Pete Tong
2923,Student Bodies
2924,Killers Anonymous
2925,Trailer Park Boys: The Movie
2926,Beyond Re-Animator
2927,Control
2928,Control
2929,Control
2930,The Guilt Trip
2931,Wedlock
2932,Art School Confidential
2933,Life During Wartime
2934,Two Girls and a Guy
2935,Stockholm
2936,Stockholm
2937,Murphy's Law
2938,Extraction
2939,Extraction
2940,The Butcher Boy
2941,Arthur Newman
2942,Let's Kill Ward's Wife
2943,Weekend
2944,The Acid House
2945,The Ice Harvest
2946,In the Company of Men
2947,Casino Jack
2948,Serious Moonlight
2949,Stitches
2950,The Big White
2951,Santa's Slay
2952,Wise Blood
2953,Turbulence
2954,The Vicious Kind
2955,Fled
2956,Cottage Country
2957,See You Up There
2958,Homegrown
2959,Mumford
2960,The Curve
2961,Wish You Were Here
2962,Barcelona
2963,Mindhorn
2964,A Shock to the System
2965,Stealing Harvard
2966,Tormented
2967,The Silence of the Hams
2968,Assassination
2969,Take Me
2970,Ca$h
2971,S.F.W.
2972,Eliminators
2973,Henry Fool
2974,Bounty Killer
2975,Last Night
2976,Last Night
2977,Barney Thomson
2978,Proof
2979,Proof
2980,Pretty Persuasion
2981,Surviving Christmas
2982,Phantasm IV: Oblivion
2983,Ticker
2984,Undead
2985,Dr. Phibes Rises Again
2986,Ringmaster
2987,A Pigeon Sat on a Branch Reflecting on Existence
2988,Braddock: Missing in Action III
2989,Your Friends and Neighbors
2990,The Happiness of the Katakuris
2991,Kids in the Hall: Brain Candy
2992,Killing Cabos
2993,Girl Walks Into a Bar
2994,Bait
2995,Bait
2996,Bait
2997,Pauly Shore Is Dead
2998,Good Neighbours
2999,It's a Disaster
3000,Suck
3001,Red Scorpion
3002,Herod's Law
3003,The Saddest Music in the World
3004,13: Game of Death
3005,Panic
3006,Curdled
3007,Jack Brooks: Monster Slayer
3008,12 Rounds 2: Reloaded
3009,Run
3010,Common Wealth
3011,Sitcom
3012,Imaginary Heroes
3013,With a Friend Like Harry...
3014,Kenny
3015,The Big Bang
3016,Fortress 2: Re-Entry
3017,99 Francs
3018,Terribly Happy
3019,The Tripper
3020,Trigun: Badlands Rumble
3021,Retroactive
3022,The Perfect Dictatorship
3023,The Original Kings of Comedy
3024,Extreme Ops
3025,Big Bully
3026,Wilbur Wants to Kill Himself
3027,Laal Rang
3028,Even Dwarfs Started Small
3029,My New Partner
3030,Dedication
3031,Dragon Eyes
3032,Angel
3033,Angel
3034,Thin Ice
3035,Ali's Wedding
3036,Trailer Park Boys: Countdown to Liquor Day
3037,Birds of America
3038,Evil Aliens
3039,Jagame Thandhiram
3040,Best Man Down
3041,The Bodyguard from Beijing
3042,Bad Girls
3043,One in the Chamber
3044,The Filth and the Fury
3045,Some Guy Who Kills People
3046,Last Life in the Universe
3047,The Motive
3048,Dirty Deeds
3049,Heaven
3050,Last Holiday
3051,AK vs AK
3052,Out Cold
3053,End of the Road
3054,Nosferatu
3055,The Lord of the Rings: The War of the Rohirrim
3056,The Crow
3057,The Crow
3058,The Witch
3059,Twilight
3060,Twilight
3061,The Witcher: Sirens of the Deep
3062,Harry Potter and the Deathly Hallows: Part 2
3063,Reign of Fire
3064,The Shape of Water
3065,Sleepy Hollow
3066,Doctor Strange in the Multiverse of Madness
3067,Underworld
3068,Interview with the Vampire
3069,Alice in Wonderland
3070,Harry Potter and the Deathly Hallows: Part 1
3071,Doctor Sleep
3072,Labyrinth
3073,Masters of the Universe
3074,Highlander
3075,Miss Peregrine's Home for Peculiar Children
3076,It Chapter Two
3077,Fantastic Beasts: The Secrets of Dumbledore
3078,Mortal Kombat
3079,Mortal Kombat
3080,Maleficent
3081,Legend
3082,Legend
3083,Willow
3084,Conan the Barbarian
3085,Conan the Barbarian
3086,Thor: The Dark World
3087,The Dark Tower
3088,Coraline
3089,Warcraft
3090,The Last Voyage of the Demeter
3091,Edward Scissorhands
3092,Batman Returns
3093,Hansel & Gretel: Witch Hunters
3094,Mortal Engines
3095,Hellboy
3096,Hellboy
3097,Dark Shadows
3098,Ghost Rider
3099,The Last Witch Hunter
3100,Return to Oz
3101,Maleficent: Mistress of Evil
3102,Gretel & Hansel
3103,Fallen
3104,Fallen
3105,Hocus Pocus
3106,Guillermo del Toro's Pinocchio
3107,Dracula Untold
3108,Teen Wolf: The Movie
3109,Only Lovers Left Alive
3110,Death Note
3111,Death Note
3112,The Witches
3113,The Witches
3114,The Wolfman
3115,The Witcher: Nightmare of the Wolf
3116,Underworld: Blood Wars
3117,Abraham Lincoln: Vampire Hunter
3118,The Keep
3119,The Nightmare Before Christmas
3120,The Huntsman: Winter's War
3121,Cool World
3122,Monster Hunter
3123,Corpse Bride
3124,Time Bandits
3125,Ladyhawke
3126,The Dark Crystal
3127,The Golden Compass
3128,Vampire Hunter D: Bloodlust
3129,Mad God
3130,Let Me In
3131,The Lord of the Rings
3132,Conan the Destroyer
3133,The Black Cauldron
3134,The Secret of NIMH
3135,A Monster Calls
3136,Tale of Tales
3137,The Sword and the Sorcerer
3138,The Last Unicorn
3139,Dracula 2000
3140,Fire and Ice
3141,Dracula
3142,Dracula
3143,Demon Slayer: Kimetsu no Yaiba - The Movie: Mugen Train
3144,Deathstalker
3145,Lady in the Water
3146,Mortal Kombat: Annihilation
3147,Krampus
3148,The House with a Clock in Its Walls
3149,Wizards
3150,Dragonslayer
3151,BloodRayne
3152,New Nightmare
3153,Mortal
3154,Mirrormask
3155,The Mummy
3156,The Mummy
3157,The Last Wave
3158,Something Wicked This Way Comes
3159,Night Watch
3160,Blacula
3161,Snow White: A Tale of Terror
3162,Demon Slayer: Kimetsu No Yaiba - To the Swordsmith Village
3163,Vampire in Brooklyn
3164,Tideland
3165,Highlander: Endgame
3166,Diary of the Dead
3167,Mortal Kombat Legends: Scorpion's Revenge
3168,Highlander: The Final Dimension
3169,Made in Abyss: Dawn of the Deep Soul
3170,Hideaway
3171,Demon Slayer: Kimetsu No Yaiba - To the Hashira Training
3172,Taste the Blood of Dracula
3173,Day Watch
3174,The Gorge
3175,Eternal Sunshine of the Spotless Mind
3176,Love Lies Bleeding
3177,Cruel Intentions
3178,True Romance
3179,Little Children
3180,Unfaithful
3181,Indecent Proposal
3182,King Kong
3183,King Kong
3184,In the Mood for Love
3185,The Secret in Their Eyes
3186,Natural Born Killers
3187,Leaving Las Vegas
3188,Mr. Nobody
3189,Killing Me Softly
3190,Body Heat
3191,Crimson Peak
3192,Love Story
3193,Gaslight
3194,Original Sin
3195,Bitter Moon
3196,Dangerous Liaisons
3197,Rebecca
3198,Damage
3199,Damage
3200,Notes on a Scandal
3201,Halloween Ends
3202,Lady Macbeth
3203,Three Colors: Blue
3204,Head-On
3205,Seeking a Friend for the End of the World
3206,Three Colors: Red
3207,Sid and Nancy
3208,Wolf
3209,Wolf
3210,Wolf
3211,The Exception
3212,The One I Love
3213,Wuthering Heights
3214,Wuthering Heights
3215,Perdita Durango
3216,Raise the Red Lantern
3217,Random Hearts
3218,Equals
3219,Broken Embraces
3220,Asylum
3221,Asylum
3222,Read My Lips
3223,Love and a .45
3224,Married Life
3225,Dot the I
3226,The Phantom of the Opera
3227,The Phantom of the Opera
3228,Dune: Part One
3229,Dune
3230,Raiders of the Lost Ark
3231,Holes
3232,Indiana Jones and the Last Crusade
3233,Aladdin
3234,Aladdin
3235,The Extraordinary Adventures of Adèle Blanc-Sec
3236,Stargate
3237,The English Patient
3238,The Mummy Returns
3239,Gods of Egypt
3240,The Prince of Egypt
3241,Prince of Persia: The Sands of Time
3242,Bite the Bullet
3243,The Mummy: Tomb of the Dragon Emperor
3244,The Scorpion King
3245,Sahara
3246,Geronimo: An American Legend
3247,The Rescuers Down Under
3248,The Gods Must Be Crazy
3249,Hidalgo
3250,Hidden Strike
3251,Flight of the Phoenix
3252,An American Tail: Fievel Goes West
3253,Queen of the Desert
3254,Tracks
3255,The Sheltering Sky
3256,Gerry
3257,Lawman
3258,Ulzana's Raid
3259,El Norte
3260,The Four Feathers
3261,Something New
3262,Jurassic Park
3263,Jurassic World: Dominion
3264,Jurassic World
3265,The Lost World: Jurassic Park
3266,Jurassic World: Fallen Kingdom
3267,Jurassic Park III
3268,65
3269,Godzilla vs. Kong
3270,The Land Before Time
3271,Journey to the Center of the Earth
3272,Land of the Lost
3273,"10,000 BC"
3274,We're Back! A Dinosaur's Story
3275,The Land That Time Forgot
3276,The Dinosaur Project
3277,Godzilla vs. Mechagodzilla II
3278,Godzilla vs. Megalon
3279,Godzilla vs. Hedorah
3280,Samson
3281,Titanic
3282,Twisters
3283,The Poseidon Adventure
3284,Armageddon
3285,Twister
3286,The Day After Tomorrow
3287,The Impossible
3288,Die Hard
3289,Greenland
3290,2012
3291,Cloverfield
3292,World War Z
3293,Deepwater Horizon
3294,San Andreas
3295,Deep Impact
3296,Knowing
3297,Moonfall
3298,Only the Brave
3299,Gravity
3300,Geostorm
3301,Thirteen Lives
3302,Sully
3303,Underwater
3304,No Way Up
3305,Contagion
3306,Unstoppable
3307,Unstoppable
3308,Unstoppable
3309,Outbreak
3310,Pompeii
3311,The Towering Inferno
3312,Poseidon
3313,The Perfect Storm
3314,Disaster Movie
3315,Crawl
3316,Dante's Peak
3317,Volcano
3318,The Finest Hours
3319,The Wave
3320,The Wave
3321,The Wave
3322,Into the Storm
3323,Adrift
3324,Juggernaut
3325,The Burning Sea
3326,Badland Hunters
3327,The 33
3328,Airport '77
3329,World Trade Center
3330,The Quake
3331,The Wolf's Call
3332,Meteor
3333,The Hurricane Heist
3334,Virus
3335,Virus
3336,The Swarm
3337,The Swarm
3338,Pandora
3339,Aftershock
3340,Aftershock
3341,A Complete Unknown
3342,I'm Still Here
3343,I'm Still Here
3344,September 5
3345,The Apprentice
3346,Oppenheimer
3347,Better Man
3348,Schindler's List
3349,Goodfellas
3350,The Pianist
3351,Lee
3352,Hit Man
3353,Green Book
3354,The Theory of Everything
3355,The Irishman
3356,The Social Network
3357,Hidden Figures
3358,Chariots of Fire
3359,Hacksaw Ridge
3360,The Iron Claw
3361,The Intouchables
3362,Casino
3363,A Beautiful Mind
3364,Beautiful Boy
3365,Beautiful Boy
3366,Bohemian Rhapsody
3367,Sound of Freedom
3368,Downfall
3369,Miracle
3370,Ford v Ferrari
3371,Zero Dark Thirty
3372,Spotlight
3373,Erin Brockovich
3374,Society of the Snow
3375,American Sniper
3376,The Founder
3377,American Gangster
3378,The Aviator
3379,Gandhi
3380,The Elephant Man
3381,Flight
3382,Dallas Buyers Club
3383,Walk the Line
3384,Malcolm X
3385,Argo
3386,Lincoln
3387,Respect
3388,The Two Popes
3389,Elvis
3390,Escape from Pretoria
3391,The Straight Story
3392,Bombshell
3393,Straight Outta Compton
3394,One Life
3395,Rush
3396,Rush
3397,The Post
3398,Reagan
3399,Molly's Game
3400,She Said
3401,Unbroken
3402,Lone Survivor
3403,Public Enemies
3404,Back to Black
3405,Rocketman
3406,Maestro
3407,Ferrari
3408,127 Hours
3409,Tetris
3410,Everest
3411,The Last Emperor
3412,House of Gucci
3413,Dark Waters
3414,Harriet
3415,Pain Hustlers
3416,Breaking
3417,Blow
3418,Donnie Brasco
3419,First Man
3420,Dumb Money
3421,An American Crime
3422,The Trial of the Chicago 7
3423,In the Name of the Father
3424,All the Money in the World
3425,"Extremely Wicked, Shockingly Evil and Vile"
3426,Captain Phillips
3427,The Greatest Beer Run Ever
3428,Minari
3429,The Doors
3430,Judy
3431,Wild
3432,Capote
3433,A Beautiful Day in the Neighborhood
3434,Whitney Houston: I Wanna Dance with Somebody
3435,Reality
3436,Reality
3437,Reality
3438,Stronger
3439,Richard Jewell
3440,Changeling
3441,Bob Marley: One Love
3442,BlackBerry
3443,Frida
3444,Spencer
3445,Hotel Rwanda
3446,Charlie Wilson's War
3447,"tick, tick... BOOM!"
3448,King Richard
3449,The Long Game
3450,The Lost City of Z
3451,Scoop
3452,Scoop
3453,Mank
3454,Ray
3455,The Motorcycle Diaries
3456,Ip Man
3457,Alive
3458,Joy
3459,Joy
3460,Patch Adams
3461,Steve Jobs
3462,Man on the Moon
3463,The Iron Lady
3464,Lamborghini: The Man Behind the Legend
3465,Fighting with My Family
3466,Jesus Revolution
3467,The Outpost
3468,Lords of Dogtown
3469,Selma
3470,The Burial
3471,Boston Strangler
3472,The Hurricane
3473,The Great Debaters
3474,Big George Foreman
3475,Amistad
3476,Born on the Fourth of July
3477,Judas and the Black Messiah
3478,United 93
3479,Foxcatcher
3480,Saving Mr. Banks
3481,Flamin' Hot
3482,Chaplin
3483,At Eternity's Gate
3484,Milk
3485,Jobs
3486,Invictus
3487,Dahmer
3488,J. Edgar
3489,Marshall
3490,Maharaj
3491,Ali
3492,Thirteen Days
3493,Mary Shelley
3494,The Walk
3495,Miss Potter
3496,Red Tails
3497,Michael Collins
3498,Frost/Nixon
3499,La Vie En Rose
3500,The Best of Enemies
3501,Till
3502,Mommie Dearest
3503,22 July
3504,Battle of the Sexes
3505,Sergio
3506,Nixon
3507,Rustin
3508,Basquiat
3509,The Queen
3510,The Duke
3511,Pollock
3512,The Diving Bell and the Butterfly
3513,A Civil Action
3514,Fearless
3515,Fearless
3516,Antwone Fisher
3517,The Sea Inside
3518,Dolemite Is My Name
3519,The Greatest Game Ever Played
3520,Can You Ever Forgive Me?
3521,Bloody Sunday
3522,United
3523,The Beautiful Game
3524,Bad Education
3525,Bad Education
3526,The Damned United
3527,Karla
3528,A Beautiful Life
3529,The Notorious Bettie Page
3530,The Imposter
3531,Shirley
3532,Gorillas in the Mist
3533,Get on Up
3534,Golda
3535,Infamous
3536,Asoka
3537,Ghosts of Mississippi
3538,Dersu Uzala
3539,Confessions of a Brazilian Call Girl
3540,Dolphin Tale
3541,Goya's Ghosts
3542,The Front Runner
3543,The United States vs. Billie Holiday
3544,Cromwell
3545,Pele: Birth of a Legend
3546,Mesrine: Killer Instinct
3547,Little Ashes
3548,Sanju
3549,Mesrine: Public Enemy No. 1
3550,The Pirates of Somalia
3551,Chapter 27
3552,Amar Singh Chamkila
3553,I Dreamed of Africa
3554,Swiped
3555,Borg vs. McEnroe
3556,I Shot Andy Warhol
3557,Creation
3558,Dolphin Tale 2
3559,The Lost Honor of Katharina Blum
3560,Hannibal
3561,Christmas as Usual
3562,Battle for Haditha
3563,Deliverance
3564,Scarface
3565,Kingsman: The Golden Circle
3566,Sicario: Day of the Soldado
3567,American Made
3568,Savages
3569,Into the Blue
3570,The Counselor
3571,The Infiltrator
3572,White Boy Rick
3573,Brick
3574,Miami Vice
3575,Project Power
3576,Deep Cover
3577,Trouble
3578,Miss Bala
3579,Miss Bala
3580,Gun Shy
3581,A Man Apart
3582,Loving Pablo
3583,Running with the Devil
3584,Super Fly
3585,Escobar: Paradise Lost
3586,The Harder They Come
3587,American Sicario
3588,Little Fish
3589,Little Fish
3590,Togo
3591,Watchmen
3592,The Hunger Games
3593,The Hunger Games: The Ballad of Songbirds & Snakes
3594,Kingdom of the Planet of the Apes
3595,Divergent
3596,The Hunger Games: Catching Fire
3597,Oblivion
3598,Children of Men
3599,V for Vendetta
3600,Uglies
3601,Logan
3602,Waterworld
3603,1984
3604,The Running Man
3605,Gattaca
3606,The Platform
3607,The Island
3608,The Island
3609,Z for Zachariah
3610,Flash Gordon
3611,Terminator 3: Rise of the Machines
3612,The Giver
3613,Equilibrium
3614,Planet of the Apes
3615,The Hunger Games: Mockingjay - Part 2
3616,The Hunger Games: Mockingjay - Part 1
3617,Left Behind
3618,What Happened to Monday
3619,Soylent Green
3620,The Purge
3621,Love and Monsters
3622,The Platform 2
3623,The Postman
3624,The Postman
3625,Twilight Zone: The Movie
3626,Dawn of the Planet of the Apes
3627,Voyagers
3628,The Midnight Sky
3629,Maze Runner: The Scorch Trials
3630,The Handmaid's Tale
3631,Escape from L.A.
3632,City of Ember
3633,The Time Machine
3634,The Bad Batch
3635,The Girl with All the Gifts
3636,The First Purge
3637,The Purge: Anarchy
3638,The Rover
3639,The Wandering Earth
3640,The Kitchen
3641,The Kitchen
3642,Beneath the Planet of the Apes
3643,Left Behind: The Movie
3644,The Hungover Games
3645,Spacehunter: Adventures in the Forbidden Zone
3646,Frogs
3647,Escape from the Planet of the Apes
3648,Testament
3649,Damnation Alley
3650,Sleeper
3651,Battle for the Planet of the Apes
3652,Conquest of the Planet of the Apes
3653,The Humanity Bureau
3654,Avalon
3655,Avalon
3656,Franklyn
3657,Things to Come
3658,One Point O
3659,The Last Battle
3660,Interstellar
3661,The Princess Bride
3662,Apocalypse Now
3663,Indiana Jones and the Dial of Destiny
3664,The Hobbit: An Unexpected Journey
3665,Howl's Moving Castle
3666,Indiana Jones and the Temple of Doom
3667,Pirates of the Caribbean: Dead Man's Chest
3668,The NeverEnding Story
3669,Excalibur
3670,The Hobbit: The Desolation of Smaug
3671,Pirates of the Caribbean: At World's End
3672,Life of Pi
3673,The Green Knight
3674,Big Fish
3675,Indiana Jones and the Kingdom of the Crystal Skull
3676,Oz the Great and Powerful
3677,The Call of the Wild
3678,The Chronicles of Narnia: Prince Caspian
3679,The Last Airbender
3680,Epic Movie
3681,The Chronicles of Narnia: The Voyage of the Dawn Treader
3682,Solaris
3683,Solaris
3684,Jack the Giant Slayer
3685,Peter Pan & Wendy
3686,Kubo and the Two Strings
3687,The Book of Clarence
3688,Australia
3689,Little Big Man
3690,Around the World in 80 Days
3691,Slumberland
3692,The Kid Who Would Be King
3693,First Knight
3694,Kon-Tiki
3695,Black Clover: Sword of the Wizard King
3696,King Solomon's Mines
3697,One Night with the King
3698,The Seven Deadly Sins: Prisoners of the Sky
3699,The Brutalist
3700,The Shawshank Redemption
3701,The Godfather
3702,Megalopolis
3703,Saving Private Ryan
3704,Forrest Gump
3705,Killers of the Flower Moon
3706,Horizon: An American Saga - Chapter 1
3707,There Will Be Blood
3708,The Godfather Part II
3709,Troy
3710,The Whale
3711,Atonement
3712,1917
3713,All Quiet on the Western Front
3714,The Color Purple
3715,The Color Purple
3716,The Revenant
3717,The Revenant
3718,The Passion of the Christ
3719,The Deer Hunter
3720,Legends of the Fall
3721,The Godfather Part III
3722,Pearl Harbor
3723,Hamilton
3724,Munich
3725,Wyatt Earp
3726,The Curious Case of Benjamin Button
3727,Road to Perdition
3728,King Arthur
3729,Babel
3730,"Blood In, Blood Out"
3731,The Fountain
3732,Reds
3733,The Promised Land
3734,Out of Africa
3735,Ran
3736,A Hidden Life
3737,Alexander
3738,Noah
3739,The Last Temptation of Christ
3740,Patton
3741,The Right Stuff
3742,Hamlet
3743,Hamlet
3744,Hamlet
3745,Henry V
3746,The Forgiven
3747,Macbeth
3748,Macbeth
3749,The Birth of a Nation
3750,"Duck, You Sucker!"
3751,Ragtime
3752,Farewell My Concubine
3753,Kagemusha: The Shadow Warrior
3754,Titus
3755,Lagaan: Once Upon a Time in India
3756,Sunshine
3757,Sunshine
3758,Mobsters
3759,Laal Singh Chaddha
3760,American Pop
3761,The Emigrants
3762,Cry Freedom
3763,Stalingrad
3764,Stalingrad
3765,Miracle at St. Anna
3766,The New Land
3767,Sonic the Hedgehog 3
3768,Stardust
3769,"The Chronicles of Narnia: The Lion, the Witch and the Wardrobe"
3770,The Boy and the Heron
3771,Harry Potter and the Half-Blood Prince
3772,Pirates of the Caribbean: On Stranger Tides
3773,Percy Jackson & the Olympians: The Lightning Thief
3774,Clash of the Titans
3775,Clash of the Titans
3776,Three Thousand Years of Longing
3777,Immortals
3778,Eragon
3779,A Wrinkle in Time
3780,Ramayana: The Legend of Prince Rama
3781,The King
3782,The King
3783,The Thin Red Line
3784,A Bridge Too Far
3785,The Mission
3786,The Mission
3787,Outlaw King
3788,The Last King of Scotland
3789,A Passage to India
3790,Mongol: The Rise of Genghis Khan
3791,1492: Conquest of Paradise
3792,Gallipoli
3793,Risen
3794,Tora! Tora! Tora!
3795,Red Cliff
3796,Lion of the Desert
3797,Revolution
3798,Passchendaele
3799,The Notebook
3800,Romeo + Juliet
3801,Sleepless in Seattle
3802,Allied
3803,Cinderella
3804,Cinderella
3805,Far and Away
3806,Arabian Nights
3807,Annette
3808,A Very Long Engagement
3809,The Emperor and the Assassin
3810,Superman
3811,The Fifth Element
3812,Captain America: The First Avenger
3813,Prometheus
3814,Iron Man 2
3815,Alien: Covenant
3816,Contact
3817,Solo: A Star Wars Story
3818,Close Encounters of the Third Kind
3819,Ad Astra
3820,The Chronicles of Riddick
3821,John Carter
3822,Jupiter Ascending
3823,Star Trek VI: The Undiscovered Country
3824,2046
3825,Star Trek: The Motion Picture
3826,April and the Extraordinary World
3827,The Ministry of Ungentlemanly Warfare
3828,Midway
3829,Midway
3830,Cold Mountain
3831,Greyhound
3832,Glory
3833,Enemy at the Gates
3834,War Horse
3835,The Messenger: The Story of Joan of Arc
3836,Zulu
3837,Letters from Iwo Jima
3838,The Eagle Has Landed
3839,Flags of Our Fathers
3840,The Duellists
3841,The Last Legion
3842,Cross of Iron
3843,Windtalkers
3844,Ironclad
3845,Captain Corelli's Mandolin
3846,Force 10 from Navarone
3847,The Big Red One
3848,The Great Raid
3849,Tombstone
3850,Silverado
3851,Babygirl
3852,Strange Darling
3853,Fifty Shades of Grey
3854,Blue Velvet
3855,Gone Girl
3856,Eyes Wide Shut
3857,Basic Instinct
3858,The Voyeurs
3859,The Skin I Live In
3860,Twin Peaks: Fire Walk with Me
3861,Wild Things
3862,Fatal Attraction
3863,Body Double
3864,Chloe
3865,Dressed to Kill
3866,Basic Instinct 2
3867,8MM
3868,The Crush
3869,Color of Night
3870,One Hour Photo
3871,Obsessed
3872,Sliver
3873,Dream Lover
3874,The Black Dahlia
3875,Poison Ivy
3876,Boxing Helena
3877,Body of Evidence
3878,Mea Culpa
3879,Survival Island
3880,The Postman Always Rings Twice
3881,A Perfect Murder
3882,Addicted
3883,Above Suspicion
3884,Deadly Illusions
3885,Wild Things 2
3886,Femme Fatale
3887,Perfect Stranger
3888,The Canyons
3889,Berlin Syndrome
3890,Bound
3891,Bad Influence
3892,Jade
3893,Deception
3894,Wild Things: Diamonds in the Rough
3895,Final Analysis
3896,The Comfort of Strangers
3897,Diabolique
3898,Tightrope
3899,Angel Eyes
3900,Masquerade
3901,Under Suspicion
3902,Under Suspicion
3903,Kill Me Again
3904,Next Door
3905,Fatal Affair
3906,Mercy
3907,When the Bough Breaks
3908,Playback
3909,Bad Match
3910,The Escort
3911,The Other Woman
3912,The Other Woman
3913,The Proposal
3914,The Other Man
3915,Heart of Stone
3916,Wicked
3917,Hercules
3918,Hercules
3919,Hook
3920,The Princess and the Frog
3921,Enchanted
3922,Snow White and the Huntsman
3923,Pleasantville
3924,Peter Pan
3925,Into the Woods
3926,Sleeping Beauty
3927,Pinocchio
3928,Pinocchio
3929,Pinocchio
3930,FernGully: The Last Rainforest
3931,Alice Through the Looking Glass
3932,Red Riding Hood
3933,Ella Enchanted
3934,Pan
3935,Bedtime Stories
3936,Disenchanted
3937,The Pagemaster
3938,Penelope
3939,The Swan Princess
3940,Clifford the Big Red Dog
3941,Beastly
3942,The Secret of Roan Inish
3943,Fantasia 2000
3944,There's Something in the Barn
3945,Donkey Skin
3946,Godmothered
3947,Neverwas
3948,Kinda Pregnant
3949,The Birdcage
3950,Young Frankenstein
3951,Wedding Crashers
3952,Austin Powers: International Man of Mystery
3953,Monty Python and the Holy Grail
3954,Sixteen Candles
3955,Blazing Saddles
3956,Unfrosted
3957,"Lock, Stock and Two Smoking Barrels"
3958,Police Academy
3959,Caddyshack
3960,Tootsie
3961,"Honey, I Shrunk the Kids"
3962,The Apartment
3963,9 to 5
3964,Anchorman: The Legend of Ron Burgundy
3965,The First Wives Club
3966,George of the Jungle
3967,Rat Race
3968,10
3969,Paul Blart: Mall Cop
3970,Three Amigos!
3971,Blame It on Rio
3972,Wallace & Gromit: The Curse of the Were-Rabbit
3973,Borat Subsequent Moviefilm
3974,What About Bob?
3975,Mallrats
3976,Bachelor Party
3977,The Muppets
3978,Anchorman 2: The Legend Continues
3979,Hairspray
3980,Hairspray
3981,The Woman in Red
3982,Fanboys
3983,Rumor Has It...
3984,The Canterbury Tales
3985,Bubble Boy
3986,The Decameron
3987,Muppet Treasure Island
3988,The Return of the Pink Panther
3989,The Importance of Being Earnest
3990,Victor/Victoria
3991,Once Bitten
3992,Harold & Kumar Escape from Guantanamo Bay
3993,"Game Over, Man!"
3994,Guess Who
3995,High Spirits
3996,The General
3997,Funny Farm
3998,La Cage aux Folles
3999,California Suite
4000,Greedy
4001,Allan Quatermain and the Lost City of Gold
4002,Seems Like Old Times
4003,Trail of the Pink Panther
4004,Soapdish
4005,Three to Tango
4006,Curse of the Pink Panther
4007,Ernest Scared Stupid
4008,Taking Care of Business
4009,Twin Dragons
4010,Son of the Pink Panther
4011,The Brothers Solomon
4012,The Out of Towners
4013,The Twelve Chairs
4014,Buddy Buddy
4015,An American Carol
4016,Boy Meets Girl
4017,We Live in Time
4018,Grease
4019,Bridget Jones's Diary
4020,Legally Blonde
4021,"Crazy, Stupid, Love."
4022,Amélie
4023,About Time
4024,Me Before You
4025,Pretty Woman
4026,How to Lose a Guy in 10 Days
4027,The Idea of You
4028,The Parent Trap
4029,Notting Hill
4030,Mamma Mia!
4031,Ghost
4032,Ghost
4033,A Knight's Tale
4034,Purple Hearts
4035,The Age of Adaline
4036,Groundhog Day
4037,Love & Other Drugs
4038,Steel Magnolias
4039,Crazy Rich Asians
4040,The 40-Year-Old Virgin
4041,When Harry Met Sally...
4042,An Officer and a Gentleman
4043,Redeeming Love
4044,Sweet Home Alabama
4045,Palm Springs
4046,He's Just Not That Into You
4047,The Princess Diaries
4048,Blended
4049,Flipped
4050,Knocked Up
4051,You've Got Mail
4052,Friends with Benefits
4053,Love Again
4054,Burlesque
4055,27 Dresses
4056,Forgetting Sarah Marshall
4057,High Fidelity
4058,The Lucky One
4059,The Wedding Singer
4060,The Holiday
4061,Career Opportunities
4062,The Sweetest Thing
4063,Mr. Deeds
4064,She's Out of My League
4065,Romancing the Stone
4066,Two Weeks Notice
4067,Flashdance
4068,Grease 2
4069,Chocolat
4070,Chocolat
4071,Yesterday
4072,Serendipity
4073,While You Were Sleeping
4074,Yes Man
4075,Am I OK?
4076,My Big Fat Greek Wedding
4077,Just Friends
4078,The Taste of Things
4079,Sleeping with Other People
4080,Safe Haven
4081,Shotgun Wedding
4082,A Good Year
4083,Arthur
4084,Arthur
4085,Somebody I Used to Know
4086,Beginners
4087,Music and Lyrics
4088,Monster-in-Law
4089,Supernova
4090,Supernova
4091,Something Borrowed
4092,Dear John
4093,100 Girls
4094,All About My Mother
4095,Paterson
4096,Down with Love
4097,The Wedding Banquet
4098,Letters to Juliet
4099,Kate & Leopold
4100,Bliss
4101,Bliss
4102,Bliss
4103,"You, Me and Dupree"
4104,What Happens in Vegas
4105,Benny & Joon
4106,Dan in Real Life
4107,In Her Shoes
4108,Return to Me
4109,French Kiss
4110,Look Both Ways
4111,The Family Stone
4112,Something from Tiffany's
4113,The Map of Tiny Perfect Things
4114,Manhattan
4115,One Fine Day
4116,Finding You
4117,From Up on Poppy Hill
4118,Through My Window: Across the Sea
4119,A Perfect Pairing
4120,2 Hearts
4121,Heart and Souls
4122,Love & Gelato
4123,Beyond the Lights
4124,Two Can Play That Game
4125,Love in the Villa
4126,A Business Proposal
4127,Monday
4128,Brown Sugar
4129,The Noel Diary
4130,The Englishman Who Went Up a Hill But Came Down a Mountain
4131,What If...
4132,Deliver Us from Eva
4133,Jaadugar
4134,Notorious
4135,The Big Sleep
4136,All the King's Men
4137,Night and the City
4138,No Way Out
4139,The Woman in the Window
4140,Nightmare Alley
4141,The Stranger
4142,Detour
4143,Stage Fright
4144,D.O.A.
4145,Brighton Rock
4146,Thunder Road
4147,A Kiss Before Dying
4148,Fury
4149,Outrage
4150,Party Girl
4151,Nocturne
4152,The Thief
4153,The Prowler
4154,The Chase
4155,Thunderbolt
4156,Black Widow
4157,Black Widow
4158,The Verdict
4159,Storm Warning
4160,Beyond a Reasonable Doubt
4161,I Love Trouble
4162,Black Friday
4163,Black Friday
4164,The Turning Point
4165,Cry Wolf
4166,Trapped
4167,Trapped
4168,Blackout
4169,Blackout
4170,Undertow
4171,Undertow
4172,The Suspect
4173,Whiplash
4174,The Enforcer
4175,The Enforcer
4176,The Accused
4177,Shoot to Kill
4178,Bodyguard
4179,Bodyguard
4180,Jigsaw
4181,Summer Storm
4182,Hit and Run
4183,Bordertown
4184,Shed No Tears
4185,Fear
4186,The Boss
4187,Eyewitness
4188,No Escape
4189,No Escape
4190,The Judge
4191,Bedevilled
4192,Once a Thief
4193,Inside Job
4194,It Could Happen to You
4195,Close-Up
4196,The Counterfeiters
4197,Blackmail
4198,Hideout
4199,Joy Ride
4200,Joy Ride
4201,Ticket to Paradise
4202,Glengarry Glen Ross
4203,Margin Call
4204,Wall Street
4205,Jerry and Marge Go Large
4206,The Banker
4207,Bank of Dave
4208,Boiler Room
4209,Arbitrage
4210,The Laundromat
4211,Wall Street: Money Never Sleeps
4212,Billionaire Boys Club
4213,The Company Men
4214,The Hummingbird Project
4215,Rogue Trader
4216,Capital
4217,The Green Inferno
4218,The Damned
4219,The Wailing
4220,Men
4221,Pet Sematary
4222,Pet Sematary
4223,Children of the Corn
4224,In the Tall Grass
4225,The Curse of La Llorona
4226,Black Death
4227,A Dark Song
4228,Final Prayer
4229,The Painted Bird
4230,The Blood on Satan's Claw
4231,Dark Harvest
4232,Rawhead Rex
4233,Hellhole
4234,Race with the Devil
4235,The Old Ways
4236,Errementari
4237,Sauna
4238,Jonathan
4239,Late Night with the Devil
4240,Cannibal Holocaust
4241,"As Above, So Below"
4242,REC
4243,Creep
4244,Creep
4245,Incantation
4246,Quarantine
4247,Antrum: The Deadliest Film Ever Made
4248,Lake Mungo
4249,The Fourth Kind
4250,A Haunted House
4251,Devil's Pass
4252,V/H/S
4253,The Poughkeepsie Tapes
4254,Unfriended
4255,V/H/S/2
4256,The Bay
4257,Paranormal Activity: Next of Kin
4258,Blair Witch
4259,V/H/S/85
4260,Chernobyl Diaries
4261,Apollo 18
4262,The Last Exorcism
4263,Banshee Chapter
4264,Paranormal Activity 2
4265,Paranormal Activity 3
4266,Paranormal Activity 4
4267,Paranormal Activity: The Marked Ones
4268,[Rec]²
4269,The Pyramid
4270,The Den
4271,Paranormal Activity: The Ghost Dimension
4272,My Little Eye
4273,Exists
4274,[REC] 3: Genesis
4275,The Gallows
4276,Jeruzalem
4277,The Devil Inside
4278,V/H/S Viral
4279,Dashcam
4280,Skinwalker Ranch
4281,Evidence
4282,Evidence
4283,Frankenstein's Army
4284,Phoenix Forgotten
4285,Amber Alert
4286,The Possession of Michael King
4287,Ratter
4288,Hangman
4289,Apartment 143
4290,Area 51
4291,Atrocious
4292,Home Movie
4293,Léon: The Professional
4294,The Bikeriders
4295,Reservoir Dogs
4296,Absolution
4297,Black Mass
4298,Dogville
4299,A History of Violence
4300,The Outfit
4301,The Outfit
4302,Eastern Promises
4303,Carlito's Way
4304,Mean Streets
4305,Miller's Crossing
4306,Gangster Squad
4307,Run All Night
4308,Prizzi's Honor
4309,Analyze This
4310,Killshot
4311,Mafia Mamma
4312,True Confessions
4313,Lansky
4314,Hoffa
4315,Dheepan
4316,Tsotsi
4317,Raees
4318,Kaante
4319,The Incredible Hulk
4320,Venom
4321,Venom
4322,Venom: Let There Be Carnage
4323,The Meg
4324,Hulk
4325,The Mist
4326,Pacific Rim
4327,Rampage
4328,Rampage
4329,Meg 2: The Trench
4330,Kong: Skull Island
4331,Pacific Rim: Uprising
4332,Eight Legged Freaks
4333,Evangelion: 3.0+1.01 Thrice Upon a Time
4334,DeepStar Six
4335,Evangelion: 2.0 You Can (Not) Advance
4336,Evangelion: 3.0 You Can (Not) Redo
4337,Big Ass Spider!
4338,Sonic the Hedgehog 2
4339,Casino Royale
4340,Uncharted
4341,The Secret Life of Walter Mitty
4342,Skyfall
4343,Spectre
4344,The Da Vinci Code
4345,The Man from U.N.C.L.E.
4346,The Old Guard
4347,Tomb Raider
4348,Aquaman
4349,Mission: Impossible - Ghost Protocol
4350,Lara Croft: Tomb Raider
4351,Knight and Day
4352,Hanna
4353,Jumper
4354,The Living Daylights
4355,National Treasure: Book of Secrets
4356,Sky Captain and the World of Tomorrow
4357,Lara Croft: Tomb Raider - The Cradle of Life
4358,Inkheart
4359,Looney Tunes: Back in Action
4360,Firefox
4361,Armour of God
4362,Amelia
4363,The Adventurer: The Curse of the Midas Box
4364,John Wick
4365,Kingsman: The Secret Service
4366,Face/Off
4367,John Wick: Chapter 2
4368,Boy Kills World
4369,John Wick: Chapter 3 - Parabellum
4370,The Raid: Redemption
4371,Wanted
4372,Wanted
4373,Elektra
4374,Atomic Blonde
4375,The Shadow Strays
4376,Extraction II
4377,Rambo: Last Blood
4378,The Man from Nowhere
4379,Haywire
4380,Naked Weapon
4381,Ultraviolet
4382,Hard Boiled
4383,City Hunter
4384,City Hunter
4385,City Hunter
4386,The Killer
4387,The Killer
4388,The Killer
4389,The Killer
4390,Supercop
4391,Kite
4392,Bulletproof Monk
4393,The Replacement Killers
4394,Joshua Tree
4395,Rapid Fire
4396,City on Fire
4397,Exiled
4398,Full Contact
4399,God of Gamblers
4400,Fulltime Killer
4401,A Better Tomorrow
4402,Best of the Best
4403,Night Moves
4404,Night Moves
4405,Reptile
4406,Insomnia
4407,Insomnia
4408,The Long Goodbye
4409,Devil in a Blue Dress
4410,True Crime
4411,Felidae
4412,"Farewell, My Lovely"
4413,Marlowe
4414,A Kind of Murder
4415,V.I. Warshawski
4416,The Order
4417,The Order
4418,The Order
4419,The Town
4420,Inside Man
4421,Wrath of Man
4422,Before the Devil Knows You're Dead
4423,The Score
4424,Lift
4425,Army of the Dead
4426,The Place Beyond the Pines
4427,Good Time
4428,Thief
4429,Emily the Criminal
4430,Widows
4431,Triple 9
4432,Flawless
4433,Flawless
4434,Sikandar Ka Muqaddar
4435,The Forger
4436,King of Thieves
4437,American Heist
4438,Le cercle rouge
4439,Wingwomen
4440,Charley Varrick
4441,What Doesn't Kill You
4442,Wanda
4443,The Newton Boys
4444,The Good Thief
4445,Trapped in Paradise
4446,"Ruben Brandt, Collector"
4447,Home Alone
4448,Barbie
4449,Back to the Future
4450,Scott Pilgrim vs. the World
4451,Ghostbusters
4452,Ghostbusters
4453,Tropic Thunder
4454,Happy Gilmore
4455,Jumanji
4456,School of Rock
4457,The Mask
4458,Liar Liar
4459,Miss Congeniality
4460,True Lies
4461,Mrs. Doubtfire
4462,50 First Dates
4463,Mr. & Mrs. Smith
4464,Home Alone 2: Lost in New York
4465,Bruce Almighty
4466,Galaxy Quest
4467,Click
4468,Ted 2
4469,Harold and the Purple Crayon
4470,What Women Want
4471,Shallow Hal
4472,Jungle Cruise
4473,Superman III
4474,Mannequin
4475,Last Action Hero
4476,Zathura: A Space Adventure
4477,Absolutely Anything
4478,Senior Year
4479,The Borrowers
4480,The Invention of Lying
4481,Gulliver's Travels
4482,Jingle All the Way
4483,Yes Day
4484,Junior
4485,The Animal
4486,Cats & Dogs
4487,Tooth Fairy
4488,Black Knight
4489,Rosaline
4490,A Kid in King Arthur's Court
4491,Candy Cane Lane
4492,Frequently Asked Questions About Time Travel
4493,Modern Problems
4494,Red One
4495,The Holdovers
4496,Love Actually
4497,National Lampoon's Christmas Vacation
4498,How the Grinch Stole Christmas
4499,Elf
4500,Home Alone 3
4501,Daddy's Home 2
4502,Klaus
4503,A Christmas Story
4504,Our Little Secret
4505,Last Christmas
4506,Friday After Next
4507,The Night Before
4508,A Bad Moms Christmas
4509,Office Christmas Party
4510,Nutcrackers
4511,Holidate
4512,The Christmas Chronicles
4513,Four Christmases
4514,Miracle on 34th Street
4515,Eight Crazy Nights
4516,Love Hard
4517,Bad Santa 2
4518,The Santa Clause 3: The Escape Clause
4519,The Santa Clause 2
4520,The Muppet Christmas Carol
4521,Deck the Halls
4522,Genie
4523,Christmas with the Kranks
4524,Let It Snow
4525,Home Sweet Home Alone
4526,A Very Harold & Kumar Christmas
4527,The Best Man Holiday
4528,A Christmas Story Christmas
4529,Noelle
4530,EXmas
4531,Almost Christmas
4532,8-Bit Christmas
4533,I'll Be Home for Christmas
4534,This Christmas
4535,Ernest Saves Christmas
4536,Santa with Muscles
4537,A Madea Christmas
4538,A Merry Friggin' Christmas
4539,Get Santa
4540,Father Christmas Is Back
4541,The Nutcracker and the Four Realms
4542,The Christmas Chronicles: Part Two
4543,Scrooge
4544,Santa Claus
4545,A Boy Called Christmas
4546,The Nativity Story
4547,Jingle Jangle: A Christmas Journey
4548,Prancer
4549,The Family Man
4550,The Merry Gentlemen
4551,Joyeux Noel
4552,Holiday
4553,The Preacher's Wife
4554,Love Affair
4555,Meet Me Next Christmas
4556,A California Christmas
4557,Chained
4558,Tangerine
4559,Harry Potter and the Sorcerer's Stone
4560,Carry-On
4561,Wonder Woman 1984
4562,Lethal Weapon
4563,First Blood
4564,Die Hard 2
4565,The Best Christmas Pageant Ever
4566,Noel
4567,It's a Wonderful Knife
4568,Kirk Cameron's Saving Christmas
4569,The Man Who Invented Christmas
4570,"Silent Night, Deadly Night Part 2"
4571,Christmas Evil
4572,Joker: Folie à Deux
4573,Moulin Rouge!
4574,Mamma Mia! Here We Go Again
4575,Alvin and the Chipmunks
4576,Rock of Ages
4577,Across the Universe
4578,Tommy
4579,Sgt. Pepper's Lonely Hearts Club Band
4580,Blues Brothers 2000
4581,Everyone Says I Love You
4582,De-Lovely
4583,Stargirl
4584,Pennies from Heaven
4585,Sunshine on Leith
4586,The Chipmunk Adventure
4587,Love's Labour's Lost
4588,Idlewild
4589,Paddington in Peru
4590,The Lost City
4591,The Lost City
4592,Predators
4593,Tarzan
4594,Tarzan
4595,Journey 2: The Mysterious Island
4596,Anaconda
4597,The Legend of Tarzan
4598,Rambo
4599,Sorcerer
4600,Dora and the Lost City of Gold
4601,Jungle
4602,Ace Ventura: When Nature Calls
4603,Mowgli: Legend of the Jungle
4604,The Mosquito Coast
4605,Rescue Dawn
4606,Fitzcarraldo
4607,Da 5 Bloods
4608,Tarzan the Ape Man
4609,Finding 'Ohana
4610,Two Brothers
4611,The Jungle Book 2
4612,Flight of the Intruder
4613,End of the Spear
4614,Temple
4615,All the Way Boys
4616,The Phantom
4617,Camino
4618,Bon Voyage
4619,Kill Bill: Vol. 2
4620,Enter the Dragon
4621,Kung Fu Hustle
4622,The Forbidden Kingdom
4623,The Way of the Dragon
4624,Ong-Bak: The Thai Warrior
4625,Dragon: The Bruce Lee Story
4626,Fist of Fury
4627,The Grandmaster
4628,Drunken Master
4629,The Big Boss
4630,Drunken Master II
4631,Ip Man 2
4632,Man of Tai Chi
4633,Ip Man 3
4634,Fist of Legend
4635,Once Upon a Time in China
4636,Iron Monkey
4637,The 36th Chamber of Shaolin
4638,Half Past Dead
4639,Snake in the Eagle's Shadow
4640,The Young Master
4641,Five Deadly Venoms
4642,Once Upon a Time in China II
4643,The Fearless Hyena
4644,The Master
4645,Once Upon a Time in China III
4646,Ip Man: The Final Fight
4647,Juror #2
4648,Anatomy of a Fall
4649,Gifted
4650,A Few Good Men
4651,My Cousin Vinny
4652,Bridge of Spies
4653,The Lincoln Lawyer
4654,Doubt
4655,JFK
4656,A Separation
4657,Philadelphia
4658,Dead Man Walking
4659,Just Mercy
4660,The Rainmaker
4661,The Crucible
4662,The Whole Truth
4663,And Justice for All
4664,North Country
4665,Rules of Engagement
4666,Absence of Malice
4667,The Children Act
4668,God's Not Dead 2
4669,A Cry in the Dark
4670,Freeheld
4671,Morning Glory
4672,Scandal
4673,Shyam Singha Roy
4674,Perfect Strangers
4675,Perfect Strangers
4676,Perfect Strangers
4677,Man on Fire
4678,The Firm
4679,The Firm
4680,The Devil's Advocate
4681,Primal Fear
4682,A Time to Kill
4683,The Client
4684,The Chamber
4685,Michael Clayton
4686,Fracture
4687,Class Action
4688,The Life of David Gale
4689,Presumed Innocent
4690,The Juror
4691,"Roman J. Israel, Esq."
4692,Misconduct
4693,Just Cause
4694,High Crimes
4695,Murder in the First
4696,Jagged Edge
4697,Suspect
4698,Red Corner
4699,The Gingerbread Man
4700,Closed Circuit
4701,The Star Chamber
4702,The Insult
4703,Night Falls on Manhattan
4704,Guilty as Sin
4705,12
4706,The Student
4707,Love Hurts
4708,Kill Bill: Vol. 1
4709,Teenage Mutant Ninja Turtles
4710,Teenage Mutant Ninja Turtles
4711,DOA: Dead or Alive
4712,Never Back Down
4713,Twilight of the Warriors: Walled In
4714,The Foreigner
4715,The Foreigner
4716,Blade II
4717,Street Fighter
4718,The Raid 2
4719,Hero
4720,Hero
4721,Knights of the Zodiac
4722,Kung Pow: Enter the Fist
4723,Ninja Assassin
4724,Polite Society
4725,Accident Man
4726,The Night Comes for Us
4727,Shaolin Soccer
4728,A Prueba De Hombres
4729,Here Comes the Boom
4730,The One
4731,Tekken
4732,The Last Dragon
4733,House of Flying Daggers
4734,Accident Man: Hitman's Holiday
4735,Unleashed
4736,Passenger 57
4737,The Medallion
4738,Hard to Kill
4739,Cradle 2 the Grave
4740,The Man with the Iron Fists
4741,Game of Death
4742,Game of Death
4743,Rurouni Kenshin Part I: Origins
4744,The Quest
4745,Fire Down Below
4746,Project A
4747,Ninja
4748,Birth of the Dragon
4749,Diablo
4750,Rurouni Kenshin: Final Chapter Part I - The Final
4751,American Ninja 2: The Confrontation
4752,"Crouching Tiger, Hidden Dragon: Sword of Destiny"
4753,District 13: Ultimatum
4754,Rurouni Kenshin: Final Chapter Part II - The Beginning
4755,Ninja: Shadow of a Tear
4756,Chocolate
4757,Fistful of Vengeance
4758,6 Bullets
4759,The Protector
4760,The Protector
4761,The Perfect Weapon
4762,Rurouni Kenshin Part II: Kyoto Inferno
4763,Close Range
4764,Merantau
4765,Rurouni Kenshin: The Legend Ends
4766,The Warlords
4767,Flash Point
4768,Ong Bak 3
4769,Dragons Forever
4770,The Last Mercenary
4771,Maximum Conviction
4772,The Street Fighter
4773,Skin Trade
4774,CC2C
4775,American Ninja 4: The Annihilation
4776,American Ninja 3: Blood Hunt
4777,Project A 2
4778,Winners & Sinners
4779,Ong Bak 2
4780,Mortal Kombat Legends: Battle of the Realms
4781,My Father Is a Hero
4782,Heart of Dragon
4783,Legend of the Fist: The Return of Chen Zhen
4784,The Yin-Yang Master: Dream of Eternity
4785,The Sorcerer and the White Snake
4786,My Lucky Stars
4787,Black Mask
4788,Dragon Inn
4789,Shaolin
4790,The Protector 2
4791,True Legend
4792,The Twins Effect
4793,Gundala
4794,The New Legend of Shaolin
4795,Furie
4796,Maria
4797,The Gathering
4798,One Flew Over the Cuckoo's Nest
4799,Awakenings
4800,Extreme Measures
4801,Breathe
4802,Breathe
4803,Breathe
4804,John Q
4805,My Sister's Keeper
4806,Side Effects
4807,50/50
4808,Bringing Out the Dead
4809,Breakthrough
4810,Brain on Fire
4811,Desperate Measures
4812,The Doctor
4813,The Good Doctor
4814,Numb
4815,This Is Spinal Tap
4816,Best in Show
4817,For Your Consideration
4818,Marcel the Shell with Shoes On
4819,A Mighty Wind
4820,Popstar: Never Stop Never Stopping
4821,Theater Camp
4822,Mascots
4823,Smile
4824,Paper Heart
4825,Glee: The 3D Concert Movie
4826,Alien: Romulus
4827,Jaws
4828,It
4829,Constantine
4830,The Descent
4831,Azrael
4832,Arcadian
4833,Silent Hill
4834,Pitch Black
4835,Alien Resurrection
4836,Jeepers Creepers
4837,Resident Evil: Welcome to Raccoon City
4838,Alien vs. Predator
4839,Deep Rising
4840,Humanoids from the Deep
4841,Aliens vs. Predator: Requiem
4842,Cold Skin
4843,Doom
4844,Out of Darkness
4845,Silent Hill: Revelation
4846,Jaws 2
4847,Bird Box: Barcelona
4848,Jaws 3-D
4849,Jeepers Creepers 2
4850,Jaws: The Revenge
4851,Shadow in the Cloud
4852,Monstrous
4853,The Descent: Part 2
4854,Hostile
4855,Into the Grizzly Maze
4856,Cat's Eye
4857,Viking Wolf
4858,Grimcutty
4859,Minotaur
4860,Razorback
4861,Infestation
4862,Storage 24
4863,The Cellar
4864,Herbie Fully Loaded
4865,Le Mans
4866,Senna
4867,Driven
4868,Driven
4869,Faster
4870,Winter's Bone
4871,Homeward Bound: The Incredible Journey
4872,Cliffhanger
4873,Seven Years in Tibet
4874,Vertical Limit
4875,Free Solo
4876,The Bear
4877,Touching the Void
4878,K2
4879,The Summit of the Gods
4880,14 Peaks: Nothing Is Impossible
4881,The Art of Flight
4882,The Climb
4883,The Climb
4884,Kraven the Hunter
4885,The Beekeeper
4886,Bullet Train
4887,Nobody
4888,Rebel Ridge
4889,Plane
4890,The Equalizer
4891,The Gray Man
4892,Taken
4893,The Equalizer 3
4894,Polar
4895,The Punisher
4896,The Punisher
4897,The Bourne Identity
4898,Commando
4899,Commando
4900,The Equalizer 2
4901,Shooter
4902,American Assassin
4903,Olympus Has Fallen
4904,White House Down
4905,The Bourne Supremacy
4906,Under Siege
4907,Air Force One
4908,Trigger Warning
4909,Peppermint
4910,Safe
4911,Safe
4912,SAS: Rise of the Black Swan
4913,The Rhythm Section
4914,Lou
4915,Rambo III
4916,Safe House
4917,The Wrath of Becky
4918,Memory
4919,Memory
4920,Day Shift
4921,Ava
4922,The Mother
4923,Ballerina
4924,The Ice Road
4925,Death Wish
4926,Death Wish
4927,The Protégé
4928,Don't Breathe 2
4929,Death Sentence
4930,Iron Eagle
4931,Magnum Force
4932,Sweet Girl
4933,On Deadly Ground
4934,Universal Soldier: The Return
4935,AKA
4936,My Name Is Vendetta
4937,El Gringo
4938,Kaththi
4939,The Bounty Hunter
4940,Force
4941,Scary Movie
4942,Not Another Teen Movie
4943,Spaceballs
4944,Spy
4945,Beyond the Valley of the Dolls
4946,Dodgeball: A True Underdog Story
4947,Top Secret!
4948,Austin Powers in Goldmember
4949,The Naked Gun: From the Files of Police Squad!
4950,Josie and the Pussycats
4951,Austin Powers: The Spy Who Shagged Me
4952,Robin Hood: Men in Tights
4953,Dance Flick
4954,Superhero Movie
4955,Scary Movie 2
4956,Hot Shots!
4957,Scary Movie 3
4958,A Million Ways to Die in the West
4959,The Ridiculous 6
4960,Scary Movie 4
4961,The Final Girls
4962,Hot Shots! Part Deux
4963,Walk Hard: The Dewey Cox Story
4964,Scary Movie V
4965,Wet Hot American Summer
4966,Mystery Men
4967,Meet the Spartans
4968,Johnny English
4969,I'm Gonna Git You Sucka
4970,The Brady Bunch Movie
4971,Vampires Suck
4972,Dracula: Dead and Loving It
4973,Agent Cody Banks
4974,UHF
4975,Bugsy Malone
4976,Black Dynamite
4977,The Naked Gun 2½: The Smell of Fear
4978,The Kentucky Fried Movie
4979,Johnny English Strikes Again
4980,Going Overboard
4981,Undercover Brother
4982,Date Movie
4983,MacGruber
4984,D.E.B.S.
4985,Hatchet
4986,Balls of Fury
4987,Elektra Luxx
4988,Club Dread
4989,Hedwig and the Angry Inch
4990,Dark Star
4991,Rock-A-Doodle
4992,Fifty Shades of Black
4993,Amazon Women on the Moon
4994,Caveman
4995,Miss March
4996,Strictly Ballroom
4997,The Good the Bad the Weird
4998,Wrongfully Accused
4999,How to Lose Friends & Alienate People
5000,Spy Hard
5001,Johnny Dangerously
5002,Superfast!
5003,The Country Bears
5004,Stan Helsing
5005,Rock 'n' Roll High School
5006,Die Hart 2: Die Harter
5007,A Haunted House 2
5008,They Came Together
5009,The Road to Wellville
5010,Class of Nuke 'Em High
5011,Die Hart
5012,High Anxiety
5013,Teen Titans GO! To the Movies
5014,The Villain
5015,The Villain
5016,Cats Don't Dance
5017,The Starving Games
5018,Fatal Instinct
5019,Ready to Wear
5020,Repossessed
5021,If Looks Could Kill
5022,Tromeo and Juliet
5023,The Singing Detective
5024,The Meteor Man
5025,Pootie Tang
5026,Cutting Class
5027,Super Fuzz
5028,Transylvania 6-5000
5029,Code Name: The Cleaner
5030,Smokey and the Bandit Part 3
5031,Hamlet 2
5032,Police Academy: Mission to Moscow
5033,A Very Brady Sequel
5034,Love and Death
5035,Dead Men Don't Wear Plaid
5036,She's Gotta Have It
5037,Delirious
5038,Delirious
5039,Zorro: The Gay Blade
5040,Trinity Is Still My Name
5041,Love at First Bite
5042,Corky Romano
5043,Hollywood Shuffle
5044,The Comebacks
5045,Elvira's Haunted Hills
5046,Breaking Wind
5047,Return of the Killer Tomatoes!
5048,Condorman
5049,Meet the Blacks
5050,To Be or Not to Be
5051,The Ten
5052,High School High
5053,The Incredible Shrinking Woman
5054,Monty Python's and Now for Something Completely Different
5055,The Baxter
5056,The Adventure of Sherlock Holmes' Smarter Brother
5057,The Toxic Avenger Part III: The Last Temptation of Toxie
5058,Waxwork II: Lost in Time
5059,Leonard Part 6
5060,Bon Cop Bad Cop
5061,The Specials
5062,The Hebrew Hammer
5063,Monty Python Live at the Hollywood Bowl
5064,The Lost Skeleton of Cadavra
5065,The Wendell Baker Story
5066,Torrente 4: Lethal Crisis
5067,Weird: The Al Yankovic Story
5068,Farce of the Penguins
5069,Series 7: The Contenders
5070,Delusions of Grandeur
5071,Dead Weight
5072,The Yes Men
5073,Once Upon a Time... in Hollywood
5074,Unforgiven
5075,The Six Triple Eight
5076,The Green Mile
5077,"Salò, or the 120 Days of Sodom"
5078,The Prestige
5079,Queer
5080,The Zone of Interest
5081,The Greatest Showman
5082,Darkest Hour
5083,Woman of the Hour
5084,Life Is Beautiful
5085,The Help
5086,The Lighthouse
5087,The Great Gatsby
5088,The Great Gatsby
5089,The Hateful Eight
5090,Revolutionary Road
5091,The Count of Monte Cristo
5092,Blonde
5093,Boogie Nights
5094,The Imitation Game
5095,Benedetta
5096,The Boy in the Striped Pajamas
5097,Brooklyn
5098,American Hustle
5099,True Grit
5100,The Others
5101,Blitz
5102,Blitz
5103,The Piano
5104,A Bronx Tale
5105,The King's Speech
5106,The Power of the Dog
5107,Fried Green Tomatoes
5108,The Name of the Rose
5109,Somewhere in Time
5110,The Man in the Iron Mask
5111,Shakespeare in Love
5112,Phantom Thread
5113,Pocahontas
5114,The Age of Innocence
5115,Sweeney Todd: The Demon Barber of Fleet Street
5116,Dancer in the Dark
5117,Memoirs of a Geisha
5118,Operation Mincemeat
5119,The Pale Blue Eye
5120,Living
5121,The Children's Train
5122,The Cider House Rules
5123,Lady Chatterley's Lover
5124,Driving Miss Daisy
5125,Carol
5126,The Last Letter from Your Lover
5127,The Illusionist
5128,The Illusionist
5129,Silence
5130,The Lover
5131,The Artist
5132,The Dead Don't Hurt
5133,Pretty Baby
5134,The Wind Rises
5135,The Tragedy of Macbeth
5136,Valkyrie
5137,The World to Come
5138,The Painted Veil
5139,Fences
5140,A Perfect World
5141,The Dig
5142,The Homesman
5143,The Monuments Men
5144,Defiance
5145,The Wonder
5146,Dangerous Beauty
5147,Women Talking
5148,Breaking the Waves
5149,Eileen
5150,Seabiscuit
5151,Emancipation
5152,A Single Man
5153,Tristan + Isolde
5154,Black Book
5155,Suffragette
5156,The Remains of the Day
5157,Jersey Boys
5158,Quills
5159,Girl with a Pearl Earring
5160,Ammonite
5161,Dreamgirls
5162,Agora
5163,The New World
5164,The Woman in Black
5165,Mansfield Park
5166,The Sisters Brothers
5167,Mrs. Harris Goes to Paris
5168,Howards End
5169,"Good Night, and Good Luck."
5170,The Beguiled
5171,The Beguiled
5172,Appaloosa
5173,The Shootist
5174,Detroit
5175,'71
5176,The Miracle Club
5177,The Electrical Life of Louis Wain
5178,Hawaii
5179,Casanova
5180,Casanova
5181,Iron Mask
5182,Flesh+Blood
5183,Nicholas and Alexandra
5184,Café Society
5185,The Year of Living Dangerously
5186,The Nest
5187,The Nest
5188,Henry & June
5189,The French Lieutenant's Woman
5190,A Little Chaos
5191,A Dangerous Method
5192,Seraphim Falls
5193,Far from Heaven
5194,Fanny and Alexander
5195,My Policeman
5196,Forgotten Love
5197,A Royal Affair
5198,Ma Rainey's Black Bottom
5199,Emily
5200,The Legend of Bagger Vance
5201,Bolero
5202,Stonehearst Asylum
5203,American Me
5204,T-34
5205,Mr. Turner
5206,The Portrait of a Lady
5207,Ryan's Daughter
5208,The Bookshop
5209,The Peasants
5210,Orlando
5211,Breaker Morant
5212,Hysteria
5213,The Immigrant
5214,Babette's Feast
5215,Vanity Fair
5216,Jane Got a Gun
5217,Valmont
5218,Nicholas Nickleby
5219,Cries & Whispers
5220,Testament of Youth
5221,Jude
5222,Silver Skates
5223,Lady Jane
5224,Magic in the Moonlight
5225,My Week with Marilyn
5226,The Draughtsman's Contract
5227,Eye of the Needle
5228,Anna and the King
5229,Hope and Glory
5230,Passing
5231,Blood & Gold
5232,Great Expectations
5233,Great Expectations
5234,Enchanted April
5235,Brideshead Revisited
5236,Wilde
5237,The Wings of the Dove
5238,Onegin
5239,The Last Station
5240,Total Eclipse
5241,Carrington
5242,Coco Before Chanel
5243,Mrs. Henderson Presents
5244,Forsaken
5245,The Conspirator
5246,A Hero
5247,M. Butterfly
5248,Chéri
5249,Vera Drake
5250,The Red Violin
5251,Mrs. Brown
5252,The Other
5253,Topsy-Turvy
5254,Eiffel
5255,The Four Musketeers: Milady's Revenge
5256,Restoration
5257,Effie Gray
5258,The Indian Runner
5259,Camille Claudel
5260,Murder by Decree
5261,Robin and Marian
5262,I.Q.
5263,Mary Reilly
5264,Age of Uprising: The Legend of Michael Kohlhaas
5265,Long Day's Journey Into Night
5266,Bright Young Things
5267,Crazy in Alabama
5268,Peterloo
5269,"Brother Sun, Sister Moon"
5270,Ludwig
5271,The Dead
5272,The Dead
5273,Taking Woodstock
5274,The Story of Adele H
5275,Invisible Life
5276,The Affair of the Necklace
5277,Black Robe
5278,Impromptu
5279,Of Mice and Men
5280,Danton
5281,Nowhere in Africa
5282,Oscar and Lucinda
5283,The Reckoning
5284,My Cousin Rachel
5285,The Seven-Per-Cent Solution
5286,Renoir
5287,Sylvie's Love
5288,All Is True
5289,Jakob the Liar
5290,Me and Orson Welles
5291,"Farewell, My Queen"
5292,Farinelli
5293,Beanpole
5294,The Garden of the Finzi-Continis
5295,My Brilliant Career
5296,Othello
5297,The Emperor of Paris
5298,Ridicule
5299,Plunkett & Macleane
5300,Quartet
5301,From the Land of the Moon
5302,Jimmy's Hall
5303,Vatel
5304,Copying Beethoven
5305,Carrie
5306,Carrie
5307,Kidnapped
5308,Death Defying Acts
5309,The Horseman on the Roof
5310,Mission Majnu
5311,My Mother's Castle
5312,Germinal
5313,Pope Joan
5314,Devdas
5315,In Darkness
5316,In Darkness
5317,Widow of St. Pierre
5318,Panfilov's 28 Men
5319,Miss Julie
5320,First Love
5321,White Sun of the Desert
5322,Little Men
5323,The Scarlet Letter
5324,The Brothers
5325,Midnight in the Switchgrass
5326,The Silence of the Lambs
5327,Gone Baby Gone
5328,Dick Tracy
5329,The Informer
5330,The Pledge
5331,Patriots Day
5332,The Negotiator
5333,City of Lies
5334,One False Move
5335,Rising Sun
5336,Maniac Cop
5337,Narc
5338,The Son of No One
5339,Homicide
5340,Kill Switch
5341,The Seed of the Sacred Fig
5342,The Ides of March
5343,The American President
5344,Miss Sloane
5345,Hair
5346,The Report
5347,Bobby
5348,Man of the Year
5349,The Contender
5350,Beirut
5351,Bulworth
5352,Shock and Awe
5353,Truth
5354,"I, Daniel Blake"
5355,Primary Colors
5356,Our Brand Is Crisis
5357,LBJ
5358,Chappaquiddick
5359,The Candidate
5360,The Candidate
5361,No
5362,Swing Vote
5363,The Front
5364,Made in Dagenham
5365,Georgetown
5366,Battle in Seattle
5367,The Last Metro
5368,True Colors
5369,The Best Man
5370,Kansas City
5371,Norman
5372,A Family Affair
5373,Civil War
5374,The Hunt for Red October
5375,The Lives of Others
5376,The Sum of All Fears
5377,The Day of the Jackal
5378,Blood Diamond
5379,The Good Shepherd
5380,Salt
5381,The Jackal
5382,The Sentinel
5383,The Sentinel
5384,U.S. Marshals
5385,Patriot Games
5386,The Adjustment Bureau
5387,The Ghost Writer
5388,Official Secrets
5389,The Company You Keep
5390,The Siege
5391,Three Days of the Condor
5392,Syriana
5393,Arlington Road
5394,The China Syndrome
5395,Z
5396,The General's Daughter
5397,Broken City
5398,Green Zone
5399,The Parallax View
5400,Vantage Point
5401,Colonia
5402,Dreamscape
5403,Seberg
5404,Missing
5405,Missing
5406,Death and the Maiden
5407,Nothing But the Truth
5408,Proof of Life
5409,Rendition
5410,Black Sunday
5411,City Hall
5412,The Russia House
5413,The Odessa File
5414,The Quiet American
5415,The Interpreter
5416,Four Days in September
5417,Murder at 1600
5418,Punishment Park
5419,Shadow Conspiracy
5420,Steel Rain
5421,The Confession
5422,Shadow Dancer
5423,The Dancer Upstairs
5424,Emilia Pérez
5425,La La Land
5426,The Wiz
5427,Mean Girls
5428,Mean Girls
5429,Matilda: The Musical
5430,Cats
5431,In the Heights
5432,Dear Evan Hansen
5433,"Lyle, Lyle, Crocodile"
5434,Raise Your Voice
5435,The Prom
5436,This Is Me... Now
5437,The Last Five Years
5438,Music
5439,The Bob's Burgers Movie
5440,Fame
5441,Fame
5442,Breakin' 2: Electric Boogaloo
5443,Camp
5444,Anna and the Apocalypse
5445,From Justin to Kelly
5446,American History X
5447,Sleepers
5448,Shot Caller
5449,Escape from Alcatraz
5450,A Prophet
5451,Papillon
5452,Papillon
5453,Bronson
5454,Escape Plan
5455,25th Hour
5456,Chicken Run
5457,Felon
5458,The Experiment
5459,The Experiment
5460,Lock Up
5461,Son of Saul
5462,The Last Castle
5463,The Stanford Prison Experiment
5464,Scum
5465,Clemency
5466,Hart's War
5467,Corrective Measures
5468,Animal Factory
5469,The Mustang
5470,In Hell
5471,Carandiru
5472,The Hill
5473,Miracle in Cell No. 7
5474,Miracle in Cell No. 7
5475,Presence
5476,Fight Club
5477,Challengers
5478,American Beauty
5479,Mulholland Drive
5480,Speak No Evil
5481,Speak No Evil
5482,Requiem for a Dream
5483,Taxi Driver
5484,The Sixth Sense
5485,The Room Next Door
5486,Joker
5487,Joker
5488,Black Swan
5489,Donnie Darko
5490,Misery
5491,Manchester by the Sea
5492,The Girl with the Dragon Tattoo
5493,The Girl with the Dragon Tattoo
5494,Uncut Gems
5495,The Father
5496,Room
5497,Nightcrawler
5498,Silver Linings Playbook
5499,Shame
5500,The Village
5501,Moon
5502,Mean Creek
5503,Blue Valentine
5504,Magnolia
5505,The Piano Teacher
5506,Falling Down
5507,The Son
5508,The Son
5509,Alone
5510,Alone
5511,Alone
5512,Melancholia
5513,Mother!
5514,Fair Play
5515,Tár
5516,The Girl on the Train
5517,The Girl on the Train
5518,Cherry
5519,Cherry
5520,Sling Blade
5521,I'm Thinking of Ending Things
5522,The Wrestler
5523,Match Point
5524,The Crying Game
5525,Ordinary People
5526,The Jacket
5527,The Next Three Days
5528,The Lost Daughter
5529,Sharper
5530,Martha Marcy May Marlene
5531,Pink Floyd: The Wall
5532,Luckiest Girl Alive
5533,Locke
5534,A Good Person
5535,Blue Jasmine
5536,The Good Son
5537,Pieces of a Woman
5538,The Teachers' Lounge
5539,Straw Dogs
5540,Straw Dogs
5541,Take Shelter
5542,Causeway
5543,Inside
5544,Inside
5545,Inside
5546,Inside
5547,Sphere
5548,Let Him Go
5549,Orphan: First Kill
5550,Bad Lieutenant
5551,Swallow
5552,Empire of Light
5553,First Reformed
5554,Short Term 12
5555,Unsane
5556,Stillwater
5557,Taps
5558,"Alice, Darling"
5559,The Collector
5560,The Night Porter
5561,Goodnight Mommy
5562,Goodnight Mommy
5563,Kiss of the Spider Woman
5564,Biutiful
5565,The Double Life of Véronique
5566,The Card Counter
5567,My Name Is Khan
5568,The Exorcist III
5569,Margaret
5570,Mishima: A Life in Four Chapters
5571,Resurrection
5572,Resurrection
5573,Resurrection
5574,The Immaculate Room
5575,Nine Days
5576,The End of the Tour
5577,The Omen
5578,The Omen
5579,Luna
5580,Windfall
5581,Personal Shopper
5582,Clouds of Sils Maria
5583,Land of Mine
5584,Mass
5585,The East
5586,The East
5587,Gloria Bell
5588,Take This Waltz
5589,Elegy
5590,Opening Night
5591,Under the Shadow
5592,Una
5593,Meek's Cutoff
5594,The Kindergarten Teacher
5595,What Have You Done to Solange?
5596,Master
5597,Master
5598,Gloria
5599,Gloria
5600,Gloria
5601,Louder Than Bombs
5602,The Green Ray
5603,Bread and Roses
5604,The Unknown Woman
5605,Frankie & Alice
5606,Incendiary
5607,The Unknown Girl
5608,Felicia's Journey
5609,The Visitors
5610,Darkness Falls
5611,Premonition
5612,Picture Perfect
5613,Disconnect
5614,Heretic
5615,Blink Twice
5616,Prisoners
5617,Shutter Island
5618,Trap
5619,Memento
5620,Madame Web
5621,Hereditary
5622,Nocturnal Animals
5623,Leave the World Behind
5624,Knock Knock
5625,Split
5626,Ma
5627,Barbarian
5628,Don't Worry Darling
5629,Fresh
5630,Fresh
5631,Lost Highway
5632,The Guest
5633,Promising Young Woman
5634,Mystic River
5635,The Devil All the Time
5636,Eden Lake
5637,Don't Move
5638,Don't Move
5639,Girl in the Basement
5640,Identity
5641,Identity
5642,Funny Games
5643,Funny Games
5644,Glass
5645,Fractured
5646,Vanilla Sky
5647,Miller's Girl
5648,Under the Silver Lake
5649,Gerald's Game
5650,Red Sparrow
5651,The Cell
5652,A Haunting in Venice
5653,Cape Fear
5654,Apartment 7A
5655,Red Dragon
5656,Mothers' Instinct
5657,The Machinist
5658,A Cure for Wellness
5659,10 Cloverfield Lane
5660,Red Eye
5661,The Talented Mr. Ripley
5662,Dolores Claiborne
5663,Knock at the Cabin
5664,Paprika
5665,Paprika
5666,Sanctuary
5667,Angel Heart
5668,Sleeping with the Enemy
5669,The Ninth Gate
5670,Inland Empire
5671,Panic Room
5672,Unforgettable
5673,Unforgettable
5674,Cobweb
5675,Escape Room
5676,Escape Room
5677,Locked In
5678,Hard Candy
5679,Disturbia
5680,Candyman
5681,Candyman
5682,I See You
5683,Hollow Man
5684,The Gift
5685,The Gift
5686,The Number 23
5687,The Bone Collector
5688,Night Hunter
5689,Mr. Brooks
5690,The Lodge
5691,The Weekend Away
5692,Dead Calm
5693,The Night Clerk
5694,Hush
5695,Hush
5696,Hush
5697,Run Hide Fight
5698,The Hand That Rocks the Cradle
5699,The Brave One
5700,God's Crooked Lines
5701,Phone Booth
5702,Searching
5703,The Call
5704,The Call
5705,The Call
5706,Foe
5707,Stay
5708,Klute
5709,I.S.S.
5710,Dead Ringers
5711,Stoker
5712,A Walk Among the Tombstones
5713,Secret Window
5714,Flightplan
5715,Saint Maud
5716,Play Misty for Me
5717,Luther: The Fallen Sun
5718,The Hitcher
5719,The Hitcher
5720,Copycat
5721,Hold Your Breath
5722,Open Your Eyes
5723,The Clovehitch Killer
5724,Single White Female
5725,The Stepfather
5726,The Stepfather
5727,Non-Stop
5728,The Driver
5729,Till Death
5730,Escape Room: Tournament of Champions
5731,The Uninvited
5732,Taking Lives
5733,The Royal Hotel
5734,Before I Go to Sleep
5735,Murder by Numbers
5736,House at the End of the Street
5737,Loving Adults
5738,The Marsh King's Daughter
5739,Flatliners
5740,Flatliners
5741,On the Line
5742,The Divide
5743,Bug
5744,Spiral
5745,Spiral
5746,Spiral
5747,Psycho II
5748,They/Them
5749,Blood Work
5750,Caché
5751,Southern Comfort
5752,When a Stranger Calls
5753,When a Stranger Calls
5754,Rust Creek
5755,Cat Person
5756,Unlocked
5757,Unlocked
5758,Dual
5759,Calibre
5760,Pacific Heights
5761,Dream House
5762,Kill Boksoon
5763,Antebellum
5764,The Glass House
5765,The Resident
5766,Beast
5767,Beast
5768,Beast
5769,Instinct
5770,The Strays
5771,Run Sweetheart Run
5772,Run Rabbit Run
5773,Torso
5774,Anna
5775,Anna
5776,The Hit
5777,Spider
5778,Bad Timing: A Sensual Obsession
5779,Emergency
5780,Emergency
5781,Memoir of a Murderer
5782,The Bedroom Window
5783,The Stunt Man
5784,Shattered
5785,Shattered
5786,Shattered
5787,Clock
5788,Gossip
5789,Obsession
5790,Fear of Rain
5791,The Dead Girl
5792,Aftermath
5793,Aftermath
5794,Beckett
5795,Never Talk to Strangers
5796,Sound of My Voice
5797,Talk Radio
5798,False Positive
5799,Rollercoaster
5800,What Lies Below
5801,Jacob's Ladder
5802,Suspect Zero
5803,The Night Listener
5804,The Killing Gene
5805,A Hijacking
5806,Magic Magic
5807,Sightless
5808,Abandon
5809,Earthquake Bird
5810,A Pure Formality
5811,Silent Fall
5812,Freedomland
5813,Standoff
5814,Citadel
5815,10 Days of a Good Man
5816,The Crew
5817,The Crew
5818,The Ex
5819,September
5820,Dungeons & Dragons: Honor Among Thieves
5821,The Goonies
5822,Guardians of the Galaxy
5823,Captain Marvel
5824,Atlantis: The Lost Empire
5825,National Treasure
5826,Tomorrowland
5827,Superman IV: The Quest for Peace
5828,Joe Dirt
5829,The 13th Warrior
5830,Ponyo
5831,The Sorcerer's Apprentice
5832,James and the Giant Peach
5833,Dolittle
5834,Pee-wee's Big Adventure
5835,Oliver & Company
5836,Quest for Fire
5837,Race to Witch Mountain
5838,The World's Fastest Indian
5839,Cutthroat Island
5840,News of the World
5841,Winnie the Pooh
5842,Balto
5843,The Muppet Movie
5844,The King's Daughter
5845,Paulie
5846,Against the Ice
5847,Two Mules for Sister Sara
5848,Once Upon a Forest
5849,DuckTales the Movie: Treasure of the Lost Lamp
5850,The Royal Tenenbaums
5851,Matilda
5852,Asteroid City
5853,500 Days of Summer
5854,The French Dispatch
5855,Splash
5856,The Darjeeling Limited
5857,Nacho Libre
5858,Popeye
5859,Diary of a Wimpy Kid: Dog Days
5860,Garden State
5861,Desperately Seeking Susan
5862,Flubber
5863,She Came to Me
5864,Werewolves Within
5865,Mr. Bean's Holiday
5866,Problemista
5867,Cha Cha Real Smooth
5868,Everything Is Illuminated
5869,Frank
5870,Bagdad Cafe
5871,Paint
5872,Down by Law
5873,Faraway
5874,Junebug
5875,Brian and Charles
5876,Short Circuit 2
5877,The Science of Sleep
5878,Cheaper by the Dozen
5879,Cheaper by the Dozen
5880,Private Life
5881,Brigsby Bear
5882,Eagle vs Shark
5883,High Hopes
5884,OMG 2
5885,Micmacs
5886,Henry Poole Is Here
5887,EuroTrip
5888,American Pie
5889,Old School
5890,No Hard Feelings
5891,The Hangover
5892,Movie 43
5893,Road Trip
5894,Sex Drive
5895,Trainwreck
5896,Porky's
5897,Weird Science
5898,American Pie 2
5899,No Strings Attached
5900,Incoming
5901,Ricky Stanicky
5902,Zapped!
5903,The Hangover Part II
5904,Risky Business
5905,American Reunion
5906,Van Wilder
5907,Deuce Bigalow: Male Gigolo
5908,Sex Tape
5909,Zack and Miri Make a Porno
5910,Human Traffic
5911,Good Luck Chuck
5912,Private School
5913,American Wedding
5914,40 Days and 40 Nights
5915,Orgazmo
5916,The Last American Virgin
5917,"I Love You, Beth Cooper"
5918,Blockers
5919,Bros
5920,Private Resort
5921,Girls Trip
5922,A Good Old Fashioned Orgy
5923,Little Darlings
5924,Rough Night
5925,The Ladies Man
5926,Fist Fight
5927,A Dirty Shame
5928,Milk Money
5929,Bucky Larson: Born to Be a Star
5930,Good Kids
5931,Porky's II: The Next Day
5932,Porky's Revenge
5933,"For a Good Time, Call..."
5934,Booty Call
5935,The Long Weekend
5936,How to Be a Player
5937,Nomadland
5938,Scarecrow
5939,Rain Man
5940,Vacation
5941,Vacation
5942,We're the Millers
5943,Central Station
5944,"Paris, Texas"
5945,The Road
5946,Leap Year
5947,Chef
5948,On the Road
5949,American Honey
5950,"To Wong Foo, Thanks for Everything! Julie Newmar"
5951,Identity Thief
5952,Wild Hogs
5953,Fandango
5954,Five Easy Pieces
5955,The Fundamentals of Caring
5956,The Wizard
5957,Take Me Home
5958,RV
5959,Up in Smoke
5960,Are We There Yet?
5961,Tammy
5962,Going the Distance
5963,Alvin and the Chipmunks: The Road Chip
5964,Diary of a Wimpy Kid: The Long Haul
5965,Between Two Ferns: The Movie
5966,The Gauntlet
5967,Two-Lane Blacktop
5968,Transamerica
5969,Everybody's Fine
5970,Follow That Bird
5971,The Adventures of Rocky & Bullwinkle
5972,Smokey and the Bandit II
5973,Johnson Family Vacation
5974,The Leisure Seeker
5975,Harry and Tonto
5976,Larger Than Life
5977,Highway
5978,Highway
5979,Paris Can Wait
5980,The Yellow Handkerchief
5981,The Trip to Spain
5982,The Puffy Chair
5983,One-Way to Tomorrow
5984,Xanadu
5985,Jesus Christ Superstar
5986,Evita
5987,Tenacious D in the Pick of Destiny
5988,Bridget Jones: Mad About the Boy
5989,Anyone But You
5990,Coyote Ugly
5991,Nadaaniyan
5992,Larry Crowne
5993,Cashback
5994,Fly Me to the Moon
5995,Ghosted
5996,Just Go with It
5997,Coming to America
5998,Bridget Jones's Baby
5999,This Is 40
6000,She's All That
6001,Working Girl
6002,Easy A
6003,Bridget Jones: The Edge of Reason
6004,Midnight in Paris
6005,There's Something About Mary
6006,She's the Man
6007,Valentine's Day
6008,Father of the Bride
6009,Father of the Bride
6010,The Cutting Edge
6011,"Red, White & Royal Blue"
6012,Moonstruck
6013,Don Jon
6014,The Other Zoey
6015,The Ugly Truth
6016,As Good as It Gets
6017,Meet the Parents
6018,Can't Hardly Wait
6019,"Love, Rosie"
6020,The Mexican
6021,To All the Boys I've Loved Before
6022,Annie Hall
6023,Overboard
6024,Overboard
6025,Much Ado About Nothing
6026,Much Ado About Nothing
6027,"Definitely, Maybe"
6028,A Rainy Day in New York
6029,A Cinderella Story
6030,Hitch
6031,Meet the Fockers
6032,My Best Friend's Wedding
6033,Fool's Gold
6034,P.S. I Love You
6035,Set It Up
6036,Blast from the Past
6037,Can't Buy Me Love
6038,Upgraded
6039,This Means War
6040,Mike and Dave Need Wedding Dates
6041,The Wedding Date
6042,The Heartbreak Kid
6043,The Heartbreak Kid
6044,Bride Wars
6045,Spanglish
6046,Just My Luck
6047,Whatever It Takes
6048,Raising Helen
6049,The Princess Diaries 2: Royal Engagement
6050,Sex and the City
6051,Ghosts of Girlfriends Past
6052,Aloha
6053,Never Been Kissed
6054,How to Be Single
6055,Under the Tuscan Sun
6056,He's All That
6057,It's Complicated
6058,What a Girl Wants
6059,Maid in Manhattan
6060,Imagine Me & You
6061,Along Came Polly
6062,Singles
6063,Sex and the City 2
6064,It Takes Two
6065,Long Shot
6066,A Lot Like Love
6067,The Break-Up
6068,Made of Honor
6069,Something's Gotta Give
6070,Earth Girls Are Easy
6071,Sabrina
6072,The Big Sick
6073,Players
6074,Players
6075,Ruby Sparks
6076,Your Place or Mine
6077,About Last Night
6078,About Last Night
6079,The Five-Year Engagement
6080,Just Married
6081,Chasing Amy
6082,"New York, I Love You"
6083,Stuck in Love.
6084,Fallen Leaves
6085,Dave
6086,Mr. Right
6087,Failure to Launch
6088,Six Days Seven Nights
6089,What If
6090,Confessions of a Shopaholic
6091,Barefoot
6092,Barefoot
6093,The Wedding Planner
6094,Life as We Know It
6095,Girls Just Want to Have Fun
6096,My Big Fat Greek Wedding 3
6097,Fools Rush In
6098,Because I Said So
6099,Zookeeper
6100,Frankie and Johnny
6101,First Daughter
6102,Happiness for Beginners
6103,The Switch
6104,Beautiful Girls
6105,Little Italy
6106,Boomerang
6107,Runaway Bride
6108,What to Expect When You're Expecting
6109,Austenland
6110,Prime
6111,10 Years
6112,Doc Hollywood
6113,Only You
6114,Only You
6115,When We First Met
6116,Get Over It
6117,The Goodbye Girl
6118,How Do You Know
6119,Always Be My Maybe
6120,Shall We Dance?
6121,Shall We Dance?
6122,Jersey Girl
6123,Broadcast News
6124,Home Again
6125,Drive Me Crazy
6126,No Reservations
6127,Joe Versus the Volcano
6128,Enough Said
6129,Timer
6130,Book Club: The Next Chapter
6131,Two Night Stand
6132,Chasing Liberty
6133,What's Your Number?
6134,My Best Friend's Girl
6135,Summer Catch
6136,Tin Cup
6137,Marry Me
6138,Saving Silverman
6139,New Year's Eve
6140,Loser
6141,What's Love Got to Do with It?
6142,Bride & Prejudice
6143,I Could Never Be Your Woman
6144,Swept Away
6145,Swept Away
6146,A Nice Girl Like You
6147,Book Club
6148,Sydney White
6149,Nick and Norah's Infinite Playlist
6150,Isn't It Romantic
6151,"Yours, Mine & Ours"
6152,How Stella Got Her Groove Back
6153,My Big Fat Greek Wedding 2
6154,Wimbledon
6155,America's Sweethearts
6156,The Mirror Has Two Faces
6157,Don Juan DeMarco
6158,Boys and Girls
6159,Someone Like You
6160,My Super Ex-Girlfriend
6161,The Fabulous Baker Boys
6162,She's the One
6163,Roxanne
6164,To Rome with Love
6165,Blind Date
6166,Blind Date
6167,Think Like a Man Too
6168,Chances Are
6169,HouseSitter
6170,The Other Sister
6171,The Prince and Me
6172,Win a Date with Tad Hamilton!
6173,Keeping the Faith
6174,Saving Face
6175,Hope Springs
6176,Hope Springs
6177,Nine Months
6178,Must Love Dogs
6179,Honeymoon in Vegas
6180,Life or Something Like It
6181,View from the Top
6182,Kissing Jessica Stein
6183,Little Black Book
6184,The Butcher's Wife
6185,The Truth About Cats & Dogs
6186,Green Card
6187,Did You Hear About the Morgans?
6188,Miss Pettigrew Lives for a Day
6189,In Good Company
6190,Over Her Dead Body
6191,A Guy Thing
6192,Celeste & Jesse Forever
6193,Legal Eagles
6194,My Mom's New Boyfriend
6195,The Beautician and the Beast
6196,Lost & Found
6197,Excess Baggage
6198,Laws of Attraction
6199,The Last Kiss
6200,The Last Kiss
6201,Serving Sara
6202,Head Over Heels
6203,License to Wed
6204,An Ideal Husband
6205,Down to You
6206,Addicted to Love
6207,The Story of Us
6208,Cousins
6209,Say It Isn't So
6210,Love in the Afternoon
6211,Forget Paris
6212,Simply Irresistible
6213,Alex Strangelove
6214,Maggie's Plan
6215,Italian for Beginners
6216,Alex & Emma
6217,Woman on Top
6218,Meet the Browns
6219,The Bachelor
6220,Top Five
6221,The Marrying Man
6222,Being Julia
6223,Do Not Disturb
6224,Mrs. Winterbourne
6225,Good Advice
6226,Speechless
6227,Mostly Martha
6228,"He Said, She Said"
6229,Kissing a Fool
6230,Sweet November
6231,O Kadhal Kanmani
6232,The Wolverine
6233,47 Ronin
6234,Red Sun
6235,Blade of the Immortal
6236,The Blind Swordsman: Zatoichi
6237,Shogun Assassin
6238,Batman Ninja
6239,Welcome to Mooseport
6240,Office Space
6241,Trading Places
6242,Maverick
6243,Zoolander
6244,The Dictator
6245,The Campaign
6246,Being There
6247,Slap Shot
6248,The Full Monty
6249,Canadian Bacon
6250,Candy
6251,Shampoo
6252,The Square
6253,The Square
6254,The Square
6255,1941
6256,Be Cool
6257,Fool's Paradise
6258,When You Finish Saving the World
6259,Private Benjamin
6260,"Hail, Caesar!"
6261,The American Society of Magical Negroes
6262,Saved!
6263,Good Bye Lenin!
6264,Brüno
6265,Extreme Movie
6266,The Hudsucker Proxy
6267,Gremlins 2: The New Batch
6268,Waiting for Guffman
6269,Nashville
6270,Spice World
6271,That Obscure Object of Desire
6272,PCU
6273,Bean
6274,Private Parts
6275,Get Him to the Greek
6276,Bowfinger
6277,Maps to the Stars
6278,The Discreet Charm of the Bourgeoisie
6279,War Machine
6280,Defending Your Life
6281,Holy Smoke
6282,Blow Dry
6283,Six Degrees of Separation
6284,The Triplets of Belleville
6285,Amarcord
6286,How to Be a Latin Lover
6287,Mainstream
6288,Crumb
6289,L.A. Story
6290,Celebrity
6291,The Nutty Professor
6292,The Joneses
6293,No Man's Land
6294,No Man's Land
6295,Kin-dza-dza!
6296,Living in Oblivion
6297,Wagons East
6298,"The Goods: Live Hard, Sell Hard"
6299,Edtv
6300,Ishtar
6301,New York Stories
6302,Crimes and Misdemeanors
6303,Dorm Daze
6304,S.O.B.
6305,2001 Maniacs
6306,The Purple Rose of Cairo
6307,Rapture-Palooza
6308,The Dream Team
6309,Citizen Ruth
6310,School Daze
6311,Down and Out in Beverly Hills
6312,The Paper
6313,Fast Food Nation
6314,Vampire Killers
6315,You Will Meet a Tall Dark Stranger
6316,Some Kind of Beautiful
6317,The Tall Guy
6318,Tamara Drewe
6319,Hector and the Search for Happiness
6320,Bamboozled
6321,The Life and Times of Judge Roy Bean
6322,She Hate Me
6323,Pirates
6324,Bananas
6325,East Is East
6326,Pecker
6327,Soul Men
6328,My Fellow Americans
6329,Casa de mi Padre
6330,B*A*P*S
6331,"Hello, My Name Is Doris"
6332,Bob Roberts
6333,Human Nature
6334,Husbands and Wives
6335,Lost in America
6336,The Big Picture
6337,Accidental Love
6338,Full Frontal
6339,North Dallas Forty
6340,Leap of Faith
6341,Dear White People
6342,Zelig
6343,Life Stinks
6344,Head of State
6345,What Planet Are You From?
6346,Other People's Money
6347,Material Girls
6348,Haunted Honeymoon
6349,Run Ronnie Run
6350,Stardust Memories
6351,"Buffalo Bill and the Indians, or Sitting Bull's History Lesson"
6352,The Barbarian Invasions
6353,The Brother from Another Planet
6354,Fellini's Roma
6355,The Muse
6356,The Associate
6357,Holy Man
6358,How to Get Ahead in Advertising
6359,Moon Over Parador
6360,Religulous
6361,Where to Invade Next
6362,Touch
6363,Protocol
6364,Elvis & Nixon
6365,Crazy People
6366,Modern Romance
6367,Space Station 76
6368,"Happy, Texas"
6369,The Hoax
6370,Amos & Andrew
6371,American Dreamz
6372,The Closet
6373,Flashback
6374,Flashback
6375,The Decline of the American Empire
6376,The Amateurs
6377,Syrup
6378,I Served the King of England
6379,City of Women
6380,Loving
6381,Ginger & Fred
6382,The TV Set
6383,Visioneers
6384,12:08 East of Bucharest
6385,Nothing Personal
6386,Potiche
6387,Marci X
6388,Seducing Doctor Lewis
6389,American Virgin
6390,Good Hair
6391,The Band's Visit
6392,Where in the World Is Osama Bin Laden?
6393,Trial and Error
6394,"What's Up, Doc?"
6395,Wonder Boys
6396,Confidentially Yours
6397,Love on the Run
6398,Last Breath
6399,Pirates of the Caribbean: The Curse of the Black Pearl
6400,Pirates of the Caribbean: Dead Men Tell No Tales
6401,The Abyss
6402,The Abyss
6403,In the Heart of the Sea
6404,Sinbad: Legend of the Seven Seas
6405,The Final Countdown
6406,All Is Lost
6407,The Pirates! Band of Misfits
6408,The Deepest Breath
6409,Robinson Crusoe
6410,Return to Paradise
6411,Malice
6412,To Catch a Killer
6413,MaXXXine
6414,Sin City
6415,The House That Jack Built
6416,Mindcage
6417,Manhunter
6418,Perfume: The Story of a Murderer
6419,Cruising
6420,Frequency
6421,Kiss the Girls
6422,"Alice, Sweet Alice"
6423,The Iceman
6424,Summer of Sam
6425,A Nightmare on Elm Street
6426,A Nightmare on Elm Street
6427,The Snowman
6428,The Frozen Ground
6429,Texas Chainsaw Massacre
6430,From Hell
6431,Cobra
6432,Cobra
6433,Opera
6434,Hannibal Rising
6435,Along Came a Spider
6436,Solace
6437,Leatherface
6438,Mindhunters
6439,Sea of Love
6440,Phenomena
6441,Texas Killing Fields
6442,Bereavement
6443,88 Minutes
6444,Pride and Glory
6445,Untraceable
6446,The Watcher
6447,Ted Bundy
6448,Amsterdamned
6449,Maniac Cop 2
6450,Madhouse
6451,Mrs. Serial Killer
6452,Smile 2
6453,A Serbian Film
6454,Showgirls
6455,Begin Again
6456,Selena
6457,Shadow of the Vampire
6458,Magic Mike's Last Dance
6459,Being the Ricardos
6460,The Majestic
6461,Trumbo
6462,Hitchcock
6463,Hollywoodland
6464,Gods and Monsters
6465,Day for Night
6466,The Last Tycoon
6467,White Hunter Black Heart
6468,The Other Side of the Wind
6469,The Life and Death of Peter Sellers
6470,Their Finest
6471,In a World...
6472,The Odyssey
6473,Lady Sings the Blues
6474,Fedora
6475,Grown Ups
6476,Big Trouble in Little China
6477,The Cat in the Hat
6478,National Lampoon's Animal House
6479,Richie Rich
6480,Super Troopers
6481,3 Ninjas
6482,Revenge of the Nerds
6483,Peter Rabbit
6484,You Don't Mess with the Zohan
6485,Bad Moms
6486,Scouts Guide to the Zombie Apocalypse
6487,Meatballs
6488,Daddy Day Care
6489,Zoolander 2
6490,Dennis the Menace
6491,Beethoven
6492,Scooby-Doo 2: Monsters Unleashed
6493,National Lampoon's European Vacation
6494,Thunderbirds
6495,Little Man
6496,Hot Rod
6497,Encino Man
6498,Son of the Mask
6499,The Jerk
6500,Hudson Hawk
6501,The Three Stooges
6502,Without a Paddle
6503,Vegas Vacation
6504,Half Baked
6505,"Alexander and the Terrible, Horrible, No Good, Very Bad Day"
6506,Wild Mountain Thyme
6507,Baby's Day Out
6508,The Flintstones in Viva Rock Vegas
6509,The Money Pit
6510,Cheaper by the Dozen 2
6511,Big Fat Liar
6512,Ernest Goes to Camp
6513,Jungle 2 Jungle
6514,"Honey, I Blew Up the Kid"
6515,Johnny English Reborn
6516,Police Academy 2: Their First Assignment
6517,The Incredible Burt Wonderstone
6518,The Love Guru
6519,The Master of Disguise
6520,102 Dalmatians
6521,Guyver
6522,Teenage Mutant Ninja Turtles III
6523,Bill & Ted's Bogus Journey
6524,3 Ninjas Kick Back
6525,Kicking & Screaming
6526,RocketMan
6527,Jackass Forever
6528,Playing with Fire
6529,The Spy Next Door
6530,Shaun the Sheep Movie
6531,Armed and Dangerous
6532,Big Momma's House 2
6533,Police Academy 5: Assignment: Miami Beach
6534,Club Paradise
6535,Be Kind Rewind
6536,Moving
6537,My Boss's Daughter
6538,Suburban Commando
6539,Pom Poko
6540,Strike!
6541,Dunston Checks In
6542,The Frisco Kid
6543,House Arrest
6544,My Favorite Martian
6545,Woody Woodpecker
6546,The Apple Dumpling Gang
6547,Are We Done Yet?
6548,Daddy Day Camp
6549,Toc Toc
6550,See Spot Run
6551,King Ralph
6552,Caddyshack II
6553,Bebe's Kids
6554,There Was a Crooked Man...
6555,Leatherheads
6556,Cabin Boy
6557,Dudley Do-Right
6558,Mr. Magoo
6559,Screwed
6560,Blankman
6561,The Mad Adventures of Rabbi Jacob
6562,Guest House Paradiso
6563,Kickin' It Old Skool
6564,Bushwhacked
6565,Piglet's Big Movie
6566,Candleshoe
6567,The Tigger Movie
6568,Johnny Stecchino
6569,The Honeymooners
6570,Baby
6571,Baby
6572,X
6573,X
6574,Final Destination
6575,Scream VI
6576,Terrifier
6577,House of Wax
6578,Thanksgiving
6579,Wrong Turn
6580,Wrong Turn
6581,Orphan
6582,I Know What You Did Last Summer
6583,Hostel
6584,Time Cut
6585,Totally Killer
6586,Scream 3
6587,The Strangers: Chapter 1
6588,Tarot
6589,The Texas Chainsaw Massacre
6590,Urban Legend
6591,High Tension
6592,Fear Street: Part One - 1994
6593,Texas Chainsaw
6594,Suspiria
6595,Suspiria
6596,You're Next
6597,My Bloody Valentine
6598,My Bloody Valentine
6599,Wolf Creek
6600,Curtains
6601,Fear Street: Part Two - 1978
6602,The Fog
6603,The Fog
6604,Truth or Dare
6605,The Texas Chainsaw Massacre: The Beginning
6606,The Midnight Meat Train
6607,Lowlifes
6608,Halloween Kills
6609,Deep Red
6610,The Blackening
6611,Inferno
6612,Inferno
6613,Inferno
6614,Friday the 13th: Part 3
6615,May
6616,Haunt
6617,Haunt
6618,I Still Know What You Did Last Summer
6619,Nurse
6620,Halloween II
6621,Halloween II
6622,Friday the 13th: A New Beginning
6623,Child's Play 2
6624,Stay Alive
6625,Tenebrae
6626,Prom Night
6627,Prom Night
6628,Fear Street: Part Three - 1666
6629,Happy Death Day 2U
6630,Vacancy
6631,The Strangers: Prey at Night
6632,Ouija
6633,The Funhouse
6634,Tourist Trap
6635,Sick
6636,Magic
6637,Halloween 4: The Return of Michael Myers
6638,Intruder
6639,See No Evil
6640,No One Lives
6641,Halloween H20: 20 Years Later
6642,Turistas
6643,Deadly Blessing
6644,Curse of Chucky
6645,There's Someone Inside Your House
6646,Delirium
6647,Friday the 13th: The New Blood
6648,The Collection
6649,All the Boys Love Mandy Lane
6650,The House on Sorority Row
6651,Raising Cain
6652,Halloween: Resurrection
6653,Leatherface: Texas Chainsaw Massacre III
6654,Halloween: The Curse of Michael Myers
6655,Tamara
6656,A Classic Horror Story
6657,Cult of Chucky
6658,"Butcher, Baker, Nightmare Maker"
6659,Child's Play 3
6660,The Toolbox Murders
6661,Slaughter High
6662,The Bird with the Crystal Plumage
6663,Giallo
6664,Slotherhouse
6665,Hello Mary Lou: Prom Night II
6666,The Lazarus Effect
6667,Halloween 5: The Revenge of Michael Myers
6668,April Fool's Day
6669,Shocker
6670,We Summon the Darkness
6671,Psycho III
6672,Graduation Day
6673,Mortuary
6674,Hell Night
6675,The Dark Half
6676,He's Out There
6677,Nobody Sleeps in the Woods Tonight
6678,See No Evil 2
6679,The Town That Dreaded Sundown
6680,The Town That Dreaded Sundown
6681,Hell Fest
6682,Hatchet II
6683,Fade to Black
6684,Witchboard
6685,Just Before Dawn
6686,Bloodline
6687,The Strange Vice of Mrs. Wardh
6688,Terror Train
6689,Trauma
6690,Candyman: Farewell to the Flesh
6691,The Children
6692,My Soul to Take
6693,Hatchet III
6694,Borderland
6695,Train
6696,Popcorn
6697,The Boogey Man
6698,StageFright
6699,Taboo
6700,ATM
6701,Laid to Rest
6702,Stepfather II: Make Room for Daddy
6703,Timber Falls
6704,Night School
6705,Toolbox Murders
6706,Wilderness
6707,Reeker
6708,Knife + Heart
6709,Dust Devil
6710,Boogeyman 2
6711,The Fan
6712,Maniac Cop 3: Badge of Silence
6713,The Prey
6714,Visiting Hours
6715,From Beyond the Grave
6716,Anatomy
6717,"Fear, Inc."
6718,Tales of Halloween
6719,My Name Is Bruce
6720,Smiley
6721,Chain Letter
6722,Killer Book Club
6723,Grotesque
6724,Triggered
6725,Destroyer
6726,Deathouse
6727,Blade
6728,Boogeyman 3
6729,Scarecrows
6730,Terrified
6731,Don't Hang Up
6732,Fallen Angels
6733,Lucifer
6734,Dark Days
6735,Deadline
6736,The Big Green
6737,Ladybugs
6738,Goal! The Dream Begins
6739,Victory
6740,Early Man
6741,Playing for Keeps
6742,Goal II: Living the Dream
6743,Diego Maradona
6744,Goal! III
6745,Ronaldo
6746,Offside
6747,Baggio: The Divine Ponytail
6748,Pelé
6749,Avengers: Endgame
6750,Avengers: Infinity War
6751,Guardians of the Galaxy Vol. 3
6752,Star Trek
6753,The Martian
6754,Event Horizon
6755,Passengers
6756,Passengers
6757,Guardians of the Galaxy Vol. 2
6758,Spaceman
6759,Slingshot
6760,Valerian and the City of a Thousand Planets
6761,Distant
6762,Star Trek Beyond
6763,The Hitchhiker's Guide to the Galaxy
6764,Serenity
6765,Serenity
6766,Treasure Planet
6767,Star Trek Into Darkness
6768,The Adventures of Buckaroo Banzai Across the 8th Dimension
6769,Galaxy of Terror
6770,Star Trek II: The Wrath of Khan
6771,The Black Hole
6772,Moonraker
6773,The Last Starfighter
6774,Star Trek III: The Search for Spock
6775,The Colony
6776,The Colony
6777,Forbidden World
6778,Saturn 3
6779,Star Trek: Generations
6780,On the Silver Globe
6781,Mac and Me
6782,Europa Report
6783,Star Trek: Insurrection
6784,Star Trek V: The Final Frontier
6785,Species II
6786,SpaceCamp
6787,The Adventures of Pluto Nash
6788,Battlestar Galactica
6789,Wing Commander
6790,The Astronaut's Wife
6791,Thunderpants
6792,Space Battleship Yamato
6793,The Astronaut Farmer
6794,3022
6795,Wings of Honneamise
6796,400 Days
6797,Jetsons: The Movie
6798,Dracula 3000
6799,Approaching the Unknown
6800,Simon
6801,Keoma
6802,Compañeros
6803,Martyrs
6804,Martyrs
6805,I Spit on Your Grave
6806,I Spit on Your Grave
6807,Saw
6808,Final Destination 2
6809,The Final Destination
6810,House of 1000 Corpses
6811,The Sadness
6812,Audition
6813,Evil Dead
6814,Green Room
6815,Hostel: Part II
6816,The Devil's Rejects
6817,Saw II
6818,The Loved Ones
6819,Frontier(s)
6820,The Woman
6821,Pumpkinhead
6822,Saw III
6823,Saw IV
6824,Saw VI
6825,Saw V
6826,Vile
6827,All My Friends Are Dead
6828,Dead & Breakfast
6829,Chain Reaction
6830,Back in Action
6831,Argylle
6832,Charlie's Angels
6833,Charlie's Angels
6834,Mission: Impossible
6835,GoldenEye
6836,Die Another Day
6837,Tinker Tailor Soldier Spy
6838,Live and Let Die
6839,The World Is Not Enough
6840,Operation Fortune: Ruse de Guerre
6841,Quantum of Solace
6842,Charlie's Angels: Full Throttle
6843,Canary Black
6844,Spy Kids
6845,Diamonds Are Forever
6846,Licence to Kill
6847,The Bourne Ultimatum
6848,Tomorrow Never Dies
6849,A View to a Kill
6850,Mile 22
6851,The Spy Who Loved Me
6852,For Your Eyes Only
6853,The Man with the Golden Gun
6854,La Femme Nikita
6855,Spy Game
6856,A Most Wanted Man
6857,The International
6858,The International
6859,The Recruit
6860,Point of No Return
6861,The November Man
6862,The Debt
6863,All the Old Knives
6864,Stormbreaker
6865,Scorpio
6866,The Tailor of Panama
6867,Spy x Family Code: White
6868,Bad Company
6869,Red Joan
6870,Khufiya
6871,Arabesque
6872,The Sea Wolves
6873,Blackbird
6874,Enigma
6875,The Berlin File
6876,Betrayed
6877,The League of Extraordinary Gentlemen
6878,The Rocketeer
6879,Hellboy II: The Golden Army
6880,Victor Frankenstein
6881,Time After Time
6882,Mutant Chronicles
6883,At the Earth's Core
6884,Perfect Creature
6885,Love
6886,Love
6887,365 Days
6888,The Dreamers
6889,The Reader
6890,After
6891,After
6892,Closer
6893,Last Tango in Paris
6894,Fifty Shades Freed
6895,Vicky Cristina Barcelona
6896,After We Collided
6897,Adore
6898,Fifty Shades Darker
6899,The Next 365 Days
6900,9½ Weeks
6901,365 Days: This Day
6902,Stealing Beauty
6903,Two Moon Junction
6904,Rust and Bone
6905,Perfect Sense
6906,Like Crazy
6907,Like Crazy
6908,Wild Orchid
6909,Talk to Her
6910,Emmanuelle
6911,American Gigolo
6912,Newness
6913,"Paris, 13th District"
6914,The End of the Affair
6915,Betty Blue
6916,London
6917,Nuovo Olimpo
6918,By the Sea
6919,The Libertine
6920,Mo' Better Blues
6921,Eros
6922,Grandma's Boy
6923,Pineapple Express
6924,Next Friday
6925,The Beach Bum
6926,Smiley Face
6927,Strange Wilderness
6928,Dude
6929,Cheech and Chong's Next Movie
6930,Leaves of Grass
6931,Anuvahood
6932,Still Smokin
6933,Paulette
6934,Spider-Man: No Way Home
6935,Spider-Man
6936,Eternals
6937,Black Panther
6938,Captain America: Civil War
6939,Power Rangers
6940,Thor: Love and Thunder
6941,X-Men
6942,Spider-Man: Homecoming
6943,Thor: Ragnarok
6944,Thor
6945,Fantastic Four
6946,Fantastic Four
6947,Iron Man 3
6948,Black Panther: Wakanda Forever
6949,Spider-Man 2
6950,Spider-Man 3
6951,Morbius
6952,The Amazing Spider-Man
6953,The Flash
6954,Batman v Superman: Dawn of Justice
6955,X-Men: First Class
6956,Wonder Woman
6957,X-Men: Apocalypse
6958,The Marvels
6959,Doctor Strange
6960,Ant-Man and the Wasp: Quantumania
6961,Black Adam
6962,Batman & Robin
6963,Blue Beetle
6964,Van Helsing
6965,Spider-Man: Far from Home
6966,X-Men: Days of Future Past
6967,The Amazing Spider-Man 2
6968,Justice League
6969,Ant-Man
6970,Batman Forever
6971,X-Men Origins: Wolverine
6972,The New Mutants
6973,Fantastic Four: Rise of the Silver Surfer
6974,X2: X-Men United
6975,Green Lantern
6976,Watchmen: Chapter I
6977,Shazam! Fury of the Gods
6978,X-Men: The Last Stand
6979,Hancock
6980,Shazam!
6981,Teenage Mutant Ninja Turtles: Out of the Shadows
6982,Superman Returns
6983,The Mask of Zorro
6984,The Wraith
6985,Blade: Trinity
6986,Catwoman
6987,X-Men: Dark Phoenix
6988,Ant-Man and the Wasp
6989,Spawn
6990,Kick-Ass 2
6991,Mighty Morphin Power Rangers
6992,Samaritan
6993,Punisher: War Zone
6994,The Adventures of Sharkboy and Lavagirl 3-D
6995,Dragonball Evolution
6996,Supergirl
6997,Solomon Kane
6998,Teenage Mutant Ninja Turtles II: The Secret of the Ooze
6999,The Legend of Zorro
7000,Code 8
7001,Push
7002,Barb Wire
7003,Timecop
7004,Ghost Rider: Spirit of Vengeance
7005,The Darkest Minds
7006,Bloodshot
7007,The Spirit
7008,Red Sonja
7009,The Scribbler
7010,The Shadow
7011,Captain America
7012,The Green Hornet
7013,Justice League: Crisis on Infinite Earths - Part One
7014,The Fantastic Four
7015,Dragon Ball Super: Broly
7016,Jonah Hex
7017,Underdog
7018,Turbo: A Power Rangers Movie
7019,Moonwalker
7020,Zoom
7021,Batman: Mask of the Phantasm
7022,Steel
7023,Max Steel
7024,Injustice
7025,Secret Headquarters
7026,Justice League: Warworld
7027,My Hero Academia: World Heroes' Mission
7028,Justice League: Crisis on Infinite Earths - Part Two
7029,The Return of Swamp Thing
7030,The Powerpuff Girls Movie
7031,Man-Thing
7032,Son of Batman
7033,Constantine: City of Demons - The Movie
7034,Batman: Gotham by Gaslight
7035,Lazer Team
7036,My Hero Academia: Heroes Rising
7037,Batman and Harley Quinn
7038,My Hero Academia: Two Heroes
7039,Legion of Super-Heroes
7040,"Batman: The Long Halloween, Part Two"
7041,Wonder Woman: Bloodlines
7042,Reign of the Supermen
7043,iBoy
7044,Batman: Return of the Caped Crusaders
7045,Justice Society: World War II
7046,Justice League vs the Fatal Five
7047,Freaks: You're One of Us
7048,Batman: Soul of the Dragon
7049,How I Became a Super Hero
7050,Minnal Murali
7051,Psychokinesis
7052,Iceman
7053,Unknown Origins
7054,Major Grom: Plague Doctor
7055,Yara
7056,Prodigy
7057,Wonka
7058,Ghostbusters: Frozen Empire
7059,Practical Magic
7060,Fantastic Beasts and Where to Find Them
7061,Night at the Museum
7062,Ghostbusters: Afterlife
7063,Ghostbusters II
7064,The Craft
7065,The Twilight Saga: Eclipse
7066,Little Nicky
7067,The Twilight Saga: New Moon
7068,Casper
7069,The School for Good and Evil
7070,Mary Poppins Returns
7071,Nanny McPhee
7072,Teen Wolf
7073,Haunted Mansion
7074,The Craft: Legacy
7075,Season of the Witch
7076,The Indian in the Cupboard
7077,Hocus Pocus 2
7078,The Haunted Mansion
7079,Peter Rabbit 2: The Runaway
7080,Cat People
7081,Outcast
7082,The Watchers
7083,Oddity
7084,The Black Phone
7085,Five Nights at Freddy's
7086,The Conjuring
7087,Possession
7088,Possession
7089,Possession
7090,Talk to Me
7091,Talk to Me
7092,The Lost Boys
7093,Sinister
7094,It Follows
7095,The First Omen
7096,Final Destination 3
7097,Last Night in Soho
7098,Nosferatu the Vampyre
7099,Insidious
7100,Salem's Lot
7101,You Should Have Left
7102,Bird Box
7103,Final Destination 5
7104,The Pope's Exorcist
7105,The Conjuring 2
7106,Poltergeist
7107,Poltergeist
7108,The Nun
7109,Legion
7110,The Empty Man
7111,Ghost Ship
7112,The Boogeyman
7113,Thir13en Ghosts
7114,1408
7115,Christine
7116,Christine
7117,The Nun II
7118,The Night House
7119,Oculus
7120,In the Mouth of Madness
7121,The Exorcism of Emily Rose
7122,Lights Out
7123,The Hunger
7124,The Amityville Horror
7125,The Amityville Horror
7126,Mama
7127,Annabelle: Creation
7128,Drag Me to Hell
7129,The Skeleton Key
7130,The Grudge
7131,The Grudge
7132,The Boy
7133,The Boy
7134,Fright Night
7135,Fright Night
7136,Resident Evil: The Final Chapter
7137,Fantasy Island
7138,Night Swim
7139,The Orphanage
7140,House on Haunted Hill
7141,Annabelle Comes Home
7142,Insidious: The Red Door
7143,The Exorcism
7144,Things Heard & Seen
7145,Stigmata
7146,Devil
7147,Insidious: Chapter 2
7148,Slender Man
7149,The Haunting
7150,Stir of Echoes
7151,Case 39
7152,Insidious: Chapter 3
7153,Dark Water
7154,Dark Water
7155,Mirrors
7156,Cursed
7157,The Mothman Prophecies
7158,Troll 2
7159,The Possession
7160,The Possession of Hannah Grace
7161,Blood Red Sky
7162,Night Teeth
7163,Insidious: The Last Key
7164,Last Shift
7165,Ghosts of War
7166,Mr. Harrigan's Phone
7167,Phantasm
7168,The Gate
7169,His House
7170,The Ring Two
7171,The Crucifixion
7172,The Unholy
7173,Shutter
7174,Shutter
7175,Before I Wake
7176,You Won't Be Alone
7177,Ju-on: The Grudge
7178,The Unborn
7179,The Awakening
7180,The Haunting in Connecticut
7181,Leprechaun: Origins
7182,We Have a Ghost
7183,Rings
7184,Winchester
7185,Veronica
7186,The Innocents
7187,The Innocents
7188,Troll
7189,Troll
7190,Velvet Buzzsaw
7191,Don't Be Afraid of the Dark
7192,To the Devil a Daughter
7193,Sister Death
7194,Burnt Offerings
7195,House of Darkness
7196,Warlock
7197,Campfire Tales
7198,Book of Shadows: Blair Witch 2
7199,Something in the Dirt
7200,The Rite
7201,Wendell & Wild
7202,Exorcist II: The Heretic
7203,Boo! A Madea Halloween
7204,The Grudge 2
7205,6 Souls
7206,[REC] 4: Apocalypse
7207,The Innkeepers
7208,One Missed Call
7209,One Missed Call
7210,Nomads
7211,Amityville: The Awakening
7212,The Messengers
7213,The Offering
7214,It Lives Inside
7215,In the Earth
7216,An American Haunting
7217,The Guardian
7218,The Guardian
7219,Jessabelle
7220,Soul Survivors
7221,The Exorcism of God
7222,Nanny
7223,Venus
7224,Boogeyman
7225,Amityville 3-D
7226,Demonic
7227,Demonic
7228,Dead of Night
7229,Pumpkinhead II: Blood Wings
7230,Dead Birds
7231,The Haunting in Connecticut 2: Ghosts of Georgia
7232,Mother of Tears
7233,The Darkness
7234,Spell
7235,Bless the Child
7236,Nightmare Cinema
7237,Forget Me Not
7238,Intruders
7239,Intruders
7240,Darkness
7241,Mary
7242,Mary
7243,The Eye
7244,The Eye
7245,The Vatican Tapes
7246,The Atticus Institute
7247,The Last Exorcism Part II
7248,Incarnate
7249,The Vigil
7250,Lost Souls
7251,They
7252,Solstice
7253,The Return
7254,The Return
7255,The Return
7256,Lovely Molly
7257,Stephanie
7258,Long Time Dead
7259,Nothing Left to Fear
7260,Apartment 1303 3D
7261,Zombie Nation
7262,Asylum of Fear
7263,Triangle
7264,Fall
7265,Cast Away
7266,Apollo 13
7267,Lord of the Flies
7268,47 Meters Down
7269,The Edge
7270,The Grey
7271,Arctic
7272,The Mountain Between Us
7273,Eight Below
7274,The Adventures of Milo and Otis
7275,Land
7276,Backcountry
7277,Gantz
7278,Mississippi Burning
7279,Incendies
7280,Vivarium
7281,The Killing of a Sacred Deer
7282,The Maze Runner
7283,Bad Times at the El Royale
7284,The Conjuring: The Devil Made Me Do It
7285,Murder on the Orient Express
7286,Murder on the Orient Express
7287,The Blackcoat's Daughter
7288,1922
7289,A Tale of Two Sisters
7290,Frantic
7291,The Mirror Crack'd
7292,Gone in the Night
7293,Eyes of Laura Mars
7294,Twixt
7295,Hunter Hunter
7296,And Soon the Darkness
7297,The Caller
7298,Robin Hood: Prince of Thieves
7299,The Three Musketeers
7300,The Three Musketeers
7301,The Three Musketeers
7302,The Golden Voyage of Sinbad
7303,Sinbad and the Eye of the Tiger
7304,The Musketeer
7305,Pippi in the South Seas
7306,Ayirathil Oruvan
7307,The Swordsman
7308,DragonHeart
7309,Outlander
7310,Wrath of the Titans
7311,Centurion
7312,The Legend of Hercules
7313,The Eagle
7314,The Barbarians
7315,Harry Potter and the Goblet of Fire
7316,Harry Potter and the Prisoner of Azkaban
7317,Harry Potter and the Chamber of Secrets
7318,Fantastic Beasts: The Crimes of Grindelwald
7319,The Secret of Moonacre
7320,The Beastmaster
7321,Kull the Conqueror
7322,Erik the Viking
7323,Harry Potter and the Order of the Phoenix
7324,The Mortal Instruments: City of Bones
7325,Percy Jackson: Sea of Monsters
7326,Young Sherlock Holmes
7327,Jem and the Holograms
7328,Lovewrecked
7329,See You Yesterday
7330,Ice Princess
7331,Pitch Perfect
7332,Fast Times at Ridgemont High
7333,Bring It On
7334,The Mighty Ducks
7335,Project X
7336,Project X
7337,Just One of the Guys
7338,Aquamarine
7339,The Kissing Booth
7340,Real Genius
7341,Mystic Pizza
7342,The Lizzie McGuire Movie
7343,The House Bunny
7344,The DUFF
7345,Detroit Rock City
7346,Submarine
7347,Accepted
7348,The Sure Thing
7349,Snow Day
7350,Pitch Perfect 3
7351,License to Drive
7352,Orange County
7353,Confessions of a Teenage Drama Queen
7354,Pump Up the Volume
7355,ATL
7356,Crush
7357,Crush
7358,Bratz
7359,Soul Man
7360,The Perfect Score
7361,To All the Boys: Always and Forever
7362,The Kissing Booth 3
7363,National Lampoon's Senior Trip
7364,Honor Society
7365,The Last Summer
7366,Drillbit Taylor
7367,Slaughterhouse Rulez
7368,Sorority Boys
7369,Love Don't Cost a Thing
7370,The Flamingo Kid
7371,Angus
7372,The Twilight Saga: Breaking Dawn - Part 2
7373,A Walk to Remember
7374,Bully
7375,Bully
7376,Close
7377,Close
7378,That Thing You Do!
7379,The Tearsmith
7380,Palmer
7381,Some Kind of Wonderful
7382,After We Fell
7383,Endless Love
7384,Endless Love
7385,Cruel Intentions 2
7386,Cuties
7387,Cruel Intentions 3
7388,Along for the Ride
7389,Heartstone
7390,Chupa
7391,Teen Wolf Too
7392,Anastasia
7393,Cuckoo
7394,MadS
7395,Disturbing Behavior
7396,Look Away
7397,Scary Stories to Tell in the Dark
7398,47 Meters Down: Uncaged
7399,Thesis
7400,The Rage: Carrie 2
7401,Deadly Friend
7402,Wind Chill
7403,My Best Friend's Exorcism
7404,Decoys
7405,Exeter
7406,The Best of Me
7407,LOL
7408,Weathering with You
7409,Lost and Delirious
7410,High School Musical 3: Senior Year
7411,My Girl 2
7412,Heaven Help Us
7413,"Everything, Everything"
7414,Keith
7415,Shag
7416,Flirting
7417,Very Good Girls
7418,A Love Story
7419,She Gets What She Wants
7420,Caddo Lake
7421,Tenet
7422,The Butterfly Effect
7423,Predestination
7424,Hot Tub Time Machine
7425,Source Code
7426,Next
7427,The Adam Project
7428,Primer
7429,Deja Vu
7430,Star Trek: First Contact
7431,Synchronic
7432,The Time Traveler's Wife
7433,Forever Young
7434,Timecrimes
7435,Timeline
7436,Project Almanac
7437,The Philadelphia Experiment
7438,Trancers
7439,Clockstoppers
7440,Enter Nowhere
7441,Maanaadu
7442,Crash
7443,Crash
7444,The Lovely Bones
7445,One Day
7446,Remember Me
7447,Climax
7448,The Grifters
7449,Freedom Writers
7450,Amores Perros
7451,The Hours
7452,Coriolanus
7453,Alpha Dog
7454,We Need to Talk About Kevin
7455,Marrowbone
7456,The Room
7457,The Room
7458,Sophie's Choice
7459,Jackie
7460,Sound of Metal
7461,What Dreams May Come
7462,Seven Pounds
7463,Rabbit Hole
7464,21 Grams
7465,State of Grace
7466,Elle
7467,In the Realm of the Senses
7468,Ida
7469,Another Earth
7470,Wake in Fright
7471,In the Bedroom
7472,Amour
7473,Once Were Warriors
7474,The Sweet Hereafter
7475,O
7476,House of Sand and Fog
7477,Spoiler Alert
7478,The War Zone
7479,Belladonna of Sadness
7480,Infinite Storm
7481,Our Friend
7482,Pixote
7483,In a Better World
7484,The Man from Snowy River
7485,Mona Lisa
7486,Lenny
7487,The Believer
7488,Autumn Sonata
7489,The Shadow in My Eye
7490,Blue Bayou
7491,The Starling
7492,Savage Streets
7493,Gleaming the Cube
7494,Across 110th Street
7495,Hoodlum
7496,The Shipping News
7497,Loveless
7498,7500
7499,Antitrust
7500,Mikey and Nicky
7501,Veronica Guerin
7502,"Two Days, One Night"
7503,The Night Flier
7504,Wendy and Lucy
7505,The Hindenburg
7506,Camille
7507,On a Wing and a Prayer
7508,F.I.S.T.
7509,Ju Dou
7510,Wake of Death
7511,Mad City
7512,Kaabil
7513,A Quiet Passion
7514,The Border
7515,Personal Effects
7516,Racer and the Jailbird
7517,The Honeymoon Killers
7518,The Butcher
7519,Saturn in Opposition
7520,City of Angels
7521,Queen & Slim
7522,The Sleeping Dictionary
7523,All My Life
7524,Julieta
7525,We Don't Live Here Anymore
7526,Bounce
7527,Miles Ahead
7528,The Woman Next Door
7529,Coming Home
7530,Coming Home
7531,Chicago
7532,Lord of War
7533,Badlands
7534,Skin
7535,Kill the Irishman
7536,21
7537,Lawless
7538,The Good Nurse
7539,Lilya 4-Ever
7540,Child 44
7541,Compliance
7542,Snowden
7543,Midnight in the Garden of Good and Evil
7544,Two for the Money
7545,Bandit
7546,Walking Tall
7547,Walking Tall
7548,Big Eyes
7549,Where the Truth Lies
7550,Deliver Us from Evil
7551,Deliver Us from Evil
7552,Deliver Us from Evil
7553,Fruitvale Station
7554,Get Rich or Die Tryin'
7555,Paid in Full
7556,Lizzie
7557,Killer Elite
7558,Capone
7559,All Good Things
7560,Wonderland
7561,Find Me Guilty
7562,In the Valley of Elah
7563,Abducted in Plain Sight
7564,Rise of the Footsoldier
7565,American Pastoral
7566,What Jennifer Did
7567,True History of the Kelly Gang
7568,Lost Girls
7569,True Story
7570,I Love You Phillip Morris
7571,"Argentina, 1985"
7572,The Onion Field
7573,Charlie Says
7574,The Whistleblower
7575,The Fifth Estate
7576,Gotti
7577,Girl in the Picture
7578,Empire State
7579,Machine Gun Preacher
7580,Kill the Messenger
7581,American Animals
7582,Bad Genius
7583,Regression
7584,The Falcon and the Snowman
7585,The Baader Meinhof Complex
7586,Conviction
7587,Lover Stalker Killer
7588,Sardar Udham
7589,The Tinder Swindler
7590,Primeval
7591,Ned Kelly
7592,A Call to Spy
7593,The Cat's Meow
7594,Pierrepoint: The Last Hangman
7595,Gangubai Kathiawadi
7596,Auto Focus
7597,Owning Mahowny
7598,Middle Men
7599,Army of One
7600,Army of One
7601,Bad Country
7602,Wasp Network
7603,The Weight of Water
7604,In Her Skin
7605,Eden
7606,Eden
7607,The Krays
7608,Bad Ass
7609,The Traitor
7610,Better Luck Tomorrow
7611,The Alphabet Killer
7612,Lonely Hearts
7613,Captive
7614,The Connection
7615,City by the Sea
7616,10th & Wolf
7617,I Am All Girls
7618,The Zodiac
7619,Operation Odessa
7620,Rob the Mob
7621,Kidnapping Mr. Heineken
7622,In Too Deep
7623,Redacted
7624,The Clinic
7625,Fifty Dead Men Walking
7626,The Clan
7627,Our Father
7628,Crime Story
7629,Les Lyonnais
7630,Beware the Slenderman
7631,Stuck
7632,Bomb City
7633,Neruda
7634,Aileen: Life and Death of a Serial Killer
7635,The Assassination of Richard Nixon
7636,This Place Rules
7637,The Hatton Garden Job
7638,Greenfingers
7639,Stander
7640,Holy Rollers
7641,Burnt Money
7642,Unconditional
7643,Blue Caprice
7644,A Twelve-Year Night
7645,Crimson Gold
7646,Britney vs Spears
7647,At the End of the Tunnel
7648,Fate
7649,One of Us
7650,Secrets & Lies
7651,101 Dalmatians
7652,An American Tail
7653,The Golden Child
7654,Homeward Bound II: Lost in San Francisco
7655,A Troll in Central Park
7656,Flora & Ulysses
7657,Priest
7658,Priest
7659,30 Days of Night
7660,Vampires
7661,Queen of the Damned
7662,The Monster Squad
7663,Daybreakers
7664,Vamps
7665,The Vampire Lovers
7666,Embrace of the Vampire
7667,Fright Night Part 2
7668,Stake Land
7669,Twins of Evil
7670,Rise: Blood Hunter
7671,Scars of Dracula
7672,The Satanic Rites of Dracula
7673,Vampires vs. the Bronx
7674,Kiss of the Damned
7675,Vampire Circus
7676,Dracula A.D. 1972
7677,Blood: The Last Vampire
7678,The Breed
7679,Werewolves
7680,Silver Bullet
7681,Dog Soldiers
7682,The Howling
7683,Bad Moon
7684,Skinwalkers
7685,Ginger Snaps Back: The Beginning
7686,Howling II: ... Your Sister Is a Werewolf
7687,Ginger Snaps 2: Unleashed
7688,Blood and Chocolate
7689,Wolfcop
7690,Howling III
7691,Blood
7692,Sherlock Holmes
7693,Invitation to a Murder
7694,Don't Let Go
7695,Sherlock Holmes: A Game of Shadows
7696,The Lie
7697,Four Brothers
7698,Exposed
7699,Dark Crimes
7700,Dark Places
7701,Dead Again
7702,I Know Who Killed Me
7703,The Psychic
7704,The Calling
7705,Snow Falling on Cedars
7706,Small Town Crime
7707,The Million Dollar Hotel
7708,Zero Effect
7709,Murder Mubarak
7710,The Lodger
7711,The River Murders
7712,Airborne
7713,The Accursed
7714,The Autopsy of Jane Doe
7715,The Lords of Salem
7716,Don't Knock Twice
7717,The Last Showgirl
7718,The Devil Wears Prada
7719,The Pursuit of Happyness
7720,The Intern
7721,Norma Rae
7722,Boiling Point
7723,Boiling Point
7724,Boiling Point
7725,Up in the Air
7726,Hustlers
7727,The Great Santini
7728,Hunger
7729,Hunger
7730,Hunger
7731,Mr. Holland's Opus
7732,Baby Boom
7733,Barbershop
7734,The Assistant
7735,Unplanned
7736,Barbershop 2: Back in Business
7737,Outsourced
7738,Next Stop Wonderland
7739,Curse of the Golden Flower
7740,Ashes of Time
7741,Detective Dee: The Mystery of the Phantom Flame
7742,Journey to the West: Conquering the Demons
7743,A Chinese Ghost Story
7744,Flying Swords of Dragon Gate
7745,Reign of Assassins
7746,Tai Chi Master
7747,14 Blades
7748,Dragon
7749,The Warrior
7750,The Promise
7751,The Promise
7752,The Promise
7753,Resident Evil
7754,28 Weeks Later
7755,Maggie
7756,Resident Evil: Retribution
7757,Resident Evil: Apocalypse
7758,Cargo
7759,Cargo
7760,Resident Evil: Afterlife
7761,Resident Evil: Extinction
7762,Zombie
7763,Flesh for Frankenstein
7764,#Alive
7765,The Night Eats the World
7766,Zombie Strippers!
7767,Tales from the Crypt: Demon Knight
7768,House of the Dead
7769,Return of the Living Dead II
7770,Day of the Dead
7771,Little Monsters
7772,Little Monsters
7773,Quarantine 2: Terminal
7774,The Cured
7775,Resident Evil: Vendetta
7776,Day of the Dead: Bloodline
7777,Zombie Holocaust
7778,Shock Waves
7779,Survival of the Dead
7780,Valley of the Dead
7781,Zombie 3
7782,Dance of the Dead
7783,Sugar Hill
7784,Return of the Living Dead: Necropolis
7785,Deadheads
7786,I Am a Hero
