,title,tconst
0,Captain America: Brave New World,tt14513804
1,Gladiator II,tt9218128
2,Furiosa: A Mad Max Saga,tt12037194
3,Dune: Part Two,tt15239678
4,Gladiator,tt0104346
5,Gladiator,tt0172495
6,Inception,tt1375666
7,The Electric State,tt7766378
8,Borderlands,tt4978420
9,Top Gun: Maverick,tt1745960
10,The Dark Knight,tt0468569
11,The Lord of the Rings: The Fellowship of the Ring,tt0120737
12,The Super Mario Bros. Movie,tt6718170
13,The Northman,tt11138512
14,Mission: Impossible - Dead Reckoning Part One,tt9603212
15,The Matrix,tt0133093
16,The Batman,tt1877830
17,Black Hawk Down,tt0265086
18,Mad Max: Fury Road,tt1392190
19,The Lord of the Rings: The Return of the King,tt0167260
20,Blade Runner 2049,tt1856101
21,Heat,tt0068688
22,Heat,tt0093164
23,Heat,tt0113277
24,Kingdom of Heaven,tt0320661
25,Top Gun,tt0092099
26,John Wick: Chapter 4,tt10366206
27,The Dark Knight Rises,tt1345836
28,Terminator 2: Judgment Day,tt0103064
29,Star Wars: Episode IV - A New Hope,tt0076759
30,Independence Day,tt0116629
31,Braveheart,tt0112573
32,Fast X,tt5433140
33,Road House,tt0098206
34,Road House,tt3359350
35,Avatar: The Way of Water,tt1630029
36,Bad Boys: Ride or Die,tt4919268
37,No Time to Die,tt2382320
38,Batman Begins,tt0372784
39,The Avengers,tt0118661
40,The Avengers,tt0848228
41,Rogue One: A Star Wars Story,tt3748528
42,Avatar,tt0499549
43,Solo Leveling: ReAwakening,tt33428606
44,Star Wars: Episode IX - The Rise of Skywalker,tt2527338
45,Guy Ritchie's the Covenant,tt4873118
46,The Lord of the Rings: The Two Towers,tt0167261
47,Transformers,tt0418279
48,300,tt0416449
49,Apocalypto,tt0472043
50,Transformers One,tt8864596
51,Star Wars: Episode I - The Phantom Menace,tt0120915
52,Star Wars: Episode III - Revenge of the Sith,tt0121766
53,Rebel Moon - Part One: A Child of Fire,tt14998742
54,Dunkirk,tt5013056
55,Godzilla x Kong: The New Empire,tt14539740
56,The Creator,tt0203427
57,The Creator,tt11858890
58,Monkey Man,tt9214772
59,Star Wars: Episode V - The Empire Strikes Back,tt0080684
60,Napoleon,tt0113932
61,Napoleon,tt13287846
62,Star Wars: Episode VII - The Force Awakens,tt2488496
63,The Last Duel,tt4244994
64,Shang-Chi and the Legend of the Ten Rings,tt9376612
65,Star Wars: Episode VIII - The Last Jedi,tt2527336
66,Zack Snyder's Justice League,tt12361974
67,Mission: Impossible - Fallout,tt4912910
68,Batman,tt0096895
69,Godzilla Minus One,tt23289160
70,The Last Samurai,tt0325710
71,King Arthur: Legend of the Sword,tt1972591
72,Aquaman and the Lost Kingdom,tt9663764
73,Star Wars: Episode VI - Return of the Jedi,tt0086190
74,War of the Worlds,tt0407304
75,Star Wars: Episode II - Attack of the Clones,tt0121765
76,Fast & Furious,tt1013752
77,I Am Legend,tt0480249
78,Princess Mononoke,tt0119698
79,Sisu,tt14846026
80,The Last of the Mohicans,tt0104691
81,Daredevil,tt0287978
82,F9: The Fast Saga,tt5433138
83,RRR,tt8178634
84,The Expendables 4,tt3291150
85,The Hobbit: The Battle of the Five Armies,tt2310332
86,Fast Five,tt1596343
87,Kill,tt28259207
88,The Book of Eli,tt1037705
89,xXx,tt0295701
90,The Road Warrior,tt0082694
91,Robin Hood,tt0070608
92,Robin Hood,tt0102797
93,Robin Hood,tt0955308
94,Robin Hood,tt4532826
95,"Crouching Tiger, Hidden Dragon",tt0190332
96,Godzilla: King of the Monsters,tt3741700
97,Atlas,tt14856980
98,Akira,tt0094625
99,Akira,tt5465370
100,Rebel Moon - Part Two: The Scargiver,tt23137904
101,300: Rise of an Empire,tt1253863
102,Fast & Furious 6,tt1905041
103,Exodus: Gods and Kings,tt1528100
104,The Woman King,tt8093700
105,War for the Planet of the Apes,tt3450958
106,Neon Genesis Evangelion: The End of Evangelion,tt0169858
107,Mad Max Beyond Thunderdome,tt0089530
108,The Last Kingdom: Seven Kings Must Die,tt15767808
109,Ben-Hur,tt2638144
110,After Earth,tt1815862
111,Godzilla,tt0120685
112,Godzilla,tt0831387
113,Titan A.E.,tt0120913
114,The Message,tt0074896
115,The Message,tt0075143
116,The Message,tt1434423
117,13 Assassins,tt1436045
118,The Princess,tt13393128
119,The Princess,tt13406136
120,Hamburger Hill,tt0093137
121,The Transformers: The Movie,tt0092106
122,Sabotage,tt0117533
123,Sabotage,tt1742334
124,In Harm's Way,tt5759434
125,Athena,tt15445056
126,Shershaah,tt10295212
127,Ultraman: Rising,tt9471678
128,The Wind and the Lion,tt0073906
129,Outlaw Johnny Black,tt8667828
130,The Big 4,tt15528292
131,Carter,tt21237030
132,Godzilla: Final Wars,tt0399102
133,Godzilla vs. Biollante,tt0097444
134,Kingdom,tt9099938
135,Saaho,tt6836936
136,Steamboy,tt0348121
137,Kingdom 2: Far and Away,tt12415670
138,Xtreme,tt11658120
139,Godzilla vs. Destoroyah,tt0113187
140,Godzilla 1985,tt0087344
141,Foxtrot Six,tt8948208
142,The Last Guest,tt8259916
143,Mat Kilau,tt11347146
144,Mickey 17,tt12299608
145,Venom: The Last Dance,tt16366836
146,Elevation,tt23558280
147,Alien,tt0078748
148,Arrival,tt2543164
149,The Thing,tt0084787
150,The Thing,tt0905372
151,A Quiet Place: Day One,tt13433802
152,Starship Troopers,tt0120201
153,The Tomorrow War,tt9777666
154,Aliens,tt0090605
155,Men in Black,tt0119654
156,Edge of Tomorrow,tt1631867
157,Nope,tt10954984
158,Pixels,tt2120120
159,Annihilation,tt2798920
160,A Quiet Place,tt6644200
161,Predator,tt0093773
162,Man of Steel,tt0770828
163,Prey,tt0086872
164,Prey,tt0468536
165,Prey,tt0907305
166,Prey,tt11866324
167,Prey,tt15198608
168,Prey,tt27682129
169,Prey,tt4291700
170,Prey,tt5699928
171,They Live,tt0096256
172,Superman II,tt0081573
173,Signs,tt0286106
174,The 5th Wave,tt2304933
175,Transformers: Rise of the Beasts,tt5090568
176,Lilo & Stitch,tt0275847
177,The Faculty,tt0133751
178,Krull,tt0085811
179,Independence Day: Resurgence,tt1628841
180,Lifeforce,tt0089489
181,District 9,tt1136608
182,The Predator,tt3829266
183,Mars Attacks!,tt0116996
184,The Day the Earth Stood Still,tt0970416
185,No One Will Save You,tt14509110
186,Paul,tt1092026
187,Transformers: Revenge of the Fallen,tt1055369
188,A Quiet Place Part II,tt8332922
189,Alien³,tt0103644
190,Coneheads,tt0106598
191,Battleship,tt1440129
192,Men in Black: International,tt2283336
193,Slither,tt0069282
194,Slither,tt0439815
195,Transformers: Dark of the Moon,tt1399103
196,The Iron Giant,tt0129167
197,Ender's Game,tt1731141
198,We Can Be Heroes,tt10600398
199,The World's End,tt1213663
200,Bumblebee,tt4701182
201,Fire in the Sky,tt0106912
202,Predator 2,tt0100403
203,Invasion of the Body Snatchers,tt0077745
204,Howard the Duck,tt0091225
205,Cowboys & Aliens,tt0409847
206,The Blob,tt0094761
207,Chicken Little,tt0371606
208,The Invasion,tt0427392
209,Evolution,tt0251075
210,Evolution,tt4291590
211,The Watch,tt1298649
212,The Darkest Hour,tt1093357
213,Monsters vs. Aliens,tt0892782
214,Monsters,tt1470827
215,Battle Los Angeles,tt1217613
216,The Arrival,tt0115571
217,The Host,tt0468492
218,The Host,tt1517260
219,The Host,tt8316568
220,Penguins of Madagascar,tt1911658
221,The X Files,tt0120902
222,The Andromeda Strain,tt0066769
223,Killer Klowns from Outer Space,tt0095444
224,K-PAX,tt0272152
225,The Lego Movie 2: The Second Part,tt3513498
226,Rim of the World,tt8179388
227,Attack the Block,tt1478964
228,Skyline,tt1564585
229,Battle Beyond the Stars,tt0080421
230,Jimmy Neutron: Boy Genius,tt0268397
231,Beyond Skyline,tt1724970
232,Horror Express,tt0068713
233,Evangelion: 1.0 You Are (Not) Alone,tt0923811
234,Superman II: The Richard Donner Cut,tt0839995
235,Muppets from Space,tt0158811
236,Aliens in the Attic,tt0775552
237,Landscape with Invisible Hand,tt7645334
238,Without Warning,tt0081764
239,Hangar 18,tt0080836
240,Earth to Echo,tt2183034
241,Invaders from Mars,tt0091276
242,Buck Rogers in the 25th Century,tt0077278
243,Encounter,tt12800524
244,Encounter,tt6613952
245,Occupation,tt6774786
246,The Deadly Spawn,tt0087998
247,Laserblast,tt0077834
248,Purple People Eater,tt0095930
249,Strange Invaders,tt0086374
250,Godzilla 2000,tt0188640
251,Godzilla vs. Mechagodzilla,tt0071565
252,Voyage of the Rock Aliens,tt0096402
253,2001: A Space Travesty,tt0157262
254,Spaced Invaders,tt0100666
255,The Alien Factor,tt0075656
256,The Recall,tt5669936
257,Seedpeople,tt0105347
258,Angry Video Game Nerd: The Movie,tt2123146
259,Alien Invasion: S.U.M.1,tt4279116
260,Terror of Mechagodzilla,tt0073373
261,Kids vs. Aliens,tt21862626
262,51,tt1629439
263,Godzilla vs. Gigan,tt0068371
264,Starship Invasions,tt0076760
265,Zone Troopers,tt0092298
266,The Day Time Ended,tt0080596
267,Nukie,tt0107715
268,Alien Trespass,tt1122836
269,Time Walker,tt0084796
270,Mystery Science Theater 3000: The Movie,tt0117128
271,Returner,tt0339579
272,Space Amoeba,tt0065776
273,Blasted,tt14866710
274,Time Runner,tt0108342
275,End of the World,tt0075990
276,The Fall,tt0460791
277,Resistance,tt1391116
278,Resistance,tt6914122
279,The Replacements,tt0191397
280,Jerry Maguire,tt0116695
281,The Longest Yard,tt0071771
282,The Longest Yard,tt0398165
283,Remember the Titans,tt0210945
284,The Waterboy,tt0120484
285,The Blind Side,tt0878804
286,Varsity Blues,tt0139699
287,Rudy,tt0108002
288,Friday Night Lights,tt0390022
289,Underdogs,tt1634003
290,Underdogs,tt2123342
291,Next Goal Wins,tt10767052
292,Next Goal Wins,tt2446600
293,Little Giants,tt0110364
294,Draft Day,tt2223990
295,Blue Crush,tt0300532
296,Radio,tt0316465
297,The Game Plan,tt0492956
298,Invincible,tt0245171
299,Invincible,tt0445990
300,Gridiron Gang,tt0421206
301,We Are Marshall,tt0758794
302,Home Team,tt14592064
303,80 for Brady,tt18079362
304,American Underdog,tt11729298
305,Heaven Can Wait,tt0077663
306,Greater,tt2950418
307,Concussion,tt2296697
308,Concussion,tt3322364
309,Balls Out,tt2937254
310,The Program,tt0107889
311,The Program,tt3083008
312,Facing the Giants,tt0805526
313,12 Mighty Orphans,tt8482584
314,My All-American,tt3719896
315,Safety,tt10649016
316,Semi-Tough,tt0078227
317,23 Blast,tt2304459
318,The Express,tt0469903
319,Woodlawn,tt4183692
320,Brian Banks,tt3920820
321,When the Game Stands Tall,tt2247476
322,Air Bud: Golden Receiver,tt0140796
323,Touchback,tt1628055
324,Gus,tt0074599
325,Everybody's All-American,tt0095119
326,Undefeated,tt1860355
327,Run the Race,tt3201736
328,Traded,tt5255524
329,The Magician,tt0461989
330,The Magician,tt0827503
331,The 12th Man,tt3300980
332,The Letter,tt1899324
333,The Boys in the Boat,tt1856080
334,Young Woman and the Sea,tt5177114
335,Soul Surfer,tt1596346
336,Point Break,tt0102685
337,Point Break,tt2058673
338,Nyad,tt5302918
339,The Big Blue,tt0095250
340,The Swimmers,tt8745676
341,Surf Ninjas,tt0108258
342,Drown,tt11767484
343,Drown,tt2241750
344,Chasing Mavericks,tt1629757
345,Swimming with Men,tt6532374
346,Big Wednesday,tt0077235
347,The Novice,tt11131464
348,Meet the Deedles,tt0120645
349,Wind,tt0105824
350,Pride,tt0475355
351,Pride,tt3169706
352,The Swimmer,tt15041866
353,Madison,tt0206113
354,Maiden,tt8879946
355,Riding Giants,tt0389326
356,The Endless Summer 2,tt0109729
357,Step Into Liquid,tt0308508
358,Deep Water,tt0082309
359,Deep Water,tt0460766
360,Deep Water,tt2180339
361,Turning Tide,tt2165236
362,The Finishers,tt2454430
363,Proximity,tt8718300
364,Companion,tt26584495
365,The Wild Robot,tt29623480
366,Subservience,tt24871974
367,Her,tt1798709
368,The Terminator,tt0088247
369,Blade Runner,tt0083658
370,Wallace & Gromit: Vengeance Most Fowl,tt17163970
371,Free Guy,tt6264654
372,Ex Machina,tt0470752
373,Avengers: Age of Ultron,tt2395427
374,WALL·E,tt0910970
375,Upgrade,tt6499752
376,Terminator: Dark Fate,tt6450804
377,Tron: Legacy,tt1104001
378,M3GAN,tt8760708
379,A.I. Artificial Intelligence,tt0212720
380,Y2K,tt27218960
381,Morgan,tt1943765
382,Morgan,tt4520364
383,Big Hero 6,tt2245084
384,"I, Robot",tt0343818
385,Ghost in the Shell,tt0113568
386,Ghost in the Shell,tt1219827
387,Finch,tt3420504
388,Afraid,tt24577462
389,Extinction,tt3033080
390,Extinction,tt3201640
391,Extinction,tt3467412
392,The Mitchells vs. the Machines,tt7979580
393,Tron,tt0084827
394,I Am Mother,tt6292852
395,Transcendence,tt2209764
396,Chappie,tt1823672
397,Flight of the Navigator,tt0091059
398,Short Circuit,tt0091949
399,Archive,tt6882604
400,2010: The Year We Make Contact,tt0086837
401,Virtuosity,tt0114857
402,Bicentennial Man,tt0182789
403,Westworld,tt0070909
404,Automata,tt1971325
405,The Stepford Wives,tt0073747
406,The Stepford Wives,tt0327162
407,Wifelike,tt15978956
408,Oxygen,tt0160620
409,Oxygen,tt1470860
410,Oxygen,tt6341832
411,Ron's Gone Wrong,tt7504818
412,After Yang,tt8633464
413,I'm Your Man,tt13087796
414,Robots,tt0358082
415,Robots,tt12579470
416,S1m0ne,tt0258153
417,Astro Boy,tt0375568
418,D.A.R.Y.L.,tt0088979
419,Demon Seed,tt0075931
420,The Machine,tt11040844
421,The Machine,tt2317225
422,Stealth,tt0382992
423,Futureworld,tt0074559
424,Halloween III: Season of the Witch,tt0085636
425,Looker,tt0082677
426,Margaux,tt14967618
427,Zoe,tt6010628
428,Singularity,tt7312940
429,Ghost in the Shell 2: Innocence,tt0347246
430,Summer Wars,tt1474276
431,Star Kid,tt0120478
432,Superintelligence,tt7178640
433,Zone 414,tt8545482
434,Jung_E,tt22352848
435,Heartbeeps,tt0082507
436,Android,tt0083557
437,Max Winslow and the House of Secrets,tt8896632
438,Terra Willy,tt8329148
439,Godzilla: Tokyo S.O.S.,tt0366526
440,C.H.O.M.P.S.,tt0078924
441,Fidelity,tt0204761
442,Capsule,tt3108244
443,Echo,tt9296808
444,Android Kunjappan Ver 5.25,tt9526826
445,Clementine,tt0406661
446,Clementine,tt7311036
447,Sara,tt0120066
448,Into the Deep,tt11005128
449,Into the Deep,tt11394296
450,Mad Max,tt0079501
451,Escape from New York,tt0082340
452,Bloodsport,tt0092675
453,Death Race 2000,tt0072856
454,The Toxic Avenger,tt0090190
455,Kickboxer,tt0097659
456,Cyborg,tt0097138
457,Over the Top,tt0093692
458,Iron Sky,tt1034314
459,Saw 3D,tt1477076
460,Runaway,tt0088024
461,Assault on Precinct 13,tt0074156
462,Assault on Precinct 13,tt0398712
463,War,tt0309047
464,War,tt0499556
465,War,tt7430722
466,Foxy Brown,tt0071517
467,Lionheart,tt0093424
468,Lionheart,tt0100029
469,Lionheart,tt7707314
470,Double Impact,tt0101764
471,Coffy,tt0069897
472,El Mariachi,tt0104815
473,Showdown in Little Tokyo,tt0102915
474,Marked for Death,tt0100114
475,Stone Cold,tt0102984
476,Duchess,tt18300732
477,Starcrash,tt0079946
478,Samurai Cop,tt0130236
479,Vendetta,tt0114829
480,Vendetta,tt14849038
481,Vendetta,tt2572632
482,Vendetta,tt3746298
483,Nemesis,tt0107668
484,Nemesis,tt11618350
485,Ruthless,tt14670094
486,Remo Williams: The Adventure Begins,tt0089901
487,Missing in Action,tt0087727
488,Cosmic Sin,tt11762434
489,Acts of Vengeance,tt6288694
490,Miami Connection,tt0092549
491,Doom: Annihilation,tt8328716
492,Invasion U.S.A.,tt0089348
493,Skyscraper,tt5758778
494,To the Limit,tt0114683
495,Surf Nazis Must Die,tt0094077
496,Wanted: Dead or Alive,tt0094293
497,Dolemite,tt0072895
498,American Siege,tt13496236
499,Stowaway,tt8889818
500,Stowaway,tt9203694
501,Enter the Ninja,tt0082332
502,Prayer of the Rollerboys,tt0102703
503,Gymkata,tt0089243
504,Vanquish,tt5932368
505,The Legend of the 7 Golden Vampires,tt0070297
506,Bucktown,tt0072747
507,Six-String Samurai,tt0118736
508,Double Trouble,tt0087481
509,Double Trouble,tt0104135
510,Laser Mission,tt0099978
511,Alley Cat,tt0083541
512,10 Minutes Gone,tt8809652
513,City Limits,tt0088925
514,Five Elements Ninjas,tt0084921
515,Hard Kill,tt11656172
516,Undefeatable,tt0111552
517,The Keeper,tt0364457
518,The Keeper,tt1296869
519,The Keeper,tt4642192
520,FDR: American Badass!,tt1811315
521,Master of the Flying Guillotine,tt0072913
522,Blastfighter,tt0088818
523,The Ambassador,tt2048877
524,Black Samurai,tt0074213
525,The Other Side,tt0393567
526,The Other Side,tt4610244
527,Lockdown,tt0196708
528,The Last House on the Left,tt0068833
529,The Last House on the Left,tt0844708
530,The Texas Chain Saw Massacre,tt0072271
531,Tremors,tt0100814
532,Tremors,tt7128732
533,The Blair Witch Project,tt0185937
534,The Evil Dead,tt0083907
535,Halloween,tt0077651
536,Halloween,tt0373883
537,Halloween,tt1502407
538,Friday the 13th,tt0080761
539,Friday the 13th,tt0758746
540,Dead Alive,tt0103873
541,Sleepaway Camp,tt0086320
542,Piranha,tt0078087
543,Piranha,tt0477349
544,House,tt0076162
545,House,tt0091223
546,House,tt0837796
547,Night of the Living Dead,tt0100258
548,Sting,tt20112746
549,Paranormal Activity,tt1179904
550,The Slumber Party Massacre,tt0084695
551,The Terror Within,tt0096246
552,Scream Bloody Murder,tt0070654
553,Friday the 13th Part 2,tt0082418
554,The Hills Have Eyes,tt0077681
555,The Hills Have Eyes,tt0454841
556,The Burning,tt0082118
557,The Sand,tt3399484
558,The Last Days on Mars,tt1709143
559,Night of the Creeps,tt0091630
560,"Silent Night, Deadly Night",tt0088117
561,Open Water,tt0374102
562,Carnival of Souls,tt0120627
563,Life After Beth,tt2581244
564,Eaten Alive,tt0074455
565,Madman,tt0082696
566,Happy Birthday to Me,tt0082498
567,The Little Mermaid,tt0070326
568,The Little Mermaid,tt0097757
569,The Little Mermaid,tt5493944
570,The Little Mermaid,tt5971474
571,Ghoulies,tt0089200
572,The Toxic Avenger Part II,tt0098503
573,Antropophagus,tt0082479
574,The Mutilator,tt0124014
575,The Raven,tt1486192
576,The Island of Dr. Moreau,tt0076210
577,The Island of Dr. Moreau,tt0116654
578,The Final Terror,tt0082379
579,Hell of the Living Dead,tt0082559
580,Slaughterhouse Rock,tt0096117
581,Bloody Birthday,tt0082084
582,Citizen Toxie: The Toxic Avenger IV,tt0212879
583,Mirror Mirror,tt0100156
584,Mirror Mirror,tt1667353
585,White Dog,tt0084899
586,Saturday the 14th,tt0083033
587,Rats: Night of Terror,tt0086176
588,Mosquito,tt0113858
589,Creepozoids,tt0092795
590,Nightbeast,tt0086013
591,Terror Firmer,tt0169299
592,Ben,tt0068264
593,Cannibals in the Streets,tt0080379
594,The Hills Have Eyes Part II,tt0089274
595,Blood Rage,tt0085253
596,Blood Feast,tt4847546
597,The Wizard of Gore,tt0066578
598,The Wizard of Gore,tt0765487
599,Carnosaur,tt0106521
600,Mutant,tt0087796
601,Dark Ride,tt0433963
602,Who's Watching Oliver,tt6158692
603,The Haunting of Molly Hartley,tt1045655
604,Contamination,tt0082000
605,The Ritual,tt5638642
606,Ghoulies II,tt0093091
607,Prevenge,tt5154288
608,The Dead Pit,tt0122037
609,Spiders,tt0203940
610,Spiders,tt1659216
611,Snow Falls,tt11569658
612,Satanic Hispanics,tt22085392
613,Warlock: The Armageddon,tt0108517
614,Final Exam,tt0082378
615,Bigfoot,tt0065470
616,The Last Broadcast,tt0122143
617,Frightmare,tt0071523
618,Frightmare,tt0083973
619,Nightmare City,tt0080931
620,Oasis of the Zombies,tt0086486
621,Summer Camp,tt2638662
622,Summer Camp,tt26928684
623,The Crawlers,tt0106620
624,Cold Ground,tt4144350
625,FleshEater,tt0109809
626,Antisocial,tt2772092
627,The Haunting of Margam Castle,tt10648146
628,Deep Space,tt0092863
629,After Death,tt0094620
630,After Death,tt21191906
631,Wacko,tt0083310
632,All I Need,tt2370228
633,Trick or Treats,tt0084825
634,The Killer Eye,tt0177886
635,Prom Night IV: Deliver Us from Evil,tt0105179
636,Midnight,tt0082744
637,Midnight,tt14757872
638,The Killing Tree,tt16899216
639,Ax 'Em,tt0349113
640,Nightmare at Noon,tt0100261
641,Psycho Cop,tt0095922
642,Bluebeard,tt0068294
643,Bluebeard,tt1355623
644,Bluebeard,tt6599340
645,The Forest,tt0122070
646,The Forest,tt3387542
647,Maniac,tt0081114
648,Maniac,tt2103217
649,Maniac,tt8053258
650,Feeders,tt0183072
651,Spiders II: Breeding Ground,tt0282179
652,Cameron's Closet,tt0097008
653,Memorial Valley Massacre,tt0095611
654,The Maze,tt1675758
655,Half Moon,tt0847050
656,Sexy Killer: You'll Die for Her,tt1056416
657,The Last House in the Woods,tt0484175
658,Torment,tt2900822
659,The Black Cat,tt0080440
660,Amityville Cop,tt6680576
661,The Campus,tt6772946
662,The Four,tt2204340
663,Hollow,tt1869470
664,Hollow,tt21977546
665,Farmlands,tt8614536
666,A League of Their Own,tt0104694
667,The Sandlot,tt0108037
668,Major League,tt0097815
669,Moneyball,tt1210166
670,42,tt0453562
671,Angels in the Outfield,tt0109127
672,Field of Dreams,tt0097351
673,You Gotta Believe,tt15685360
674,The Bad News Bears,tt0074174
675,Trouble with the Curve,tt2083383
676,Rookie of the Year,tt0107985
677,Bull Durham,tt0094812
678,The Natural,tt0087781
679,Hardball,tt0180734
680,BASEketball,tt0131857
681,The Rookie,tt0100514
682,The Rookie,tt0265662
683,For Love of the Game,tt0126916
684,Fever Pitch,tt0119114
685,Fever Pitch,tt0332047
686,Eight Men Out,tt0095082
687,Little Big League,tt0110363
688,Major League II,tt0110442
689,The Final Season,tt0449018
690,Bad News Bears,tt0408524
691,Major League: Back to the Minors,tt0120742
692,Million Dollar Arm,tt1647668
693,The Babe,tt0103747
694,Cobb,tt0109450
695,The Bad News Bears in Breaking Training,tt0075718
696,The Scout,tt0111094
697,Ed,tt0116165
698,Sugar,tt0374252
699,Sugar,tt0990413
700,The Bingo Long Traveling All-Stars & Motor Kings,tt0074207
701,Mr. 3000,tt0339412
702,Amazing Grace and Chuck,tt0092545
703,Undrafted,tt3172126
704,Talent for the Game,tt0103036
705,Chasing 3000,tt0483586
706,Hoosiers,tt0091217
707,The Basketball Diaries,tt0112461
708,Air,tt16419074
709,Air,tt2091478
710,Champions,tt15339570
711,Champions,tt6793580
712,Space Jam,tt0117705
713,Hustle,tt0073133
714,Hustle,tt8009428
715,Coach Carter,tt0393162
716,Uncle Drew,tt7334528
717,Love & Basketball,tt0199725
718,White Men Can't Jump,tt0105812
719,White Men Can't Jump,tt6436620
720,Space Jam: A New Legacy,tt3554046
721,He Got Game,tt0124718
722,Glory Road,tt0385726
723,Air Bud,tt0118570
724,Like Mike,tt0308506
725,Semi-Pro,tt0839980
726,The Sixth Man,tt0120142
727,The First Slam Dunk,tt15242330
728,The Way Back,tt1023114
729,The Way Back,tt8544498
730,Above the Rim,tt0109035
731,One on One,tt0076500
732,One on One,tt0284217
733,One on One,tt3696126
734,Sweetwater,tt2224004
735,Sweetwater,tt2365971
736,Rez Ball,tt15181360
737,Blue Chips,tt0109305
738,Hoop Dreams,tt0110057
739,Just Wright,tt1407061
740,Overcomer,tt8186318
741,Thunderstruck,tt2041488
742,Lady Ballers,tt30216176
743,Rise,tt11242162
744,Rise,tt13531468
745,Rise,tt3213622
746,Juwanna Mann,tt0247444
747,Rebound,tt0376108
748,The Hot Flashes,tt2201251
749,Chang Can Dunk,tt13650494
750,Stephen Curry: Underrated,tt15210256
751,High Flying Bird,tt8128188
752,Hurricane Season,tt1172998
753,"Drive, He Said",tt0068509
754,The Fish That Saved Pittsburgh,tt0079154
755,The Air Up There,tt0109067
756,Celtic Pride,tt0115851
757,The Redeem Team,tt21837726
758,The Winning Season,tt1293842
759,Amateur,tt0109093
760,Amateur,tt5580392
761,The Mighty Macs,tt1034324
762,Sunset Park,tt0117784
763,Boogie,tt10896398
764,Boogie,tt1235827
765,More Than a Game,tt1286821
766,"Cornbread, Earl and Me",tt0072822
767,The World's Greatest Athlete,tt0070928
768,Slamma Jamma,tt5319866
769,Wolves,tt1403241
770,Wolves,tt4623856
771,Believe in Me,tt0419491
772,The Pistol: The Birth of a Legend,tt0102674
773,Ping Pong Playa,tt0991167
774,Linsanity,tt2359427
775,The Carter Effect,tt7284952
776,Freestyle,tt28366647
777,Tony Parker: The Final Shot,tt13696668
778,The Year of the Yao,tt0360216
779,Relentless,tt0098184
780,The Substance,tt17526714
781,Wolf Man,tt4216984
782,The Human Centipede (First Sequence),tt1467304
783,28 Days Later,tt0289043
784,Nightbitch,tt12810074
785,Infinity Pool,tt10365998
786,Hellboy: The Crooked Man,tt26757462
787,The Exorcist,tt0070047
788,Tusk,tt3099498
789,Death Becomes Her,tt0104070
790,Old,tt10954652
791,Evil Dead Rise,tt13345606
792,The Fly,tt0091064
793,Malignant,tt3811906
794,An American Werewolf in London,tt0082010
795,Hellraiser,tt0093177
796,Hellraiser,tt0887261
797,Titane,tt10944760
798,The Cloverfield Paradox,tt2548396
799,Teeth,tt0780622
800,Altered States,tt0080360
801,Saw X,tt21807222
802,Wishmaster,tt0120524
803,Overlord,tt0073502
804,Overlord,tt4530422
805,Lamb,tt3908598
806,Lamb,tt9812474
807,Apostle,tt6217306
808,The Taking of Deborah Logan,tt3387648
809,Crimes of the Future,tt0065591
810,Crimes of the Future,tt14549466
811,Videodrome,tt0086541
812,Cabin Fever,tt0303816
813,Cabin Fever,tt3832096
814,Society,tt0098354
815,Nightbreed,tt0100260
816,Dreamcatcher,tt0285531
817,Thinner,tt0117894
818,Leviathan,tt0097737
819,Leviathan,tt2332522
820,Leviathan,tt2802154
821,Possessor,tt5918982
822,Raw,tt4954522
823,The Ruins,tt0963794
824,Freaks,tt8781414
825,Scanners,tt0081455
826,Idle Hands,tt0138510
827,eXistenZ,tt0120907
828,Re-Animator,tt0089885
829,Antlers,tt7740510
830,Swamp Thing,tt0084745
831,Frankenhooker,tt0099611
832,Clown,tt1780798
833,Frankenstein,tt0109836
834,Frankenstein,tt4086032
835,Shell,tt2088893
836,The Company of Wolves,tt0087075
837,Sssssss: Silbido De Muerte,tt0070622
838,Swallowed,tt14960854
839,Basket Case,tt0083624
840,The Perfection,tt7772580
841,Amityville II: The Possession,tt0083550
842,The Cursed,tt1016090
843,The Cursed,tt9907782
844,Rabid,tt0076590
845,Rabid,tt5628902
846,From Beyond,tt0091083
847,Wounds,tt5913798
848,Splinter,tt0429115
849,Splinter,tt1031280
850,Doppelganger,tt0106753
851,Doppelganger,tt0403990
852,A Nightmare on Elm Street 2: Freddy's Revenge,tt0089686
853,A Nightmare on Elm Street 4: The Dream Master,tt0095742
854,The Brood,tt0078908
855,Begotten,tt0101420
856,Hellbound: Hellraiser II,tt0095294
857,Deadgirl,tt0896534
858,Replace,tt5563862
859,Dagon,tt0264508
860,The Last Circus,tt1572491
861,A Nightmare on Elm Street: The Dream Child,tt0097981
862,Shivers,tt0073705
863,Body Snatchers,tt0106452
864,Poltergeist II: The Other Side,tt0091778
865,An American Werewolf in Paris,tt0118604
866,Afflicted,tt2309961
867,Street Trash,tt0094057
868,The Fly II,tt0097368
869,Brain Damage,tt0094793
870,Honeymoon,tt19488344
871,Honeymoon,tt3177316
872,Honeymoon,tt4459912
873,In My Skin,tt0337961
874,V/H/S/94,tt14867006
875,The Thaw,tt1235448
876,Burial Ground: The Nights of Terror,tt0081248
877,The Invisible Man,tt1051906
878,Helter Skelter,tt2147319
879,Body Parts,tt0101492
880,Brainscan,tt0109327
881,Dead Snow 2: Red vs. Dead,tt2832470
882,Sea Fever,tt2716382
883,Bride of Re-Animator,tt0099180
884,Nightwatch,tt0110631
885,Nightwatch,tt0119791
886,The Hole in the Ground,tt6198946
887,Poltergeist III,tt0095889
888,Grave Torture,tt27004148
889,Xtro,tt0086610
890,It's Alive,tt0071675
891,It's Alive,tt1172060
892,Strangeland,tt0124102
893,Cabin Fever 2: Spring Fever,tt0961722
894,Ticks,tt0108339
895,Island of Lost Souls,tt0466449
896,Tiger Stripes,tt10803634
897,Little Otik,tt0228687
898,Devil's Due,tt2752758
899,The Incredible Melting Man,tt0076191
900,One Dark Night,tt0086050
901,Infini,tt3327624
902,Spontaneous Combustion,tt0098375
903,Night of Something Strange,tt3315380
904,The Unknown,tt0243465
905,The Unknown,tt0364616
906,The Resurrected,tt0105242
907,Baby Blood,tt0096871
908,One-Eyed Monster,tt0988043
909,Killer Tongue,tt0116770
910,Erotic Nights of the Living Dead,tt0079642
911,Faust,tt0109781
912,Faust,tt0223268
913,Faust,tt1437357
914,Beyond the Darkness,tt0078916
915,Await Further Instructions,tt4971408
916,Poison,tt0102687
917,Poison,tt0234890
918,K-12,tt10521814
919,The Vindicator,tt0092172
920,Tetsuo II: Body Hammer,tt0105569
921,Bad Milo,tt2274570
922,Mad Love,tt0088714
923,Mad Love,tt0113729
924,Mad Love,tt0270480
925,Emesis Blue,tt26900526
926,The Stylist,tt11056910
927,The Cleanse,tt3734354
928,Embryo,tt0074475
929,Infection,tt0418778
930,Infection,tt0472465
931,Infection,tt6022266
932,Rottweiler,tt0371920
933,Exte: Hair Extensions,tt0904049
934,Curse II: The Bite,tt0094929
935,The Bat People,tt0071198
936,Let Her Out,tt5810122
937,The Invisible Woman,tt1236397
938,The Invisible Woman,tt1700845
939,The Carrier,tt3163224
940,Metamorphosis,tt0097874
941,Metamorphosis,tt0431265
942,Metamorphosis,tt10800758
943,Metamorphosis,tt13265204
944,The Rental,tt10003008
945,17 Again,tt0974661
946,Jumanji: Welcome to the Jungle,tt2283362
947,13 Going on 30,tt0337563
948,The Emperor's New Groove,tt0120917
949,Big,tt0094737
950,Jumanji: The Next Level,tt7975244
951,Being John Malkovich,tt0120601
952,The Change-Up,tt1488555
953,Freaky Friday,tt0076054
954,Freaky Friday,tt0322330
955,The Hot Chick,tt0302640
956,Freaky,tt10919380
957,Porco Rosso,tt0104652
958,The Santa Clause,tt0111070
959,Family Switch,tt14227048
960,Dream a Little Dream,tt0097236
961,Little,tt8085790
962,Switch,tt0103016
963,Switch,tt1020996
964,Switch,tt1401636
965,Switch,tt2460488
966,It's a Boy Girl Thing,tt0482527
967,Down to Earth,tt0109384
968,Down to Earth,tt0231775
969,Nine Lives,tt0420015
970,Nine Lives,tt4383594
971,All of Me,tt0086873
972,The Shaggy Dog,tt0393735
973,Like Father Like Son,tt0093418
974,18 Again!,tt0094593
975,Vice Versa,tt0096380
976,Prelude to a Kiss,tt0105165
977,Watermelon Man,tt0066550
978,Oh Heavenly Dog,tt0081269
979,"Oh, God! You Devil",tt0087835
980,Turnabout,tt1476425
981,Million Dollar Baby,tt0405159
982,Rocky,tt0075148
983,Rocky,tt11772600
984,Warrior,tt1291584
985,Raging Bull,tt0081398
986,Southpaw,tt1798684
987,Real Steel,tt0433035
988,The Fighter,tt0964517
989,Creed,tt3076658
990,Cinderella Man,tt0352248
991,Rocky IV,tt0089927
992,Creed III,tt11145118
993,Rocky Balboa,tt0479143
994,Creed II,tt6343314
995,The Fire Inside,tt6133444
996,Rocky III,tt0084602
997,Undisputed,tt0281322
998,Rocky V,tt0100507
999,Rocky II,tt0079817
1000,Bleed for This,tt1620935
1001,Hands of Stone,tt1781827
1002,A Prayer Before Dawn,tt4080956
1003,Grudge Match,tt1661382
1004,The Survivor,tt0083144
1005,The Survivor,tt9242528
1006,When We Were Kings,tt0118147
1007,Sixty Minutes,tt29538571
1008,The Power of One,tt0105159
1009,The Champ,tt0078950
1010,Yolo,tt28151876
1011,The Harder They Fall,tt10696784
1012,Kickboxer 2: The Road Back,tt0102202
1013,Boxer,tt32244931
1014,The Great White Hype,tt0116448
1015,Chuck,tt1610525
1016,The Main Event,tt0079510
1017,The Main Event,tt10540242
1018,Glass Jaw,tt3643544
1019,Resurrecting the Champ,tt0416185
1020,The Challenger,tt1974382
1021,Champion,tt8367080
1022,Champion,tt9124428
1023,Jawbone,tt3582020
1024,The Happiest Day in the Life of Olli Maki,tt4771932
1025,Back in the Day,tt2246887
1026,What's My Name: Muhammad Ali,tt6328046
1027,Iron Man,tt0371746
1028,Beautiful Boxer,tt0401248
1029,Behind the Line: Escape to Dunkirk,tt10148118
1030,A Fighting Man,tt2854894
1031,Facing Ali,tt1419318
1032,Manny,tt1778931
1033,The Ring,tt0178868
1034,The Ring,tt0298130
1035,Saturday Night,tt21818968
1036,Saturday Night,tt27657135
1037,Revenge,tt0100485
1038,Revenge,tt0459759
1039,Revenge,tt27850479
1040,Revenge,tt6738136
1041,The Miracle,tt3138782
1042,The Heat,tt2404463
1043,A Real Pain,tt21823606
1044,Deadpool & Wolverine,tt6263850
1045,One of Them Days,tt32221196
1046,Shrek,tt0126029
1047,White Chicks,tt0381707
1048,The Big Lebowski,tt0118715
1049,Sonic the Hedgehog,tt3794354
1050,That's My Boy,tt1232200
1051,The Blues Brothers,tt0080455
1052,Superbad,tt0829482
1053,Toy Story,tt0114709
1054,Finding Nemo,tt0266543
1055,Napoleon Dynamite,tt0374900
1056,Zootopia,tt2948356
1057,Ferris Bueller's Day Off,tt0091042
1058,The Union,tt12610390
1059,Zombieland,tt1156398
1060,3 Idiots,tt1187043
1061,3 Idiots,tt3685624
1062,Ted,tt1637725
1063,The Unbearable Weight of Massive Talent,tt11291274
1064,"Monsters, Inc.",tt0198781
1065,Hot Fuzz,tt0425112
1066,Step Brothers,tt0838283
1067,Some Like It Hot,tt6398666
1068,Talladega Nights: The Ballad of Ricky Bobby,tt0415306
1069,Drive-Away Dolls,tt19356262
1070,Wayne's World,tt0105793
1071,Dumb and Dumber,tt0109686
1072,Beverly Hills Cop: Axel F,tt3083016
1073,Antz,tt0120587
1074,Shaun of the Dead,tt0365748
1075,Friday,tt0113118
1076,Men in Black II,tt0120912
1077,The Instigators,tt24169886
1078,Clerks,tt0109445
1079,Booksmart,tt1489887
1080,Who Framed Roger Rabbit,tt0096438
1081,Despicable Me 3,tt3469046
1082,Diary of a Wimpy Kid,tt1196141
1083,Hall Pass,tt0480687
1084,Role Models,tt0430922
1085,Shark Tale,tt0307453
1086,Wreck-It Ralph,tt1772341
1087,Super Mario Bros.,tt0108255
1088,Tucker and Dale vs Evil,tt1465522
1089,The Flintstones,tt0109813
1090,Tommy Boy,tt0114694
1091,The Interview,tt0120714
1092,The Interview,tt2788710
1093,Please Don't Destroy: The Treasure of Foggy Mountain,tt21335356
1094,Jackpot!,tt26940324
1095,City Slickers,tt0101587
1096,Sideways,tt0375063
1097,Asterix & Obelix: Mission Cleopatra,tt0250223
1098,Grumpy Old Men,tt0107050
1099,Rush Hour 3,tt0293564
1100,Pokémon: Detective Pikachu,tt5884052
1101,Anger Management,tt0305224
1102,"Dude, Where's My Car?",tt0242423
1103,Twins,tt0096320
1104,Ghost World,tt0162346
1105,Harold & Kumar Go to White Castle,tt0366551
1106,Ralph Breaks the Internet,tt5848272
1107,Due Date,tt1231583
1108,"I Love You, Man",tt1155056
1109,The Road to El Dorado,tt0138749
1110,Bill & Ted's Excellent Adventure,tt0096928
1111,Wild Wild West,tt0120891
1112,A Goofy Movie,tt0113198
1113,The SpongeBob SquarePants Movie,tt0345950
1114,My Blue Heaven,tt0100212
1115,Dirty Grandpa,tt1860213
1116,Jay and Silent Bob Strike Back,tt0261392
1117,Blades of Glory,tt0445934
1118,Don't Be a Menace to South Central While Drinking Your Juice in the Hood,tt0116126
1119,Captain Underpants: The First Epic Movie,tt2091256
1120,Murder Mystery 2,tt15255288
1121,Dirty Rotten Scoundrels,tt0095031
1122,Strays,tt0149171
1123,Strays,tt15153532
1124,Hunt for the Wilderpeople,tt4698684
1125,"Planes, Trains & Automobiles",tt0093748
1126,Bill & Ted Face the Music,tt1086064
1127,Swiss Army Man,tt4034354
1128,The Producers,tt0395251
1129,Babes,tt21276958
1130,The Good Dinosaur,tt1979388
1131,The Internship,tt2234155
1132,Queenpins,tt9054192
1133,The Do-Over,tt4769836
1134,Mousehunt,tt0119715
1135,Sisters,tt0070698
1136,Sisters,tt0284492
1137,Sisters,tt0486652
1138,Sisters,tt1850457
1139,Jack and Jill,tt0810913
1140,Stripes,tt0083131
1141,"See No Evil, Hear No Evil",tt0098282
1142,Midnight Run,tt0095631
1143,Withnail and I,tt0094336
1144,Daddy's Home,tt1528854
1145,Me Time,tt14309446
1146,Life,tt0123964
1147,Life,tt20258974
1148,Life,tt2948840
1149,Life,tt5442430
1150,Grumpier Old Men,tt0113228
1151,El Diario De Un Chico En Apuros 2: Las Reglas De Rodrick,tt1650043
1152,Throw Momma from the Train,tt0094142
1153,Chip 'n Dale: Rescue Rangers,tt3513500
1154,Keanu,tt4139124
1155,Year One,tt1045778
1156,Last Flag Flying,tt6018306
1157,The Man from Toronto,tt11671006
1158,Nothing to Lose,tt0119807
1159,Nothing to Lose,tt1092019
1160,Nothing to Lose,tt6910020
1161,Dumb and Dumber To,tt2096672
1162,Clerks III,tt11128440
1163,The Hustle,tt1298644
1164,Spies Like Us,tt0090056
1165,Dog,tt11252248
1166,Shanghai Noon,tt0184894
1167,Barb and Star Go to Vista Del Mar,tt3797512
1168,Yoga Hosers,tt3838992
1169,Wayne's World 2,tt0108525
1170,Hop,tt1411704
1171,Good Burger,tt0119215
1172,The Tuxedo,tt0290095
1173,They Call Me Trinity,tt0067355
1174,How High,tt0278488
1175,The Jewel of the Nile,tt0089370
1176,My Spy: The Eternal City,tt12930350
1177,Open Season,tt0400717
1178,Open Season,tt9115752
1179,Air America,tt0099005
1180,Clerks II,tt0424345
1181,Quiz Lady,tt13405810
1182,Holmes & Watson,tt1255919
1183,My Name Is Nobody,tt0070215
1184,Spies in Disguise,tt5814534
1185,Dumb and Dumberer: When Harry Met Lloyd,tt0329028
1186,Beverly Hills Ninja,tt0118708
1187,Black Sheep,tt0115697
1188,Black Sheep,tt0779982
1189,Black Sheep,tt0832517
1190,Black Sheep,tt1699164
1191,Jay and Silent Bob Reboot,tt6521876
1192,Fire Island,tt15218000
1193,My Spy,tt8242084
1194,Bio-Dome,tt0115683
1195,Home on the Range,tt0299172
1196,Bandidas,tt0416496
1197,Officer Black Belt,tt28494829
1198,The Mighty,tt0119670
1199,The Cowboy Way,tt0109493
1200,Kangaroo Jack,tt0257568
1201,The Last Detail,tt0070290
1202,The Banger Sisters,tt0280460
1203,Dick,tt0144168
1204,The Dilemma,tt1578275
1205,The Kid,tt0219854
1206,The Kid,tt1371160
1207,The Kid,tt4975920
1208,The Rugrats Movie,tt0134067
1209,Skiptrace,tt2238032
1210,New York Minute,tt0363282
1211,Shanghai Knights,tt0300471
1212,Bad Trip,tt9684220
1213,Beavis and Butt-Head Do America,tt0115641
1214,Formula 51,tt0227984
1215,Old Dogs,tt0976238
1216,Money Talks,tt0119695
1217,Smoke Signals,tt0120321
1218,Stuck on You,tt0338466
1219,Thunder Force,tt10121392
1220,The Valet,tt0449851
1221,The Valet,tt4081630
1222,Mississippi Grind,tt2349144
1223,The Week Of,tt6821012
1224,Silver Streak,tt0075223
1225,Brannigan,tt0072732
1226,Darlings,tt14152140
1227,Men at Work,tt0100135
1228,Animal Crackers,tt4155534
1229,Wheels on Meals,tt0087578
1230,Gone Fishin',tt0119214
1231,Marry My Dead Body,tt22742964
1232,Without a Clue,tt0096454
1233,Class Act,tt0103978
1234,Analyze That,tt0289848
1235,A Life Less Ordinary,tt0119535
1236,"Big Mommas: Like Father, Like Son",tt1464174
1237,Free Birds,tt1621039
1238,Robot & Frank,tt1990314
1239,Firewalker,tt0091055
1240,Eating Raoul,tt0083869
1241,Mac & Devin Go to High School,tt1870425
1242,Clockwatchers,tt0118866
1243,Envy,tt0326856
1244,Envy,tt1512894
1245,On the Count of Three,tt11160650
1246,The In-Laws,tt0079336
1247,The In-Laws,tt0314786
1248,The In-Laws,tt14834542
1249,Father of the Year,tt7256866
1250,Missing Link,tt6348138
1251,Agent Cody Banks 2: Destination London,tt0358349
1252,Ratchet & Clank,tt2865120
1253,All About the Benjamins,tt0278295
1254,Fathers' Day,tt0119109
1255,Here Today,tt10944596
1256,Nice Girls,tt29288566
1257,The Wash,tt0290332
1258,My Annoying Brother,tt6388082
1259,The Wackness,tt1082886
1260,Wise Guys,tt0092226
1261,The Odd Couple II,tt0120773
1262,The Pebble and the Penguin,tt0114108
1263,I Used to Be Famous,tt15807910
1264,Tom and Jerry: The Movie,tt0105616
1265,The First Time,tt1763303
1266,Special Correspondents,tt4181052
1267,The Liability,tt2081437
1268,Outrageous Fortune,tt0093690
1269,Crime Busters,tt0074442
1270,Husbands,tt0065867
1271,Real Men,tt0093828
1272,My Giant,tt0120765
1273,The Matador,tt0365485
1274,"Jeff, Who Lives at Home",tt1588334
1275,The Festival,tt7460806
1276,Freebie and the Bean,tt0071521
1277,The Man,tt0399327
1278,The Promotion,tt0803057
1279,Heart Condition,tt0099750
1280,Troublemakers,tt0109321
1281,Klown,tt1680136
1282,College Road Trip,tt0997047
1283,All Nighter,tt4662420
1284,Search Party,tt2758904
1285,The Magic Flute,tt0073822
1286,The Magic Flute,tt0475331
1287,The Magic Flute,tt8206398
1288,I Got the Hook Up,tt0131436
1289,Learning to Drive,tt3062976
1290,The Janky Promoters,tt1210071
1291,$,tt0068152
1292,Miami Supercops,tt0089591
1293,Mother,tt0102369
1294,Mother,tt0102421
1295,Mother,tt0117091
1296,Mother,tt11656548
1297,Mother,tt1216496
1298,Mother,tt3334374
1299,Mother,tt5707304
1300,Mother,tt9234450
1301,The Last Laugh,tt7427356
1302,Barbarosa,tt0083619
1303,Snoopy Come Home,tt0069289
1304,Chill Factor,tt0163579
1305,All Is Bright,tt1462901
1306,Tapeheads,tt0096223
1307,Hollow Point,tt0113313
1308,Into the Sun,tt0104521
1309,Into the Sun,tt0358294
1310,Love on Delivery,tt0110852
1311,O.C. and Stiggs,tt0089715
1312,Turn the Other Cheek,tt0072012
1313,"Look Out, Officer!",tt0100600
1314,Safe Men,tt0120813
1315,The Art of Love,tt1700467
1316,Gunmen,tt0109959
1317,Klown Forever,tt4585660
1318,Homer and Eddie,tt0097521
1319,Dick Figures: The Movie,tt2312262
1320,The Long Dumb Road,tt4712076
1321,Fubar: Balls to the Wall,tt1555747
1322,Yankee Zulu,tt0111787
1323,Puerto Ricans in Paris,tt3730510
1324,Bounty Hunters,tt1596565
1325,Bounty Hunters,tt5243900
1326,When in Rome,tt1185416
1327,Get a Job,tt1468846
1328,The Way,tt1441912
1329,The Nice Guys,tt3799694
1330,The Other Guys,tt1386588
1331,Bad Boys,tt0085210
1332,Bad Boys,tt0112442
1333,Bad Boys,tt0323551
1334,Rush Hour,tt0120812
1335,Beverly Hills Cop,tt0086960
1336,21 Jump Street,tt1232829
1337,Men in Black³,tt1409024
1338,Loose Cannons,tt0100053
1339,Loose Cannons,tt1405810
1340,The Hitman's Bodyguard,tt1959563
1341,Central Intelligence,tt1489889
1342,Bad Boys for Life,tt1502397
1343,Rush Hour 2,tt0266915
1344,The Last Boy Scout,tt0102266
1345,48 Hrs.,tt0083511
1346,Cop Out,tt1385867
1347,Bad Boys II,tt0172156
1348,22 Jump Street,tt2294449
1349,Spenser Confidential,tt8629748
1350,Starsky & Hutch,tt0335438
1351,Osmosis Jones,tt0181739
1352,The Spy Who Dumped Me,tt6663582
1353,Beverly Hills Cop II,tt0092644
1354,Tango & Cash,tt0098439
1355,The Brothers Grimsby,tt3381008
1356,2 Guns,tt1272878
1357,The Guard,tt1540133
1358,Red Heat,tt0095963
1359,CHIPS,tt0493405
1360,Beverly Hills Cop III,tt0109254
1361,Running Scared,tt0091875
1362,Running Scared,tt0404390
1363,Shaft,tt0067741
1364,Shaft,tt0162650
1365,Shaft,tt4463894
1366,Another 48 Hrs.,tt0099044
1367,Miss Congeniality 2: Armed & Fabulous,tt0385307
1368,Taxi,tt0152930
1369,Taxi,tt0316732
1370,Taxi,tt15842056
1371,Taxi,tt4359416
1372,Bulletproof,tt0094813
1373,Bulletproof,tt0115783
1374,R.I.P.D.,tt0790736
1375,National Security,tt0271668
1376,Let's Be Cops,tt1924435
1377,The Happytime Murders,tt1308728
1378,The Hard Way,tt0102004
1379,The Hard Way,tt9815714
1380,Turner & Hooch,tt0098536
1381,Ride Along,tt1408253
1382,Loaded Weapon 1,tt0107659
1383,Dragnet,tt0092925
1384,Stuber,tt7734218
1385,Stakeout,tt0094025
1386,Hollywood Homicide,tt0329717
1387,Double Team,tt0119013
1388,Money Train,tt0113845
1389,Ride Along 2,tt2869728
1390,War on Everyone,tt3708886
1391,K-9,tt0097637
1392,I Spy,tt0297181
1393,Showtime,tt0284490
1394,City Heat,tt0087062
1395,The Glimmer Man,tt0116421
1396,Downtown,tt0099460
1397,Short Time,tt0100604
1398,The Takedown,tt13822738
1399,Top Dog,tt0114697
1400,Top Dog,tt2626460
1401,Collision Course,tt0097081
1402,"Car 54, Where Are You?",tt0109376
1403,Cabras da Peste,tt14111726
1404,Inspector Gadget,tt0141369
1405,Scooby-Doo,tt0267913
1406,Ace Ventura: Pet Detective,tt0109040
1407,Kiss Kiss Bang Bang,tt0228488
1408,Kiss Kiss Bang Bang,tt0373469
1409,Inherent Vice,tt1791528
1410,See How They Run,tt13640696
1411,Murder Mystery,tt1618434
1412,The Pink Panther Strikes Again,tt0075066
1413,The Pink Panther,tt0383216
1414,Murder by Death,tt0074937
1415,Date Night,tt1279935
1416,Foul Play,tt0077578
1417,"Confess, Fletch",tt12718300
1418,Fletch,tt0089155
1419,Who's Harry Crumb?,tt0098645
1420,The Kid Detective,tt8980602
1421,Revenge of the Pink Panther,tt0078163
1422,That Darn Cat,tt0120317
1423,Fletch Lives,tt0097366
1424,The Pink Panther 2,tt0838232
1425,The Cheap Detective,tt0077321
1426,The Private Eyes,tt0081376
1427,Once Upon a Crime...,tt0101625
1428,Borderless Fog,tt27004149
1429,Mystery Team,tt1237838
1430,The Gentlemen,tt8367814
1431,The Usual Suspects,tt0114814
1432,Heartbreakers,tt0125022
1433,The Grand Budapest Hotel,tt2278388
1434,City of God,tt0317248
1435,Snatch,tt0208092
1436,Baby Driver,tt3890160
1437,Ocean's Eleven,tt0240772
1438,Heist,tt0252503
1439,Heist,tt3276924
1440,Catch Me If You Can,tt0264464
1441,Jackie Brown,tt0119396
1442,"O Brother, Where Art Thou?",tt0190590
1443,Ocean's Eight,tt5164214
1444,Spring Breakers,tt2101441
1445,Now You See Me,tt1670345
1446,Fantastic Mr. Fox,tt0432283
1447,The Sting,tt0070735
1448,Focus,tt0246628
1449,Focus,tt23058594
1450,Focus,tt2381941
1451,A Fish Called Wanda,tt0095159
1452,Logan Lucky,tt5439796
1453,The Italian Job,tt0317740
1454,The Bad Guys,tt8115900
1455,Seven Psychopaths,tt1931533
1456,Now You See Me 2,tt3110958
1457,Hitman's Wife's Bodyguard,tt8385148
1458,Army of Thieves,tt13024674
1459,Ocean's Twelve,tt0349903
1460,Paper Moon,tt0070510
1461,The Thomas Crown Affair,tt0155267
1462,The Bank Job,tt0200465
1463,Ocean's Thirteen,tt0496806
1464,Going in Style,tt0079219
1465,Going in Style,tt2568862
1466,Pain & Gain,tt1980209
1467,Raising Arizona,tt0093822
1468,The Player,tt0105151
1469,Shoplifters,tt8075192
1470,The Good Liar,tt5563334
1471,The Getaway,tt0068638
1472,The Getaway,tt0109890
1473,The Ladykillers,tt0335245
1474,Out of Sight,tt0120780
1475,Masterminds,tt0119630
1476,Masterminds,tt2461150
1477,Sneakers,tt0105435
1478,Sneakers,tt1980999
1479,Bottle Rocket,tt0115734
1480,The Bling Ring,tt2132285
1481,Matchstick Men,tt0325805
1482,Bandits,tt0118682
1483,Bandits,tt0219965
1484,Entrapment,tt0137494
1485,Headhunters,tt1614989
1486,The Taking of Pelham One Two Three,tt0072251
1487,Duplicity,tt1135487
1488,Tower Heist,tt0471042
1489,Overdrive,tt1935194
1490,Breathless,tt0085276
1491,Breathless,tt1373120
1492,Breathless,tt2005164
1493,Thunderbolt and Lightfoot,tt0072288
1494,Blue Streak,tt0181316
1495,Man Bites Dog,tt0103905
1496,Muppets Most Wanted,tt2281587
1497,Mad Money,tt0951216
1498,Mortdecai,tt3045616
1499,The Old Man & the Gun,tt2837574
1500,Quick Change,tt0100449
1501,Two Hands,tt0145547
1502,The Brothers Bloom,tt0844286
1503,Gambit,tt0404978
1504,Confidence,tt0078868
1505,Confidence,tt0310910
1506,The Great Muppet Caper,tt0082474
1507,Exit Through the Gift Shop,tt1587707
1508,Blood for Dust,tt10669888
1509,Catch That Kid,tt0337917
1510,The Art of the Steal,tt1326733
1511,The Art of the Steal,tt2172985
1512,Henry's Crime,tt1220888
1513,Locked Down,tt13061914
1514,Locked Down,tt1597033
1515,The Maiden Heist,tt1107860
1516,First Sunday,tt0486578
1517,Family Business,tt0097328
1518,Collide,tt17527124
1519,Collide,tt2126235
1520,The Distinguished Gentleman,tt0104114
1521,Pickpocket,tt0144020
1522,Welcome to Collinwood,tt0271259
1523,A Cop,tt0067900
1524,A Man of Action,tt12703292
1525,Where the Money Is,tt0149367
1526,Foolproof,tt0356614
1527,Buster,tt0094819
1528,Criminal,tt0362526
1529,Criminal,tt3014866
1530,We're No Angels,tt0098625
1531,The Sting II,tt0086370
1532,The Hot Rock,tt0068718
1533,The Brink's Job,tt0077275
1534,Heroic Losers,tt10384744
1535,Firepower,tt0079153
1536,Steal,tt0282552
1537,Rough Cut,tt0081439
1538,Rough Cut,tt1345734
1539,The Swindle,tt0120018
1540,Shanghai Surprise,tt0091934
1541,Ordinary Decent Criminal,tt0160611
1542,Nobel Son,tt0483756
1543,Scorched,tt0286947
1544,11 Harrowhouse,tt0071080
1545,Pocket Listing,tt3417854
1546,Harry and Walter Go to New York,tt0074608
1547,End of a Gun,tt2268433
1548,Bullseye!,tt0101518
1549,Caprice,tt3612984
1550,Stark Raving Mad,tt0286152
1551,The Pursuit of D.B. Cooper,tt0082958
1552,Crackers,tt0087096
1553,The Parole Officer,tt0283534
1554,Deadfall,tt0106684
1555,Deadfall,tt1667310
1556,Silver Bears,tt0076715
1557,Steelyard Blues,tt0070731
1558,Loot,tt2179133
1559,Happy End,tt0220507
1560,Happy End,tt0332281
1561,Happy End,tt1390405
1562,Happy End,tt5304464
1563,The Hard Word,tt0280490
1564,The Brain,tt0094794
1565,Kaleidoscope,tt5634088
1566,The Bank Shot,tt0071194
1567,Inside Out,tt1640486
1568,Inside Out,tt2096673
1569,Happy New Year,tt0069815
1570,Happy New Year,tt2461132
1571,Happy New Year,tt8265174
1572,Perfect Friday,tt0066212
1573,"Pizza, Beer, and Cigarettes",tt0145393
1574,The Squeeze,tt0094021
1575,Nicotina,tt0337930
1576,Ultimate Heist,tt1130993
1577,Siberia,tt4687856
1578,Siberia,tt6494418
1579,Styx,tt5942864
1580,Drive,tt0116147
1581,Drive,tt0780504
1582,Drive,tt6593054
1583,Speed,tt0111257
1584,The Fast and the Furious,tt0232500
1585,Death Proof,tt1028528
1586,The Fast and the Furious: Tokyo Drift,tt0463985
1587,Fast & Furious Presents: Hobbs & Shaw,tt6806448
1588,Back to the Future Part II,tt0096874
1589,2 Fast 2 Furious,tt0322259
1590,Furious 7,tt2820852
1591,Cars 3,tt3606752
1592,Gran Turismo,tt4495098
1593,Cars 2,tt1216475
1594,Days of Thunder,tt0099371
1595,Unhinged,tt0180274
1596,Unhinged,tt10059518
1597,Unhinged,tt5940342
1598,Gone in 60 Seconds,tt0071571
1599,Gone in 60 Seconds,tt0187078
1600,The Fate of the Furious,tt4630562
1601,The Transporter,tt0293662
1602,Need for Speed,tt2369135
1603,Back to the Future Part III,tt0099088
1604,Breakdown,tt0118771
1605,The Cannonball Run,tt0082136
1606,Ronin,tt0122690
1607,Smokey and the Bandit,tt0076729
1608,Speed Racer,tt0811080
1609,Transporter 2,tt0388482
1610,Vanishing Point,tt0067927
1611,Retribution,tt0095984
1612,Retribution,tt0843302
1613,Retribution,tt3169770
1614,Retribution,tt6906292
1615,Cannonball Run II,tt0087032
1616,Monster Trucks,tt3095734
1617,The Car,tt0075809
1618,The Gumball Rally,tt0074597
1619,Grand Theft Auto,tt0076100
1620,The Pinchcliffe Grand Prix,tt0073000
1621,Asphalt Burning,tt6527456
1622,Wheels of Fire,tt0088393
1623,Eat My Dust,tt0074454
1624,Stealing Raden Saleh,tt13484872
1625,Seoul Vibe,tt13611770
1626,13 Bombs,tt27490380
1627,Motorway,tt1740002
1628,Redline,tt0124349
1629,Redline,tt0780595
1630,Redline,tt1483797
1631,Flow,tt4772188
1632,Mufasa: The Lion King,tt13186482
1633,Dog Man,tt10954718
1634,Moana 2,tt13622970
1635,Despicable Me 4,tt7510222
1636,Inside Out 2,tt22022452
1637,The Lion King,tt0110357
1638,The Lion King,tt6105098
1639,Ratatouille,tt0382932
1640,Spider-Man: Across the Spider-Verse,tt9362722
1641,Shrek Forever After,tt0892791
1642,Cars,tt0317219
1643,Shrek 2,tt0298148
1644,Shrek the Third,tt0413267
1645,How to Train Your Dragon,tt0892769
1646,Moana,tt3521164
1647,Sing,tt3470600
1648,IF,tt11152168
1649,The Incredibles,tt0317705
1650,Spider-Man: Into the Spider-Verse,tt4633694
1651,Puss in Boots: The Last Wish,tt3915174
1652,Frozen,tt1323045
1653,Frozen,tt2294629
1654,Tangled,tt0238137
1655,Tangled,tt0398286
1656,Up,tt1049413
1657,Encanto,tt2953050
1658,Despicable Me,tt1323594
1659,Coco,tt1262877
1660,Coco,tt2380307
1661,A Bug's Life,tt0120623
1662,Sing 2,tt6467266
1663,The Garfield Movie,tt5779228
1664,Toy Story 3,tt0435761
1665,Kung Fu Panda,tt0441773
1666,Teenage Mutant Ninja Turtles: Mutant Mayhem,tt8589698
1667,Kung Fu Panda 4,tt21692408
1668,Ice Age,tt0268380
1669,Ice Age,tt4418168
1670,Soul,tt10613002
1671,Soul,tt2948372
1672,How to Train Your Dragon: The Hidden World,tt2386490
1673,Sausage Party,tt1700841
1674,Minions,tt2293640
1675,Toy Story 4,tt1979376
1676,Elemental,tt15789038
1677,Brave,tt1217209
1678,The Jungle Book,tt0110213
1679,The Jungle Book,tt3040964
1680,How to Train Your Dragon 2,tt1646971
1681,Madagascar,tt0351283
1682,Raya and the Last Dragon,tt5109280
1683,Incredibles 2,tt3606756
1684,Toy Story 2,tt0120363
1685,The Secret Life of Pets,tt2709768
1686,The Lego Movie,tt1490017
1687,Bolt,tt0397892
1688,Trolls,tt1679335
1689,Watchmen: Chapter II,tt32627545
1690,Despicable Me 2,tt1690953
1691,Hotel Transylvania,tt0837562
1692,Happy Feet,tt0366548
1693,Trolls Band Together,tt14362112
1694,Turning Red,tt8097030
1695,Frozen II,tt4520988
1696,Wish,tt11304740
1697,Luca,tt12801262
1698,Luca,tt7382730
1699,The Lego Batman Movie,tt4116284
1700,Spellbound,tt0334405
1701,Spellbound,tt2132405
1702,Spellbound,tt7215232
1703,Monsters University,tt1453405
1704,9,tt0342012
1705,9,tt0472033
1706,9,tt8180482
1707,Rio,tt1436562
1708,Puss in Boots,tt0448694
1709,The Croods,tt0481499
1710,Finding Dory,tt2277860
1711,Migration,tt6495056
1712,Over the Hedge,tt0327084
1713,Cloudy with a Chance of Meatballs,tt0844471
1714,The Lorax,tt1482459
1715,Piece by Piece,tt31064841
1716,Rango,tt1192628
1717,Mr. Peabody & Sherman,tt0864835
1718,Meet the Robinsons,tt0396555
1719,Home,tt1014762
1720,Home,tt1319569
1721,Home,tt2093100
1722,Home,tt2224026
1723,Home,tt4047846
1724,Leo,tt0308496
1725,Leo,tt15654328
1726,Leo,tt5755238
1727,Megamind,tt1001526
1728,Kung Fu Panda 2,tt1302011
1729,Minions: The Rise of Gru,tt5113044
1730,Dinosaur,tt0130623
1731,The Boss Baby,tt3874544
1732,The Adventures of Tintin,tt0983193
1733,Kung Fu Panda 3,tt2267968
1734,The Emoji Movie,tt4877122
1735,Epic,tt0848537
1736,The Secret Life of Pets 2,tt5113040
1737,Ice Age: Collision Course,tt3416828
1738,Beowulf,tt0120604
1739,Beowulf,tt0442933
1740,Onward,tt7146812
1741,Ice Age: Continental Drift,tt1667889
1742,Hoodwinked!,tt0443536
1743,PAW Patrol: The Mighty Movie,tt15837338
1744,The Angry Birds Movie,tt1985949
1745,Hotel Transylvania 4: Transformania,tt9848626
1746,Luck,tt1242782
1747,Luck,tt7214954
1748,Nimona,tt19500164
1749,Ferdinand,tt3411444
1750,DC League of Super-Pets,tt8912936
1751,Lightyear,tt10298810
1752,Hotel Transylvania 3: Summer Vacation,tt5220122
1753,Surf's Up,tt0423294
1754,Hotel Transylvania 2,tt2510894
1755,Madagascar: Escape 2 Africa,tt0479952
1756,The SpongeBob Movie: Sponge Out of Water,tt2279373
1757,Ice Age: The Meltdown,tt0438097
1758,The Grinch,tt2709692
1759,The Angry Birds Movie 2,tt6095472
1760,Monster House,tt0385880
1761,Bee Movie,tt0389790
1762,The Sea Beast,tt9288046
1763,Planes,tt1691917
1764,Ice Age: Dawn of the Dinosaurs,tt1080016
1765,Flushed Away,tt0424095
1766,Madagascar 3: Europe's Most Wanted,tt1277953
1767,The Polar Express,tt0338348
1768,PAW Patrol: The Movie,tt11832046
1769,TMNT,tt0453556
1770,Wish Dragon,tt5562070
1771,Rise of the Guardians,tt1446192
1772,The Croods: A New Age,tt2850386
1773,The Book of Life,tt0167059
1774,The Book of Life,tt2262227
1775,Gnomeo & Juliet,tt0377981
1776,Horton Hears a Who!,tt0451079
1777,Trolls World Tour,tt6587640
1778,Turbo,tt1860353
1779,Turbo,tt29608104
1780,Entergalactic,tt10687116
1781,Cloudy with a Chance of Meatballs 2,tt1985966
1782,Rio 2,tt2357291
1783,Ruby Gillman: Teenage Kraken,tt27155038
1784,The Addams Family,tt0101272
1785,The Addams Family,tt1620981
1786,Happy Feet Two,tt1402488
1787,New Gods: Nezha Reborn,tt13269670
1788,Back to the Outback,tt13575806
1789,The Lego Ninjago Movie,tt3014284
1790,Barnyard,tt0414853
1791,That Christmas,tt14855468
1792,The Boss Baby: Family Business,tt6932874
1793,Arthur and the Invisibles,tt0344854
1794,Storks,tt4624424
1795,The Little Prince,tt0071762
1796,The Little Prince,tt1754656
1797,Leap!,tt2261287
1798,Smurfs: The Lost Village,tt2398241
1799,The Wild,tt0405469
1800,Vivo,tt6338498
1801,Scoob!,tt3152592
1802,The SpongeBob Movie: Sponge on the Run,tt4823776
1803,The Peanuts Movie,tt2452042
1804,Legend of the Guardians: The Owls of Ga'Hoole,tt1219342
1805,Strange World,tt10298840
1806,The Ant Bully,tt0429589
1807,UglyDolls,tt1946502
1808,The Monkey King,tt8637498
1809,Thelma the Unicorn,tt10442352
1810,Abominable,tt0402743
1811,Abominable,tt10674930
1812,Abominable,tt6324278
1813,The Nut Job,tt1821658
1814,The Ice Age Adventures of Buck Wild,tt13634480
1815,Tom & Jerry,tt1361336
1816,A Christmas Carol,tt1067106
1817,Smallfoot,tt6182908
1818,Star Wars: The Clone Wars,tt1185834
1819,Strange Magic,tt4191054
1820,Planet 51,tt0762125
1821,Final Fantasy: The Spirits Within,tt0173840
1822,Sherlock Gnomes,tt2296777
1823,Foodfight!,tt0249516
1824,Over the Moon,tt7488208
1825,Planes: Fire & Rescue,tt2980706
1826,Paws of Fury: The Legend of Hank,tt4428398
1827,Secret of the Wings,tt1217213
1828,Red Shoes and the Seven Dwarfs,tt4429160
1829,Escape from Planet Earth,tt0765446
1830,The Tale of Despereaux,tt0420238
1831,The Star,tt0326450
1832,The Star,tt4587656
1833,"Miraculous: Ladybug & Cat Noir, the Movie",tt10364034
1834,My Little Pony: A New Generation,tt10101702
1835,Final Fantasy VII: Advent Children,tt0385700
1836,Everyone's Hero,tt0430779
1837,Mars Needs Moms,tt1305591
1838,Valiant,tt0361089
1839,A Monster in Paris,tt0961097
1840,The Willoughbys,tt5206260
1841,Hoodwinked Too! Hood vs. Evil,tt0844993
1842,The Addams Family 2,tt11125620
1843,Spirit Untamed,tt11084896
1844,"Batman: The Long Halloween, Part One",tt14324650
1845,Son of Bigfoot,tt5715410
1846,Mummies,tt23177868
1847,Open Season 2,tt1107365
1848,"Ultramarines: A Warhammer 40,000 Movie",tt1679332
1849,Playmobil: The Movie,tt4199898
1850,Rock Dog,tt2822672
1851,Igor,tt0465502
1852,Waltz with Bashir,tt1185616
1853,The Queen's Corgi,tt6563576
1854,The Amazing Maurice,tt10473036
1855,Doogal,tt0763304
1856,Norm of the North,tt1594972
1857,Where the Dead Go to Die,tt2095004
1858,Arthur Christmas,tt1430607
1859,Pinocchio: A True Story,tt8480678
1860,Wonder Park,tt6428676
1861,The Nut Job 2: Nutty by Nature,tt3486626
1862,Rumble,tt8337158
1863,Apollo 10½: A Space Age Childhood,tt7978758
1864,Space Chimps,tt0482603
1865,Diary of a Wimpy Kid: Rodrick Rules,tt15847828
1866,A Turtle's Tale: Sammy's Adventures,tt1230204
1867,Jonah: A VeggieTales Movie,tt0298388
1868,The Wild Life,tt0088402
1869,The Wild Life,tt4731008
1870,Arthur and the Revenge of Maltazard,tt0940657
1871,The Magician's Elephant,tt2560092
1872,Walking with Dinosaurs 3D,tt1762399
1873,Resident Evil: Degeneration,tt1174954
1874,Blame!,tt6574146
1875,Duck Duck Goose,tt4940416
1876,My Neighbors the Yamadas,tt0206013
1877,Arthur 3: The War of the Two Worlds,tt0940656
1878,Legends of Oz: Dorothy's Return,tt0884726
1879,Alpha and Omega,tt1213012
1880,Monster Family,tt6572702
1881,Happily N'Ever After,tt0308353
1882,Open Season 3,tt1646926
1883,Appleseed,tt0401233
1884,Ozzy,tt5770430
1885,Appleseed Alpha,tt3638012
1886,Diary of a Wimpy Kid Christmas: Cabin Fever,tt29033964
1887,Deep Sea,tt25434854
1888,Arctic Dogs,tt4426464
1889,Delgo,tt0361500
1890,Appleseed: Ex Machina,tt1043842
1891,Rally Road Racers,tt8417168
1892,Sgt. Stubby: An American Hero,tt5314190
1893,Godzilla: Planet of the Monsters,tt5979874
1894,Battle for Terra,tt0858486
1895,Kaena: The Prophecy,tt0297753
1896,Sheep & Wolves,tt3746824
1897,Conference of Animals,tt1620449
1898,BoBoiBoy: The Movie,tt5466576
1899,Godzilla: The Planet Eater,tt8478602
1900,Dragon Hunters,tt0944834
1901,Justin and the Knights of Valour,tt1639826
1902,The Flight Before Christmas,tt0885415
1903,Monster Family 2,tt15096796
1904,Vexille,tt0970472
1905,Godzilla: City on the Edge of Battle,tt8015080
1906,"Boo, Zino & the Snurks",tt0395947
1907,Bright: Samurai Soul,tt14837960
1908,The Big Trip,tt7403614
1909,StarDog and TurboCat,tt7531096
1910,Expelled from Paradise,tt2859246
1911,The Missing Lynx,tt0951333
1912,Birds of Paradise,tt11771006
1913,Mia and Me: The Hero of Centopia,tt5790684
1914,Thor: Legend of the Magical Hammer,tt1241721
1915,"Little Brother, Big Trouble: A Christmas Adventure",tt1856053
1916,Tekken: Blood Vengeance,tt2005363
1917,Melody,tt0067418
1918,Forces of Nature,tt0141098
1919,Race,tt1017456
1920,Race,tt3499096
1921,Willy Wonka & the Chocolate Factory,tt0067992
1922,Fiddler on the Roof,tt0067093
1923,The Music Man,tt0385277
1924,The King and I,tt0160429
1925,A Star Is Born,tt0075265
1926,A Star Is Born,tt1517451
1927,Absolute Beginners,tt0090585
1928,The Magnificent Seven,tt2404435
1929,The Searchers,tt0108275
1930,The Alamo,tt0318974
1931,3:10 to Yuma,tt0381849
1932,Broken Arrow,tt0115759
1933,Greed,tt8972256
1934,The Lone Ranger,tt1210819
1935,Pursued,tt0385969
1936,The Wind,tt0094327
1937,The Wind,tt8426594
1938,The Furies,tt8228172
1939,The Last Frontier,tt12216986
1940,Arizona,tt2140629
1941,Texas,tt8377736
1942,Lone Star,tt0116905
1943,Ambush,tt0162625
1944,Ambush,tt8270664
1945,Mohawk,tt5189828
1946,Dakota,tt10241772
1947,Passion,tt0084481
1948,Passion,tt1301178
1949,Passion,tt1829012
1950,Montana,tt0119699
1951,Montana,tt2208568
1952,Branded,tt1368440
1953,The Command,tt4951982
1954,Barricade,tt1861279
1955,Sky High,tt0173682
1956,Sky High,tt0398563
1957,Sky High,tt0405325
1958,Sky High,tt10978398
1959,Parthenope,tt23853982
1960,The Karate Kid,tt0087538
1961,The Karate Kid,tt1155076
1962,Dazed and Confused,tt0106677
1963,Here,tt18272208
1964,Here,tt26448954
1965,10 Things I Hate About You,tt0147800
1966,Good Will Hunting,tt0119217
1967,My Old Ass,tt18559464
1968,Call Me by Your Name,tt5726616
1969,Spirited Away,tt0245429
1970,The Breakfast Club,tt0088847
1971,Stand by Me,tt0092005
1972,The Outsiders,tt0086066
1973,Little Women,tt0110367
1974,Little Women,tt3281548
1975,Little Women,tt6495094
1976,I Saw the TV Glow,tt15574270
1977,Dead Poets Society,tt0097165
1978,Pearl,tt18925334
1979,Almost Famous,tt0181875
1980,Malena,tt0213847
1981,Blue Is the Warmest Colour,tt2278871
1982,Into the Wild,tt0758758
1983,The Florida Project,tt5649144
1984,Where the Crawdads Sing,tt9411972
1985,Aftersun,tt19770238
1986,Pan's Labyrinth,tt0457430
1987,The Blue Lagoon,tt0080453
1988,Bird,tt0094747
1989,Bird,tt28277817
1990,Jojo Rabbit,tt2584384
1991,American Graffiti,tt0069704
1992,Moonlight,tt4975722
1993,Thirteen,tt0328538
1994,Juno,tt0467406
1995,E.T. the Extra-Terrestrial,tt0083866
1996,Kids,tt0113540
1997,The Fallout,tt11847410
1998,CODA,tt10366460
1999,Dirty Dancing,tt0092890
2000,The Perks of Being a Wallflower,tt1659337
2001,The Karate Kid Part III,tt0097647
2002,Dìdi,tt30319503
2003,What's Eating Gilbert Grape,tt0108550
2004,Lady Bird,tt4925292
2005,Little Miss Sunshine,tt0449059
2006,"Girl, Interrupted",tt0172493
2007,Clueless,tt0112697
2008,The Fabelmans,tt14208870
2009,Emma.,tt9214832
2010,Bridge to Terabithia,tt0398808
2011,Mulan,tt0120762
2012,Mulan,tt4566758
2013,Lost in Translation,tt0335266
2014,My Girl,tt0102492
2015,My Girl,tt0399040
2016,The Last Picture Show,tt0067328
2017,The Girl Next Door,tt0189553
2018,The Girl Next Door,tt0265208
2019,The Girl Next Door,tt0830558
2020,The Worst Person in the World,tt10370710
2021,8 Mile,tt0298203
2022,Footloose,tt0087277
2023,Footloose,tt1068242
2024,Bones and All,tt10168670
2025,Licorice Pizza,tt11271038
2026,Wonder,tt2543472
2027,Vision Quest,tt0090270
2028,The Virgin Suicides,tt0159097
2029,Moonrise Kingdom,tt1748122
2030,Cinema Paradiso,tt0095765
2031,Lion,tt3741834
2032,Pretty in Pink,tt0091790
2033,Captain Fantastic,tt3553976
2034,I'm Not There,tt0368794
2035,Mud,tt1935179
2036,Slumdog Millionaire,tt1010048
2037,The Spectacular Now,tt1714206
2038,Waves,tt27587485
2039,Waves,tt8652728
2040,Heavenly Creatures,tt0110005
2041,Boyz n the Hood,tt0101507
2042,Empire Records,tt0112950
2043,The Peanut Butter Falcon,tt4364194
2044,Secondhand Lions,tt0327137
2045,Chaos Walking,tt2076822
2046,But I'm a Cheerleader,tt0179116
2047,Boyhood,tt1065073
2048,The Fault in Our Stars,tt2582846
2049,St. Elmo's Fire,tt0090060
2050,Priscilla,tt22041854
2051,Monster,tt0340855
2052,Monster,tt15816392
2053,Monster,tt23736044
2054,Monster,tt2850272
2055,Monster,tt29941084
2056,Monster,tt3589450
2057,Monster,tt9077038
2058,Let the Right One In,tt1139797
2059,Say Anything,tt0098258
2060,"Are You There God? It's Me, Margaret.",tt9185206
2061,Eighth Grade,tt7014006
2062,The Tree of Life,tt0478304
2063,Marie Antoinette,tt0422720
2064,Mid90s,tt5613484
2065,Belfast,tt12789558
2066,The Way Way Back,tt1727388
2067,Picnic at Hanging Rock,tt0073540
2068,Empire of the Sun,tt0092965
2069,Now and Then,tt0114011
2070,Suncoast,tt13650742
2071,Valley Girl,tt0086525
2072,Valley Girl,tt1266036
2073,Beach Rats,tt6303866
2074,Billy Elliot,tt0249462
2075,Bend It Like Beckham,tt0286499
2076,Humanist Vampire Seeking Consenting Suicidal Person,tt24216998
2077,The Edge of Seventeen,tt1878870
2078,Return to the Blue Lagoon,tt0102782
2079,Good Boys,tt6977338
2080,Chronicle,tt1706593
2081,Crossroads,tt0090888
2082,Crossroads,tt0275022
2083,The Man in the Moon,tt0102388
2084,Whisper of the Heart,tt0113824
2085,Labor Day,tt1967545
2086,The Sisterhood of the Traveling Pants,tt0403508
2087,Rushmore,tt0128445
2088,Welcome to the Dollhouse,tt0114906
2089,The Hate U Give,tt5580266
2090,My Own Private Idaho,tt0102494
2091,"Love, Simon",tt5164432
2092,Adventureland,tt1091722
2093,Sing Street,tt3544112
2094,River's Edge,tt0091860
2095,River's Edge,tt7476946
2096,Boys Don't Cry,tt0171804
2097,Boys Don't Cry,tt0238119
2098,Me and Earl and the Dying Girl,tt2582496
2099,Whip It,tt1172233
2100,Midnight Sun,tt0844347
2101,Midnight Sun,tt4799066
2102,Vampire Academy,tt1686821
2103,A River Runs Through It,tt0105265
2104,October Sky,tt0132477
2105,Stick It,tt0430634
2106,My Friend Dahmer,tt2291540
2107,You Are So Not Invited to My Bat Mitzvah,tt21276878
2108,Finding Forrester,tt0181536
2109,Cry Macho,tt1924245
2110,The Inbetweeners,tt1716772
2111,Elephant,tt0363589
2112,Elephant,tt12036052
2113,Wolfwalkers,tt5198068
2114,Mermaids,tt0100140
2115,Breaking Away,tt0078902
2116,Reality Bites,tt0110950
2117,The King of Staten Island,tt9686708
2118,The Squid and the Whale,tt0367089
2119,Peggy Sue Got Married,tt0091738
2120,Rumble Fish,tt0086216
2121,Frances Ha,tt2347569
2122,The Diary of a Teenage Girl,tt3172532
2123,"Angus, Thongs and Perfect Snogging",tt0963743
2124,Harold and Maude,tt0067185
2125,The Kite Runner,tt0419887
2126,Song of the Sea,tt1865505
2127,"Yes, God, Yes",tt8949056
2128,The Glass Castle,tt2378507
2129,Christopher Robin,tt4575576
2130,Dead Man,tt0112817
2131,Lucas,tt0091445
2132,Igby Goes Down,tt0280760
2133,The Horse Whisperer,tt0119314
2134,Summer of '42,tt0067803
2135,Dead Presidents,tt0112819
2136,The Runaways,tt1017451
2137,An Education,tt1174732
2138,The Tale of The Princess Kaguya,tt2576852
2139,White Bird in a Blizzard,tt2238050
2140,Over the Edge,tt0079688
2141,Over the Edge,tt2015474
2142,Valerie and Her Week of Wonders,tt0066516
2143,Wildflower,tt12024308
2144,Wildflower,tt4246856
2145,Little Man Tate,tt0102316
2146,The Kings of Summer,tt2179116
2147,Fly Away Home,tt0116329
2148,Georgia Rule,tt0791304
2149,Persepolis,tt0808417
2150,Moxie,tt6432466
2151,Boy Erased,tt7008872
2152,Armageddon Time,tt10343028
2153,The Devil's Backbone,tt0256009
2154,Extremely Loud & Incredibly Close,tt0477302
2155,20th Century Women,tt4385888
2156,John and the Hole,tt11307724
2157,Charlie Bartlett,tt0423977
2158,Arizona Dream,tt0106307
2159,Beasts of the Southern Wild,tt2125435
2160,The Half of It,tt9683478
2161,"Welcome Home, Roxy Carmichael",tt0100911
2162,Giant Little Ones,tt4481066
2163,Beautiful Thing,tt0115640
2164,Only Yesterday,tt0102587
2165,Angela's Ashes,tt0145653
2166,Pauline at the Beach,tt0086087
2167,Petite Maman,tt13204490
2168,Rabbit-Proof Fence,tt0252444
2169,Foxes,tt0080756
2170,Catherine Called Birdy,tt11727866
2171,Out of the Blue,tt0081291
2172,Out of the Blue,tt0839938
2173,Out of the Blue,tt15333788
2174,Out of the Blue,tt2751576
2175,Black Beauty,tt0066834
2176,Black Beauty,tt0109279
2177,Black Beauty,tt8484160
2178,Uncle Frank,tt11327514
2179,A Part of You,tt27411270
2180,My Life as a Dog,tt0089606
2181,The Journey of Natty Gann,tt0089385
2182,Alfie,tt0375173
2183,Blinded by the Light,tt8266310
2184,Never Rarely Sometimes Always,tt7772582
2185,The Boy and the Beast,tt4272866
2186,The Heiress,tt1438525
2187,The Heiress,tt8398928
2188,Fitting In,tt21103576
2189,Joe Bell,tt4651466
2190,Belle Epoque,tt0103791
2191,Paranoid Park,tt0842929
2192,Alaska,tt0115493
2193,Alaska,tt2290397
2194,The Catholic School,tt10345782
2195,Shithouse,tt11618536
2196,"The Tunnel to Summer, the Exit of Goodbyes",tt17382524
2197,Last Summer,tt13067004
2198,Last Summer,tt14550346
2199,Last Summer,tt2719868
2200,Seven Minutes in Heaven,tt0089997
2201,Farha,tt11555492
2202,Lawn Dogs,tt0119506
2203,My Dog Skip,tt0156812
2204,CrissCross,tt0104027
2205,The Souvenir: Part II,tt6992978
2206,Lassie,tt0110305
2207,Lassie,tt0431213
2208,A Home of Our Own,tt0107130
2209,"Hello, Goodbye and Everything in Between",tt4181158
2210,Everybody's Talking About Jamie,tt8635092
2211,Butterflies Are Free,tt0068326
2212,The Landlord,tt0065963
2213,Tex,tt0084783
2214,Lean on Pete,tt5340300
2215,Earth Mama,tt18382328
2216,Swinging Safari,tt5473090
2217,The Governess,tt0120687
2218,Wadjda,tt2258858
2219,Cría Cuervos,tt0074360
2220,Crater,tt5264838
2221,Not Fade Away,tt1230215
2222,Slalom,tt9697780
2223,"Next Stop, Greenwich Village",tt0074963
2224,The Chosen,tt0077332
2225,The Chosen,tt0082175
2226,The Chosen,tt4175888
2227,Sweet Sixteen,tt0083146
2228,Sweet Sixteen,tt0313670
2229,House of D,tt0372334
2230,Love Per Square Foot,tt7853242
2231,Cattle Annie and Little Britches,tt0082145
2232,The Groomsmen,tt0455958
2233,Blancanieves,tt1854513
2234,Sleepwalking,tt0888693
2235,Motorama,tt0104922
2236,Pelle the Conqueror,tt0093713
2237,Hearts Beat Loud,tt7158430
2238,Indignation,tt4193394
2239,Pariah,tt1233334
2240,Smithereens,tt0084698
2241,It Had to Be You,tt0139388
2242,It Had to Be You,tt4414438
2243,Rocks,tt9067182
2244,All the Little Animals,tt0120584
2245,Another Me,tt1816608
2246,The Chocolate War,tt0094869
2247,Girlhood,tt3655522
2248,Winter in Wartime,tt0795441
2249,The Boys Club,tt0118763
2250,International Velvet,tt0077743
2251,The Earthling,tt0080671
2252,The Slaughter Rule,tt0266971
2253,The Life Before Her Eyes,tt0815178
2254,1 Mile to You,tt2184233
2255,Going All the Way,tt0119209
2256,Aparajito,tt15964372
2257,Where the Lilies Bloom,tt0072401
2258,Head Full of Honey,tt3488462
2259,Head Full of Honey,tt5836706
2260,Girlfriends,tt0077613
2261,Metroland,tt0119665
2262,All Together Now,tt3155342
2263,The in Crowd,tt0095362
2264,The in Crowd,tt0163676
2265,To Save a Life,tt1270286
2266,Peppermint Soda,tt0075939
2267,Guinevere,tt0160338
2268,The Delta,tt0116070
2269,Off the Map,tt0332285
2270,35 Shots of Rum,tt1100048
2271,Concrete Night,tt2405182
2272,Holler,tt6763778
2273,Dilan 1991,tt9648942
2274,The Wonderland,tt9563632
2275,Land of Hope,tt7220640
2276,War of the Buttons,tt0111666
2277,War of the Buttons,tt1837587
2278,War of the Buttons,tt1861375
2279,The Young Poisoner's Handbook,tt0115033
2280,Yellow Rose,tt6862538
2281,Friday Night Plan,tt28568397
2282,The Journey Home,tt2390283
2283,1/1,tt3445702
2284,Dean,tt3914332
2285,Morris from America,tt3652862
2286,Sixteen,tt2976172
2287,Dear David,tt21986198
2288,Dear David,tt9288740
2289,Dilan 1990,tt7843946
2290,Summer Holiday,tt1132578
2291,I Want You,tt0119347
2292,I Want You,tt1797504
2293,Exodus,tt15021154
2294,Summer,tt1198144
2295,Conclave,tt20215234
2296,Longlegs,tt23468450
2297,The Conversation,tt0071360
2298,Runaway Jury,tt0313542
2299,Enemy of the State,tt0120660
2300,All the President's Men,tt0074119
2301,Jack Reacher,tt0790724
2302,Inheritance,tt31050620
2303,Inheritance,tt32245043
2304,Inheritance,tt7923220
2305,The Accountant,tt2140479
2306,Captain America: The Winter Soldier,tt1843866
2307,Snowpiercer,tt1706620
2308,L.A. Confidential,tt0119488
2309,The Cabin in the Woods,tt1259521
2310,Absolute Power,tt0118548
2311,The Fugitive,tt0106977
2312,The Game,tt0119174
2313,The Game,tt13400142
2314,Amsterdam,tt10304142
2315,Minority Report,tt0181689
2316,Chinatown,tt0071315
2317,Jack Reacher: Never Go Back,tt3393786
2318,Super 8,tt1650062
2319,The Contractor,tt10323676
2320,21 Bridges,tt8688634
2321,Angel Has Fallen,tt6189022
2322,The Boys from Brazil,tt0077269
2323,Hypnotic,tt12383460
2324,Hypnotic,tt8080204
2325,Hitman,tt0163818
2326,Hitman,tt0465494
2327,The Constant Gardener,tt0387131
2328,Gemini Man,tt1025100
2329,The Insider,tt0140352
2330,The A-Team,tt0429493
2331,Body of Lies,tt0758774
2332,The Manchurian Candidate,tt0368008
2333,Blow Out,tt0082085
2334,Brotherhood of the Wolf,tt0237534
2335,I Came By,tt15083184
2336,Clear and Present Danger,tt0109444
2337,The Pelican Brief,tt0107798
2338,Disclosure,tt0109635
2339,Disclosure,tt8637504
2340,Double Jeopardy,tt0150377
2341,In the Line of Fire,tt0107206
2342,Those Who Wish Me Dead,tt3215824
2343,The Net,tt0113957
2344,The Net,tt5996202
2345,Without Remorse,tt0499097
2346,The Mauritanian,tt4761112
2347,Last Seen Alive,tt10242388
2348,Jack Ryan: Shadow Recruit,tt1205537
2349,The Circle,tt0255094
2350,The Circle,tt2122313
2351,The Circle,tt3148952
2352,The Circle,tt4287320
2353,State of Play,tt0473705
2354,No Sudden Move,tt11525644
2355,Capricorn One,tt0077294
2356,The 6th Day,tt0216216
2357,Traitor,tt0988047
2358,Money Monster,tt2241351
2359,Red State,tt0873886
2360,Conspiracy Theory,tt0118883
2361,Conspiracy Theory,tt5354458
2362,Eraser,tt0116213
2363,Black and Blue,tt7390646
2364,The Commuter,tt1590193
2365,Edge of Darkness,tt1226273
2366,Courage Under Fire,tt0115956
2367,Kiss of the Dragon,tt0271027
2368,Snake Eyes,tt0120832
2369,Snake Eyes,tt8404256
2370,Outland,tt0082869
2371,The Peacemaker,tt0119874
2372,Mighty Joe Young,tt0120751
2373,Consenting Adults,tt0104006
2374,Coma,tt0077355
2375,Coma,tt0441611
2376,Coma,tt6087226
2377,Lockout,tt1592525
2378,Paradise Highway,tt7469828
2379,Black Christmas,tt0071222
2380,Black Christmas,tt0454082
2381,Black Christmas,tt10481868
2382,The Courier,tt0995845
2383,The Courier,tt27050277
2384,The Courier,tt8075016
2385,The Courier,tt8368512
2386,Brainstorm,tt0085271
2387,Brainstorm,tt0263124
2388,Monolith,tt0107597
2389,Monolith,tt18298588
2390,Monolith,tt4711924
2391,Anonymous,tt1521197
2392,OtherLife,tt4693358
2393,How to Blow Up a Pipeline,tt21440780
2394,Dirty Pretty Things,tt0301199
2395,The Cassandra Crossing,tt0074292
2396,In the Fade,tt5723272
2397,Bent,tt0118698
2398,Bent,tt2237324
2399,The Sacrament,tt2383068
2400,Marauders,tt3963816
2401,Winter Kills,tt0080139
2402,Executive Action,tt0070046
2403,Wander,tt9689696
2404,Gasoline Alley,tt14174168
2405,Flashpoint,tt0087268
2406,Chain of Command,tt4340720
2407,Conspiracy,tt1043838
2408,Submerged,tt3236976
2409,The Independent,tt0160403
2410,The Independent,tt3416670
2411,The Corrupted,tt5687270
2412,Phantom Detective,tt5644726
2413,Buster's Mal Heart,tt5173032
2414,Every Last One of Them,tt13454228
2415,The Cry of the Owl,tt0092797
2416,The Cry of the Owl,tt1034302
2417,Shadow People,tt1764647
2418,Blind Horizon,tt0337881
2419,Revolver,tt0073626
2420,Revolver,tt0365686
2421,The Power of Few,tt0817545
2422,Pandemic,tt3774802
2423,Pod,tt3541080
2424,The Way of War,tt1133995
2425,Remote Control,tt0093843
2426,Remote Control,tt0108176
2427,The Patriot,tt0120786
2428,The Patriot,tt0187393
2429,The Target,tt3634940
2430,Dark Souls,tt1617145
2431,Civic Duty,tt0446298
2432,Ignition,tt0247419
2433,Take the Night,tt10680838
2434,The American,tt12531856
2435,The American,tt1440728
2436,Containment,tt3561236
2437,Watchtower,tt2191332
2438,The Osterman Weekend,tt0086058
2439,The Colors of Fire,tt13217988
2440,The Diplomat,tt26229612
2441,Black Box,tt10341034
2442,Black Box,tt12298506
2443,Unbound,tt5747714
2444,Rage,tt0069158
2445,Rage,tt0188568
2446,Rage,tt1151923
2447,Rage,tt1234550
2448,Rage,tt2401807
2449,Rage,tt4384088
2450,Oasis,tt0320193
2451,Hum,tt0102071
2452,No Country for Old Men,tt0477348
2453,Sicario,tt3397884
2454,Wind River,tt5362988
2455,Brokeback Mountain,tt0388795
2456,El Camino,tt9243946
2457,Hell or High Water,tt2582782
2458,In the Land of Saints and Sinners,tt15782690
2459,Near Dark,tt0093605
2460,Thelma & Louise,tt0103074
2461,The Highwaymen,tt1860242
2462,Desperado,tt0112851
2463,The Mule,tt2130270
2464,The Mule,tt7959026
2465,Day of Reckoning,tt5742568
2466,The Marksman,tt6902332
2467,Urban Cowboy,tt0081696
2468,The Last Stand,tt1549920
2469,The Forever Purge,tt10327252
2470,Gold,tt0071566
2471,Gold,tt15340808
2472,Gold,tt1800302
2473,Gold,tt2338846
2474,Gold,tt3134422
2475,Gold,tt5162658
2476,Gold,tt6020800
2477,Gold,tt6173990
2478,The Misfits,tt4876134
2479,8 Seconds,tt0109021
2480,Bring Me the Head of Alfredo Garcia,tt0071249
2481,Disturbing the Peace,tt5717194
2482,Thunderheart,tt0105585
2483,Extreme Prejudice,tt0092997
2484,Lone Wolf McQuade,tt0085862
2485,Wanda Nevada,tt0080116
2486,The Three Burials of Melquiades Estrada,tt0419294
2487,Down in the Valley,tt0398027
2488,The Hero,tt5655222
2489,Comes a Horseman,tt0077360
2490,Bronco Billy,tt0080472
2491,Junior Bonner,tt0068786
2492,Wild Horses,tt0112609
2493,Wild Horses,tt4442130
2494,Montana Story,tt13656980
2495,The Last Movie,tt0067327
2496,Gumby: The Movie,tt0113234
2497,The Ride,tt0110202
2498,The Ride,tt6102104
2499,Borderline,tt0080465
2500,Borderline,tt1048147
2501,Thar,tt14479746
2502,Broken Horses,tt2503954
2503,Red Hill,tt1530983
2504,Hearts of the West,tt0073096
2505,Missionary Man,tt0926110
2506,The French Connection,tt0067116
2507,Se7en,tt0114369
2508,The Departed,tt0407887
2509,Den of Thieves,tt1259528
2510,Fargo,tt0116282
2511,Zodiac,tt0443706
2512,End of Watch,tt1855199
2513,Training Day,tt0139654
2514,The Untouchables,tt0094226
2515,The Little Things,tt10016180
2516,Traffic,tt0069400
2517,Traffic,tt0181865
2518,Traffic,tt1821682
2519,Traffic,tt2939912
2520,Traffic,tt4061640
2521,BlacKkKlansman,tt7349662
2522,Kindergarten Cop,tt0099938
2523,Dirty Harry,tt0066999
2524,Serpico,tt0070666
2525,Ambulance,tt0400156
2526,Ambulance,tt4998632
2527,Cop Land,tt0118887
2528,The Guilty,tt0186183
2529,The Guilty,tt6742252
2530,The Guilty,tt9421570
2531,Force of Nature: The Dry 2,tt20256448
2532,The Dry,tt5144174
2533,New Jack City,tt0102526
2534,Elite Squad,tt0861739
2535,Infernal Affairs,tt0338564
2536,Motherless Brooklyn,tt0385887
2537,The Take,tt0426596
2538,The Take,tt0828158
2539,The Take,tt2368619
2540,The Hunted,tt0113360
2541,The Hunted,tt0269347
2542,The Hunted,tt3149900
2543,Blown Away,tt0109303
2544,Ricochet,tt0102789
2545,Someone to Watch Over Me,tt0094008
2546,Dark Blue,tt0279331
2547,Kathal: A Jackfruit Mystery,tt18413766
2548,Infiesto,tt15789492
2549,Sooryavanshi,tt9531772
2550,Investigation of a Citizen Above Suspicion,tt0065889
2551,Jennifer 8,tt0104549
2552,Singham,tt1948150
2553,Wild Is the Wind,tt22437050
2554,Pride & Prejudice,tt0414387
2555,Babylon,tt0080406
2556,Babylon,tt10640346
2557,Amadeus,tt0086879
2558,12 Years a Slave,tt2024544
2559,Gangs of New York,tt0217505
2560,Dances with Wolves,tt0099348
2561,Sense and Sensibility,tt0114388
2562,Virgin Territory,tt0437954
2563,The Favourite,tt5083738
2564,Barry Lyndon,tt0072684
2565,Firebrand,tt15000156
2566,The Secret Garden,tt0108071
2567,The Secret Garden,tt2702920
2568,Anna Karenina,tt0118623
2569,Anna Karenina,tt1781769
2570,Downton Abbey,tt6398184
2571,Gettysburg,tt0107007
2572,Mary Queen of Scots,tt1555069
2573,Mary Queen of Scots,tt2328900
2574,Persuasion,tt13456318
2575,Master and Commander: The Far Side of the World,tt0311113
2576,Elizabeth,tt0127536
2577,Downton Abbey: A New Era,tt11703710
2578,Jane Eyre,tt0065911
2579,Jane Eyre,tt0116684
2580,Jane Eyre,tt1229822
2581,The Assassination of Jesse James by the Coward Robert Ford,tt0443680
2582,Open Range,tt0316356
2583,The Other Boleyn Girl,tt0467200
2584,Elizabeth: The Golden Age,tt0414055
2585,Maurice,tt0093512
2586,Rob Roy,tt0114287
2587,Emma,tt0116191
2588,Heaven's Gate,tt0080855
2589,Belle,tt13651628
2590,Belle,tt2404181
2591,The Bounty,tt0086993
2592,The White Ribbon,tt1149362
2593,Tulip Fever,tt0491203
2594,The Duchess,tt0864761
2595,Les Misérables,tt0084340
2596,Les Misérables,tt0113828
2597,Les Misérables,tt0119683
2598,Les Misérables,tt10199590
2599,Les Misérables,tt1707386
2600,Zulu Dawn,tt0080180
2601,Mr. Malcolm's List,tt12545566
2602,Waterloo,tt0066549
2603,Queen Margot,tt0110963
2604,The Proposition,tt0120108
2605,The Proposition,tt0421238
2606,Becoming Jane,tt0416508
2607,"Greystoke: The Legend of Tarzan, Lord of the Apes",tt0087365
2608,The Young Victoria,tt0962736
2609,Dreams,tt0100998
2610,Gods and Generals,tt0279111
2611,Colette,tt5437928
2612,Immortal Beloved,tt0110116
2613,The Merchant of Venice,tt0379889
2614,Bright Star,tt0810784
2615,Love & Friendship,tt3068194
2616,Cyrano,tt12889404
2617,Madame Bovary,tt0102368
2618,Madame Bovary,tt2334733
2619,Far from the Madding Crowd,tt2935476
2620,Stockholm Bloodbath,tt18163814
2621,Beauty and the Beast,tt0078054
2622,Beauty and the Beast,tt0101414
2623,Beauty and the Beast,tt1410295
2624,Beauty and the Beast,tt2316801
2625,Beauty and the Beast,tt2771200
2626,Cyrano de Bergerac,tt0099334
2627,Yves Saint Laurent,tt2707858
2628,The Last King,tt4738360
2629,Man of La Mancha,tt0068909
2630,The Front Page,tt0071524
2631,Mr. & Mrs. Bridge,tt0100200
2632,Victoria & Abdul,tt5816682
2633,The Hunchback of Notre Dame,tt0116583
2634,The House of Mirth,tt0200720
2635,Angels and Insects,tt0112365
2636,Where Angels Fear to Tread,tt0103243
2637,Prince Valiant,tt0119947
2638,The Luzhin Defence,tt0211492
2639,Swann in Love,tt0088315
2640,Royal Tramp,tt0104770
2641,Royal Tramp II,tt0104771
2642,Sacrifice,tt10004108
2643,Sacrifice,tt1630564
2644,Sacrifice,tt1726738
2645,Sacrifice,tt2078718
2646,Heneral Luna,tt4944352
2647,Goyo: The Boy General,tt5094192
2648,Knives Out,tt8946378
2649,Glass Onion,tt11564570
2650,Clue,tt0088930
2651,Clue,tt23379618
2652,Enola Holmes,tt7846844
2653,Death on the Nile,tt0077413
2654,Death on the Nile,tt7657566
2655,Enola Holmes 2,tt14641788
2656,Crooked House,tt1869347
2657,Evil Under the Sun,tt0083908
2658,Appointment with Death,tt0094669
2659,Track 29,tt0096294
2660,7 Women and a Murder,tt15206378
2661,Miss Fisher & the Crypt of Tears,tt9010738
2662,Passion of Mind,tt0160644
2663,Beyond Suspicion,tt0219519
2664,WarGames,tt0086567
2665,In Time,tt1637688
2666,Spiderhead,tt9783600
2667,Terminator Genisys,tt1340138
2668,Paradise,tt0084469
2669,Paradise,tt0102631
2670,Paradise,tt0305945
2671,Paradise,tt1262990
2672,Paradise,tt21308888
2673,Paradise,tt28800663
2674,Paradise,tt4551318
2675,Strange Days,tt0114558
2676,Hackers,tt0113243
2677,The 355,tt8356942
2678,Live Free or Die Hard,tt0337978
2679,Swordfish,tt0244244
2680,Eagle Eye,tt1059786
2681,Paycheck,tt0338337
2682,Hot Seat,tt15690300
2683,Countdown,tt10039344
2684,Countdown,tt4872162
2685,In the Shadow of the Moon,tt0925248
2686,In the Shadow of the Moon,tt8110640
2687,The Girl in the Spider's Web,tt5177088
2688,The Thirteenth Floor,tt0139809
2689,Reminiscence,tt3272066
2690,The Girl Who Played with Fire,tt1216487
2691,Blackhat,tt2717822
2692,Anon,tt5397194
2693,Unfriended: Dark Web,tt4761916
2694,Kimi,tt14128670
2695,The Signal,tt0780607
2696,The Signal,tt2910814
2697,Nerve,tt3531824
2698,Johnny Mnemonic,tt0113481
2699,Child's Play,tt0068369
2700,Child's Play,tt0094862
2701,Child's Play,tt8663516
2702,Cam,tt8361028
2703,Pulse,tt0095924
2704,Pulse,tt0286751
2705,Pulse,tt0454919
2706,Profile,tt7826276
2707,The Takeover,tt18082758
2708,Ghost in the Machine,tt0107009
2709,Chatroom,tt1319704
2710,Takedown,tt0159784
2711,The Crash,tt3297382
2712,Vice,tt3480796
2713,Vice,tt6266538
2714,Cryo,tt8814500
2715,Connie Lynn,tt15558182
2716,Ready Player One,tt1677720
2717,Dredd,tt1343727
2718,Looper,tt1276104
2719,RoboCop,tt0093870
2720,RoboCop,tt1234721
2721,Total Recall,tt0100802
2722,Total Recall,tt1386703
2723,The Matrix Reloaded,tt0234215
2724,Cloud Atlas,tt1371111
2725,12 Monkeys,tt0114746
2726,Alita: Battle Angel,tt0437086
2727,The Matrix Resurrections,tt10838180
2728,Dark City,tt0118929
2729,Elysium,tt1535108
2730,The Matrix Revolutions,tt0242653
2731,Logan's Run,tt0074812
2732,Terminator Salvation,tt0438488
2733,RoboCop 2,tt0100502
2734,The Lawnmower Man,tt0104692
2735,Hardcore Henry,tt3072482
2736,Æon Flux,tt0402022
2737,RoboCop 3,tt0107978
2738,Surrogates,tt0986263
2739,Jason X,tt0211443
2740,Hardware,tt0099740
2741,Chopping Mall,tt0090837
2742,Repo Men,tt1053424
2743,The Zero Theorem,tt2333804
2744,Mute,tt1464763
2745,Space Sweepers,tt12838766
2746,Until the End of the World,tt0101458
2747,Babylon A.D.,tt0364970
2748,Bleeding Steel,tt5813366
2749,Metropolis,tt0293416
2750,Lawnmower Man 2: Beyond Cyberspace,tt0116839
2751,Cypher,tt0284978
2752,Ghost in the Shell 2.0,tt1260502
2753,Bionic,tt16427902
2754,Genocidal Organ,tt3615160
2755,Psycho-Pass: The Movie,tt4219130
2756,Ghost in the Shell: The New Movie,tt4337072
2757,Wonderful Days,tt0353014
2758,Circuitry Man,tt0099271
2759,Hardwired,tt1405412
2760,Psycho-Pass: Sinners of the System Case.1 Crime and Punishment,tt10443844
2761,The Monkey,tt27714946
2762,Anora,tt28607951
2763,Heart Eyes,tt32558992
2764,Pulp Fiction,tt0110912
2765,The Menu,tt9764362
2766,Parasite,tt0084472
2767,Parasite,tt6751668
2768,The Banshees of Inisherin,tt11813216
2769,Poor Things,tt14230458
2770,Inglourious Basterds,tt0361748
2771,A Different Man,tt21097228
2772,The Wolf of Wall Street,tt0993846
2773,Everything Everywhere All at Once,tt6710474
2774,A Simple Favor,tt7040874
2775,Django Unchained,tt1853728
2776,Abigail,tt27489557
2777,Abigail,tt7025388
2778,"Three Billboards Outside Ebbing, Missouri",tt5027774
2779,Lolita,tt0119558
2780,Idiocracy,tt0387808
2781,My Dead Friend Zoe,tt22022784
2782,God Bless America,tt1912398
2783,Oldboy,tt0364569
2784,Oldboy,tt1321511
2785,Beetlejuice Beetlejuice,tt2049403
2786,Kinds of Kindness,tt22408160
2787,Midsommar,tt8772262
2788,Triangle of Sadness,tt7322224
2789,American Psycho,tt0144084
2790,The Shining,tt0081505
2791,It's What's Inside,tt14577874
2792,Don't Look Up,tt1034305
2793,Don't Look Up,tt11286314
2794,Renfield,tt11358390
2795,Get Out,tt5052448
2796,Saltburn,tt17351924
2797,Psycho,tt0155975
2798,Psycho,tt9109976
2799,From Dusk Till Dawn,tt0116367
2800,Secretary,tt0274812
2801,Airplane!,tt0080339
2802,Once Upon a Time in America,tt0087843
2803,The Truman Show,tt0120382
2804,Beau Is Afraid,tt13521006
2805,A Clockwork Orange,tt0066921
2806,The Dead Don't Die,tt8695030
2807,Full Metal Jacket,tt0093058
2808,Suicide Squad,tt1386697
2809,Beetlejuice,tt0094721
2810,Trainspotting,tt0117951
2811,Scream,tt0086262
2812,Scream,tt0117571
2813,Scream,tt11245972
2814,Kneecap,tt27367464
2815,Ready or Not,tt7798634
2816,Network,tt0074958
2817,Deadpool,tt1431045
2818,The Big Short,tt1596363
2819,The Hunt,tt2106476
2820,The Hunt,tt8244784
2821,Wild at Heart,tt0100935
2822,The Lobster,tt3464902
2823,Get Shorty,tt0113161
2824,The Suicide Squad,tt6334354
2825,Charlie and the Chocolate Factory,tt0367594
2826,In Bruges,tt0780536
2827,American Fiction,tt23561236
2828,Jennifer's Body,tt1131734
2829,The Boondock Saints,tt0144117
2830,Dream Scenario,tt21942866
2831,Kick-Ass,tt1250777
2832,Your Monster,tt22741760
2833,Deadpool 2,tt5463162
2834,Dog Day Afternoon,tt0072890
2835,Uncommon Valor,tt0086508
2836,Con Air,tt0118880
2837,Brazil,tt0088846
2838,Us,tt6857112
2839,Take Me Home Tonight,tt0810922
2840,The Death of Stalin,tt4686844
2841,Heavyweights,tt0110006
2842,Border,tt0118751
2843,Border,tt5501104
2844,Buffy the Vampire Slayer,tt0103893
2845,Four Weddings and a Funeral,tt0109831
2846,Fear and Loathing in Las Vegas,tt0120669
2847,Birdman or (The Unexpected Virtue of Ignorance),tt2562232
2848,Cocaine Bear,tt14209916
2849,May December,tt13651794
2850,The Rocky Horror Picture Show,tt0073629
2851,Get Away,tt10449276
2852,RED,tt1245526
2853,Wicked Little Letters,tt20234774
2854,Villains,tt6378710
2855,War Dogs,tt2005151
2856,"Me, Myself & Irene",tt0183505
2857,Do the Right Thing,tt0097216
2858,Zombieland: Double Tap,tt1560220
2859,Game Night,tt2704998
2860,I Am Wrath,tt3212232
2861,Planet Terror,tt1077258
2862,What We Do in the Shadows,tt3416742
2863,This Is the End,tt1245492
2864,Sister Act 2: Back in the Habit,tt0108147
2865,Brothers,tt0386342
2866,Brothers,tt0765010
2867,Brothers,tt3802576
2868,Brothers,tt9860566
2869,M*A*S*H,tt0066026
2870,Gremlins,tt0087363
2871,King of New York,tt0099939
2872,Sister Act,tt0105417
2873,Heathers,tt0097493
2874,A Series of Unfortunate Events,tt0339291
2875,Nothing But Trouble,tt0102558
2876,The Visit,tt3567288
2877,The Visit,tt7376410
2878,"I, Tonya",tt5580036
2879,After Hours,tt0088680
2880,Horrible Bosses,tt1499658
2881,The Little Hours,tt5666304
2882,Gosford Park,tt0280707
2883,Kingpin,tt0116778
2884,Gummo,tt0119237
2885,Punch-Drunk Love,tt0272338
2886,Borat,tt0443453
2887,Buffalo '66,tt0118789
2888,Bottoms,tt17527468
2889,Dogma,tt0120655
2890,Supervixens,tt0073768
2891,Dragged Across Concrete,tt6491178
2892,Pink Flamingos,tt0069089
2893,Bad Teacher,tt1284575
2894,Little Shop of Horrors,tt0091419
2895,Adaptation.,tt0268126
2896,Grosse Pointe Blank,tt0119229
2897,A Simple Plan,tt0120324
2898,Bodies Bodies Bodies,tt8110652
2899,Warm Bodies,tt1588173
2900,I Care a Lot,tt9893250
2901,Boss Level,tt7638348
2902,To Die For,tt0114681
2903,To Die For,tt7442274
2904,Lars and the Real Girl,tt0805564
2905,The Babysitter,tt0112438
2906,The Babysitter,tt4225622
2907,Drop Dead Gorgeous,tt0157503
2908,Lisa Frankenstein,tt21188080
2909,Jolt,tt10228134
2910,Wild Tales,tt3011894
2911,How I Live Now,tt1894476
2912,The Dressmaker,tt2910904
2913,Violent Night,tt12003946
2914,Birds of Prey and the Fantabulous Emancipation of One Harley Quinn,tt7713068
2915,Die Hard with a Vengeance,tt0112864
2916,Scream 4,tt1262416
2917,Scream 2,tt0120082
2918,"The Adventures of Priscilla, Queen of the Desert",tt0109045
2919,RocknRolla,tt1032755
2920,Better Off Dead,tt0088794
2921,Mini's First Time,tt0425253
2922,Team America: World Police,tt0372588
2923,Get Smart,tt0425061
2924,Young Guns II,tt0100994
2925,Crank,tt0479884
2926,Monty Python's Life of Brian,tt0079470
2927,Tammy and the T-Rex,tt0111361
2928,The Dirt,tt0800325
2929,Small Soldiers,tt0122718
2930,"Sex, Lies, and Videotape",tt0098724
2931,Guns Akimbo,tt6902676
2932,The Return of the Living Dead,tt0089907
2933,A Nightmare on Elm Street 3: Dream Warriors,tt0093629
2934,Grindhouse,tt0462322
2935,Payback,tt0120784
2936,Payback,tt8786654
2937,Una Novia Sin Igual,tt0108174
2938,Weekend at Bernie's,tt0098627
2939,La Cocina,tt19864832
2940,Cold Pursuit,tt5719748
2941,Happy Death Day,tt5308322
2942,Freddy vs. Jason,tt0329101
2943,High-Rise,tt0462335
2944,Romance,tt0194314
2945,G.I. Jane,tt0119173
2946,Army of Darkness,tt0106308
2947,Addams Family Values,tt0106220
2948,Rumours,tt30841606
2949,You People,tt14826022
2950,Machete,tt0985694
2951,Happiness,tt0147612
2952,Sorry to Bother You,tt5688932
2953,Postal,tt0486640
2954,Barton Fink,tt0101410
2955,Burn After Reading,tt0887883
2956,Blood Simple,tt0086979
2957,The Love Witch,tt3908142
2958,Miracle Mile,tt0097889
2959,Severance,tt0464196
2960,The Lair of the White Worm,tt0095488
2961,The Life Aquatic with Steve Zissou,tt0362270
2962,The Aeronauts,tt6141246
2963,The Cable Guy,tt0115798
2964,Gamer,tt1034032
2965,Naked Lunch,tt0102511
2966,Breaking News in Yuba County,tt7737640
2967,Don't Tell Mom the Babysitter's Dead,tt0101757
2968,Don't Tell Mom the Babysitter's Dead,tt12444168
2969,Cronos,tt0104029
2970,White Noise,tt0375210
2971,White Noise,tt6160448
2972,Menace II Society,tt0107554
2973,The Long Kiss Goodnight,tt0116908
2974,Silent Running,tt0067756
2975,Choke,tt1024715
2976,Choke,tt11127256
2977,The King of Comedy,tt0085794
2978,Death at a Funeral,tt0795368
2979,Death at a Funeral,tt1321509
2980,Midnight Express,tt0077928
2981,"The Cook, the Thief, His Wife & Her Lover",tt0097108
2982,Happiest Season,tt8522006
2983,Smokin' Aces,tt0475394
2984,"South Park: Bigger, Longer & Uncut",tt0158983
2985,You Hurt My Feelings,tt15771916
2986,Inside Llewyn Davis,tt2042568
2987,Zombeavers,tt2784512
2988,Swingers,tt0117802
2989,Swingers,tt0284534
2990,Killer Joe,tt1726669
2991,Do Revenge,tt13327038
2992,RED 2,tt1821694
2993,The 'Burbs,tt0096734
2994,Seventh Son,tt1121096
2995,Sexy Beast,tt0203119
2996,Maximum Overdrive,tt0091499
2997,Gunpowder Milkshake,tt8368408
2998,Evil Dead II,tt0092991
2999,The Family,tt0093004
3000,The Family,tt1728973
3001,The Family,tt2404311
3002,The Voices,tt1567437
3003,The Hangover Part III,tt1951261
3004,T2 Trainspotting,tt2763304
3005,The Disaster Artist,tt3521126
3006,Filth,tt1450321
3007,Willy's Wonderland,tt8114980
3008,Rent,tt0294870
3009,Rent,tt28504311
3010,Just Like Heaven,tt0425123
3011,"Synecdoche, New York",tt0383028
3012,All That Jazz,tt0078754
3013,The Good Girl,tt0279113
3014,Very Bad Things,tt0124198
3015,A Boy and His Dog,tt0072730
3016,The Core,tt0298814
3017,Tie Me Up! Tie Me Down!,tt0101026
3018,Interstate 60,tt0165832
3019,The World According to Garp,tt0084917
3020,The Fisher King,tt0101889
3021,Drive Angry,tt1502404
3022,Heavy Metal,tt0082509
3023,Any Given Sunday,tt0146838
3024,The Last Seduction,tt0110308
3025,Pride and Prejudice and Zombies,tt1374989
3026,Dawn of the Dead,tt0077402
3027,Dawn of the Dead,tt0363547
3028,Texas Chainsaw Massacre: The Next Generation,tt0110978
3029,Naked Gun 33 1/3: The Final Insult,tt0110622
3030,Jawbreaker,tt0155776
3031,Odd Thomas,tt1767354
3032,Leprechaun,tt0107387
3033,The To Do List,tt1758795
3034,The Celebration,tt0154420
3035,Ed Wood,tt0109707
3036,Kate,tt7737528
3037,Sugar & Spice,tt0186589
3038,Something Wild,tt0091983
3039,Run Lola Run,tt0130827
3040,Four Rooms,tt0113101
3041,Four Lions,tt1341167
3042,A Scanner Darkly,tt0405296
3043,Tank Girl,tt0114614
3044,Goon,tt1456635
3045,Airplane II: The Sequel,tt0083530
3046,Thank You for Smoking,tt0427944
3047,Universal Soldier,tt0105698
3048,The Whole Nine Yards,tt0190138
3049,Company Business,tt0101606
3050,The Babysitter: Killer Queen,tt11024272
3051,Attack of the Killer Tomatoes!,tt0080391
3052,The Rules of Attraction,tt0292644
3053,Super,tt1512235
3054,Super,tt1807022
3055,Suburbicon,tt0491175
3056,The Rundown,tt0327850
3057,Drugstore Cowboy,tt0097240
3058,The People Under the Stairs,tt0105121
3059,Lords of Chaos,tt4669296
3060,Black Snake Moan,tt0462200
3061,The Frighteners,tt0116365
3062,"Good Morning, Vietnam",tt0093105
3063,Once Upon a Time in Mexico,tt0285823
3064,Fun with Dick and Jane,tt0076059
3065,Fun with Dick and Jane,tt0369441
3066,A Serious Man,tt1019452
3067,London Fields,tt1273221
3068,Wild Card,tt2231253
3069,Juice,tt0104573
3070,Juice,tt7317310
3071,Critters,tt0090887
3072,Spun,tt0283003
3073,Election,tt0126886
3074,Election,tt0434008
3075,The Bucket List,tt0825232
3076,The Devils,tt0066993
3077,The Devils,tt0291131
3078,The Losers,tt0480255
3079,Force Majeure,tt2121382
3080,The Adventures of Baron Munchausen,tt0096764
3081,SLC Punk!,tt0133189
3082,Confessions of a Dangerous Mind,tt0270288
3083,The Texas Chainsaw Massacre 2,tt0092076
3084,Reindeer Games,tt0184858
3085,Your Highness,tt1240982
3086,The Witches of Eastwick,tt0094332
3087,Short Cuts,tt0108122
3088,Heartbreak Ridge,tt0091187
3089,Dear Santa,tt2396431
3090,High Plains Drifter,tt0068699
3091,Entourage,tt1674771
3092,Three Kings,tt0120188
3093,Thirst,tt0080016
3094,Thirst,tt0762073
3095,Thirst,tt3955808
3096,Sliding Doors,tt0120148
3097,3 Days to Kill,tt2172934
3098,The Belko Experiment,tt1082807
3099,Married to the Mob,tt0095593
3100,Blood Father,tt3647498
3101,Crank: High Voltage,tt1121931
3102,Machete Kills,tt2002718
3103,Creepshow,tt0083767
3104,The Simpsons Movie,tt0462538
3105,History of the World: Part I,tt0082517
3106,2 Days in the Valley,tt0115438
3107,The Brothers Grimm,tt0355295
3108,Go,tt0139239
3109,Go,tt0299937
3110,Starman,tt0088172
3111,Lady Vengeance,tt0451094
3112,Spontaneous,tt5774062
3113,Horns,tt1528071
3114,Hard Target,tt0107076
3115,The People vs. Larry Flynt,tt0117318
3116,Bernie,tt0115658
3117,Bernie,tt1704573
3118,Repo Man,tt0087995
3119,The Purge: Election Year,tt4094724
3120,Arachnophobia,tt0099052
3121,The Crow: City of Angels,tt0115986
3122,Valentine,tt0242998
3123,Valentine,tt5305352
3124,The Tenant,tt0074811
3125,Big Trouble,tt0090727
3126,Big Trouble,tt0246464
3127,Exit to Eden,tt0109758
3128,They Cloned Tyrone,tt9873892
3129,Colossal,tt4680182
3130,Repo! The Genetic Opera,tt0963194
3131,Tragedy Girls,tt3859272
3132,Shoot 'Em Up,tt0465602
3133,Drop Dead Fred,tt0101775
3134,Killing Them Softly,tt1764234
3135,Airport,tt0065377
3136,Nowhere Boy,tt1266029
3137,Kalifornia,tt0107302
3138,Wag the Dog,tt0120885
3139,Phantom of the Paradise,tt0071994
3140,Under Siege 2: Dark Territory,tt0114781
3141,Ravenous,tt0129332
3142,Ravenous,tt6243140
3143,Carnal Knowledge,tt0066892
3144,The City of Lost Children,tt0112682
3145,The Doom Generation,tt0112887
3146,Catch-22,tt0065528
3147,Bad Santa,tt0307987
3148,Monty Python's the Meaning of Life,tt0085959
3149,About Schmidt,tt0257360
3150,Vengeance,tt11959018
3151,Vengeance,tt11976532
3152,Vengeance,tt1329454
3153,Animal Kingdom,tt1313092
3154,Dirty Work,tt0120654
3155,Nowhere,tt0119809
3156,Nowhere,tt15789472
3157,The Long Good Friday,tt0081070
3158,Highlander II: The Quickening,tt0102034
3159,Hot Pursuit,tt0093215
3160,Hot Pursuit,tt2967224
3161,Out for Justice,tt0102614
3162,Feast,tt0426459
3163,Land of the Dead,tt0418819
3164,"LaRoy, Texas",tt20102596
3165,Harlem Nights,tt0097481
3166,Delicatessen,tt0101700
3167,Trick 'r Treat,tt0862856
3168,Night of the Demons,tt0093624
3169,Night of the Demons,tt1268809
3170,Freeway,tt0116361
3171,The Benchwarmers,tt0437863
3172,Friday the 13th: The Final Chapter,tt0087298
3173,Henry: Portrait of a Serial Killer,tt0099763
3174,Romeo Must Die,tt0165929
3175,This Must Be the Place,tt1440345
3176,The Prophecy,tt0114194
3177,Diary of a Mad Black Woman,tt0422093
3178,Bugsy,tt0101516
3179,30 Minutes or Less,tt1622547
3180,"No Retreat, No Surrender",tt0089695
3181,"No Retreat, No Surrender",tt1920997
3182,Darkman,tt0099365
3183,The Hidden,tt0093185
3184,Beerfest,tt0486551
3185,Convoy,tt0077369
3186,Problem Child,tt0100419
3187,The Double,tt1646980
3188,The Double,tt1825157
3189,Coup de Chance,tt15140278
3190,The Ice Pirates,tt0087451
3191,Bride of Chucky,tt0144120
3192,Bad Lieutenant: Port of Call New Orleans,tt1095217
3193,The Wicker Man,tt0070917
3194,The Wicker Man,tt0450345
3195,Fatman,tt10310140
3196,Greta,tt2639336
3197,Star Trek IV: The Voyage Home,tt0092007
3198,The War of the Roses,tt0098621
3199,Nebraska,tt1821549
3200,Stand Up Guys,tt1389096
3201,She-Devil,tt0098309
3202,The Two Jakes,tt0100828
3203,Rubber,tt1612774
3204,Enemy Mine,tt0089092
3205,White Coats,tt0367232
3206,Billy Lynn's Long Halftime Walk,tt2513074
3207,Creepshow 2,tt0092796
3208,White Fang,tt0103247
3209,White Fang,tt5222768
3210,Southland Tales,tt0405336
3211,Night of the Comet,tt0087799
3212,Free Fire,tt4158096
3213,Miami Blues,tt0100143
3214,Coonskin,tt0071361
3215,Volver,tt0441909
3216,Red Planet,tt0199753
3217,Reign Over Me,tt0490204
3218,Elizabethtown,tt0368709
3219,Broken Flowers,tt0412019
3220,Set It Off,tt0117603
3221,Highway to Hell,tt0104418
3222,Bewitched,tt0374536
3223,Breach,tt0401997
3224,Breach,tt9820556
3225,Memphis Belle,tt0100133
3226,Three O'Clock High,tt0094138
3227,Jackass: The Movie,tt0322802
3228,Live by Night,tt2361317
3229,Man on a Ledge,tt1568338
3230,Ingrid Goes West,tt5962210
3231,The Boondock Saints II: All Saints Day,tt1300851
3232,Studio 666,tt15374070
3233,U Turn,tt0120399
3234,U Turn,tt14988886
3235,U Turn,tt5377564
3236,U Turn,tt8733898
3237,Hotel Artemis,tt5834262
3238,10 to Midnight,tt0085121
3239,The Dead Pool,tt0094963
3240,Seed of Chucky,tt0387575
3241,Altitude,tt1407049
3242,Altitude,tt4556370
3243,Rogue,tt0479528
3244,Rogue,tt11576124
3245,Shallow Grave,tt0111149
3246,Shallow Grave,tt0207093
3247,Interceptor,tt14174940
3248,Serial Mom,tt0111127
3249,Above the Law,tt0094602
3250,Honest Thief,tt1838556
3251,I Don't Feel at Home in This World Anymore,tt5710514
3252,Skylines,tt9387250
3253,Spirited,tt10999120
3254,Awake,tt0211933
3255,Awake,tt10418662
3256,Awake,tt7584702
3257,Raw Deal,tt0091828
3258,Night on Earth,tt0102536
3259,Sorority Row,tt1232783
3260,Self/less,tt2140379
3261,Novocaine,tt0234354
3262,Novocaine,tt29603959
3263,Airplane Mode,tt10731748
3264,Airplane Mode,tt5617916
3265,American Ultra,tt3316948
3266,Frenzy,tt0068611
3267,Frenzy,tt4895740
3268,The Crow: Salvation,tt0132910
3269,The Package,tt0098051
3270,The Package,tt1884457
3271,The Package,tt7525778
3272,Thursday,tt0124901
3273,Thursday,tt1114271
3274,Earthquake,tt0071455
3275,Earthquake,tt5270810
3276,Scrooged,tt0096061
3277,Assassination Nation,tt6205872
3278,Wild Target,tt1235189
3279,My Stepmother Is an Alien,tt0095687
3280,Chopper,tt0221073
3281,Cemetery Man,tt0109592
3282,The Men Who Stare at Goats,tt1234548
3283,The Big Wedding,tt1931435
3284,Memories,tt0113799
3285,Memories,tt3124456
3286,Memories,tt3519272
3287,The Conference,tt26547864
3288,Monkeybone,tt0166276
3289,The Ninth Configuration,tt0081237
3290,Wristcutters: A Love Story,tt0477139
3291,Unlawful Entry,tt0105699
3292,The Wolf of Snow Hollow,tt11140488
3293,The Man Who Knew Too Little,tt0120483
3294,Boys on the Side,tt0112571
3295,Police Story,tt0089374
3296,The Bonfire of the Vanities,tt0099165
3297,Malibu Express,tt0089539
3298,Used Cars,tt0081698
3299,Am I Racist?,tt33034103
3300,Friday the 13th Part VI: Jason Lives,tt0091080
3301,Better Watch Out,tt4443658
3302,P2,tt0804516
3303,Cousin Bette,tt0118894
3304,The Stuff,tt0090094
3305,Waking Ned Devine,tt0166396
3306,What?,tt0070913
3307,North,tt0110687
3308,North,tt1252610
3309,W.,tt1175491
3310,Romance & Cigarettes,tt0368222
3311,Evil Toons,tt0099524
3312,Trance,tt1924429
3313,Trance,tt6720802
3314,Cooties,tt2490326
3315,Spookies,tt0090057
3316,Domino,tt0421054
3317,Domino,tt3282076
3318,Dark Angel,tt0099817
3319,The Trip,tt0250067
3320,The Trip,tt13109952
3321,The Trip,tt15826210
3322,The Trip,tt1740047
3323,Spanking the Monkey,tt0111252
3324,Vampire's Kiss,tt0098577
3325,Crimes of Passion,tt0087100
3326,Zola,tt5439812
3327,Intolerable Cruelty,tt0138524
3328,The Dentist,tt0116075
3329,The Messenger,tt0790712
3330,The Messenger,tt0981352
3331,The Messenger,tt3431016
3332,Problem Child 2,tt0102719
3333,Trick or Treat,tt0092112
3334,Bardo: False Chronicle of a Handful of Truths,tt14176542
3335,I Hope They Serve Beer in Hell,tt1220628
3336,Ali G Indahouse,tt0284837
3337,Irrational Man,tt3715320
3338,Tentacles,tt0076809
3339,The Omega Man,tt0067525
3340,Sunshine Cleaning,tt0862846
3341,Adam's Apples,tt0418455
3342,Nutty Professor II: The Klumps,tt0144528
3343,Psycho Beach Party,tt0206226
3344,Deathtrap,tt0083806
3345,Split Second,tt0105459
3346,Cecil B. Demented,tt0173716
3347,Slacker,tt0102943
3348,The Sugarland Express,tt0072226
3349,Death to Smoochy,tt0266452
3350,Torque,tt0329691
3351,Freddy's Dead: The Final Nightmare,tt0101917
3352,Romeo Is Bleeding,tt0107983
3353,Three Colors: White,tt0111507
3354,Stir Crazy,tt0081562
3355,Passed Away,tt0105103
3356,Ruthless People,tt0091877
3357,Women on the Verge of a Nervous Breakdown,tt0095675
3358,The House,tt11703050
3359,The House,tt4481514
3360,Everly,tt1945084
3361,Slumber Party Massacre II,tt0093996
3362,Observe and Report,tt1197628
3363,Rollerball,tt0073631
3364,Rollerball,tt0246894
3365,World's Greatest Dad,tt1262981
3366,Not Okay,tt14814040
3367,Airport 1975,tt0071110
3368,Don't Say a Word,tt0260866
3369,The Informant!,tt1130080
3370,The Last of Sheila,tt0070291
3371,Triple Threat,tt6643972
3372,Songbird,tt12592252
3373,I Heart Huckabees,tt0356721
3374,Pretty Maids All in a Row,tt0067610
3375,The Way of the Gun,tt0202677
3376,Irresistible,tt0448564
3377,Irresistible,tt9076562
3378,Dead End,tt0308152
3379,Employee of the Month,tt0362590
3380,Employee of the Month,tt0424993
3381,Rumble in the Bronx,tt0113326
3382,Sleepaway Camp II: Unhappy Campers,tt0096118
3383,El Conde,tt21113540
3384,The Hotel New Hampshire,tt0087428
3385,Death Wish: The Face of Death,tt0109578
3386,The Castle,tt0118826
3387,In Order of Disappearance,tt2675914
3388,Get the Gringo,tt1567609
3389,Whiskey Tango Foxtrot,tt3553442
3390,The Art of Self-Defense,tt7339248
3391,Female Trouble,tt0072979
3392,The Man with Two Brains,tt0085894
3393,Visitor Q,tt0290329
3394,The Big Feast,tt0070130
3395,Pathology,tt0964539
3396,Sudden Death,tt0114576
3397,Surviving the Game,tt0111323
3398,Fair Game,tt0089122
3399,Fair Game,tt0113010
3400,Fair Game,tt0977855
3401,The House of Yes,tt0119324
3402,Bubba Ho-Tep,tt0281686
3403,My Blueberry Nights,tt0765120
3404,The Green Butchers,tt0342492
3405,American Renegades,tt4106376
3406,Man Up,tt3064298
3407,Who Am I?,tt0127357
3408,Let's Go to Prison,tt0454987
3409,Friday the 13th Part VIII: Jason Takes Manhattan,tt0097388
3410,Dead Heat,tt0094961
3411,Dead Heat,tt0277744
3412,Drowning Mona,tt0186045
3413,Things to Do in Denver When You're Dead,tt0114660
3414,Drowning by Numbers,tt0092929
3415,Coffee and Cigarettes,tt0379217
3416,Party Monster,tt0320244
3417,Away We Go,tt1176740
3418,Class of 1999,tt0099277
3419,Maggie Moore(s),tt14181816
3420,11:14,tt0331811
3421,The Limey,tt0165854
3422,Polyester,tt0082926
3423,Detention,tt0321997
3424,Detention,tt10805432
3425,Detention,tt1701990
3426,American Ninja,tt0088708
3427,Motel Hell,tt0081184
3428,Dr. Giggles,tt0104139
3429,Red Rock West,tt0105226
3430,Pieles,tt5808778
3431,Deuce Bigalow: European Gigolo,tt0367652
3432,Black Bear,tt9601220
3433,Dolls,tt0092906
3434,Dolls,tt0330229
3435,Going Places,tt0072353
3436,Tequila Sunrise,tt0096244
3437,The Hunting Party,tt0067224
3438,The Hunting Party,tt0455782
3439,The Man Without a Past,tt0311519
3440,Exit Wounds,tt0242445
3441,Last of the Dogmen,tt0113617
3442,Paranoia,tt1413495
3443,Cherry Falls,tt0175526
3444,The Crow: Wicked Prayer,tt0353324
3445,The Freshman,tt0099615
3446,Gator,tt0074564
3447,Teaching Mrs. Tingle,tt0133046
3448,White Lightning,tt0070915
3449,Jabberwocky,tt0076221
3450,Welcome to Me,tt2788716
3451,The House of the Dead,tt0072626
3452,Memoirs of an Invisible Man,tt0104850
3453,The Greasy Strangler,tt4381236
3454,Stay Tuned,tt0105466
3455,The Perfect Host,tt1334553
3456,Patient Zero,tt3458254
3457,TerrorVision,tt0092074
3458,Love Me If You Dare,tt0364517
3459,The Big Hit,tt0120609
3460,The Big Hit,tt12444440
3461,The Abominable Dr. Phibes,tt0066740
3462,The Nine Lives of Fritz the Cat,tt0071913
3463,Gringo,tt3721964
3464,I Love You to Death,tt0099819
3465,Innocent Blood,tt0104511
3466,Bitch Slap,tt1212974
3467,Inside Man: Most Wanted,tt7832848
3468,Corner Office,tt13849558
3469,The Ref,tt0110955
3470,Hell,tt0109731
3471,Hell,tt0430224
3472,Hell,tt1643222
3473,Hell,tt1692190
3474,Zom 100: Bucket List of the Dead,tt20672534
3475,The Weather Man,tt0384680
3476,Pawn Shop Chronicles,tt1741243
3477,Little Evil,tt2937366
3478,Jackass Presents: Bad Grandpa,tt3063516
3479,Jumpin' Jack Flash,tt0091306
3480,Slums of Beverly Hills,tt0120831
3481,"Don't Worry, He Won't Get Far on Foot",tt6288124
3482,Forbidden Zone,tt0080752
3483,Suicide Club,tt0312843
3484,Pushing Tin,tt0120797
3485,Dragonfly,tt0259288
3486,Goodbye Uncle Tom,tt0180396
3487,What We Did on Our Holiday,tt2725962
3488,Heavy Metal 2000,tt0119273
3489,Bordello of Blood,tt0117826
3490,Mr. Nice Guy,tt0117786
3491,Nightmare Sisters,tt0093628
3492,The Marine,tt0419946
3493,Hell Ride,tt0411475
3494,Bedazzled,tt0230030
3495,The Party,tt0082100
3496,The Party,tt5814592
3497,Mr. Majestyk,tt0071866
3498,Moebius,tt0117069
3499,Moebius,tt2942522
3500,Daydream Nation,tt1581835
3501,Sleepaway Camp III: Teenage Wasteland,tt0096119
3502,The Hospital,tt0067217
3503,Riki-Oh: The Story of Ricky,tt0102293
3504,Ice Cream Man,tt0113376
3505,Big Game,tt2088003
3506,Captain Kronos: Vampire Hunter,tt0071276
3507,Flirting with Disaster,tt0116324
3508,Fierce Creatures,tt0119115
3509,A Bay of Blood,tt0067656
3510,Blue Collar,tt0077248
3511,Mystery Train,tt0097940
3512,The Manhattan Project,tt0091472
3513,Home Sweet Hell,tt2802136
3514,Alien Nation,tt0094631
3515,Birthday Girl,tt0188453
3516,Suicide Kings,tt0120241
3517,Freaks of Nature,tt1817771
3518,Blow the Man Down,tt8299768
3519,Vamp,tt0092147
3520,New Police Story,tt0386005
3521,Gorgeous,tt0184526
3522,Gorgeous,tt22227936
3523,Keeping Mum,tt0444653
3524,Shock Treatment,tt0083067
3525,French Exit,tt10279362
3526,The Day of the Beast,tt0112922
3527,Deadtime Stories,tt0092850
3528,Behind the Mask: The Rise of Leslie Vernon,tt0437857
3529,High Strung,tt0102032
3530,High Strung,tt3451230
3531,Desayuno De Campeones,tt0120618
3532,Tales from the Darkside: The Movie,tt0100740
3533,Damsel,tt13452446
3534,Damsel,tt5881528
3535,Stolen,tt1139282
3536,Stolen,tt1656186
3537,Stolen,tt21955196
3538,Drive Thru,tt0466766
3539,Shakes the Clown,tt0102898
3540,Goin' South,tt0077621
3541,The Killer Elite,tt0073240
3542,Swimming with Sharks,tt0114594
3543,Rock & Rule,tt0086203
3544,Operation: Endgame,tt1268987
3545,Below Zero,tt9845564
3546,The Opposite of Sex,tt0120777
3547,The Boys in the Band,tt0065488
3548,The Boys in the Band,tt10199914
3549,Dirty Love,tt0327643
3550,Martin,tt0077914
3551,Martin,tt15334030
3552,The Last Supper,tt0113613
3553,Electra Glide in Blue,tt0070022
3554,Phantasm II,tt0095863
3555,The Last Days of Disco,tt0120728
3556,The Spanish Apartment,tt0283900
3557,Cannibal! The Musical,tt0115819
3558,Fahrenheit 9/11,tt0361596
3559,Duplex,tt0266489
3560,Burying the Ex,tt3339674
3561,Cheerleader Camp,tt0092744
3562,Action Jackson,tt0094612
3563,Action Jackson,tt0403935
3564,The Fourth Protocol,tt0093044
3565,Everything You Always Wanted to Know About Sex * But Were Afraid to Ask,tt0068555
3566,Willard,tt0067991
3567,Willard,tt0310357
3568,The Concorde... Airport '79,tt0078740
3569,Mickey Blue Eyes,tt0130121
3570,The Crazies,tt0069895
3571,The Crazies,tt0455407
3572,Blithe Spirit,tt10334148
3573,Pumpkin,tt0265591
3574,The Private Lives of Pippa Lee,tt1134629
3575,Intermission,tt0332658
3576,Just Before I Go,tt2980472
3577,Pink Cadillac,tt0098097
3578,Furry Vengeance,tt0492389
3579,Dirty Mary Crazy Larry,tt0071424
3580,Silent Rage,tt0084684
3581,Theater of Blood,tt0070791
3582,High Heels,tt0103030
3583,Mafia!,tt0120741
3584,The Savages,tt0775529
3585,Wasabi,tt0281364
3586,What Just Happened,tt0486674
3587,Bloody Mama,tt0065481
3588,The Banana Splits Movie,tt9831136
3589,Four Flies on Grey Velvet,tt0066735
3590,Brick Mansions,tt1430612
3591,Kika,tt0107315
3592,Bunraku,tt1181795
3593,The Dance of Reality,tt2301592
3594,Ripley's Game,tt0265651
3595,Fire Birds,tt0099575
3596,Knockaround Guys,tt0211465
3597,Submission,tt2707810
3598,Support Your Local Gunfighter,tt0067809
3599,Nurse Betty,tt0171580
3600,One Night at McCool's,tt0203755
3601,Other People,tt4158876
3602,Manhattan Murder Mystery,tt0107507
3603,Miss You Already,tt2245003
3604,Nice Dreams,tt0082163
3605,Extra Ordinary,tt8233874
3606,Rare Exports,tt1401143
3607,Deranged,tt0071408
3608,Deranged,tt2173024
3609,Matador,tt0091495
3610,I Give It a Year,tt2244901
3611,He Never Died,tt2386404
3612,Death Hunt,tt0082247
3613,Perrier's Bounty,tt1003034
3614,The Monster,tt0110570
3615,The Monster,tt3976144
3616,The Stronghold,tt10404944
3617,The Stronghold,tt5238240
3618,Teachers,tt0088242
3619,Silent Movie,tt0075222
3620,Dr. T & the Women,tt0205271
3621,Ghosts Can't Do It,tt0099656
3622,America: The Motion Picture,tt6733874
3623,Scent of a Woman,tt0072037
3624,Scent of a Woman,tt0105323
3625,Weekend at Bernie's II,tt0108539
3626,Urban Legends: Final Cut,tt0192731
3627,Nick of Time,tt0113972
3628,Spartan,tt0360009
3629,The Forsaken,tt0245120
3630,Cadillac Man,tt0099204
3631,Jack Frost,tt0141109
3632,The Phantom of Liberty,tt0071487
3633,Clockwise,tt0090852
3634,The Ruling Class,tt0069198
3635,The Holcroft Covenant,tt0089283
3636,I Wanna Hold Your Hand,tt0077714
3637,Dillinger,tt0069976
3638,Moonlight Mile,tt0179098
3639,Honkytonk Man,tt0084088
3640,In Fabric,tt7464188
3641,The Cottage,tt0465430
3642,The Cottage,tt1977941
3643,Kevin & Perry Go Large,tt0205177
3644,A New Leaf,tt0067482
3645,Buffalo Soldiers,tt0252299
3646,Metropolitan,tt0100142
3647,The Coed and the Zombie Stoner,tt3608654
3648,Hey Good Lookin',tt0084070
3649,Surveillance,tt0409345
3650,The Candy Snatchers,tt0069840
3651,Point Blank,tt0175047
3652,Point Blank,tt13760814
3653,Point Blank,tt1545759
3654,Point Blank,tt2499472
3655,The Foot Fist Way,tt0492619
3656,Watchers,tt0096425
3657,O Lucky Man!,tt0070464
3658,The 100 Year-Old Man Who Climbed Out the Window and Disappeared,tt2113681
3659,The Death of Dick Long,tt9356952
3660,Love Stinks,tt0188863
3661,Death Line,tt0068458
3662,The Dish,tt0205873
3663,Unaccompanied Minors,tt0488658
3664,Kidulthood,tt0435680
3665,The Ambulance,tt0099026
3666,A Deadly Invitation,tt13022120
3667,North Sea Hijack,tt0081809
3668,Blood Sucking Freaks,tt0077247
3669,Mother's Day,tt0081186
3670,Mother's Day,tt0107625
3671,Mother's Day,tt1434435
3672,Mother's Day,tt19724192
3673,Mother's Day,tt4824302
3674,The Tournament,tt0471041
3675,Dobermann,tt0118996
3676,The Lift,tt0087622
3677,976-EVIL,tt0094597
3678,Brain Dead,tt0099173
3679,Brain Dead,tt0914799
3680,Two-Minute Warning,tt0075359
3681,Silent Night,tt11628854
3682,Silent Night,tt15799866
3683,Silent Night,tt2347497
3684,Silent Night,tt7133554
3685,Twin Town,tt0120394
3686,Office Uprising,tt6251024
3687,The Last Horror Film,tt0087592
3688,The Family Fang,tt2097331
3689,The Hunter,tt0080907
3690,The Hunter,tt1190072
3691,The Hunter,tt1703148
3692,The Angels' Share,tt1924394
3693,Parents,tt0098068
3694,Leprechaun Returns,tt8155182
3695,Pixie,tt10831086
3696,The Chumscrubber,tt0406650
3697,Ten Little Indians,tt0072263
3698,Ten Little Indians,tt0092879
3699,Ten Little Indians,tt0098454
3700,Head Above Water,tt0107121
3701,Head Above Water,tt0116502
3702,Mute Witness,tt0110604
3703,Police Story 2,tt0095403
3704,To Sleep with Anger,tt0100791
3705,Dylan Dog: Dead of Night,tt1013860
3706,Dr. Tarr's Torture Dungeon,tt0068504
3707,Crimes of the Heart,tt0090886
3708,The End,tt0077504
3709,The End,tt15551346
3710,The End,tt2046090
3711,Home Fries,tt0119304
3712,The Survivors,tt0086397
3713,Strangers with Candy,tt0369994
3714,Fred Claus,tt0486583
3715,Basket Case 2,tt0099108
3716,8 ½ Women,tt0154443
3717,Kill Me Three Times,tt2393845
3718,Storytelling,tt0250081
3719,Satan's Little Helper,tt0380687
3720,Desert Blue,tt0126261
3721,A Return to Salem's Lot,tt0093855
3722,Multiple Maniacs,tt0067454
3723,An Awfully Big Adventure,tt0112427
3724,I Don't Know How She Does It,tt1742650
3725,Replicant,tt0238552
3726,You Kill Me,tt0796375
3727,A Long Way Down,tt0458413
3728,Lone Star State of Mind,tt0269483
3729,Chi-Raq,tt4594834
3730,The Unbelievable Truth,tt0100842
3731,JCVD,tt1130988
3732,Brewster McCloud,tt0065492
3733,Meet the Applegates,tt0100129
3734,Triple Dog,tt1232838
3735,Nina Forever,tt2885628
3736,Lucky Numbers,tt0219952
3737,Alan Partridge,tt0469021
3738,Telefon,tt0076804
3739,The Octagon,tt0081259
3740,White Sands,tt0105813
3741,CB4,tt0106500
3742,Precious Cargo,tt4651410
3743,House of the Long Shadows,tt0085693
3744,Alone in the Dark,tt0083542
3745,Alone in the Dark,tt0369226
3746,Rumpelstiltskin,tt0114306
3747,Blood Diner,tt0092669
3748,All American Orgy,tt1328909
3749,Dead in a Week Or Your Money Back,tt3525168
3750,Crimewave,tt0088967
3751,Big Nothing,tt0488085
3752,Fido,tt0457572
3753,Three... Extremes,tt0420251
3754,Sunset,tt0096193
3755,Sunset,tt5855772
3756,Feeling Minnesota,tt0116289
3757,Judas Kiss,tt0138541
3758,Judas Kiss,tt1242642
3759,"War, Inc.",tt0884224
3760,Basket Case 3,tt0103773
3761,The Death of Mr. Lazarescu,tt0456149
3762,The Mod Squad,tt0120757
3763,The Accidental Spy,tt0271946
3764,Freeway II: Confessions of a Trickbaby,tt0175536
3765,Phantasm III: Lord of the Dead,tt0110823
3766,Celine and Julie Go Boating,tt0071381
3767,My Boyfriend's Back,tt0107626
3768,Eddie Murphy: Raw,tt0092948
3769,Burke and Hare,tt1320239
3770,"Monica, O My Darling",tt15128068
3771,Kafka,tt0102181
3772,It's All Gone Pete Tong,tt0388139
3773,Student Bodies,tt0083133
3774,Killers Anonymous,tt8400758
3775,An Eye for an Eye,tt0082350
3776,Eat Locals,tt4401006
3777,Trailer Park Boys: The Movie,tt0425601
3778,Beyond Re-Animator,tt0222812
3779,Control,tt0373981
3780,Control,tt0374584
3781,Control,tt0421082
3782,Control,tt14036276
3783,Control,tt1727497
3784,Anguish,tt0090644
3785,Anguish,tt3620762
3786,Chastity Bites,tt2145637
3787,The Guilt Trip,tt1694020
3788,Wedlock,tt0103239
3789,Daddy and Them,tt0166158
3790,Art School Confidential,tt0364955
3791,Hollywood Chainsaw Hookers,tt0095312
3792,Life During Wartime,tt0808526
3793,Two Girls and a Guy,tt0124179
3794,Stockholm,tt2380207
3795,Stockholm,tt6474040
3796,Murphy's Law,tt0091575
3797,Prom Night III: The Last Kiss,tt0098136
3798,Extraction,tt2823574
3799,Extraction,tt4382872
3800,Extraction,tt8936646
3801,Pandemonium,tt0084464
3802,Pandemonium,tt22299048
3803,The Butcher Boy,tt0118804
3804,The Wicker Tree,tt0323808
3805,Arthur Newman,tt1930546
3806,Let's Kill Ward's Wife,tt2980708
3807,Weekend,tt1714210
3808,Yaksha: Ruthless Operations,tt12663250
3809,The Acid House,tt0122515
3810,The Ice Harvest,tt0400525
3811,In the Company of Men,tt0119361
3812,ExTerminators,tt1209378
3813,Casino Jack,tt1194417
3814,Darling Companion,tt1730687
3815,Serious Moonlight,tt1133993
3816,Stitches,tt2126362
3817,Stitches,tt7319312
3818,The Vagrant,tt0105719
3819,Bad Kids of Crestview Academy,tt3349578
3820,The Big White,tt0402850
3821,Cosi,tt0115951
3822,The Italian Connection,tt0068902
3823,Mercenaries,tt1728979
3824,Mercenaries,tt3598222
3825,Santa's Slay,tt0393685
3826,Of Unknown Origin,tt0086036
3827,Wise Blood,tt0080140
3828,Tough Guys Don't Dance,tt0094169
3829,Turbulence,tt0120390
3830,The Vicious Kind,tt1183921
3831,Fled,tt0116320
3832,Turkey Shoot,tt0082338
3833,Turkey Shoot,tt3816614
3834,Cottage Country,tt2072933
3835,Hollywood Boulevard,tt0074633
3836,See You Up There,tt5258850
3837,Homegrown,tt0119305
3838,Mumford,tt0140397
3839,The Curve,tt0123034
3840,Wish You Were Here,tt0094331
3841,Wish You Were Here,tt1684925
3842,Barcelona,tt0109219
3843,Mad Dog Time,tt0116953
3844,Deal of the Century,tt0085412
3845,Mindhorn,tt4799064
3846,Slipstream,tt0098350
3847,Slipstream,tt0381601
3848,Slipstream,tt0499570
3849,Shopping,tt0111173
3850,The Binge,tt10994688
3851,Cleopatra Jones,tt0069890
3852,A Shock to the System,tt0100602
3853,Stealing Harvard,tt0265808
3854,Another Happy Day,tt1719071
3855,Tormented,tt1100053
3856,Tormented,tt2726270
3857,Grand Tour: Disaster in Time,tt0104362
3858,Head of the Family,tt0116503
3859,Goodbye Lover,tt0119219
3860,Six Ways to Sunday,tt0127288
3861,The Silence of the Hams,tt0111190
3862,Assassination,tt0092585
3863,Assassination,tt3501416
3864,Take Me,tt6598626
3865,Ca$h,tt1106860
3866,S.F.W.,tt0111048
3867,Sordid Lives,tt0204640
3868,Eliminators,tt0091003
3869,Eliminators,tt4587366
3870,Henry Fool,tt0122529
3871,Bounty Killer,tt2369396
3872,Last Night,tt0156729
3873,Last Night,tt1294688
3874,Barney Thomson,tt2552394
3875,Bianca,tt0085240
3876,Proof,tt0102721
3877,Proof,tt0377107
3878,The Day Shall Come,tt7078658
3879,Manny & Lo,tt0116985
3880,Pretty Persuasion,tt0381505
3881,Surviving Christmas,tt0252028
3882,Phantasm IV: Oblivion,tt0138703
3883,Tonight She Comes,tt5161376
3884,The Dentist 2,tt0161492
3885,Ticker,tt0196158
3886,Hansel & Gretel Get Baked,tt2081194
3887,Undead,tt0339840
3888,Dr. Phibes Rises Again,tt0068503
3889,Trailer Park Boys,tt0383678
3890,Ringmaster,tt0165494
3891,The Seduction of Mimi,tt0068950
3892,A Pigeon Sat on a Branch Reflecting on Existence,tt1883180
3893,Braddock: Missing in Action III,tt0094792
3894,The Final Programme,tt0070289
3895,Your Friends and Neighbors,tt0119517
3896,The Happiness of the Katakuris,tt0304262
3897,Kids in the Hall: Brain Candy,tt0116768
3898,Supercop 2,tt0106544
3899,Killing Cabos,tt0380538
3900,Money for Nothing,tt0107594
3901,Girl Walks Into a Bar,tt1682246
3902,Pray for Death,tt0089835
3903,Bait,tt0211938
3904,Bait,tt1438173
3905,Bait,tt9652782
3906,The Horror of Frankenstein,tt0065851
3907,The Fortune,tt0073008
3908,Pauly Shore Is Dead,tt0284674
3909,Bone,tt0068306
3910,Good Neighbours,tt1576440
3911,It's a Disaster,tt1995341
3912,Suck,tt1323605
3913,Red Scorpion,tt0098180
3914,The Baker,tt0783234
3915,The Baker,tt3917710
3916,Herod's Law,tt0221344
3917,Happy Campers,tt0210094
3918,Love and Human Remains,tt0107447
3919,The Last Remake of Beau Geste,tt0076297
3920,Little Murders,tt0067350
3921,Twenty Bucks,tt0108410
3922,Camouflage,tt0075730
3923,Camouflage,tt0150021
3924,Unfaithfully Yours,tt0088326
3925,The Saddest Music in the World,tt0366996
3926,Doctor Mordrid,tt0104115
3927,Snatchers,tt10009030
3928,13: Game of Death,tt0883995
3929,Panic,tt0194218
3930,Used People,tt0105706
3931,Cold Turkey,tt0066927
3932,Terminal Exposure,tt0094122
3933,Eat the Rich,tt0092944
3934,Apartment Zero,tt0094667
3935,Curdled,tt0115994
3936,Shank,tt1288571
3937,Shank,tt1320296
3938,Jack Brooks: Monster Slayer,tt0816539
3939,Funny Bones,tt0113133
3940,High Risk,tt0082516
3941,High Risk,tt0114437
3942,A Force of One,tt0079168
3943,12 Rounds 2: Reloaded,tt2317524
3944,Vulgar,tt0120467
3945,Where's Poppa?,tt0066563
3946,Poor White Trash,tt0204350
3947,Montenegro,tt0082770
3948,Run,tt0102818
3949,Run,tt0331621
3950,Run,tt0411815
3951,Run,tt2215457
3952,Run,tt8633478
3953,An Alan Smithee Film: Burn Hollywood Burn,tt0118577
3954,Division III: Football's Finest,tt1562849
3955,Common Wealth,tt0255067
3956,The Dark Backward,tt0101660
3957,Sitcom,tt0157044
3958,Imaginary Heroes,tt0373024
3959,Medusa Deluxe,tt14773478
3960,Kill Buljo: The Movie,tt0913401
3961,The Death Wheelers,tt0067630
3962,Jesus Christ Vampire Hunter,tt0311361
3963,The Cat and the Canary,tt0077304
3964,The Shortcut,tt1243955
3965,Shrunken Heads,tt0111175
3966,The Hitman,tt0102045
3967,With a Friend Like Harry...,tt0216800
3968,Kenny,tt0822389
3969,The Big Bang,tt1307873
3970,Free Money,tt0120678
3971,Fortress 2: Re-Entry,tt0179183
3972,My Demon Lover,tt0093589
3973,Trouble Man,tt0069414
3974,99 Francs,tt0875113
3975,Splitting Heirs,tt0108207
3976,Full Moon High,tt0082425
3977,Terribly Happy,tt1087890
3978,Death in Brunswick,tt0101692
3979,Picking Up the Pieces,tt0192455
3980,From Noon Till Three,tt0074553
3981,Neon Maniacs,tt0127045
3982,Little Witches,tt0116897
3983,"This World, Then the Fireworks",tt0117898
3984,Scenes from the Class Struggle in Beverly Hills,tt0098261
3985,Dead Shack,tt6401004
3986,The Tripper,tt0760187
3987,Psycho Cop Returns,tt0107894
3988,Faithful,tt0116269
3989,Cyber Tracker,tt0109515
3990,Hammett,tt0085640
3991,Aqua Teen Forever: Plantasm,tt14636190
3992,Renegades,tt0098188
3993,Renegades,tt11696276
3994,Horror Hospital,tt0070190
3995,Trigun: Badlands Rumble,tt1703049
3996,Blood Theatre,tt0091561
3997,Retroactive,tt0117468
3998,The Perfect Dictatorship,tt3970854
3999,The Original Kings of Comedy,tt0236388
4000,Psychos in Love,tt0093800
4001,Bad Girls from Valley High,tt0216746
4002,No Such Thing,tt0248190
4003,Extreme Ops,tt0283160
4004,Baxter,tt0094713
4005,Funny Man,tt0109858
4006,Big Bully,tt0115676
4007,Whoever Slew Auntie Roo?,tt0067983
4008,"Enemies, A Love Story",tt0097276
4009,Suburban Mayhem,tt0450506
4010,Wilbur Wants to Kill Himself,tt0329767
4011,Girls Will Be Girls,tt0339071
4012,Girls Will Be Girls,tt18277182
4013,Grand Theft Parsons,tt0338075
4014,The Asian Connection,tt3187378
4015,Laal Rang,tt5600714
4016,It's A Wonderful Binge,tt16532314
4017,Even Dwarfs Started Small,tt0065436
4018,The Good Student,tt0478210
4019,Trash Fire,tt5076792
4020,Stardom,tt0192949
4021,Disorganized Crime,tt0097211
4022,Hard Core Logo,tt0116488
4023,Jinxed!,tt0084173
4024,My New Partner,tt0088002
4025,Testosterone,tt0378867
4026,Critical Care,tt0118901
4027,Dedication,tt0490579
4028,Penn & Teller Get Killed,tt0098073
4029,Venicephrenia,tt12412166
4030,Double Whammy,tt0250347
4031,Nobody's Baby,tt0215516
4032,Dragon Eyes,tt1735862
4033,A Gorgeous Girl Like Me,tt0069442
4034,Something for Everyone,tt0066392
4035,Susan's Plan,tt0145505
4036,"Little Fish, Strange Pond",tt1053880
4037,Terror Tract,tt0211661
4038,Angel,tt0083560
4039,Angel,tt0086896
4040,Angel,tt0783767
4041,Coldblooded,tt0112702
4042,A Pain in the Ass,tt0072934
4043,A Pain in the Ass,tt1182924
4044,The Cutter,tt0432267
4045,Thin Ice,tt1512240
4046,Ali's Wedding,tt2782692
4047,Trailer Park Boys: Countdown to Liquor Day,tt1337032
4048,B. Monkey,tt0120594
4049,Birds of America,tt1029134
4050,The Myth of Fingerprints,tt0119746
4051,The Corpse Grinders,tt0068414
4052,Evil Aliens,tt0383353
4053,Sweatshop,tt1160374
4054,Jagame Thandhiram,tt10661848
4055,Best Man Down,tt1885300
4056,Cyborg Cop,tt0109517
4057,Britannia Hospital,tt0083694
4058,The Bodyguard from Beijing,tt0111835
4059,Two Heads Creek,tt6515200
4060,The Taking of Beverly Hills,tt0105526
4061,Bad Girls,tt0109198
4062,Bad Girls,tt0806940
4063,One in the Chamber,tt1881024
4064,The Filth and the Fury,tt0236216
4065,Dead Fish,tt0379240
4066,Private Pérez,tt0461336
4067,Some Guy Who Kills People,tt1568341
4068,Last Life in the Universe,tt0345549
4069,Fruit of Paradise,tt0064781
4070,Sibling Rivalry,tt0100611
4071,Mischief Night,tt2872810
4072,Hawks,tt0097487
4073,Jerry and Tom,tt0120867
4074,A Deal Is a Deal,tt1130980
4075,Weirdsville,tt0758798
4076,Cuba,tt0079013
4077,A Fistful of Fingers,tt0131396
4078,Kabluey,tt0816545
4079,Up from the Depths,tt0080066
4080,Mistress,tt0074883
4081,Mistress,tt0104892
4082,Office Killer,tt0119819
4083,Buba,tt21195548
4084,Jersey Shore Massacre,tt2713642
4085,Evil Breed: The Legend of Samhain,tt0318040
4086,Who Is Harry Kellerman and Why Is He Saying Those Terrible Things About Me?,tt0067980
4087,No Contest,tt0110675
4088,Beware: Children at Play,tt0112492
4089,Tony Manero,tt1223975
4090,Highway 61,tt0102035
4091,Down Terrace,tt1489167
4092,The Motive,tt5451244
4093,Bad Kids Go to Hell,tt1865573
4094,The Secret Lives of Dentists,tt0314630
4095,A Better Way to Die,tt0168504
4096,Hellbenders,tt1865393
4097,Bizarre,tt3904272
4098,Blast,tt0115701
4099,Blast,tt0361399
4100,Dirty Deeds,tt0280605
4101,Dirty Deeds,tt0407732
4102,The Revengers' Comedies,tt0120013
4103,Heaven,tt0246677
4104,Heaven,tt20115138
4105,Last Holiday,tt0408985
4106,The McKenzie Break,tt0066064
4107,Richard Pryor: Live on the Sunset Strip,tt0084597
4108,Midnight Ride,tt0100148
4109,Seven Stages to Achieve Eternal Bliss,tt4270452
4110,Out of the Dark,tt0095803
4111,Out of the Dark,tt0113356
4112,Out of the Dark,tt2872724
4113,The House of Flowers: The Movie,tt14549558
4114,AK vs AK,tt11651796
4115,Never Gonna Snow Again,tt9526784
4116,Rulers of the City,tt0076518
4117,Out Cold,tt0253798
4118,Rabies,tt1754000
4119,End of the Road,tt13655328
4120,Rubin and Ed,tt0102817
4121,Children of the Revolution,tt0115886
4122,Who Killed Bambi?,tt0326036
4123,Who Killed Bambi?,tt2604346
4124,Wave of Crimes,tt7459182
4125,Soldier Boyz,tt0114489
4126,The New Age,tt0110649
4127,American Crude,tt0415489
4128,Pups,tt0185101
4129,The Murderer,tt22696230
4130,The Last Horror Movie,tt0319728
4131,Natural Selection,tt1621426
4132,Natural Selection,tt3667792
4133,Blood Dolls,tt0203343
4134,Tiger on Beat,tt0095491
4135,The Sea,tt0332381
4136,For Roseanna,tt0120034
4137,Punch,tt13153494
4138,Punch,tt2088012
4139,How to Be a Serial Killer,tt1038971
4140,Happy Times,tt0303243
4141,Getting Away with Murder,tt0116405
4142,Angel's Dance,tt0159995
4143,Viva Italia!,tt0078012
4144,"Alfredo, Alfredo",tt0068189
4145,The Point Men,tt0254703
4146,The Point Men,tt21111120
4147,Nosferatu,tt5040012
4148,The Lord of the Rings: The War of the Rohirrim,tt14824600
4149,The Crow,tt0109506
4150,The Crow,tt1340094
4151,In the Lost Lands,tt4419684
4152,The Witch,tt4263482
4153,Twilight,tt0100732
4154,Twilight,tt0119594
4155,Twilight,tt1099212
4156,The Witcher: Sirens of the Deep,tt15495150
4157,Harry Potter and the Deathly Hallows: Part 2,tt1201607
4158,Reign of Fire,tt0253556
4159,The Shape of Water,tt5580390
4160,Sleepy Hollow,tt0162661
4161,Doctor Strange in the Multiverse of Madness,tt9419884
4162,Underworld,tt0090233
4163,Underworld,tt0320691
4164,Interview with the Vampire,tt0110148
4165,Alice in Wonderland,tt1014759
4166,Harry Potter and the Deathly Hallows: Part 1,tt0926084
4167,Doctor Sleep,tt5606664
4168,Labyrinth,tt0091369
4169,Labyrinth,tt0297247
4170,Labyrinth,tt0340086
4171,Labyrinth,tt2118669
4172,Masters of the Universe,tt0093507
4173,Highlander,tt0091203
4174,Miss Peregrine's Home for Peculiar Children,tt1935859
4175,It Chapter Two,tt7349950
4176,Fantastic Beasts: The Secrets of Dumbledore,tt4123432
4177,Mortal Kombat,tt0113855
4178,Mortal Kombat,tt0293429
4179,Maleficent,tt1587310
4180,Legend,tt0089469
4181,Legend,tt3555036
4182,Legend,tt3569230
4183,Willow,tt0096446
4184,Willow,tt9392618
4185,Conan the Barbarian,tt0082198
4186,Conan the Barbarian,tt0816462
4187,Thor: The Dark World,tt1981115
4188,The Dark Tower,tt1648190
4189,Coraline,tt0327597
4190,Warcraft,tt0803096
4191,The Last Voyage of the Demeter,tt1001520
4192,Edward Scissorhands,tt0099487
4193,Batman Returns,tt0103776
4194,Hansel & Gretel: Witch Hunters,tt1428538
4195,Mortal Engines,tt1571234
4196,Hellboy,tt0167190
4197,Hellboy,tt2274648
4198,Dark Shadows,tt1077368
4199,Ghost Rider,tt0259324
4200,The Last Witch Hunter,tt1618442
4201,Return to Oz,tt0089908
4202,Maleficent: Mistress of Evil,tt4777008
4203,Gretel & Hansel,tt9086228
4204,Fallen,tt0119099
4205,Fallen,tt1564777
4206,Hocus Pocus,tt0107120
4207,Guillermo del Toro's Pinocchio,tt1488589
4208,Dracula Untold,tt0829150
4209,Teen Wolf: The Movie,tt15486810
4210,Only Lovers Left Alive,tt1714915
4211,Death Note,tt0758742
4212,Death Note,tt1241317
4213,The Witches,tt0100944
4214,The Witches,tt0805647
4215,The Wolfman,tt0780653
4216,The Witcher: Nightmare of the Wolf,tt11657662
4217,Underworld: Blood Wars,tt3717252
4218,Abraham Lincoln: Vampire Hunter,tt1611224
4219,The Keep,tt0085780
4220,The Nightmare Before Christmas,tt0107688
4221,The Huntsman: Winter's War,tt2381991
4222,Cool World,tt0104009
4223,Monster Hunter,tt6475714
4224,Corpse Bride,tt0121164
4225,Time Bandits,tt0081633
4226,Ladyhawke,tt0089457
4227,The Dark Crystal,tt0083791
4228,The Golden Compass,tt0385752
4229,Vampire Hunter D: Bloodlust,tt0216651
4230,Mad God,tt15090124
4231,Let Me In,tt1228987
4232,The Lord of the Rings,tt0077869
4233,Conan the Destroyer,tt0087078
4234,The Black Cauldron,tt0088814
4235,The Secret of NIMH,tt0084649
4236,A Monster Calls,tt3416532
4237,Tale of Tales,tt3278330
4238,The Sword and the Sorcerer,tt0084749
4239,The Last Unicorn,tt0084237
4240,Dracula 2000,tt0219653
4241,Fire and Ice,tt0085542
4242,Dracula,tt0079073
4243,Dracula,tt0103874
4244,Demon Slayer: Kimetsu no Yaiba - The Movie: Mugen Train,tt11032374
4245,Deathstalker,tt0087127
4246,Lady in the Water,tt0452637
4247,Mortal Kombat: Annihilation,tt0119707
4248,Krampus,tt3850590
4249,The House with a Clock in Its Walls,tt2119543
4250,Wizards,tt0076929
4251,Dragonslayer,tt0082288
4252,7 Guardians of the Tomb,tt4915672
4253,BloodRayne,tt0383222
4254,New Nightmare,tt0111686
4255,Mortal,tt5715066
4256,Mirrormask,tt0366780
4257,The Mummy,tt0120616
4258,The Mummy,tt2345759
4259,The Last Wave,tt0076299
4260,Something Wicked This Way Comes,tt0086336
4261,Conquest,tt0085356
4262,Night Watch,tt0070444
4263,Night Watch,tt0403358
4264,Blacula,tt0068284
4265,Snow White: A Tale of Terror,tt0119227
4266,Demon Slayer: Kimetsu No Yaiba - To the Swordsmith Village,tt26537229
4267,Vampire in Brooklyn,tt0114825
4268,Tideland,tt0410764
4269,Highlander: Endgame,tt0144964
4270,Diary of the Dead,tt0848557
4271,Mortal Kombat Legends: Scorpion's Revenge,tt9580138
4272,Highlander: The Final Dimension,tt0110027
4273,Made in Abyss: Dawn of the Deep Soul,tt10068916
4274,Hideaway,tt0113303
4275,Hideaway,tt1504429
4276,Ganja & Hess,tt0068619
4277,Demon Slayer: Kimetsu No Yaiba - To the Hashira Training,tt30395619
4278,Taste the Blood of Dracula,tt0065073
4279,Day Watch,tt0409904
4280,"Gamera, the Guardian of the Universe",tt0113142
4281,Hellbound,tt0107101
4282,Good Manners,tt5480782
4283,Black Butler: Book of the Atlantic,tt5476944
4284,Made in Abyss: Wandering Twilight,tt10068544
4285,The Minion,tt0139465
4286,The Gorge,tt13654226
4287,Eternal Sunshine of the Spotless Mind,tt0338013
4288,Love Lies Bleeding,tt19637052
4289,Cruel Intentions,tt0139134
4290,True Romance,tt0108399
4291,Little Children,tt0404203
4292,Unfaithful,tt0250797
4293,Indecent Proposal,tt0107211
4294,King Kong,tt0074751
4295,King Kong,tt0360717
4296,In the Mood for Love,tt0118694
4297,The Secret in Their Eyes,tt1305806
4298,Natural Born Killers,tt0110632
4299,Leaving Las Vegas,tt0113627
4300,Mr. Nobody,tt0485947
4301,Killing Me Softly,tt0250468
4302,Body Heat,tt0082089
4303,Crimson Peak,tt2554274
4304,Love Story,tt0066011
4305,Love Story,tt11384004
4306,Gaslight,tt27012110
4307,Original Sin,tt0218922
4308,Bitter Moon,tt0104779
4309,Dangerous Liaisons,tt0094947
4310,Dangerous Liaisons,tt15548032
4311,Dangerous Liaisons,tt2071441
4312,Rebecca,tt2235695
4313,Damage,tt0104237
4314,Damage,tt1314177
4315,Notes on a Scandal,tt0465551
4316,Girls on Film,tt28225049
4317,Halloween Ends,tt10665342
4318,Lady Macbeth,tt4291600
4319,Three Colors: Blue,tt0108394
4320,Head-On,tt0347048
4321,Seeking a Friend for the End of the World,tt1307068
4322,Three Colors: Red,tt0111495
4323,Sid and Nancy,tt0091954
4324,Wolf,tt0111742
4325,Wolf,tt0385842
4326,Wolf,tt0937378
4327,Wolf,tt10698174
4328,Wolf,tt2504404
4329,Wolf,tt8152324
4330,Wolf,tt8197998
4331,The Exception,tt4721124
4332,The Exception,tt7420532
4333,The One I Love,tt2756032
4334,Wuthering Heights,tt0066585
4335,Wuthering Heights,tt0104181
4336,Wuthering Heights,tt1181614
4337,Perdita Durango,tt0119879
4338,Raise the Red Lantern,tt0101640
4339,Random Hearts,tt0156934
4340,Equals,tt3289728
4341,Faithless,tt0157122
4342,Broken Embraces,tt0913425
4343,Asylum,tt0068230
4344,Asylum,tt0348505
4345,Asylum,tt0804443
4346,Read My Lips,tt0274117
4347,Love and a .45,tt0110395
4348,Married Life,tt0804505
4349,Dot the I,tt0326835
4350,The Phantom of the Opera,tt0098090
4351,The Phantom of the Opera,tt0119889
4352,The Phantom of the Opera,tt0293508
4353,Lovers: A True Story,tt0101317
4354,Blood and Sand,tt0098251
4355,Dune: Part One,tt1160419
4356,Dune,tt0087182
4357,Raiders of the Lost Ark,tt0082971
4358,Holes,tt0311289
4359,Indiana Jones and the Last Crusade,tt0097576
4360,Aladdin,tt0090601
4361,Aladdin,tt0103639
4362,Aladdin,tt6139732
4363,The Extraordinary Adventures of Adèle Blanc-Sec,tt1179025
4364,Stargate,tt0111282
4365,The English Patient,tt0116209
4366,The Mummy Returns,tt0209163
4367,Gods of Egypt,tt2404233
4368,The Ten Commandments,tt0955411
4369,The Prince of Egypt,tt0120794
4370,Prince of Persia: The Sands of Time,tt0473075
4371,Bite the Bullet,tt0072705
4372,The Mummy: Tomb of the Dragon Emperor,tt0859163
4373,The Scorpion King,tt0277296
4374,Sahara,tt0086232
4375,Sahara,tt0318649
4376,Sahara,tt4466894
4377,Geronimo: An American Legend,tt0107004
4378,The Rescuers Down Under,tt0100477
4379,The Gods Must Be Crazy,tt0080801
4380,Hidalgo,tt0317648
4381,Hidden Strike,tt6879446
4382,Flight of the Phoenix,tt0377062
4383,An American Tail: Fievel Goes West,tt0101329
4384,Queen of the Desert,tt1837636
4385,Tracks,tt2167266
4386,The Sheltering Sky,tt0100594
4387,Gerry,tt0302674
4388,The Thief and the Cobbler,tt0112389
4389,Lawman,tt0067333
4390,A Far Off Place,tt0106868
4391,Ulzana's Raid,tt0069436
4392,Metalstorm: The Destruction of Jared-Syn,tt0085935
4393,El Norte,tt0085482
4394,The Four Feathers,tt0240510
4395,Battletruck,tt0084887
4396,Sphinx,tt0083113
4397,The Touch,tt0066826
4398,The Touch,tt0079938
4399,The Touch,tt0293660
4400,Something New,tt0437777
4401,Jurassic Park,tt0107290
4402,Jurassic World: Dominion,tt8041270
4403,Jurassic World,tt0369610
4404,The Lost World: Jurassic Park,tt0119567
4405,Jurassic World: Fallen Kingdom,tt4881806
4406,Jurassic Park III,tt0163025
4407,65,tt12261776
4408,Godzilla vs. Kong,tt5034838
4409,The Land Before Time,tt0095489
4410,Journey to the Center of the Earth,tt0097630
4411,Journey to the Center of the Earth,tt0373051
4412,Land of the Lost,tt0457400
4413,"10,000 BC",tt0443649
4414,We're Back! A Dinosaur's Story,tt0108526
4415,When Dinosaurs Ruled the Earth,tt0066561
4416,Barney's Great Adventure,tt0120598
4417,The People That Time Forgot,tt0076535
4418,The Lost World,tt0104759
4419,One of Our Dinosaurs Is Missing,tt0075016
4420,Baby: Secret of the Lost Legend,tt0088760
4421,The Land That Time Forgot,tt0073260
4422,Prehysteria!,tt0107870
4423,The Dinosaur Project,tt1907779
4424,Godzilla vs. Mechagodzilla II,tt0107027
4425,Godzilla vs. Megalon,tt0070122
4426,Adventures in Dinosaur City,tt0103621
4427,Godzilla vs. Hedorah,tt0067148
4428,The Crater Lake Monster,tt0075888
4429,Doraemon the Movie: Nobita's Dinosaur,tt0802983
4430,Back to the Jurassic,tt1321862
4431,Rise of the Dinosaurs,tt2303110
4432,Dinocroc,tt0365653
4433,Samson,tt6951892
4434,Titanic,tt0120338
4435,Twisters,tt12584954
4436,The Poseidon Adventure,tt0069113
4437,Armageddon,tt0120591
4438,Twister,tt0096321
4439,Twister,tt0117998
4440,The Day After Tomorrow,tt0319262
4441,The Impossible,tt1649419
4442,Die Hard,tt0095016
4443,Greenland,tt7737786
4444,2012,tt1190080
4445,Cloverfield,tt1060277
4446,World War Z,tt0816711
4447,Deepwater Horizon,tt1860357
4448,San Andreas,tt2126355
4449,Deep Impact,tt0120647
4450,Knowing,tt0448011
4451,Moonfall,tt5834426
4452,Only the Brave,tt3829920
4453,Gravity,tt1454468
4454,Geostorm,tt1981128
4455,Thirteen Lives,tt12262116
4456,Sully,tt3263904
4457,Underwater,tt5774060
4458,No Way Up,tt16253418
4459,Contagion,tt1598778
4460,Unstoppable,tt0349889
4461,Unstoppable,tt0477080
4462,Unstoppable,tt22938854
4463,Unstoppable,tt3864060
4464,Unstoppable,tt9225192
4465,Outbreak,tt0114069
4466,Pompeii,tt1921064
4467,The Towering Inferno,tt0072308
4468,Poseidon,tt0409182
4469,The Perfect Storm,tt0177971
4470,Disaster Movie,tt1213644
4471,Crawl,tt1848832
4472,Crawl,tt8364368
4473,Dante's Peak,tt0118928
4474,Volcano,tt0120461
4475,Volcano,tt1695831
4476,The Finest Hours,tt2025690
4477,The Wave,tt1063669
4478,The Wave,tt3616916
4479,The Wave,tt4354756
4480,Into the Storm,tt2106361
4481,Adrift,tt1016321
4482,Adrift,tt6155922
4483,Adrift,tt6306064
4484,Juggernaut,tt0071706
4485,The Burning Sea,tt12753120
4486,Badland Hunters,tt29722855
4487,The 33,tt2006295
4488,Airport '77,tt0075648
4489,World Trade Center,tt0469641
4490,The Quake,tt6523720
4491,The Wolf's Call,tt7458762
4492,Meteor,tt0079550
4493,The Hurricane Heist,tt5360952
4494,Supercell,tt10559102
4495,Virus,tt0080768
4496,Virus,tt0120458
4497,Virus,tt8941440
4498,The Swarm,tt0078350
4499,The Swarm,tt10675724
4500,9/11,tt4917224
4501,Pandora,tt6302160
4502,Aftershock,tt1393746
4503,Aftershock,tt1780762
4504,Avalanche,tt0077189
4505,10.0 Earthquake,tt3488056
4506,The Final Storm,tt1331329
4507,Post Impact,tt0362942
4508,Cold Zone,tt6516590
4509,Storm War,tt1743375
4510,A Complete Unknown,tt11563598
4511,I'm Still Here,tt1356864
4512,I'm Still Here,tt14961016
4513,I'm Still Here,tt2636364
4514,September 5,tt28082769
4515,The Apprentice,tt8368368
4516,Oppenheimer,tt15398776
4517,Better Man,tt14260836
4518,Schindler's List,tt0108052
4519,Goodfellas,tt0099685
4520,The Pianist,tt0253474
4521,Lee,tt5112584
4522,Hit Man,tt0068704
4523,Hit Man,tt20215968
4524,Green Book,tt6966692
4525,The Theory of Everything,tt2980516
4526,The Irishman,tt1302006
4527,The Social Network,tt1285016
4528,Hidden Figures,tt4846340
4529,Chariots of Fire,tt0082158
4530,Hacksaw Ridge,tt2119532
4531,The Iron Claw,tt21064584
4532,The Intouchables,tt1675434
4533,Casino,tt0112641
4534,A Beautiful Mind,tt0268978
4535,Beautiful Boy,tt1226837
4536,Beautiful Boy,tt1533013
4537,Bohemian Rhapsody,tt1727824
4538,Sound of Freedom,tt7599146
4539,Downfall,tt0363163
4540,Miracle,tt0349825
4541,Miracle,tt14355860
4542,Ford v Ferrari,tt1950186
4543,Zero Dark Thirty,tt1790885
4544,Spotlight,tt1895587
4545,Erin Brockovich,tt0195685
4546,Society of the Snow,tt16277242
4547,American Sniper,tt2179136
4548,The Founder,tt4276820
4549,American Gangster,tt0765429
4550,The Aviator,tt0088758
4551,The Aviator,tt0338751
4552,Gandhi,tt0083987
4553,The Elephant Man,tt0080678
4554,Flight,tt14071150
4555,Flight,tt1907668
4556,Dallas Buyers Club,tt0790636
4557,Walk the Line,tt0358273
4558,Malcolm X,tt0104797
4559,Argo,tt0297741
4560,Argo,tt1024648
4561,Lincoln,tt0443272
4562,Respect,tt2452150
4563,The Two Popes,tt8404614
4564,Elvis,tt3704428
4565,Escape from Pretoria,tt5797184
4566,The Straight Story,tt0166896
4567,Bombshell,tt6394270
4568,Straight Outta Compton,tt1398426
4569,One Life,tt13097932
4570,One Life,tt1762300
4571,Rush,tt0102820
4572,Rush,tt1979320
4573,The Post,tt6294822
4574,Reagan,tt1723808
4575,Molly's Game,tt4209788
4576,She Said,tt11198810
4577,Unbroken,tt1809398
4578,Lone Survivor,tt1091191
4579,Public Enemies,tt1152836
4580,Back to Black,tt21261712
4581,Rocketman,tt2066051
4582,Maestro,tt13130400
4583,Maestro,tt5535276
4584,Ferrari,tt3758542
4585,127 Hours,tt1542344
4586,Tetris,tt12758060
4587,Everest,tt2719848
4588,The Last Emperor,tt0093389
4589,House of Gucci,tt11214590
4590,Dark Waters,tt0109550
4591,Dark Waters,tt9071322
4592,Harriet,tt4648786
4593,Pain Hustlers,tt15257160
4594,Breaking,tt12311620
4595,Blow,tt0221027
4596,Donnie Brasco,tt0119008
4597,First Man,tt1213641
4598,Dumb Money,tt13957560
4599,An American Crime,tt0802948
4600,The Trial of the Chicago 7,tt1070874
4601,In the Name of the Father,tt0107207
4602,In the Name of the Father,tt1313230
4603,All the Money in the World,tt5294550
4604,"Extremely Wicked, Shockingly Evil and Vile",tt2481498
4605,Captain Phillips,tt1535109
4606,The Greatest Beer Run Ever,tt10268488
4607,Minari,tt10633456
4608,The Doors,tt0101761
4609,Judy,tt7549996
4610,Wild,tt2305051
4611,Wild,tt4071086
4612,Capote,tt0379725
4613,A Beautiful Day in the Neighborhood,tt3224458
4614,Whitney Houston: I Wanna Dance with Somebody,tt12193804
4615,Reality,tt1846487
4616,Reality,tt2392672
4617,Reality,tt24068064
4618,Stronger,tt3881784
4619,Richard Jewell,tt3513548
4620,Changeling,tt0824747
4621,Bob Marley: One Love,tt8521778
4622,BlackBerry,tt21867434
4623,Frida,tt0120679
4624,Frida,tt30319555
4625,Spencer,tt12536294
4626,Hotel Rwanda,tt0395169
4627,Charlie Wilson's War,tt0472062
4628,"tick, tick... BOOM!",tt8721424
4629,King Richard,tt9620288
4630,The Long Game,tt7738330
4631,The Lost City of Z,tt1212428
4632,Scoop,tt0457513
4633,Scoop,tt21279806
4634,Mank,tt10618286
4635,Ray,tt0350258
4636,The Motorcycle Diaries,tt0318462
4637,Ip Man,tt1220719
4638,Alive,tt0106246
4639,Alive,tt0331834
4640,Alive,tt7611352
4641,Alive,tt9784048
4642,Joy,tt10243672
4643,Joy,tt2446980
4644,Joy,tt8917752
4645,Patch Adams,tt0129290
4646,Steve Jobs,tt2080374
4647,Man on the Moon,tt0125664
4648,The Iron Lady,tt1007029
4649,Lamborghini: The Man Behind the Legend,tt5533370
4650,Fighting with My Family,tt6513120
4651,Jesus Revolution,tt10098448
4652,The Outpost,tt3833480
4653,Lords of Dogtown,tt0355702
4654,Selma,tt1020072
4655,The Burial,tt5648882
4656,Boston Strangler,tt2560078
4657,The Hurricane,tt0174856
4658,The Great Debaters,tt0427309
4659,Big George Foreman,tt12226632
4660,Amistad,tt0118607
4661,Born on the Fourth of July,tt0096969
4662,Judas and the Black Messiah,tt9784798
4663,United 93,tt0475276
4664,Foxcatcher,tt1100089
4665,Saving Mr. Banks,tt2140373
4666,Flamin' Hot,tt8105234
4667,Chaplin,tt0103939
4668,At Eternity's Gate,tt6938828
4669,Milk,tt1013753
4670,Jobs,tt2357129
4671,Invictus,tt1057500
4672,Dahmer,tt0285728
4673,J. Edgar,tt1616195
4674,Marshall,tt5301662
4675,Maharaj,tt4501268
4676,Ali,tt0248667
4677,Thirteen Days,tt0146309
4678,Mary Shelley,tt3906082
4679,The Walk,tt3488710
4680,Miss Potter,tt0482546
4681,Red Tails,tt0485985
4682,Michael Collins,tt0117039
4683,Frost/Nixon,tt0870111
4684,La Vie En Rose,tt0450188
4685,The Best of Enemies,tt4807408
4686,Till,tt4960748
4687,Mommie Dearest,tt0082766
4688,22 July,tt7280898
4689,Battle of the Sexes,tt4622512
4690,Sergio,tt8750570
4691,Nixon,tt0113987
4692,Rustin,tt14160834
4693,Basquiat,tt0115632
4694,The Queen,tt0436697
4695,The Duke,tt11204094
4696,Pollock,tt0183659
4697,The Diving Bell and the Butterfly,tt0401383
4698,A Civil Action,tt0120633
4699,Fearless,tt0106881
4700,Fearless,tt0446059
4701,Fearless,tt8675288
4702,Antwone Fisher,tt0168786
4703,The Sea Inside,tt0369702
4704,Dolemite Is My Name,tt8526872
4705,The Greatest Game Ever Played,tt0388980
4706,Can You Ever Forgive Me?,tt4595882
4707,Bloody Sunday,tt0280491
4708,United,tt0374308
4709,United,tt1777034
4710,The Beautiful Game,tt5113010
4711,Bad Education,tt0275491
4712,Bad Education,tt8206668
4713,The Diary of Anne Frank,tt5277952
4714,The Damned United,tt1226271
4715,Karla,tt0424938
4716,A Beautiful Life,tt15282148
4717,A Beautiful Life,tt1934335
4718,The Notorious Bettie Page,tt0404802
4719,The Imposter,tt1966604
4720,Shirley,tt14077516
4721,Shirley,tt8430598
4722,Gorillas in the Mist,tt0095243
4723,Get on Up,tt2473602
4724,Golda,tt14454876
4725,Infamous,tt0420609
4726,Infamous,tt7703924
4727,Asoka,tt0249371
4728,Benediction,tt6852178
4729,Ghosts of Mississippi,tt0116410
4730,Dersu Uzala,tt0071411
4731,Confessions of a Brazilian Call Girl,tt1587828
4732,Dolphin Tale,tt1564349
4733,Goya's Ghosts,tt0455957
4734,The Front Runner,tt7074886
4735,The United States vs. Billie Holiday,tt8521718
4736,Cromwell,tt0065593
4737,Pele: Birth of a Legend,tt0995868
4738,Gigi & Nate,tt10341196
4739,I'm Not Ashamed,tt4950110
4740,Mesrine: Killer Instinct,tt1259014
4741,Little Ashes,tt1104083
4742,Sanju,tt6452574
4743,The Silent Twins,tt11052678
4744,Mesrine: Public Enemy No. 1,tt0411272
4745,The Pirates of Somalia,tt5126922
4746,Chapter 27,tt0488988
4747,Alexander the Great,tt0081148
4748,Amar Singh Chamkila,tt26658272
4749,I Dreamed of Africa,tt0167203
4750,Swiped,tt4867110
4751,Borg vs. McEnroe,tt5727282
4752,I Shot Andy Warhol,tt0116594
4753,Creation,tt0974014
4754,Hitler: The Last Ten Days,tt0070184
4755,Patty Hearst,tt0095836
4756,Blaze,tt0096943
4757,Blaze,tt11018264
4758,Blaze,tt6443294
4759,Real Life,tt0079781
4760,Young Winston,tt0069528
4761,Dolphin Tale 2,tt2978462
4762,JT LeRoy,tt5460522
4763,17 Miracles,tt1909270
4764,The Lost Honor of Katharina Blum,tt0073858
4765,The Journey,tt10358782
4766,The Journey,tt4826674
4767,Broad Peak,tt8983230
4768,Silverton Siege,tt18563148
4769,Hannibal,tt0212985
4770,Attila,tt0080393
4771,Tom & Viv,tt0111454
4772,Habibie & Ainun,tt2589132
4773,Paskal,tt9063106
4774,Christmas as Usual,tt23790418
4775,Battle for Haditha,tt0870211
4776,Dear Mr. Gacy,tt1371117
4777,The Sparring Partner,tt21867590
4778,The Saratov Approach,tt2887322
4779,Winnie Mandela,tt1551641
4780,The Killing of John Lennon,tt0881934
4781,Van Gogh,tt0103190
4782,Deliverance,tt0068473
4783,Black Site,tt13918550
4784,Black Site,tt6964562
4785,Scarface,tt0086250
4786,Kingsman: The Golden Circle,tt4649466
4787,Sicario: Day of the Soldado,tt5052474
4788,American Made,tt3532216
4789,Savages,tt1615065
4790,Into the Blue,tt0378109
4791,The Counselor,tt2193215
4792,The Infiltrator,tt1355631
4793,White Boy Rick,tt4537896
4794,Brick,tt0393109
4795,Miami Vice,tt0430357
4796,Project Power,tt7550000
4797,Deep Cover,tt0104073
4798,Trouble,tt30217143
4799,Trouble,tt6772524
4800,Miss Bala,tt1911600
4801,Miss Bala,tt5941692
4802,Gun Shy,tt0171356
4803,Gun Shy,tt3910736
4804,A Man Apart,tt0266465
4805,Loving Pablo,tt4682788
4806,Running with the Devil,tt5792656
4807,Super Fly,tt0069332
4808,Escobar: Paradise Lost,tt2515030
4809,The Harder They Come,tt0070155
4810,American Sicario,tt13322120
4811,Little Fish,tt0382810
4812,Little Fish,tt9735470
4813,The Drug King,tt6914542
4814,Born to Raise Hell,tt1528718
4815,White Boy,tt5635638
4816,Togo,tt5116302
4817,Watchmen,tt0409459
4818,The Hunger Games,tt1392170
4819,The Hunger Games: The Ballad of Songbirds & Snakes,tt10545296
4820,Kingdom of the Planet of the Apes,tt11389872
4821,Divergent,tt1840309
4822,The Hunger Games: Catching Fire,tt1951264
4823,Oblivion,tt0110706
4824,Oblivion,tt1483013
4825,Children of Men,tt0206634
4826,V for Vendetta,tt0434409
4827,Uglies,tt13186604
4828,Logan,tt3315342
4829,Waterworld,tt0114898
4830,1984,tt0087803
4831,The Running Man,tt0093894
4832,Gattaca,tt0119177
4833,The Platform,tt8228288
4834,The Island,tt0080934
4835,The Island,tt0399201
4836,The Island,tt0851577
4837,The Island,tt1173901
4838,The Island,tt1566601
4839,The Island,tt21853596
4840,The Island,tt8755316
4841,Z for Zachariah,tt1598642
4842,Flash Gordon,tt0080745
4843,Terminator 3: Rise of the Machines,tt0181852
4844,The Giver,tt0435651
4845,Equilibrium,tt0238380
4846,Planet of the Apes,tt0133152
4847,The Hunger Games: Mockingjay - Part 2,tt1951266
4848,The Hunger Games: Mockingjay - Part 1,tt1951265
4849,Left Behind,tt2467046
4850,What Happened to Monday,tt1536537
4851,Soylent Green,tt0070723
4852,The Purge,tt2184339
4853,Love and Monsters,tt2222042
4854,The Platform 2,tt27729779
4855,The Postman,tt0110877
4856,The Postman,tt0119925
4857,The Postman,tt0253499
4858,Twilight Zone: The Movie,tt0086491
4859,Dawn of the Planet of the Apes,tt2103281
4860,Voyagers,tt9664108
4861,The Midnight Sky,tt10539608
4862,Maze Runner: The Scorch Trials,tt4046784
4863,The Handmaid's Tale,tt0099731
4864,Escape from L.A.,tt0116225
4865,City of Ember,tt0970411
4866,The Time Machine,tt0268695
4867,The Bad Batch,tt4334266
4868,The Girl with All the Gifts,tt4547056
4869,The First Purge,tt6133466
4870,The Purge: Anarchy,tt2975578
4871,The Rover,tt2345737
4872,The Wandering Earth,tt7605074
4873,The Kitchen,tt2011300
4874,The Kitchen,tt4460800
4875,The Kitchen,tt5822564
4876,Beneath the Planet of the Apes,tt0065462
4877,Left Behind: The Movie,tt0190524
4878,The Hungover Games,tt3138104
4879,Spacehunter: Adventures in the Forbidden Zone,tt0086346
4880,Frogs,tt0068615
4881,Escape from the Planet of the Apes,tt0067065
4882,Testament,tt0086429
4883,Damnation Alley,tt0075909
4884,Sleeper,tt0070707
4885,Battle for the Planet of the Apes,tt0069768
4886,Conquest of the Planet of the Apes,tt0068408
4887,The Apple,tt0080380
4888,The Apple,tt0156901
4889,The Humanity Bureau,tt6143568
4890,Alien from L.A.,tt0092532
4891,Avalon,tt0099073
4892,Avalon,tt0267287
4893,Avalon,tt1826593
4894,Planet of Dinosaurs,tt0078089
4895,Franklyn,tt0893402
4896,Left Behind III: World at War,tt0443567
4897,In the Shadows,tt0247427
4898,In the Shadows,tt2302416
4899,The Last Chase,tt0082642
4900,The Ultimate Warrior,tt0073835
4901,Things to Come,tt4120176
4902,Dead Planet,tt0069530
4903,One Point O,tt0317042
4904,Coyote,tt5641832
4905,The Last Battle,tt0085426
4906,Revelation,tt0161942
4907,Revelation,tt0278675
4908,Attrition,tt5465970
4909,Interstellar,tt0816692
4910,The Princess Bride,tt0093779
4911,Apocalypse Now,tt0078788
4912,Indiana Jones and the Dial of Destiny,tt1462764
4913,The Hobbit: An Unexpected Journey,tt0903624
4914,Howl's Moving Castle,tt0347149
4915,Indiana Jones and the Temple of Doom,tt0087469
4916,Pirates of the Caribbean: Dead Man's Chest,tt0383574
4917,The NeverEnding Story,tt0088323
4918,Excalibur,tt0082348
4919,The Hobbit: The Desolation of Smaug,tt1170358
4920,Pirates of the Caribbean: At World's End,tt0449088
4921,Life of Pi,tt0454876
4922,The Green Knight,tt9243804
4923,Big Fish,tt0319061
4924,Indiana Jones and the Kingdom of the Crystal Skull,tt0367882
4925,Oz the Great and Powerful,tt1623205
4926,The Call of the Wild,tt0069197
4927,The Call of the Wild,tt7504726
4928,The Chronicles of Narnia: Prince Caspian,tt0499448
4929,The Last Airbender,tt0938283
4930,Epic Movie,tt0799949
4931,The Chronicles of Narnia: The Voyage of the Dawn Treader,tt0980970
4932,Solaris,tt0069293
4933,Solaris,tt0307479
4934,Jack the Giant Slayer,tt1351685
4935,Peter Pan & Wendy,tt5635026
4936,Kubo and the Two Strings,tt4302938
4937,The Book of Clarence,tt22866358
4938,Australia,tt0455824
4939,Little Big Man,tt0065988
4940,Around the World in 80 Days,tt0327437
4941,Around the World in 80 Days,tt10341040
4942,Slumberland,tt13320662
4943,The Kid Who Would Be King,tt6811018
4944,First Knight,tt0113071
4945,Kon-Tiki,tt1613750
4946,Black Clover: Sword of the Wizard King,tt22868844
4947,King Solomon's Mines,tt0089421
4948,One Night with the King,tt0430431
4949,The Mountain Men,tt0081187
4950,The Seven Deadly Sins: Prisoners of the Sky,tt9089294
4951,The Wrath of God,tt0069515
4952,The Wrath of God,tt15189534
4953,The Quest for Tom Sawyer's Gold,tt14033342
4954,The Hawaiians,tt0065820
4955,Guardians of Time,tt10580188
4956,The Brutalist,tt8999762
4957,The Shawshank Redemption,tt0111161
4958,The Godfather,tt0068646
4959,Megalopolis,tt10128846
4960,Saving Private Ryan,tt0120815
4961,Forrest Gump,tt0109830
4962,Killers of the Flower Moon,tt5537002
4963,Horizon: An American Saga - Chapter 1,tt17505010
4964,There Will Be Blood,tt0469494
4965,The Godfather Part II,tt0071562
4966,Troy,tt0332452
4967,The Whale,tt13833688
4968,Atonement,tt0783233
4969,1917,tt8579674
4970,All Quiet on the Western Front,tt1016150
4971,The Color Purple,tt0088939
4972,The Color Purple,tt1200263
4973,The Color Purple,tt2241035
4974,The Revenant,tt1336006
4975,The Revenant,tt1663202
4976,The Passion of the Christ,tt0335345
4977,The Deer Hunter,tt0077416
4978,Legends of the Fall,tt0110322
4979,The Godfather Part III,tt0099674
4980,Pearl Harbor,tt0213149
4981,Hamilton,tt0119249
4982,Hamilton,tt8503618
4983,Munich,tt0408306
4984,Wyatt Earp,tt0111756
4985,The Curious Case of Benjamin Button,tt0421715
4986,Road to Perdition,tt0257044
4987,King Arthur,tt0349683
4988,Babel,tt0449467
4989,"Blood In, Blood Out",tt0106469
4990,The Fountain,tt0414993
4991,Reds,tt0082979
4992,The Promised Land,tt0072446
4993,The Promised Land,tt20561198
4994,Out of Africa,tt0089755
4995,Ran,tt0089881
4996,A Hidden Life,tt5827916
4997,Alexander,tt0346491
4998,Giant,tt1360866
4999,Noah,tt1959490
5000,The Last Temptation of Christ,tt0095497
5001,Patton,tt0066206
5002,The Right Stuff,tt0086197
5003,Hamlet,tt0099726
5004,Hamlet,tt0116477
5005,Hamlet,tt0171359
5006,Hamlet,tt4476736
5007,Henry V,tt0097499
5008,The Forgiven,tt2249081
5009,The Forgiven,tt3696180
5010,Macbeth,tt0067372
5011,Macbeth,tt0434541
5012,Macbeth,tt2884018
5013,Macbeth,tt4717422
5014,The Birth of a Nation,tt4196450
5015,"Duck, You Sucker!",tt0067140
5016,Ragtime,tt0082970
5017,Farewell My Concubine,tt0106332
5018,Kagemusha: The Shadow Warrior,tt0080979
5019,Titus,tt0120866
5020,Lagaan: Once Upon a Time in India,tt0169102
5021,Sunshine,tt0145503
5022,Sunshine,tt0448134
5023,Mobsters,tt0102460
5024,Music by John Williams,tt26420234
5025,Laal Singh Chaddha,tt10028196
5026,American Pop,tt0082009
5027,The Emigrants,tt0067919
5028,The Emigrants,tt4697290
5029,Cry Freedom,tt0092804
5030,Stalingrad,tt0108211
5031,Stalingrad,tt1966566
5032,Miracle at St. Anna,tt1046997
5033,The New Land,tt0069035
5034,Sonic the Hedgehog 3,tt18259086
5035,Stardust,tt0072201
5036,Stardust,tt0486655
5037,Stardust,tt9694312
5038,"The Chronicles of Narnia: The Lion, the Witch and the Wardrobe",tt0363771
5039,The Boy and the Heron,tt6587046
5040,Harry Potter and the Half-Blood Prince,tt0417741
5041,Pirates of the Caribbean: On Stranger Tides,tt1298650
5042,Percy Jackson & the Olympians: The Lightning Thief,tt0814255
5043,Clash of the Titans,tt0082186
5044,Clash of the Titans,tt0800320
5045,Three Thousand Years of Longing,tt9198364
5046,Immortals,tt1253864
5047,Eragon,tt0449010
5048,A Wrinkle in Time,tt1620680
5049,League of Gods,tt5481184
5050,Drifting Home,tt15494038
5051,The Island at the Top of the World,tt0071671
5052,Ramayana: The Legend of Prince Rama,tt0259534
5053,The Deer King,tt11417856
5054,The King,tt0271595
5055,The King,tt0357282
5056,The King,tt0396688
5057,The King,tt5644740
5058,The King,tt6775942
5059,The King,tt7984766
5060,The Thin Red Line,tt0120863
5061,A Bridge Too Far,tt0075784
5062,The Mission,tt0091530
5063,The Mission,tt0220644
5064,The Mission,tt28097834
5065,Outlaw King,tt6679794
5066,The Last King of Scotland,tt0455590
5067,A Passage to India,tt0087892
5068,Mongol: The Rise of Genghis Khan,tt0416044
5069,1492: Conquest of Paradise,tt0103594
5070,Gallipoli,tt0082432
5071,Gallipoli,tt0450426
5072,Risen,tt3231054
5073,Risen,tt4940336
5074,Tora! Tora! Tora!,tt0066473
5075,Red Cliff,tt0425637
5076,Lion of the Desert,tt0081059
5077,Revolution,tt0089913
5078,Passchendaele,tt1092082
5079,Colonel Redl,tt0089716
5080,The Notebook,tt0332280
5081,The Notebook,tt2324384
5082,Romeo + Juliet,tt0117509
5083,Sleepless in Seattle,tt0108160
5084,Allied,tt3640424
5085,Cinderella,tt0075849
5086,Cinderella,tt0845442
5087,Cinderella,tt10155932
5088,Cinderella,tt1661199
5089,Cinderella,tt8907882
5090,Far and Away,tt0104231
5091,Arabian Nights,tt0071502
5092,Annette,tt6217926
5093,A Very Long Engagement,tt0344510
5094,The Lovers,tt0110340
5095,The Lovers,tt1321869
5096,The Lovers,tt5770620
5097,Make Me Believe,tt21257152
5098,A Love Song,tt12691830
5099,The Emperor and the Assassin,tt0162866
5100,The Prime Minister,tt5357556
5101,Superman,tt0078346
5102,The Fifth Element,tt0119116
5103,Captain America: The First Avenger,tt0458339
5104,Prometheus,tt1446714
5105,Iron Man 2,tt1228705
5106,Alien: Covenant,tt2316204
5107,Contact,tt0118884
5108,Solo: A Star Wars Story,tt3778644
5109,Close Encounters of the Third Kind,tt0075860
5110,Ad Astra,tt2935510
5111,The Chronicles of Riddick,tt0296572
5112,John Carter,tt0401729
5113,Jupiter Ascending,tt1617661
5114,Star Trek VI: The Undiscovered Country,tt0102975
5115,2046,tt0212712
5116,Star Trek: The Motion Picture,tt0079945
5117,April and the Extraordinary World,tt3422078
5118,Spriggan,tt0164917
5119,Robotech: The Shadow Chronicles,tt0443771
5120,The Ministry of Ungentlemanly Warfare,tt5177120
5121,Midway,tt0074899
5122,Midway,tt6924650
5123,Cold Mountain,tt0159365
5124,Greyhound,tt6048922
5125,Glory,tt0097441
5126,Glory,tt5937296
5127,Enemy at the Gates,tt0215750
5128,War Horse,tt1568911
5129,The Messenger: The Story of Joan of Arc,tt0151137
5130,Zulu,tt2249221
5131,Letters from Iwo Jima,tt0498380
5132,The Eagle Has Landed,tt0074452
5133,Flags of Our Fathers,tt0418689
5134,The Duellists,tt0075968
5135,The Last Legion,tt0462396
5136,Cross of Iron,tt0074695
5137,Windtalkers,tt0245562
5138,Ironclad,tt1233301
5139,Captain Corelli's Mandolin,tt0238112
5140,Force 10 from Navarone,tt0077572
5141,The Big Red One,tt0080437
5142,The Great Raid,tt0326905
5143,Heaven and Earth,tt0099753
5144,Tombstone,tt0108358
5145,Silverado,tt0090022
5146,Surrounded,tt2572212
5147,Babygirl,tt30057084
5148,Strange Darling,tt22375054
5149,Fifty Shades of Grey,tt2322441
5150,Blue Velvet,tt0090756
5151,Gone Girl,tt2267998
5152,Eyes Wide Shut,tt0120663
5153,Basic Instinct,tt0103772
5154,The Voyeurs,tt11235772
5155,The Skin I Live In,tt1189073
5156,Twin Peaks: Fire Walk with Me,tt0105665
5157,Wild Things,tt0120890
5158,Fatal Attraction,tt0093010
5159,Burning Betrayal,tt26787296
5160,Body Double,tt0086984
5161,Chloe,tt1352824
5162,Pleasure or Pain,tt2091327
5163,Dressed to Kill,tt0080661
5164,Basic Instinct 2,tt0430912
5165,8MM,tt0134273
5166,The Crush,tt0106627
5167,Color of Night,tt0109456
5168,One Hour Photo,tt0265459
5169,Obsessed,tt1198138
5170,Obsessed,tt3303730
5171,Sliver,tt0108162
5172,Dream Lover,tt0109665
5173,The Black Dahlia,tt0387877
5174,Poison Ivy,tt0105156
5175,Poison Ivy: The New Seduction,tt0119908
5176,Boxing Helena,tt0106471
5177,Body of Evidence,tt0106453
5178,Mea Culpa,tt26861992
5179,Survival Island,tt0201844
5180,Survival Island,tt0377309
5181,The Postman Always Rings Twice,tt0082934
5182,A Perfect Murder,tt0120787
5183,Addicted,tt0336678
5184,Addicted,tt2205401
5185,Above Suspicion,tt0109034
5186,Above Suspicion,tt5688068
5187,Deadly Illusions,tt7897330
5188,Wild Things 2,tt0365270
5189,Femme Fatale,tt0280665
5190,Perfect Stranger,tt0457433
5191,The Canyons,tt2292959
5192,Berlin Syndrome,tt3335606
5193,Bound,tt0115736
5194,Bad Influence,tt0099091
5195,Jade,tt0113451
5196,Scorned,tt0111093
5197,Scorned,tt2293750
5198,Save Me,tt0108045
5199,Save Me,tt0772200
5200,Deception,tt0107999
5201,Deception,tt0800240
5202,Deception,tt13613056
5203,Wild Things: Diamonds in the Rough,tt0448179
5204,Final Analysis,tt0104265
5205,The Comfort of Strangers,tt0099292
5206,Diabolique,tt0116095
5207,Tightrope,tt0088272
5208,Angel Eyes,tt0225071
5209,Masquerade,tt0095599
5210,Masquerade,tt11448490
5211,Masquerade,tt2290840
5212,Under Suspicion,tt0105691
5213,Under Suspicion,tt0164212
5214,Wild Things: Foursome,tt1523372
5215,Kill Me Again,tt0097662
5216,Next Door,tt0453383
5217,Next Door,tt11080676
5218,Succubus,tt13778486
5219,Fatal Affair,tt11057594
5220,Mercy,tt0188055
5221,Mercy,tt1235200
5222,Mercy,tt2481496
5223,Mercy,tt26439204
5224,Mercy,tt5710042
5225,When the Bough Breaks,tt0108555
5226,When the Bough Breaks,tt1389139
5227,Impulse,tt0087464
5228,Impulse,tt0099832
5229,In the Cold of the Night,tt0097573
5230,I Like to Play Games,tt0113368
5231,Innocent Lies,tt0113249
5232,Whispers in the Dark,tt0105811
5233,Playback,tt1682940
5234,The Right Temptation,tt0196223
5235,The Temp,tt0108311
5236,B.A. Pass,tt2408040
5237,The Cool Surface,tt0109478
5238,Bad Match,tt5990066
5239,Cold Sweat,tt0066970
5240,Cold Sweat,tt1668212
5241,Cold Sweat,tt7901610
5242,The Escort,tt0187601
5243,The Escort,tt3793788
5244,Sunset Strip,tt0178050
5245,Love Object,tt0328077
5246,Sensation,tt10247678
5247,The Other Woman,tt1032825
5248,The Other Woman,tt2203939
5249,The Other Woman,tt7654872
5250,The Proposal,tt1041829
5251,The Other Man,tt0974613
5252,Dead Sexy,tt5224356
5253,Heart of Stone,tt13603966
5254,The Stalker,tt9363342
5255,Sorted,tt0221563
5256,Wicked,tt0120088
5257,Wicked,tt12302540
5258,Wicked,tt1262426
5259,Snow White,tt0093999
5260,Hercules,tt0085672
5261,Hercules,tt0119282
5262,Hercules,tt1267297
5263,Hook,tt0102057
5264,The Princess and the Frog,tt0780521
5265,Enchanted,tt0461770
5266,Snow White and the Huntsman,tt1735898
5267,Pleasantville,tt0120789
5268,Peter Pan,tt0316396
5269,Into the Woods,tt2180411
5270,Sleeping Beauty,tt1588398
5271,Sleeping Beauty,tt3343136
5272,Pinocchio,tt0255477
5273,Pinocchio,tt4593060
5274,Pinocchio,tt8333746
5275,FernGully: The Last Rainforest,tt0104254
5276,Alice Through the Looking Glass,tt2567026
5277,Red Riding Hood,tt0385988
5278,Red Riding Hood,tt1486185
5279,Ella Enchanted,tt0327679
5280,Pan,tt3332064
5281,Bedtime Stories,tt0960731
5282,Disenchanted,tt1596342
5283,The Pagemaster,tt0110763
5284,Penelope,tt0472160
5285,The Swan Princess,tt0111333
5286,Clifford the Big Red Dog,tt2397461
5287,Beastly,tt1152398
5288,The Secret of Roan Inish,tt0111112
5289,Fantasia 2000,tt0120910
5290,There's Something in the Barn,tt23060796
5291,Donkey Skin,tt0066207
5292,Godmothered,tt11681250
5293,Neverwas,tt0418004
5294,The Water Babies,tt0078477
5295,Once Upon a Crime,tt15944018
5296,Kinda Pregnant,tt30253036
5297,The Birdcage,tt0115685
5298,Young Frankenstein,tt0072431
5299,Wedding Crashers,tt0396269
5300,Austin Powers: International Man of Mystery,tt0118655
5301,Monty Python and the Holy Grail,tt0071853
5302,Sixteen Candles,tt0088128
5303,Blazing Saddles,tt0071230
5304,Unfrosted,tt14914430
5305,"Lock, Stock and Two Smoking Barrels",tt0120735
5306,Police Academy,tt0087928
5307,Caddyshack,tt0080487
5308,Tootsie,tt0084805
5309,"Honey, I Shrunk the Kids",tt0097523
5310,The Apartment,tt0115561
5311,9 to 5,tt0080319
5312,Anchorman: The Legend of Ron Burgundy,tt0357413
5313,The First Wives Club,tt0116313
5314,George of the Jungle,tt0119190
5315,Rat Race,tt0250687
5316,10,tt0078721
5317,Paul Blart: Mall Cop,tt1114740
5318,Three Amigos!,tt0092086
5319,Blame It on Rio,tt0086973
5320,Wallace & Gromit: The Curse of the Were-Rabbit,tt0312004
5321,Borat Subsequent Moviefilm,tt13143964
5322,What About Bob?,tt0103241
5323,Mallrats,tt0113749
5324,Bachelor Party,tt0086927
5325,The Muppets,tt1204342
5326,Anchorman 2: The Legend Continues,tt1229340
5327,Hairspray,tt0095270
5328,Hairspray,tt0427327
5329,The Woman in Red,tt0088414
5330,Fanboys,tt0489049
5331,Rumor Has It...,tt0398375
5332,The Canterbury Tales,tt0067647
5333,Bubble Boy,tt0258470
5334,The Decameron,tt0065622
5335,Muppet Treasure Island,tt0117110
5336,The Return of the Pink Panther,tt0072081
5337,The Importance of Being Earnest,tt0278500
5338,Victor/Victoria,tt0084865
5339,Once Bitten,tt0089730
5340,Harold & Kumar Escape from Guantanamo Bay,tt0481536
5341,Myra Breckinridge,tt0066115
5342,"Game Over, Man!",tt3317234
5343,Guess Who,tt0372237
5344,High Spirits,tt0095304
5345,The General,tt0120706
5346,Scavenger Hunt,tt0079858
5347,Funny Farm,tt0095188
5348,La Cage aux Folles,tt0077288
5349,California Suite,tt0077289
5350,Greedy,tt0109936
5351,Allan Quatermain and the Lost City of Gold,tt0092534
5352,Seems Like Old Times,tt0081480
5353,Trail of the Pink Panther,tt0084814
5354,Born Yesterday,tt0106466
5355,Soapdish,tt0102951
5356,Three to Tango,tt0144640
5357,Curse of the Pink Panther,tt0085384
5358,Ernest Scared Stupid,tt0101821
5359,Moving Violations,tt0089629
5360,Let's Do It Again,tt0073282
5361,Taking Care of Business,tt0103035
5362,Twin Dragons,tt0105399
5363,Son of the Pink Panther,tt0108187
5364,The Brothers Solomon,tt0784972
5365,The Out of Towners,tt0066193
5366,The Pizza Triangle,tt0065662
5367,The Twelve Chairs,tt0066495
5368,Buddy Buddy,tt0082111
5369,The Wedding Party,tt0382572
5370,An American Carol,tt1190617
5371,Up the Sandbox,tt0069449
5372,These Girls,tt0439008
5373,Gordy,tt0113199
5374,The Ritz,tt0075144
5375,Chopper Chicks in Zombietown,tt0103959
5376,Boy Meets Girl,tt0086994
5377,Boy Meets Girl,tt3007302
5378,We Live in Time,tt27131358
5379,Grease,tt0077631
5380,Bridget Jones's Diary,tt0243155
5381,Legally Blonde,tt0250494
5382,"Crazy, Stupid, Love.",tt1570728
5383,Amélie,tt0211915
5384,About Time,tt2194499
5385,Me Before You,tt2674426
5386,Pretty Woman,tt0100405
5387,How to Lose a Guy in 10 Days,tt0251127
5388,The Idea of You,tt9466114
5389,The Parent Trap,tt0120783
5390,Notting Hill,tt0125439
5391,Mamma Mia!,tt0795421
5392,Ghost,tt0099653
5393,Ghost,tt27125266
5394,Ghost,tt9378950
5395,A Knight's Tale,tt0183790
5396,Purple Hearts,tt0087956
5397,Purple Hearts,tt4614584
5398,The Age of Adaline,tt1655441
5399,Groundhog Day,tt0107048
5400,Love & Other Drugs,tt0758752
5401,Steel Magnolias,tt0098384
5402,Crazy Rich Asians,tt3104988
5403,The 40-Year-Old Virgin,tt0405422
5404,When Harry Met Sally...,tt0098635
5405,An Officer and a Gentleman,tt0084434
5406,Redeeming Love,tt11365186
5407,Sweet Home Alabama,tt0256415
5408,Palm Springs,tt9484998
5409,He's Just Not That Into You,tt1001508
5410,The Princess Diaries,tt0247638
5411,Blended,tt1086772
5412,Flipped,tt0817177
5413,Knocked Up,tt0478311
5414,You've Got Mail,tt0128853
5415,Friends with Benefits,tt1632708
5416,Love Again,tt10276482
5417,Burlesque,tt1126591
5418,27 Dresses,tt0988595
5419,Forgetting Sarah Marshall,tt0800039
5420,High Fidelity,tt0146882
5421,The Lucky One,tt1327194
5422,The Wedding Singer,tt0120888
5423,The Holiday,tt0457939
5424,Career Opportunities,tt0101545
5425,The Sweetest Thing,tt0253867
5426,Mr. Deeds,tt0280590
5427,She's Out of My League,tt0815236
5428,Romancing the Stone,tt0088011
5429,Two Weeks Notice,tt0313737
5430,Flashdance,tt0085549
5431,Grease 2,tt0084021
5432,Chocolat,tt0094868
5433,Chocolat,tt0241303
5434,Chocolat,tt4400038
5435,Yesterday,tt0170783
5436,Yesterday,tt0419279
5437,Yesterday,tt8079248
5438,Serendipity,tt0240890
5439,While You Were Sleeping,tt0114924
5440,Yes Man,tt1068680
5441,Am I OK?,tt11225626
5442,My Big Fat Greek Wedding,tt0259446
5443,Just Friends,tt0433400
5444,The Taste of Things,tt19760052
5445,Sleeping with Other People,tt3165612
5446,Safe Haven,tt1702439
5447,Shotgun Wedding,tt9686790
5448,A Good Year,tt0401445
5449,Arthur,tt0082031
5450,Arthur,tt1334512
5451,Somebody I Used to Know,tt15333984
5452,Beginners,tt1532503
5453,Music and Lyrics,tt0758766
5454,Monster-in-Law,tt0369735
5455,Supernova,tt0134983
5456,Supernova,tt11169050
5457,Something Borrowed,tt0491152
5458,Dear John,tt0989757
5459,100 Girls,tt0214388
5460,All About My Mother,tt0185125
5461,Paterson,tt5247022
5462,Down with Love,tt0309530
5463,The Wedding Banquet,tt0107156
5464,Letters to Juliet,tt0892318
5465,Kate & Leopold,tt0035423
5466,Bliss,tt0088821
5467,Bliss,tt0118742
5468,Bliss,tt0978649
5469,Bliss,tt10333426
5470,Bliss,tt9026524
5471,"You, Me and Dupree",tt0463034
5472,What Happens in Vegas,tt1033643
5473,Benny & Joon,tt0106387
5474,The Most Beautiful Girl in the World,tt7776838
5475,Dan in Real Life,tt0480242
5476,In Her Shoes,tt0388125
5477,Return to Me,tt0122459
5478,French Kiss,tt0113117
5479,Look Both Ways,tt0382806
5480,Look Both Ways,tt14298328
5481,The Family Stone,tt0356680
5482,Queen Bees,tt8338076
5483,Something from Tiffany's,tt16233952
5484,The Map of Tiny Perfect Things,tt11080108
5485,Manhattan,tt0079522
5486,One Fine Day,tt0117247
5487,Finding You,tt8760280
5488,From Up on Poppy Hill,tt1798188
5489,Through My Window: Across the Sea,tt21245882
5490,A Perfect Pairing,tt15215512
5491,2 Hearts,tt5616176
5492,Heart and Souls,tt0107091
5493,Love & Gelato,tt15521050
5494,Beyond the Lights,tt3125324
5495,Two Can Play That Game,tt0269341
5496,Love in the Villa,tt15463032
5497,A Business Proposal,tt35295730
5498,Monday,tt0239655
5499,Monday,tt8884906
5500,Brown Sugar,tt0297037
5501,The Noel Diary,tt13007592
5502,The Perfect Find,tt8400584
5503,The Englishman Who Went Up a Hill But Came Down a Mountain,tt0112966
5504,What If...,tt1468387
5505,What If...,tt2400283
5506,Deliver Us from Eva,tt0301181
5507,Princess Caraboo,tt0110892
5508,Alone Together,tt14584284
5509,Unplugging,tt10314040
5510,Elsa & Fred,tt0453047
5511,Elsa & Fred,tt2113659
5512,Backpackers,tt14404596
5513,Woo,tt0120531
5514,Holiday Harmony,tt22814692
5515,Love Tactics 2,tt21308698
5516,Anything's Possible,tt11464446
5517,"Getting Go, the Go Doc Project",tt2623502
5518,Is It Just Me?,tt1533053
5519,Ricos de Amor,tt10329566
5520,Hollywood Stargirl,tt14109994
5521,You Do You,tt19121700
5522,Jaadugar,tt13793230
5523,I Believe in Santa,tt23722792
5524,Notorious,tt0472198
5525,The Big Sleep,tt0077234
5526,Laura,tt0079449
5527,All the King's Men,tt0405676
5528,Night and the City,tt0105001
5529,No Way Out,tt0069013
5530,No Way Out,tt0093640
5531,No Way Out,tt15347500
5532,The Woman in the Window,tt6111574
5533,Nightmare Alley,tt7740496
5534,The Stranger,tt0101279
5535,The Stranger,tt11897478
5536,The Stranger,tt2238470
5537,Detour,tt1278124
5538,Detour,tt1753693
5539,Detour,tt4372390
5540,Stage Fright,tt2190838
5541,D.O.A.,tt0094933
5542,Nightfall,tt2171993
5543,Angel Face,tt7534096
5544,Dead Reckoning,tt4194558
5545,Possessed,tt1535472
5546,Brighton Rock,tt1233192
5547,Thunder Road,tt7738450
5548,A Kiss Before Dying,tt0102220
5549,Nightmare,tt0082818
5550,Nightmare,tt0269266
5551,Nightmare,tt14807000
5552,Fury,tt2713180
5553,The Unseen,tt0083261
5554,The Unseen,tt4667084
5555,Suddenly,tt0836710
5556,Suddenly,tt2569236
5557,Outrage,tt0108670
5558,Outrage,tt1049400
5559,Outrage,tt1462667
5560,The Sniper,tt1194624
5561,Party Girl,tt0114095
5562,Party Girl,tt3660370
5563,Nocturne,tt11044858
5564,The Thief,tt0124207
5565,The Prowler,tt0082951
5566,Black Angel,tt0267261
5567,The Chase,tt0109402
5568,The Chase,tt8088944
5569,Thunderbolt,tt0114126
5570,Shakedown,tt0096087
5571,Black Widow,tt0090738
5572,Black Widow,tt3480822
5573,Black Widow,tt9272572
5574,Vice Squad,tt0084861
5575,The Verdict,tt0084855
5576,Storm Warning,tt0800367
5577,Caught,tt0115847
5578,Caught,tt4273170
5579,Beyond a Reasonable Doubt,tt1183251
5580,The Big Steal,tt0099138
5581,I Love Trouble,tt0110093
5582,Dementia,tt3611002
5583,Black Friday,tt0400234
5584,Black Friday,tt11649338
5585,The Long Night,tt10509906
5586,Shock,tt0075651
5587,The Turning Point,tt0076843
5588,The Turning Point,tt14140844
5589,Cry Wolf,tt0384286
5590,Trapped,tt0280380
5591,Trapped,tt3269074
5592,Trapped,tt6206564
5593,Blackout,tt0844666
5594,Blackout,tt27940442
5595,Blackout,tt8363392
5596,Undertow,tt0360130
5597,Undertow,tt1368491
5598,The Suspect,tt2073121
5599,The Suspect,tt3404158
5600,Quicksand,tt0271136
5601,Quicksand,tt19056070
5602,Outside the Law,tt1229381
5603,Whiplash,tt2582802
5604,Loophole,tt0081073
5605,Among the Living,tt2473750
5606,Native Son,tt6566768
5607,Fear in the Night,tt0068577
5608,The Enforcer,tt0074483
5609,The Enforcer,tt14857730
5610,The Accused,tt0094608
5611,The Accused,tt7952000
5612,High Tide,tt0095305
5613,To the Ends of the Earth,tt8681422
5614,Larceny,tt4797160
5615,Scene of the Crime,tt0091410
5616,Shoot to Kill,tt0096098
5617,Bodyguard,tt1585558
5618,Bodyguard,tt1729637
5619,Bodyguard,tt5460508
5620,Jigsaw,tt3348730
5621,Second Chance,tt1667100
5622,Second Chance,tt5719222
5623,Abandoned,tt2980152
5624,Abandoned,tt4519006
5625,Summer Storm,tt0420206
5626,Hit and Run,tt2097307
5627,Bordertown,tt0445935
5628,The Master Plan,tt3220192
5629,Blind Alley,tt1703911
5630,The Threat,tt0351078
5631,"I, the Jury",tt0084112
5632,Shed No Tears,tt2429292
5633,Time to Kill,tt0100762
5634,Time Out of Mind,tt3505712
5635,Fear,tt0116287
5636,Fear,tt12830948
5637,Fear,tt31064317
5638,The Inner Circle,tt0103838
5639,Cloudburst,tt1466054
5640,Chained for Life,tt6753132
5641,Running Wild,tt4435082
5642,The Boss,tt0069818
5643,The Boss,tt2702724
5644,Danger Zone,tt0116016
5645,Eyewitness,tt0082353
5646,No Escape,tt0110678
5647,No Escape,tt1781922
5648,The Judge,tt1872194
5649,Bedevilled,tt1646959
5650,Fright,tt0067119
5651,Blood Money,tt2246595
5652,Blood Money,tt3758852
5653,Violence,tt3153532
5654,Dark Mountain,tt2443022
5655,Once a Thief,tt0101020
5656,Inside Job,tt1645089
5657,It Could Happen to You,tt0110167
5658,Wildcat,tt13622204
5659,Wildcat,tt26442871
5660,Jealousy,tt2511670
5661,Kill or Be Killed,tt2364774
5662,The System,tt14037272
5663,The System,tt7233828
5664,Close-Up,tt0100234
5665,The Counterfeiters,tt0813547
5666,Blind Spot,tt5546540
5667,Blackmail,tt6972140
5668,Hideout,tt10899402
5669,Joy Ride,tt0206314
5670,Joy Ride,tt15268244
5671,The Big Fix,tt0077233
5672,Ticket to Paradise,tt14109724
5673,Glengarry Glen Ross,tt0104348
5674,Margin Call,tt1615147
5675,Wall Street,tt0094291
5676,Jerry and Marge Go Large,tt8323668
5677,The Banker,tt6285944
5678,Bank of Dave,tt14308636
5679,Boiler Room,tt0181984
5680,Arbitrage,tt1764183
5681,The Laundromat,tt5865326
5682,Wall Street: Money Never Sleeps,tt1027718
5683,Billionaire Boys Club,tt5179598
5684,The Company Men,tt1172991
5685,The Hummingbird Project,tt6866224
5686,Crypto,tt8563452
5687,Rogue Trader,tt0131566
5688,Equity,tt3958780
5689,August,tt0470679
5690,August,tt1753460
5691,Rollover,tt0083006
5692,Capital,tt1951166
5693,Team Spirit,tt0242024
5694,Team Spirit,tt5114984
5695,The Green Inferno,tt2403021
5696,The Damned,tt15010692
5697,The Damned,tt2387408
5698,The Wailing,tt5215952
5699,Men,tt13841850
5700,Pet Sematary,tt0098084
5701,Pet Sematary,tt0837563
5702,Daddy's Head,tt26682012
5703,Children of the Corn,tt0087050
5704,Children of the Corn,tt12311866
5705,In the Tall Grass,tt4687108
5706,The Curse of La Llorona,tt4913966
5707,Black Death,tt1181791
5708,A Dark Song,tt4805316
5709,Final Prayer,tt2781832
5710,The Painted Bird,tt1667354
5711,The Blood on Satan's Claw,tt0066849
5712,Dark Harvest,tt9204328
5713,Mark of the Devil,tt0065491
5714,Mark of the Devil,tt7263040
5715,Rawhead Rex,tt0091829
5716,The Seeding,tt22778346
5717,Hellhole,tt0089269
5718,Hellhole,tt19724142
5719,Race with the Devil,tt0073600
5720,Alucarda,tt0075666
5721,The Old Ways,tt12829958
5722,Wendigo,tt0275067
5723,Consecration,tt14993352
5724,Eyes of Fire,tt0085515
5725,Errementari,tt5592878
5726,Witchhammer,tt0064546
5727,Lemora: A Child's Tale of the Supernatural,tt0070300
5728,Sauna,tt1124394
5729,Nothing But the Night,tt0069024
5730,The Field Guide to Evil,tt6688354
5731,Heir of the Witch,tt11608126
5732,Clearcut,tt0101592
5733,Necromancy,tt0068994
5734,Cry of the Banshee,tt0065597
5735,The Brotherhood of Satan,tt0066863
5736,Demons of the Mind,tt0066982
5737,The Great Yokai War,tt0425661
5738,Evil Eye,tt12882620
5739,Evil Eye,tt15847880
5740,Jonathan,tt5350358
5741,Jonathan,tt5639446
5742,Late Night with the Devil,tt14966898
5743,Cannibal Holocaust,tt0078935
5744,"As Above, So Below",tt2870612
5745,REC,tt1038988
5746,Creep,tt0381966
5747,Creep,tt2428170
5748,Incantation,tt18968540
5749,Quarantine,tt1082868
5750,Antrum: The Deadliest Film Ever Made,tt9213244
5751,Lake Mungo,tt0816556
5752,The Fourth Kind,tt1220198
5753,A Haunted House,tt2243537
5754,Devil's Pass,tt1905040
5755,V/H/S,tt2105044
5756,The Poughkeepsie Tapes,tt1010271
5757,Unfriended,tt3713166
5758,V/H/S/2,tt2450186
5759,The Bay,tt1713476
5760,Paranormal Activity: Next of Kin,tt10515988
5761,Blair Witch,tt1540011
5762,V/H/S/85,tt22640398
5763,Chernobyl Diaries,tt1991245
5764,Apollo 18,tt1772240
5765,The Last Exorcism,tt1320244
5766,Banshee Chapter,tt2011276
5767,Paranormal Activity 2,tt1536044
5768,Paranormal Activity 3,tt1778304
5769,Paranormal Activity 4,tt2109184
5770,Paranormal Activity: The Marked Ones,tt2473682
5771,[Rec]²,tt1245112
5772,The Pyramid,tt2799166
5773,The Den,tt2503154
5774,Paranormal Activity: The Ghost Dimension,tt2473510
5775,My Little Eye,tt0280969
5776,Lucky Bastard,tt2417854
5777,Exists,tt1988621
5778,[REC] 3: Genesis,tt1649444
5779,The Gallows,tt2309260
5780,Jeruzalem,tt4552524
5781,The Devil Inside,tt1560985
5782,V/H/S Viral,tt3704538
5783,Dashcam,tt15174116
5784,Skinwalker Ranch,tt2881698
5785,Evidence,tt1640218
5786,Evidence,tt1828970
5787,Frankenstein's Army,tt1925435
5788,The Devil's Doorway,tt6793280
5789,Phoenix Forgotten,tt6574272
5790,Amber Alert,tt2093944
5791,Amber Alert,tt31450182
5792,The Possession of Michael King,tt2282016
5793,Ratter,tt3836512
5794,Hangman,tt3011960
5795,Hangman,tt4441422
5796,Apartment 143,tt1757742
5797,Area 51,tt1519461
5798,Always Watching: A Marble Hornets Story,tt2737926
5799,Atrocious,tt1734067
5800,Atrocious,tt4497686
5801,Home Movie,tt1267319
5802,Followed,tt5563782
5803,Found Footage 3D,tt3449006
5804,388 Arletta Avenue,tt1767272
5805,S&man,tt0800361
5806,The Frankenstein Theory,tt2646378
5807,The Houses October Built 2,tt7068818
5808,Léon: The Professional,tt0110413
5809,The Bikeriders,tt21454134
5810,Reservoir Dogs,tt0105236
5811,Absolution,tt0081975
5812,Absolution,tt3503840
5813,Absolution,tt8337290
5814,Black Mass,tt1355683
5815,Dogville,tt0276919
5816,A History of Violence,tt0399146
5817,The Outfit,tt0071960
5818,The Outfit,tt14114802
5819,Eastern Promises,tt0765443
5820,Carlito's Way,tt0106519
5821,Mean Streets,tt0070379
5822,Miller's Crossing,tt0100150
5823,Gangster Squad,tt1321870
5824,Run All Night,tt2199571
5825,Prizzi's Honor,tt0089841
5826,Analyze This,tt0122933
5827,Killshot,tt0443559
5828,Mafia Mamma,tt13923456
5829,True Confessions,tt0083232
5830,Lansky,tt5078852
5831,Hoffa,tt0104427
5832,Dheepan,tt4082068
5833,Tsotsi,tt0468565
5834,WiseGirls,tt0284655
5835,Raees,tt3405236
5836,Kaante,tt0294662
5837,Whitey: United States of America v. James J. Bulger,tt3326366
5838,The Incredible Hulk,tt0800080
5839,Venom,tt0084854
5840,Venom,tt0428251
5841,Venom,tt1270797
5842,Venom: Let There Be Carnage,tt7097896
5843,The Meg,tt4779682
5844,Hulk,tt0286716
5845,The Mist,tt0884328
5846,Pacific Rim,tt1663662
5847,Rampage,tt0095958
5848,Rampage,tt1337057
5849,Rampage,tt2231461
5850,Meg 2: The Trench,tt9224104
5851,Kong: Skull Island,tt3731562
5852,Pacific Rim: Uprising,tt2557478
5853,Eight Legged Freaks,tt0271367
5854,Evangelion: 3.0+1.01 Thrice Upon a Time,tt2458948
5855,DeepStar Six,tt0097179
5856,Evangelion: 2.0 You Can (Not) Advance,tt0860906
5857,Evangelion: 3.0 You Can (Not) Redo,tt0860907
5858,Big Ass Spider!,tt1830713
5859,Goliathon,tt0076164
5860,Gamera vs. Jiger,tt0065755
5861,Rebirth of Mothra,tt0117089
5862,Rebirth of Mothra II,tt0133104
5863,Reptile 2001,tt0272425
5864,Shikari,tt5830022
5865,Sonic the Hedgehog 2,tt12412888
5866,Casino Royale,tt0381061
5867,Uncharted,tt1464335
5868,The Secret Life of Walter Mitty,tt0359950
5869,Skyfall,tt1074638
5870,Spectre,tt2379713
5871,The Da Vinci Code,tt0382625
5872,The Man from U.N.C.L.E.,tt1638355
5873,The Old Guard,tt7556122
5874,Tomb Raider,tt1365519
5875,Aquaman,tt1477834
5876,Mission: Impossible - Ghost Protocol,tt1229238
5877,Lara Croft: Tomb Raider,tt0146316
5878,Knight and Day,tt1013743
5879,Hanna,tt0993842
5880,Jumper,tt0489099
5881,The Living Daylights,tt0093428
5882,National Treasure: Book of Secrets,tt0465234
5883,Sky Captain and the World of Tomorrow,tt0346156
5884,Lara Croft: Tomb Raider - The Cradle of Life,tt0325703
5885,Inkheart,tt0494238
5886,Looney Tunes: Back in Action,tt0318155
5887,Firefox,tt0083943
5888,Armour of God,tt0091431
5889,Amelia,tt1129445
5890,The Adventurer: The Curse of the Midas Box,tt1376213
5891,Travels with My Aunt,tt0069404
5892,John Wick,tt2911666
5893,Kingsman: The Secret Service,tt2802144
5894,Face/Off,tt0119094
5895,John Wick: Chapter 2,tt4425200
5896,Boy Kills World,tt13923084
5897,John Wick: Chapter 3 - Parabellum,tt6146586
5898,The Raid: Redemption,tt1899353
5899,Wanted,tt0493464
5900,Wanted,tt1084972
5901,Elektra,tt0357277
5902,Atomic Blonde,tt2406566
5903,The Shadow Strays,tt28349451
5904,Extraction II,tt12263384
5905,Rambo: Last Blood,tt1206885
5906,The Man from Nowhere,tt1527788
5907,Haywire,tt1506999
5908,Naked Weapon,tt0341495
5909,Ultraviolet,tt0370032
5910,Hard Boiled,tt0104684
5911,City Hunter,tt0103950
5912,City Hunter,tt24478470
5913,City Hunter,tt8523334
5914,The Killer,tt0097202
5915,The Killer,tt0833484
5916,The Killer,tt1121948
5917,The Killer,tt1136617
5918,The Killer,tt15354498
5919,The Killer,tt19713090
5920,The Killer,tt5379294
5921,Naked Killer,tt0109412
5922,Supercop,tt0104558
5923,Kite,tt2044801
5924,Bulletproof Monk,tt0245803
5925,The Replacement Killers,tt0120008
5926,Joshua Tree,tt0106309
5927,Rapid Fire,tt0105219
5928,Eastern Condors,tt0090956
5929,City on Fire,tt0078976
5930,City on Fire,tt0093435
5931,Exiled,tt0796212
5932,Island of Fire,tt0099812
5933,Legacy of Rage,tt0091428
5934,Full Contact,tt0105851
5935,Invisible Target,tt0995739
5936,God of Gamblers,tt0097244
5937,Tiger Cage,tt0096236
5938,A Better Tomorrow III: Love and Death in Saigon,tt0098691
5939,The White Storm,tt2957774
5940,Fulltime Killer,tt0286635
5941,A Better Tomorrow,tt0092263
5942,A Better Tomorrow,tt1138442
5943,Best of the Best,tt0096913
5944,Night Moves,tt0073453
5945,Night Moves,tt2043933
5946,Reptile,tt13274016
5947,Insomnia,tt0119375
5948,Insomnia,tt0278504
5949,The Long Goodbye,tt0070334
5950,Devil in a Blue Dress,tt0112857
5951,True Crime,tt0139668
5952,Felidae,tt0109791
5953,"Farewell, My Lovely",tt0072973
5954,Marlowe,tt6722802
5955,A Kind of Murder,tt2726552
5956,V.I. Warshawski,tt0103184
5957,The Order,tt0193364
5958,The Order,tt0304711
5959,The Order,tt26625693
5960,The Town,tt0840361
5961,Inside Man,tt0454848
5962,Inside Man,tt18071320
5963,Wrath of Man,tt11083552
5964,Before the Devil Knows You're Dead,tt0292963
5965,The Score,tt0227445
5966,Lift,tt11948256
5967,Lift,tt14371878
5968,Army of the Dead,tt0993840
5969,The Place Beyond the Pines,tt1817273
5970,Good Time,tt4846232
5971,Thief,tt0083190
5972,Emily the Criminal,tt15255876
5973,Widows,tt4218572
5974,Triple 9,tt1712261
5975,Flawless,tt0155711
5976,Flawless,tt0780516
5977,Sikandar Ka Muqaddar,tt31522415
5978,The Forger,tt1368858
5979,The Forger,tt15403362
5980,The Forger,tt2376218
5981,King of Thieves,tt5789976
5982,Justice,tt32245158
5983,Justice,tt5143890
5984,American Heist,tt2923316
5985,Le cercle rouge,tt0065531
5986,Wingwomen,tt21638298
5987,Charley Varrick,tt0069865
5988,What Doesn't Kill You,tt1133991
5989,Wanda,tt0067961
5990,GTMax,tt29260436
5991,The Newton Boys,tt0120769
5992,The Good Thief,tt0281820
5993,Trapped in Paradise,tt0111477
5994,Vault,tt6838918
5995,Vault,tt8908006
5996,"Ruben Brandt, Collector",tt6241872
5997,Gladbeck: The Hostage Crisis,tt20420316
5998,Robbing Mussolini,tt14270848
5999,Money Movers,tt0077944
6000,The Burglars,tt0068347
6001,Diamonds,tt0167423
6002,Home Alone,tt0099785
6003,Barbie,tt1517268
6004,Back to the Future,tt0088763
6005,Scott Pilgrim vs. the World,tt0446029
6006,Ghostbusters,tt0087332
6007,Ghostbusters,tt1289401
6008,Tropic Thunder,tt0942385
6009,Happy Gilmore,tt0116483
6010,Jumanji,tt0113497
6011,School of Rock,tt0332379
6012,The Mask,tt0110475
6013,Liar Liar,tt0119528
6014,Miss Congeniality,tt0212346
6015,True Lies,tt0111503
6016,Mrs. Doubtfire,tt0107614
6017,50 First Dates,tt0343660
6018,Mr. & Mrs. Smith,tt0356910
6019,Home Alone 2: Lost in New York,tt0104431
6020,Bruce Almighty,tt0315327
6021,Galaxy Quest,tt0177789
6022,Click,tt0389860
6023,Click,tt18989976
6024,Click,tt30836377
6025,Ted 2,tt2637276
6026,Harold and the Purple Crayon,tt1609486
6027,What Women Want,tt0207201
6028,What Women Want,tt1667150
6029,Shallow Hal,tt0256380
6030,Jungle Cruise,tt0870154
6031,Superman III,tt0086393
6032,Mannequin,tt0093493
6033,Last Action Hero,tt0107362
6034,Zathura: A Space Adventure,tt0406375
6035,Absolutely Anything,tt1727770
6036,Senior Year,tt5315212
6037,The Borrowers,tt0118755
6038,The Invention of Lying,tt1058017
6039,Gulliver's Travels,tt1320261
6040,Jingle All the Way,tt0116705
6041,Yes Day,tt8521876
6042,Junior,tt0110216
6043,Junior,tt24517876
6044,The Animal,tt0255798
6045,Cats & Dogs,tt0239395
6046,Tooth Fairy,tt0808510
6047,Black Knight,tt0265087
6048,Rosaline,tt1777606
6049,A Kid in King Arthur's Court,tt0113538
6050,Candy Cane Lane,tt21328106
6051,Frequently Asked Questions About Time Travel,tt0910554
6052,Modern Problems,tt0082763
6053,One More Time,tt21216870
6054,One More Time,tt3662066
6055,Jumping from High Places,tt22071864
6056,Oh Belinda,tt20567314
6057,Plan A Plan B,tt15238986
6058,Someone Borrowed,tt22091698
6059,The Marriage App,tt18688184
6060,Red One,tt14948432
6061,The Holdovers,tt14849194
6062,Love Actually,tt0314331
6063,National Lampoon's Christmas Vacation,tt0097958
6064,How the Grinch Stole Christmas,tt0170016
6065,Elf,tt0319343
6066,Home Alone 3,tt0119303
6067,Daddy's Home 2,tt5657846
6068,Klaus,tt4729430
6069,A Christmas Story,tt0085334
6070,Our Little Secret,tt31022050
6071,Last Christmas,tt8623904
6072,Friday After Next,tt0293815
6073,The Night Before,tt0095730
6074,The Night Before,tt3530002
6075,A Bad Moms Christmas,tt6359956
6076,Office Christmas Party,tt1711525
6077,Nutcrackers,tt30144381
6078,Holidate,tt9866072
6079,The Christmas Chronicles,tt2990140
6080,Once Upon a Deadpool,tt31050020
6081,Four Christmases,tt0369436
6082,Miracle on 34th Street,tt0110527
6083,Eight Crazy Nights,tt0271263
6084,Love Hard,tt10752004
6085,Bad Santa 2,tt1798603
6086,The Santa Clause 3: The Escape Clause,tt0452681
6087,The Santa Clause 2,tt0304669
6088,The Muppet Christmas Carol,tt0104940
6089,Deck the Halls,tt0790604
6090,Genie,tt24429218
6091,Christmas with the Kranks,tt0388419
6092,Let It Snow,tt11272898
6093,Let It Snow,tt1950235
6094,Home Sweet Home Alone,tt11012066
6095,A Very Harold & Kumar Christmas,tt1268799
6096,The Best Man Holiday,tt2083355
6097,A Christmas Story Christmas,tt17220704
6098,Noelle,tt5097410
6099,EXmas,tt29536228
6100,Almost Christmas,tt4649416
6101,8-Bit Christmas,tt11540284
6102,I'll Be Home for Christmas,tt0155753
6103,I'll Be Home for Christmas,tt10504966
6104,This Christmas,tt0937375
6105,Ernest Saves Christmas,tt0095107
6106,Santa with Muscles,tt0117550
6107,A Madea Christmas,tt2609758
6108,Dashing Through the Snow,tt5608166
6109,Lez Bomb,tt3496790
6110,A Merry Friggin' Christmas,tt0910885
6111,The Price of Nonna's Inheritance,tt30494321
6112,Get Santa,tt1935940
6113,Father Christmas Is Back,tt13103340
6114,Christmas Eve,tt3703148
6115,The Nutcracker and the Four Realms,tt5523010
6116,The Christmas Chronicles: Part Two,tt11057644
6117,Scrooge,tt0066344
6118,Santa Claus,tt0089961
6119,A Boy Called Christmas,tt10187208
6120,The Nativity Story,tt0762121
6121,Jingle Jangle: A Christmas Journey,tt7736496
6122,Prancer,tt0098115
6123,The Nutcracker,tt0107719
6124,One Magic Christmas,tt0089731
6125,The Perfect Holiday,tt0841032
6126,The Family Man,tt0218967
6127,At Midnight,tt14874302
6128,The Merry Gentlemen,tt32368345
6129,Joyeux Noel,tt0424205
6130,Holiday,tt2556308
6131,Holiday,tt7328154
6132,The Preacher's Wife,tt0117372
6133,Love Affair,tt0110391
6134,Meet Me Next Christmas,tt20502488
6135,A California Christmas,tt13055780
6136,Christmas Is Canceled,tt15186426
6137,Holiday in the Vineyards,tt27195023
6138,Four Daughters,tt27502426
6139,Chained,tt1989475
6140,The Retreat,tt11392272
6141,The Retreat,tt12198524
6142,Tangerine,tt3824458
6143,Harry Potter and the Sorcerer's Stone,tt0241527
6144,Carry-On,tt21382296
6145,Wonder Woman 1984,tt7126948
6146,Lethal Weapon,tt0093409
6147,First Blood,tt0083944
6148,Die Hard 2,tt0099423
6149,The Best Christmas Pageant Ever,tt2347285
6150,Journey to Bethlehem,tt13848804
6151,Noel,tt0383534
6152,Christmas Eve in Miller's Point,tt25052668
6153,It's a Wonderful Knife,tt27619382
6154,Kirk Cameron's Saving Christmas,tt4009460
6155,Don't Open Till Christmas,tt0089038
6156,The Man Who Invented Christmas,tt6225520
6157,"Silent Night, Deadly Night Part 2",tt0093974
6158,Christmas Evil,tt0081793
6159,Rudolph the Red-Nosed Reindeer: The Movie,tt0137201
6160,Pups Alone,tt6344584
6161,Santa and the Ice Cream Bunny,tt0138074
6162,Joker: Folie à Deux,tt11315808
6163,Moulin Rouge!,tt0203009
6164,Mamma Mia! Here We Go Again,tt6911608
6165,Alvin and the Chipmunks,tt0952640
6166,Rock of Ages,tt1336608
6167,Across the Universe,tt0445922
6168,Tommy,tt0073812
6169,Tommy,tt3411420
6170,Sgt. Pepper's Lonely Hearts Club Band,tt0078239
6171,Blues Brothers 2000,tt0118747
6172,Everyone Says I Love You,tt0116242
6173,Under the Boardwalk,tt10551654
6174,De-Lovely,tt0352277
6175,Stargirl,tt4858674
6176,Pennies from Heaven,tt0082894
6177,Sunshine on Leith,tt2481198
6178,Can't Stop the Music,tt0080492
6179,The Chipmunk Adventure,tt0092752
6180,The Opposite Sex,tt2796678
6181,Love's Labour's Lost,tt0182295
6182,Idlewild,tt0417225
6183,At Long Last Love,tt0072665
6184,Paddington in Peru,tt5822536
6185,The Lost City,tt0343996
6186,The Lost City,tt13320622
6187,Predators,tt1424381
6188,Tarzan,tt0120855
6189,Tarzan,tt1705952
6190,Journey 2: The Mysterious Island,tt1397514
6191,Anaconda,tt0118615
6192,The Legend of Tarzan,tt0918940
6193,Rambo,tt0462499
6194,Sorcerer,tt0076740
6195,Dora and the Lost City of Gold,tt7547410
6196,Jungle,tt0251756
6197,Jungle,tt3758172
6198,Ace Ventura: When Nature Calls,tt0112281
6199,Mowgli: Legend of the Jungle,tt2388771
6200,The Mosquito Coast,tt0091557
6201,Rescue Dawn,tt0462504
6202,Fitzcarraldo,tt0083946
6203,Da 5 Bloods,tt9777644
6204,Tarzan the Ape Man,tt0083170
6205,Finding 'Ohana,tt10332588
6206,Two Brothers,tt0338512
6207,The Jungle Book 2,tt0283426
6208,Last Cannibal World,tt0078437
6209,Tarzoon: Shame of the Jungle,tt0073691
6210,Sacrifice!,tt0069956
6211,Flight of the Intruder,tt0099587
6212,Cut and Run,tt0089338
6213,Massacre in Dinosaur Valley,tt0089562
6214,Jungle Beat: The Movie,tt12139700
6215,End of the Spear,tt0399862
6216,Tarzan and the Lost City,tt0120856
6217,The Second Jungle Book: Mowgli & Baloo,tt0120087
6218,DNA,tt7600716
6219,Robowar,tt0096000
6220,Farewell to the King,tt0097334
6221,Temple,tt4898730
6222,Arachnid,tt0271972
6223,Treasure of the Amazon,tt0090200
6224,All the Way Boys,tt0069095
6225,Canopy,tt2232578
6226,The Phantom,tt0117331
6227,The Phantom,tt14597294
6228,Maya,tt0137100
6229,Maya,tt5037912
6230,Camino,tt1206285
6231,Camino,tt4991652
6232,Tragic Jungle,tt12792598
6233,Amazonia,tt1240899
6234,In Gold We Trust,tt1534084
6235,Zebra,tt27757690
6236,Bon Voyage,tt0310778
6237,Kill Bill: Vol. 2,tt0378194
6238,Enter the Dragon,tt0070034
6239,Kung Fu Hustle,tt0373074
6240,The Forbidden Kingdom,tt0865556
6241,The Way of the Dragon,tt0068935
6242,Ong-Bak: The Thai Warrior,tt0368909
6243,Dragon: The Bruce Lee Story,tt0106770
6244,Fist of Fury,tt0068767
6245,The Grandmaster,tt1462900
6246,Drunken Master,tt0080179
6247,The Big Boss,tt0067824
6248,Drunken Master II,tt0111512
6249,Ip Man 2,tt1386932
6250,Man of Tai Chi,tt2016940
6251,Ip Man 3,tt2888046
6252,Fist of Legend,tt0110200
6253,Once Upon a Time in China,tt0103285
6254,Iron Monkey,tt0108148
6255,The 36th Chamber of Shaolin,tt0078243
6256,Half Past Dead,tt0297162
6257,Snake in the Eagle's Shadow,tt0078252
6258,The Young Master,tt0081499
6259,Five Deadly Venoms,tt0077559
6260,Once Upon a Time in China II,tt0105839
6261,Fists of the White Lotus,tt0080905
6262,The Fearless Hyena,tt0079315
6263,Sakra,tt22488024
6264,Crippled Avengers,tt0077292
6265,Heroes of the East,tt0080172
6266,Five Fingers of Death,tt0070800
6267,The Master,tt0097775
6268,The Master,tt1560747
6269,The Prodigal Son,tt0085211
6270,Lady Kung Fu,tt0068676
6271,Martial Arts of Shaolin,tt0091607
6272,Once Upon a Time in China III,tt0108592
6273,Dragon Lord,tt0084266
6274,Kids from Shaolin,tt0086301
6275,Ip Man: The Final Fight,tt2495118
6276,Spiritual Kung Fu,tt0078128
6277,The Invincible Armour,tt0076939
6278,The Avenging Eagle,tt0077868
6279,The Magnificent Butcher,tt0079472
6280,The Boxer from Shantung,tt0068310
6281,One-Armed Boxer,tt0067009
6282,Dirty Ho,tt0079432
6283,Return to the 36th Chamber,tt0081494
6284,The 7 Grandmasters,tt0182666
6285,The Legend of Fong Sai-Yuk 2,tt0106937
6286,The Victim,tt1684564
6287,Warriors Two,tt0078517
6288,Juror #2,tt27403986
6289,Anatomy of a Fall,tt17009710
6290,Gifted,tt4481414
6291,A Few Good Men,tt0104257
6292,My Cousin Vinny,tt0104952
6293,Bridge of Spies,tt3682448
6294,The Lincoln Lawyer,tt1189340
6295,Doubt,tt0918927
6296,JFK,tt0102138
6297,A Separation,tt1832382
6298,Philadelphia,tt0107818
6299,Dead Man Walking,tt0112818
6300,Just Mercy,tt4916630
6301,The Rainmaker,tt0119978
6302,The Crucible,tt0115988
6303,The Whole Truth,tt15850662
6304,The Whole Truth,tt3503406
6305,And Justice for All,tt0078718
6306,North Country,tt0395972
6307,Rules of Engagement,tt0160797
6308,The Trial,tt0108388
6309,The Trial,tt1264115
6310,The Trial,tt29900584
6311,The Trial,tt7665476
6312,Absence of Malice,tt0081974
6313,The Children Act,tt6040662
6314,God's Not Dead 2,tt4824308
6315,A Cry in the Dark,tt0094924
6316,Freeheld,tt1658801
6317,Let Him Have It,tt0102288
6318,A Map of the World,tt0160513
6319,"Cry, the Beloved Country",tt0112749
6320,Morning Glory,tt1126618
6321,Scandal,tt0098260
6322,Scandal,tt3127636
6323,The Bitch,tt0078867
6324,Shyam Singha Roy,tt13349716
6325,Cash on Delivery,tt6779396
6326,Perfect Strangers,tt0325968
6327,Perfect Strangers,tt11112784
6328,Perfect Strangers,tt14383680
6329,Perfect Strangers,tt4901306
6330,Perfect Strangers,tt6101820
6331,Perfect Strangers,tt6304968
6332,Perfect Strangers,tt8580348
6333,Man on Fire,tt0093489
6334,Man on Fire,tt0328107
6335,The Firm,tt0106918
6336,The Firm,tt1313113
6337,The Devil's Advocate,tt0118971
6338,Primal Fear,tt0117381
6339,A Time to Kill,tt0117913
6340,The Client,tt0109446
6341,The Client,tt2072962
6342,The Chamber,tt0115862
6343,The Chamber,tt5167934
6344,Michael Clayton,tt0465538
6345,Fracture,tt0488120
6346,Class Action,tt0101590
6347,The Life of David Gale,tt0289992
6348,Presumed Innocent,tt0100404
6349,The Juror,tt0116731
6350,The Juror,tt6985094
6351,"Roman J. Israel, Esq.",tt6000478
6352,Misconduct,tt3658772
6353,Just Cause,tt0113501
6354,High Crimes,tt0257756
6355,Murder in the First,tt0113870
6356,Jagged Edge,tt0089360
6357,Suspect,tt0094082
6358,Red Corner,tt0119994
6359,The Gingerbread Man,tt0119196
6360,Closed Circuit,tt2218003
6361,Criminal Law,tt0097125
6362,The Star Chamber,tt0086356
6363,The Insult,tt7048622
6364,Night Falls on Manhattan,tt0119783
6365,Guilty as Sin,tt0107057
6366,12,tt0488478
6367,Defenseless,tt0099397
6368,Trial by Jury,tt0111488
6369,Shadow of Doubt,tt0119989
6370,The Student,tt0096523
6371,The Student,tt1865357
6372,The Student,tt4874206
6373,Love Hurts,tt1213825
6374,Love Hurts,tt30788842
6375,Kill Bill: Vol. 1,tt0266697
6376,Teenage Mutant Ninja Turtles,tt0100758
6377,Teenage Mutant Ninja Turtles,tt1291150
6378,DOA: Dead or Alive,tt0398913
6379,Never Back Down,tt1023111
6380,Twilight of the Warriors: Walled In,tt20316748
6381,The Foreigner,tt0312700
6382,The Foreigner,tt1615160
6383,The Foreigner,tt2170623
6384,Blade II,tt0187738
6385,Street Fighter,tt0111301
6386,The Raid 2,tt2265171
6387,Hero,tt0104412
6388,Hero,tt0123102
6389,Hero,tt0299977
6390,Hero,tt0997157
6391,Hero,tt10329842
6392,Hero,tt10709232
6393,Hero,tt11306518
6394,Hero,tt4467202
6395,Knights of the Zodiac,tt6528290
6396,Kung Pow: Enter the Fist,tt0240468
6397,Ninja Assassin,tt1186367
6398,Polite Society,tt18257464
6399,Accident Man,tt6237612
6400,The Night Comes for Us,tt6116856
6401,Shaolin Soccer,tt0286112
6402,A Prueba De Hombres,tt0490086
6403,Here Comes the Boom,tt1648179
6404,The One,tt0267804
6405,Tekken,tt0411951
6406,The Last Dragon,tt0089461
6407,House of Flying Daggers,tt0385004
6408,Accident Man: Hitman's Holiday,tt9669176
6409,Unleashed,tt0342258
6410,Unleashed,tt4587780
6411,Passenger 57,tt0105104
6412,The Medallion,tt0288045
6413,Hard to Kill,tt0099739
6414,Cradle 2 the Grave,tt0306685
6415,Spy Kids: Armageddon,tt13978520
6416,The Man with the Iron Fists,tt1258972
6417,Game of Death,tt0077594
6418,Game of Death,tt1446072
6419,Game of Death,tt6302164
6420,Rurouni Kenshin Part I: Origins,tt1979319
6421,The Quest,tt0091810
6422,The Quest,tt0117420
6423,Fire Down Below,tt0119123
6424,Project A,tt0085127
6425,Mayhem!,tt19319352
6426,Ninja,tt1182921
6427,Birth of the Dragon,tt2720826
6428,Diablo,tt4076760
6429,Rurouni Kenshin: Final Chapter Part I - The Final,tt11809034
6430,American Ninja 2: The Confrontation,tt0092548
6431,"Crouching Tiger, Hidden Dragon: Sword of Destiny",tt2652118
6432,District 13: Ultimatum,tt1247640
6433,Rurouni Kenshin: Final Chapter Part II - The Beginning,tt11991748
6434,Ninja: Shadow of a Tear,tt2458106
6435,Chocolate,tt1183252
6436,Fistful of Vengeance,tt14158554
6437,6 Bullets,tt1975249
6438,The Protector,tt0089847
6439,The Protector,tt0427954
6440,The Protector,tt10022384
6441,Lady Bloodfight,tt4327752
6442,The Perfect Weapon,tt0102655
6443,The Perfect Weapon,tt11354168
6444,The Perfect Weapon,tt4616250
6445,Rurouni Kenshin Part II: Kyoto Inferno,tt3029558
6446,Close Range,tt3511596
6447,Merantau,tt1368116
6448,Rurouni Kenshin: The Legend Ends,tt3029556
6449,The Warlords,tt0913968
6450,Flash Point,tt0992911
6451,Ong Bak 3,tt1653690
6452,Dragons Forever,tt0093015
6453,The Last Mercenary,tt12808182
6454,Ninja Cheerleaders,tt0972857
6455,Maximum Conviction,tt2119474
6456,Best of the Best 3: No Turning Back,tt0112483
6457,The Street Fighter,tt0073756
6458,Firecracker,tt0204322
6459,Circle of Iron,tt0078975
6460,Twinkle Twinkle Lucky Stars,tt0090342
6461,Skin Trade,tt1641841
6462,"No Retreat, No Surrender 3: Blood Brothers",tt0100266
6463,The King of the Kickboxers,tt0102217
6464,CC2C,tt1091229
6465,American Ninja 4: The Annihilation,tt0101326
6466,American Ninja 3: Blood Hunt,tt0096804
6467,Project A 2,tt0092501
6468,Winners & Sinners,tt0086605
6469,Mortal Kombat Legends: Snow Blind,tt21477618
6470,Ong Bak 2,tt0785035
6471,American Samurai,tt0106258
6472,China O'Brien,tt0099260
6473,Mortal Kombat Legends: Battle of the Realms,tt14901058
6474,My Father Is a Hero,tt0113153
6475,Heart of Dragon,tt0091427
6476,Legend of the Fist: The Return of Chen Zhen,tt1456661
6477,The Yin-Yang Master: Dream of Eternity,tt11454718
6478,Black Belt Jones,tt0071221
6479,Enter the Fat Dragon,tt0077538
6480,Enter the Fat Dragon,tt7335600
6481,The Sorcerer and the White Snake,tt1857913
6482,My Lucky Stars,tt0089177
6483,TNT Jackson,tt0072245
6484,Baki Hanma VS Kengan Ashura,tt31869664
6485,Black Mask,tt0115693
6486,Dragon Inn,tt0105859
6487,Jailbreak,tt5741304
6488,Shaolin,tt1533749
6489,New Fist of Fury,tt0075439
6490,Knockabout,tt0080166
6491,Rage and Honor,tt0105212
6492,Reckless,tt0087983
6493,Reckless,tt3202306
6494,The Protector 2,tt1925518
6495,True Legend,tt1425257
6496,The Twins Effect,tt0351887
6497,Tiger Claws,tt0105592
6498,Big Brother,tt32491118
6499,Big Brother,tt7336572
6500,Big Brother,tt9101540
6501,Furies,tt25260664
6502,Legendary Assassin,tt1236370
6503,Five Shaolin Masters,tt0072991
6504,Gundala,tt8237172
6505,The New Legend of Shaolin,tt0110054
6506,Tapped Out,tt2361184
6507,Furie,tt9412268
6508,The Rebel,tt0782154
6509,Dr. Wai in the Scripture with No Words,tt0110463
6510,The Invincible Dragon,tt6329716
6511,An Empress and the Warriors,tt1186803
6512,The Storm Riders,tt0165499
6513,Maria,tt22893404
6514,Maria,tt7594584
6515,To Kill with Intrigue,tt0076227
6516,The White Dragon,tt0441263
6517,212 Warrior,tt6730970
6518,Dynamite Fighters,tt0094375
6519,Bichunmoo,tt0278351
6520,Born to Fight,tt0428725
6521,A Man Called Hero,tt0203672
6522,Return of the Street Fighter,tt0073623
6523,The Storm Warriors,tt1186371
6524,BKO: Bangkok Knockout,tt1770650
6525,Swordsman,tt0100973
6526,The Street Fighter's Last Revenge,tt0073755
6527,The Assailant,tt1322277
6528,Mirageman,tt1046183
6529,King of Beggars,tt0100963
6530,The Gathering,tt0294594
6531,Stiletto,tt1027747
6532,One Flew Over the Cuckoo's Nest,tt0073486
6533,Awakenings,tt0099077
6534,Extreme Measures,tt0116259
6535,Breathe,tt11540468
6536,Breathe,tt3365778
6537,Breathe,tt5716464
6538,John Q,tt0251160
6539,My Sister's Keeper,tt1078588
6540,Side Effects,tt0438427
6541,Side Effects,tt2053463
6542,50/50,tt1306980
6543,Bringing Out the Dead,tt0163988
6544,Breakthrough,tt0078320
6545,Breakthrough,tt7083526
6546,Brain on Fire,tt3704700
6547,Desperate Measures,tt0118966
6548,The Doctor,tt0101746
6549,The Good Doctor,tt1582271
6550,Gross Anatomy,tt0097458
6551,Article 99,tt0101371
6552,Lulli,tt16282866
6553,Numb,tt0795439
6554,Numb,tt4470266
6555,This Is Spinal Tap,tt0088258
6556,Best in Show,tt0218839
6557,For Your Consideration,tt0470765
6558,Marcel the Shell with Shoes On,tt15339456
6559,A Mighty Wind,tt0310281
6560,Popstar: Never Stop Never Stopping,tt3960412
6561,Theater Camp,tt21232992
6562,Mascots,tt4936176
6563,Smile,tt0073722
6564,Smile,tt0397103
6565,Smile,tt15474916
6566,Fear of a Black Hat,tt0106880
6567,Paper Heart,tt1331064
6568,Glee: The 3D Concert Movie,tt1922612
6569,Supernatural Activity,tt1832516
6570,Alien: Romulus,tt18412256
6571,Jaws,tt0073195
6572,It,tt1396484
6573,Constantine,tt0360486
6574,The Descent,tt0435625
6575,Azrael,tt22173666
6576,Arcadian,tt22939186
6577,Silent Hill,tt0384537
6578,Pitch Black,tt0134847
6579,Alien Resurrection,tt0118583
6580,Jeepers Creepers,tt0263488
6581,Resident Evil: Welcome to Raccoon City,tt6920084
6582,Alien vs. Predator,tt0370263
6583,Deep Rising,tt0118956
6584,The Tank,tt14687418
6585,Humanoids from the Deep,tt0080904
6586,Aliens vs. Predator: Requiem,tt0758730
6587,Cold Skin,tt1034385
6588,Doom,tt0419706
6589,Out of Darkness,tt7527682
6590,Silent Hill: Revelation,tt0938330
6591,Jaws 2,tt0077766
6592,Bird Box: Barcelona,tt14400246
6593,Jaws 3-D,tt0085750
6594,Jeepers Creepers 2,tt0301470
6595,Jaws: The Revenge,tt0093300
6596,Shadow in the Cloud,tt9691136
6597,Monstrous,tt4624366
6598,The Descent: Part 2,tt1073105
6599,Hostile,tt5085522
6600,Into the Grizzly Maze,tt1694021
6601,Cat's Eye,tt0088889
6602,The Flood,tt15670222
6603,The Flood,tt5954556
6604,Creature,tt0088961
6605,Creature,tt1686018
6606,Creature,tt3619854
6607,Viking Wolf,tt13051810
6608,Grimcutty,tt17196124
6609,Minotaur,tt0415160
6610,Monster in the Closet,tt0091544
6611,Razorback,tt0087981
6612,Watchers II,tt0100904
6613,Shadowzone,tt0100586
6614,Infestation,tt1020543
6615,Frankenstein and the Monster from Hell,tt0071519
6616,Storage 24,tt1986953
6617,The Cellar,tt0099235
6618,The Cellar,tt14550642
6619,A Creature Was Stirring,tt11050992
6620,Night Train to Terror,tt0087798
6621,Untold,tt0265944
6622,Axe Giant: The Wrath of Paul Bunyan,tt1684548
6623,Killer Rats,tt0277986
6624,Stroker Ace,tt0086379
6625,Herbie Fully Loaded,tt0400497
6626,The Last American Hero,tt0070287
6627,Le Mans,tt0067334
6628,Senna,tt1424432
6629,Driven,tt0132245
6630,Driven,tt5592796
6631,Driven,tt7692822
6632,Six Pack,tt0084690
6633,Speed Zone,tt0098369
6634,Heart Like a Wheel,tt0085656
6635,Greased Lightning,tt0076106
6636,On Any Sunday,tt0067527
6637,Lady Driver,tt7562334
6638,Faster,tt0368721
6639,Faster,tt1433108
6640,Fastest,tt1721677
6641,Black Ice,tt0890883
6642,One,tt11250720
6643,Winter's Bone,tt1399683
6644,Homeward Bound: The Incredible Journey,tt0107131
6645,Cliffhanger,tt0106582
6646,Seven Years in Tibet,tt0120102
6647,Vertical Limit,tt0190865
6648,Free Solo,tt7775622
6649,A Cry in the Wild,tt0099327
6650,The Bear,tt0095800
6651,Touching the Void,tt0379557
6652,K2,tt0102178
6653,The Summit of the Gods,tt7014378
6654,Lost Horizon,tt0070337
6655,14 Peaks: Nothing Is Impossible,tt14079374
6656,The Adventures of the Wilderness Family,tt0072610
6657,Five Days One Summer,tt0083947
6658,The Eagle Huntress,tt3882074
6659,Unbranded,tt3020666
6660,The Butterfly,tt0329485
6661,Belle & Sebastian: The Adventure Continues,tt4083850
6662,The Art of Flight,tt1646967
6663,Pachamama,tt5541002
6664,The Climb,tt5157682
6665,The Climb,tt8637440
6666,Kraven the Hunter,tt8790086
6667,The Beekeeper,tt0091506
6668,The Beekeeper,tt15314262
6669,Bullet Train,tt0080479
6670,Bullet Train,tt12593682
6671,Nobody,tt7888964
6672,Rebel Ridge,tt11301886
6673,Plane,tt5884796
6674,The Equalizer,tt0455944
6675,The Gray Man,tt0478329
6676,The Gray Man,tt1649418
6677,Taken,tt0936501
6678,The Equalizer 3,tt17024450
6679,Polar,tt4139588
6680,The Punisher,tt0098141
6681,The Punisher,tt0330793
6682,The Bourne Identity,tt0258463
6683,Commando,tt0088944
6684,Commando,tt2658126
6685,The Equalizer 2,tt3766354
6686,Shooter,tt0822854
6687,Shooter,tt11749480
6688,American Assassin,tt1961175
6689,Olympus Has Fallen,tt2302755
6690,White House Down,tt2334879
6691,The Bourne Supremacy,tt0372183
6692,Under Siege,tt0105690
6693,Air Force One,tt0118571
6694,Trigger Warning,tt5834874
6695,Peppermint,tt0232295
6696,Peppermint,tt6850820
6697,Safe,tt0114323
6698,Safe,tt10869474
6699,Safe,tt1656190
6700,SAS: Rise of the Black Swan,tt4479380
6701,The Rhythm Section,tt7134096
6702,Lou,tt5315210
6703,Rambo III,tt0095956
6704,Safe House,tt0120051
6705,Safe House,tt1599348
6706,The Wrath of Becky,tt20916568
6707,Memory,tt0418879
6708,Memory,tt11827628
6709,Memory,tt19864828
6710,Day Shift,tt13314558
6711,Ava,tt6194530
6712,Ava,tt8784956
6713,The Mother,tt0323298
6714,The Mother,tt6968614
6715,Ballerina,tt26350277
6716,The Ice Road,tt3758814
6717,Death Wish,tt0071402
6718,Death Wish,tt1137450
6719,The Protégé,tt6079772
6720,Don't Breathe 2,tt6246322
6721,Death Sentence,tt0804461
6722,Iron Eagle,tt0091278
6723,Magnum Force,tt0070355
6724,Sweet Girl,tt10731768
6725,On Deadly Ground,tt0110725
6726,Avenged,tt2378453
6727,Universal Soldier: The Return,tt0176269
6728,One Ranger,tt23037488
6729,AKA,tt0317052
6730,AKA,tt27197387
6731,My Name Is Vendetta,tt15229674
6732,High Heat,tt15721088
6733,Bullet Proof,tt10198564
6734,Legacy of Lies,tt6834916
6735,El Gringo,tt1990216
6736,Eraser: Reborn,tt15422240
6737,Seized,tt7221772
6738,Kaththi,tt3801314
6739,The Bounty Hunter,tt1038919
6740,Last Resort,tt0258761
6741,Force,tt1992138
6742,Scary Movie,tt0138078
6743,Scary Movie,tt0175142
6744,Not Another Teen Movie,tt0277371
6745,Spaceballs,tt0094012
6746,Spy,tt15509266
6747,Spy,tt3079380
6748,Beyond the Valley of the Dolls,tt0065466
6749,Dodgeball: A True Underdog Story,tt0364725
6750,Top Secret!,tt0088286
6751,Austin Powers in Goldmember,tt0295178
6752,The Naked Gun: From the Files of Police Squad!,tt0095705
6753,Josie and the Pussycats,tt0236348
6754,Austin Powers: The Spy Who Shagged Me,tt0145660
6755,Robin Hood: Men in Tights,tt0107977
6756,Dance Flick,tt1153706
6757,Superhero Movie,tt0426592
6758,Scary Movie 2,tt0257106
6759,Hot Shots!,tt0102059
6760,Scary Movie 3,tt0306047
6761,A Million Ways to Die in the West,tt2557490
6762,The Ridiculous 6,tt2479478
6763,Scary Movie 4,tt0362120
6764,The Final Girls,tt2118624
6765,Hot Shots! Part Deux,tt0107144
6766,Walk Hard: The Dewey Cox Story,tt0841046
6767,Scary Movie V,tt0795461
6768,Wet Hot American Summer,tt0243655
6769,Mystery Men,tt0132347
6770,Meet the Spartans,tt1073498
6771,Johnny English,tt0274166
6772,I'm Gonna Git You Sucka,tt0095348
6773,The Brady Bunch Movie,tt0112572
6774,Vampires Suck,tt1666186
6775,Dracula: Dead and Loving It,tt0112896
6776,Agent Cody Banks,tt0313911
6777,UHF,tt0098546
6778,Bugsy Malone,tt0074256
6779,Black Dynamite,tt1190536
6780,The Naked Gun 2½: The Smell of Fear,tt0102510
6781,The Kentucky Fried Movie,tt0076257
6782,Johnny English Strikes Again,tt6921996
6783,Going Overboard,tt0096870
6784,Undercover Brother,tt0279493
6785,Date Movie,tt0466342
6786,MacGruber,tt1470023
6787,Flesh Gordon,tt0068595
6788,D.E.B.S.,tt0367631
6789,Hatchet,tt0422401
6790,Balls of Fury,tt0424823
6791,Elektra Luxx,tt1340773
6792,The Wrecking Crew,tt0196219
6793,Club Dread,tt0331953
6794,Hedwig and the Angry Inch,tt0248845
6795,Dark Star,tt0069945
6796,Rock-A-Doodle,tt0102802
6797,Fifty Shades of Black,tt4667094
6798,Amazon Women on the Moon,tt0092546
6799,Caveman,tt0082146
6800,Miss March,tt1151922
6801,Beach Babes from Beyond,tt0106366
6802,Strictly Ballroom,tt0105488
6803,The Good the Bad the Weird,tt0901487
6804,Wrongfully Accused,tt0120901
6805,How to Lose Friends & Alienate People,tt0455538
6806,Spy Hard,tt0117723
6807,Johnny Dangerously,tt0087507
6808,Cannibal Girls,tt0069841
6809,Superfast!,tt2933474
6810,The Country Bears,tt0276033
6811,Stan Helsing,tt1185266
6812,Dinosaur Island,tt0109627
6813,Dinosaur Island,tt3261302
6814,Rock 'n' Roll High School,tt0079813
6815,Die Hart 2: Die Harter,tt32094375
6816,A Haunted House 2,tt2828996
6817,They Came Together,tt2398249
6818,Not Another Church Movie,tt19358036
6819,Attack of the 50 Foot Cheerleader,tt2098627
6820,The Road to Wellville,tt0111001
6821,Class of Nuke 'Em High,tt0090849
6822,Die Hart,tt27116016
6823,High Anxiety,tt0076141
6824,Teen Titans GO! To the Movies,tt7424200
6825,The Villain,tt0080097
6826,The Villain,tt1194242
6827,The Villain,tt3175038
6828,The Villain,tt6203302
6829,Cats Don't Dance,tt0118829
6830,The Starving Games,tt2403029
6831,Fatal Instinct,tt0106873
6832,Ready to Wear,tt0110907
6833,The Big Bus,tt0074205
6834,Plump Fiction,tt0117350
6835,Cannibal Women in the Avocado Jungle of Death,tt0094834
6836,Repossessed,tt0100475
6837,If Looks Could Kill,tt0102095
6838,Tromeo and Juliet,tt0114733
6839,The Singing Detective,tt0314676
6840,The Meteor Man,tt0107563
6841,Pootie Tang,tt0258038
6842,Cutting Class,tt0097136
6843,Galaxina,tt0080771
6844,Super Fuzz,tt0082924
6845,Transylvania 6-5000,tt0090196
6846,Code Name: The Cleaner,tt0462229
6847,Smokey and the Bandit Part 3,tt0086325
6848,Hamlet 2,tt1104733
6849,Police Academy: Mission to Moscow,tt0110857
6850,A Very Brady Sequel,tt0118073
6851,The Funhouse Massacre,tt4483220
6852,The Adventures of Taura: Prison Ship Star Slammer,tt0087945
6853,Love and Death,tt0073312
6854,Young Doctors in Love,tt0084938
6855,Dead Men Don't Wear Plaid,tt0083798
6856,The Groove Tube,tt0071583
6857,She's Gotta Have It,tt0091939
6858,Dr. Caligari,tt0097228
6859,Munchies,tt0093582
6860,Delirious,tt0101701
6861,Delirious,tt0412637
6862,Zorro: The Gay Blade,tt0083366
6863,Trinity Is Still My Name,tt0068154
6864,Auntie Lee's Meat Pies,tt0106323
6865,Love at First Bite,tt0079489
6866,Corky Romano,tt0250310
6867,Hollywood Shuffle,tt0093200
6868,The Comebacks,tt0790804
6869,Elvira's Haunted Hills,tt0265171
6870,Evil Laugh,tt0095120
6871,Up the Academy,tt0081695
6872,Breaking Wind,tt1651323
6873,Return of the Killer Tomatoes!,tt0095989
6874,Attack of the 60 Foot Centerfolds,tt0112408
6875,Condorman,tt0082199
6876,Meet the Blacks,tt4191580
6877,Radioland Murders,tt0110939
6878,To Be or Not to Be,tt0086450
6879,The Ten,tt0811106
6880,Celebrity Sex Tape,tt2136808
6881,High School High,tt0116531
6882,The Incredible Shrinking Woman,tt0082558
6883,Blood Hook,tt0090750
6884,Dr. Jekyll and Ms. Hyde,tt0112895
6885,The Nude Bomb,tt0081249
6886,Monty Python's and Now for Something Completely Different,tt0066765
6887,The Baxter,tt0401244
6888,The Fiendish Plot of Dr. Fu Manchu,tt0080731
6889,Straight to Hell,tt0094048
6890,The Adventure of Sherlock Holmes' Smarter Brother,tt0072608
6891,In God We Trust (or Gimme That Prime Time Religion),tt0080917
6892,The Toxic Avenger Part III: The Last Temptation of Toxie,tt0098502
6893,Waxwork II: Lost in Time,tt0105792
6894,Blubberella,tt1756427
6895,The Raspberry Reich,tt0390418
6896,The Legend of Awesomest Maximus,tt1059887
6897,Bingo,tt0101455
6898,Blood Beach,tt0082083
6899,Jekyll and Hyde... Together Again,tt0084171
6900,Get Crazy,tt0085551
6901,Leonard Part 6,tt0093405
6902,Satan's Cheerleaders,tt0076665
6903,Class Reunion,tt0084395
6904,Bon Cop Bad Cop,tt0479647
6905,Illegal Aliens,tt0758754
6906,The Specials,tt0181836
6907,The Specials,tt8655470
6908,The Hebrew Hammer,tt0317640
6909,The Human Tornado,tt0074653
6910,The Wrong Guy,tt0120536
6911,Monty Python Live at the Hollywood Bowl,tt0084352
6912,Class of Nuke 'Em High Part II: Subhumanoid Meltdown,tt0101591
6913,Lust in the Dust,tt0089523
6914,Pulp,tt0069134
6915,Shredder,tt0282163
6916,Carry on Emmannuelle,tt0077300
6917,Jiminy Glick in Lalawood,tt0347369
6918,The Lost Skeleton of Cadavra,tt0307109
6919,Rustlers' Rhapsody,tt0089945
6920,The Return of Captain Invincible,tt0086189
6921,Start the Revolution Without Me,tt0066402
6922,The Wendell Baker Story,tt0373445
6923,Blades,tt0096936
6924,Fubar,tt0302585
6925,Movie Madness,tt0082799
6926,"Class of Nuke 'Em High Part 3: The Good, the Bad and the Subhumanoid",tt0112685
6927,Boardinghouse,tt0083670
6928,Morons from Outer Space,tt0089622
6929,Carry on Columbus,tt0103927
6930,Cheech & Chong's: The Corsican Brothers,tt0087042
6931,Paranormal Whacktivity,tt1757831
6932,"Frank McKlusky, C.I.",tt0281865
6933,Night Patrol,tt0087795
6934,Allegro non troppo,tt0074121
6935,Carry on Loving,tt0065524
6936,Troma's War,tt0096310
6937,The Godson,tt0165303
6938,There Goes the Neighborhood,tt0105573
6939,Yakuza Apocalypse,tt3675748
6940,Flesh Gordon Meets the Cosmic Cheerleaders,tt0097365
6941,On a volé la cuisse de Jupiter,tt0081276
6942,Whoops Apocalypse,tt0092211
6943,The Prisoner of Zenda,tt0079753
6944,The Drawn Together Movie!,tt1546036
6945,Torrente 4: Lethal Crisis,tt1417108
6946,Glitch!,tt0095222
6947,Transylmania,tt0936471
6948,They Call Me Bruce,tt0084786
6949,Jake Speed,tt0091282
6950,Big Money Rustlas,tt1380784
6951,Weird: The Al Yankovic Story,tt17076046
6952,Tooken,tt3564200
6953,Farce of the Penguins,tt0488539
6954,Rock 'n' Roll Nightmare,tt0093873
6955,The Legend of Frenchie King,tt0067637
6956,Series 7: The Contenders,tt0251031
6957,Super Capers: The Origins of Ed and the Missing Bullion,tt1161064
6958,The White River Kid,tt0162766
6959,30 Nights of Paranormal Activity with the Devil Inside the Girl with the Dragon Tattoo,tt2417650
6960,S*P*Y*S,tt0072107
6961,Project A-Ko,tt0091794
6962,Daffy Duck's Quackbusters,tt0094939
6963,The Creature Wasn't Nice,tt0082213
6964,"Die, Mommie, Die!",tt0322023
6965,Delusions of Grandeur,tt0067108
6966,Blackballed: The Bobby Dukes Story,tt0379184
6967,The Bare Wench Project,tt0233289
6968,Ninja Academy,tt0100265
6969,Bugs Bunny's 3rd Movie: 1001 Rabbit Tales,tt0083701
6970,Big Man Japan,tt0997147
6971,Girlfriend from Hell,tt0099664
6972,Anarchy TV,tt0118616
6973,Made in Chinatown,tt7986276
6974,Hair High,tt0365296
6975,My Big Fat Independent Movie,tt0385890
6976,Disaster!,tt0424958
6977,Stiff Upper Lips,tt0120210
6978,Dead Weight,tt0283957
6979,Carry on Up the Jungle,tt0065525
6980,Lumberjack Man,tt3201722
6981,Movie Movie,tt0077952
6982,Martin Lawrence: You So Crazy,tt0111804
6983,The Yes Men,tt0379593
6984,Top of the Food Chain,tt0159797
6985,Prime Time,tt11460976
6986,Once Upon a Time... in Hollywood,tt7131622
6987,Unforgiven,tt0105695
6988,Unforgiven,tt2347134
6989,Unforgiven,tt7394636
6990,The Six Triple Eight,tt24458622
6991,The Green Mile,tt0120689
6992,"Salò, or the 120 Days of Sodom",tt0073650
6993,The Prestige,tt0482571
6994,Queer,tt24176060
6995,The Zone of Interest,tt7160372
6996,The Greatest Showman,tt1485796
6997,Darkest Hour,tt4555426
6998,Woman of the Hour,tt7737800
6999,Life Is Beautiful,tt0118799
7000,Life Is Beautiful,tt2298990
7001,The Help,tt1454029
7002,The Lighthouse,tt3520714
7003,The Lighthouse,tt7984734
7004,The Great Gatsby,tt0071577
7005,The Great Gatsby,tt1343092
7006,The Hateful Eight,tt3460252
7007,Revolutionary Road,tt0959337
7008,The Count of Monte Cristo,tt0245844
7009,Blonde,tt1655389
7010,Boogie Nights,tt0118749
7011,The Imitation Game,tt2084970
7012,Benedetta,tt6823148
7013,The Boy in the Striped Pajamas,tt0914798
7014,Brooklyn,tt2381111
7015,American Hustle,tt1800241
7016,True Grit,tt1403865
7017,The Others,tt0230600
7018,Blitz,tt1297919
7019,Blitz,tt15939198
7020,The Piano,tt0107822
7021,A Bronx Tale,tt0106489
7022,The King's Speech,tt1504320
7023,The Power of the Dog,tt10293406
7024,Fried Green Tomatoes,tt0101921
7025,The Name of the Rose,tt0091605
7026,Bonhoeffer: Pastor. Spy. Assassin.,tt26237514
7027,Somewhere in Time,tt0081534
7028,The Man in the Iron Mask,tt0120744
7029,Shakespeare in Love,tt0138097
7030,Phantom Thread,tt5776858
7031,Pocahontas,tt0114148
7032,The Age of Innocence,tt0106226
7033,Sweeney Todd: The Demon Barber of Fleet Street,tt0408236
7034,Dancer in the Dark,tt0168629
7035,Memoirs of a Geisha,tt0397535
7036,Operation Mincemeat,tt1879016
7037,The Pale Blue Eye,tt14138650
7038,Living,tt2190483
7039,Living,tt9051908
7040,The Critic,tt13457790
7041,The Children's Train,tt29242846
7042,The Cider House Rules,tt0124315
7043,Lady Chatterley's Lover,tt0082640
7044,Lady Chatterley's Lover,tt14369780
7045,Driving Miss Daisy,tt0097239
7046,Carol,tt2402927
7047,The Last Letter from Your Lover,tt1893273
7048,The Illusionist,tt0443543
7049,The Illusionist,tt0775489
7050,Silence,tt0067755
7051,Silence,tt0490215
7052,The Lover,tt0101316
7053,The Artist,tt1655442
7054,The Dead Don't Hurt,tt22773644
7055,Widow Clicquot,tt3234122
7056,Pretty Baby,tt0078111
7057,The Wind Rises,tt2013293
7058,The Tragedy of Macbeth,tt10095582
7059,Valkyrie,tt0985699
7060,The World to Come,tt9738716
7061,The Painted Veil,tt0446755
7062,Fences,tt2671706
7063,A Perfect World,tt0107808
7064,The Dig,tt3661210
7065,The Homesman,tt2398231
7066,The Monuments Men,tt2177771
7067,Defiance,tt0080605
7068,Defiance,tt1034303
7069,The Wonder,tt9288822
7070,Dangerous Beauty,tt0118892
7071,Women Talking,tt13669038
7072,Breaking the Waves,tt0115751
7073,Eileen,tt5198890
7074,Seabiscuit,tt0329575
7075,Emancipation,tt12530246
7076,A Single Man,tt1315981
7077,Tristan + Isolde,tt0375154
7078,Black Book,tt0389557
7079,Suffragette,tt3077214
7080,The Remains of the Day,tt0107943
7081,Jersey Boys,tt1742044
7082,Quills,tt0180073
7083,Girl with a Pearl Earring,tt0335119
7084,Ammonite,tt7983894
7085,Dreamgirls,tt0443489
7086,Dreamgirls,tt4307692
7087,Agora,tt1186830
7088,The New World,tt0402399
7089,The Woman in Black,tt1596365
7090,Mansfield Park,tt0178737
7091,The Sisters Brothers,tt4971344
7092,Mrs. Harris Goes to Paris,tt5151570
7093,Howards End,tt0104454
7094,"Good Night, and Good Luck.",tt0433383
7095,The Beguiled,tt0066819
7096,The Beguiled,tt5592248
7097,Appaloosa,tt0800308
7098,The Shootist,tt0075213
7099,Detroit,tt5390504
7100,'71,tt2614684
7101,The Miracle Club,tt12712604
7102,The Electrical Life of Louis Wain,tt10687506
7103,Hawaii,tt2801746
7104,Hawaii,tt5566714
7105,Casanova,tt0074291
7106,Casanova,tt0402894
7107,Iron Mask,tt6218010
7108,Flesh+Blood,tt0089153
7109,Nicholas and Alexandra,tt0067483
7110,Café Society,tt4513674
7111,The Year of Living Dangerously,tt0086617
7112,The Nest,tt0095719
7113,The Nest,tt0280990
7114,The Nest,tt11105376
7115,The Nest,tt4925340
7116,The Nest,tt8338762
7117,Henry & June,tt0099762
7118,The French Lieutenant's Woman,tt0082416
7119,A Little Chaos,tt2639254
7120,A Dangerous Method,tt1571222
7121,Seraphim Falls,tt0479537
7122,Far from Heaven,tt0297884
7123,Fanny and Alexander,tt0083922
7124,My Policeman,tt13139228
7125,Forgotten Love,tt26596953
7126,A Royal Affair,tt1276419
7127,Ma Rainey's Black Bottom,tt10514222
7128,Emily,tt12374656
7129,The Legend of Bagger Vance,tt0146984
7130,The Red Virgin,tt27599713
7131,Pedro Páramo,tt27717667
7132,Bolero,tt0083260
7133,Bolero,tt0086987
7134,Stonehearst Asylum,tt1772264
7135,American Me,tt0103671
7136,T-34,tt8820590
7137,Mr. Turner,tt2473794
7138,The Portrait of a Lady,tt0117364
7139,Ryan's Daughter,tt0066319
7140,The Bookshop,tt3127022
7141,The Peasants,tt10651230
7142,Orlando,tt0107756
7143,Breaker Morant,tt0080310
7144,Hysteria,tt1435513
7145,The Immigrant,tt1951181
7146,Babette's Feast,tt0092603
7147,Vanity Fair,tt0241025
7148,Jane Got a Gun,tt2140037
7149,Nana,tt0471834
7150,In Her Place,tt31796256
7151,Padre Pio,tt18272884
7152,Valmont,tt0098575
7153,Nicholas Nickleby,tt0309912
7154,Cries & Whispers,tt0069467
7155,Testament of Youth,tt1441953
7156,Jude,tt0116722
7157,Silver Skates,tt10525672
7158,Lady Jane,tt0091374
7159,Magic in the Moonlight,tt2870756
7160,Valentino,tt0076868
7161,My Week with Marilyn,tt1655420
7162,The Draughtsman's Contract,tt0083851
7163,Eye of the Needle,tt0082351
7164,A Handful of Dust,tt0095274
7165,Anna and the King,tt0166485
7166,Irena's Vow,tt19869662
7167,Hope and Glory,tt0093209
7168,Passing,tt8893974
7169,Maria's Lovers,tt0087682
7170,Blood & Gold,tt18073328
7171,Great Expectations,tt0119223
7172,Great Expectations,tt1836808
7173,Enchanted April,tt0101811
7174,Jayne Mansfield's Car,tt1781840
7175,Brideshead Revisited,tt0412536
7176,Wilde,tt0120514
7177,The Wings of the Dove,tt0120520
7178,Voyage of the Damned,tt0075406
7179,Mountains of the Moon,tt0100196
7180,Onegin,tt0119079
7181,Onegin,tt23747498
7182,The Last Station,tt0824758
7183,Total Eclipse,tt0114702
7184,Carrington,tt0112637
7185,The Moderns,tt0095649
7186,Coco Before Chanel,tt1035736
7187,Mrs. Henderson Presents,tt0413015
7188,Forsaken,tt2271563
7189,Love Field,tt0104765
7190,The Conspirator,tt0968264
7191,A Hero,tt11777738
7192,M. Butterfly,tt0107468
7193,Chéri,tt1179258
7194,Vera Drake,tt0383694
7195,The Red Violin,tt0120802
7196,Mrs. Brown,tt0119280
7197,The Garden of Eden,tt1031243
7198,The Other,tt0069050
7199,The Other,tt0196355
7200,Condor's Nest,tt8032034
7201,Ehrengard: The Art of Seduction,tt27727074
7202,The Secret Agent,tt0117582
7203,The Nightcomers,tt0069007
7204,Topsy-Turvy,tt0151568
7205,Eiffel,tt10366514
7206,The Four Musketeers: Milady's Revenge,tt0073012
7207,The Last Mistress,tt0437526
7208,Restoration,tt0114272
7209,Restoration,tt4517738
7210,Effie Gray,tt1605798
7211,The Indian Runner,tt0102116
7212,Camille Claudel,tt0094828
7213,Murder by Decree,tt0079592
7214,Robin and Marian,tt0075147
7215,I.Q.,tt0110099
7216,Mary Reilly,tt0117002
7217,Age of Uprising: The Legend of Michael Kohlhaas,tt2054790
7218,Long Day's Journey Into Night,tt8185182
7219,Bright Young Things,tt0325123
7220,Crazy in Alabama,tt0142201
7221,Peterloo,tt4614612
7222,"Brother Sun, Sister Moon",tt0069824
7223,Ludwig,tt0068883
7224,The Dead,tt0092843
7225,The Dead,tt1386925
7226,The Rainbow,tt0098165
7227,Taking Woodstock,tt1127896
7228,The Story of Adele H,tt0073114
7229,Invisible Life,tt6390668
7230,The Affair of the Necklace,tt0242252
7231,Black Robe,tt0101465
7232,Impromptu,tt0102103
7233,Firelight,tt0119125
7234,Wide Sargasso Sea,tt0108565
7235,Of Mice and Men,tt0105046
7236,Danton,tt0083789
7237,In Dubious Battle,tt4411618
7238,Nowhere in Africa,tt0161860
7239,Oscar and Lucinda,tt0119843
7240,The Reckoning,tt0258816
7241,The Reckoning,tt13885592
7242,The Reckoning,tt2452470
7243,The Reckoning,tt9182964
7244,My Cousin Rachel,tt4411596
7245,The Seven-Per-Cent Solution,tt0075194
7246,The Lady in Red,tt0079429
7247,A Month in the Country,tt0093562
7248,Dancing at Lughnasa,tt0120643
7249,Panther,tt0114084
7250,Renoir,tt2150332
7251,Conduct Unbecoming,tt0072812
7252,Sylvie's Love,tt9827834
7253,All Is True,tt9206798
7254,Jakob the Liar,tt0120716
7255,Me and Orson Welles,tt1175506
7256,"Farewell, My Queen",tt1753813
7257,Farinelli,tt0109771
7258,The Hiding Place,tt0073109
7259,Daisy Miller,tt0071385
7260,Beanpole,tt10199640
7261,The Garden of the Finzi-Continis,tt0065777
7262,White Mischief,tt0094317
7263,My Brilliant Career,tt0079596
7264,Margrete: Queen of the North,tt9308390
7265,Crossed Swords,tt0077381
7266,The Molly Maguires,tt0066090
7267,Othello,tt0114057
7268,The Emperor of Paris,tt7025976
7269,Ridicule,tt0117477
7270,Plunkett & Macleane,tt0134033
7271,Quartet,tt0082964
7272,Quartet,tt1441951
7273,Mahler,tt0071797
7274,From the Land of the Moon,tt3794028
7275,A Month by the Lake,tt0113849
7276,The Doctor and the Devils,tt0089034
7277,Jimmy's Hall,tt3110960
7278,I Heard the Bells,tt21084334
7279,Nostradamus,tt0110689
7280,Vatel,tt0190861
7281,Copying Beethoven,tt0424908
7282,Ethan Frome,tt0106833
7283,I Never Promised You a Rose Garden,tt0076172
7284,Agatha,tt0078736
7285,Sunset Song,tt2262161
7286,The Golden Bowl,tt0200669
7287,Jefferson in Paris,tt0113463
7288,Royal Flash,tt0073639
7289,Carrie,tt0074285
7290,Carrie,tt1939659
7291,Savage Messiah,tt0069225
7292,Savage Messiah,tt0303010
7293,Kidnapped,tt0067302
7294,Kidnapped,tt1629377
7295,The Music Lovers,tt0066109
7296,Death Defying Acts,tt0472071
7297,Washington Square,tt0120481
7298,Night and Day,tt1176096
7299,Widows' Peak,tt0111712
7300,Heat and Dust,tt0084058
7301,Vincent & Theo,tt0100873
7302,The Horseman on the Roof,tt0113362
7303,Mission Majnu,tt13131232
7304,A Summer Story,tt0096189
7305,Mrs. Soffel,tt0087751
7306,Salome's Last Dance,tt0096029
7307,Dean Spanley,tt1135968
7308,Hotel,tt0278487
7309,Hotel,tt0415855
7310,Hotel,tt2363178
7311,The Year My Voice Broke,tt0094347
7312,My Mother's Castle,tt0099266
7313,Germinal,tt0107002
7314,Max Havelaar,tt0074880
7315,Uncertain Glory,tt5304874
7316,A Doll's House,tt0069987
7317,Camila,tt0087027
7318,Swept from the Sea,tt0120257
7319,Pope Joan,tt0458455
7320,The Work and the Glory,tt0410454
7321,Lonesome Soldier,tt20257492
7322,The Marquise of O,tt0074870
7323,The Last Valley,tt0065969
7324,The Advocate,tt0107146
7325,Devdas,tt0238936
7326,In Darkness,tt1417075
7327,In Darkness,tt1492923
7328,In Darkness,tt5164184
7329,Escape,tt2076850
7330,Escape,tt26451068
7331,Escape,tt31898445
7332,Widow of St. Pierre,tt0191636
7333,Samurai Marathon,tt9311062
7334,Black and White in Color,tt0074972
7335,Panfilov's 28 Men,tt5207204
7336,Rembrandt,tt0345853
7337,Pascali's Island,tt0095827
7338,The Grandfather,tt0176415
7339,Miss Julie,tt0189744
7340,Miss Julie,tt2667960
7341,A Sunday in the Country,tt0088318
7342,On Guard,tt0118756
7343,Goya in Bordeaux,tt0210717
7344,The Key,tt0085328
7345,That Night in Varennes,tt0084423
7346,First Love,tt0396818
7347,First Love,tt10228168
7348,First Love,tt14726510
7349,The Lady and the Duke,tt0239234
7350,Artemisia,tt0123385
7351,The Duchess of Langeais,tt0781435
7352,The Music Teacher,tt0095606
7353,The Conquest of Siberia,tt9795368
7354,White Sun of the Desert,tt0066565
7355,Little Men,tt4919484
7356,The Scarlet Letter,tt0114345
7357,The Scarlet Letter,tt0427411
7358,The Inheritance,tt0074487
7359,The Inheritance,tt0328844
7360,The Inheritance,tt9271850
7361,The Brothers,tt0250274
7362,Guantanamera,tt0109949
7363,Make Up,tt8362736
7364,Squad 36,tt31032711
7365,Midnight in the Switchgrass,tt11656220
7366,The Silence of the Lambs,tt0102926
7367,Gone Baby Gone,tt0452623
7368,Dick Tracy,tt0099422
7369,The Informer,tt1833116
7370,The Pledge,tt0237572
7371,Patriots Day,tt4572514
7372,The Negotiator,tt0120768
7373,City of Lies,tt2677722
7374,One False Move,tt0102592
7375,Rising Sun,tt0107969
7376,Maniac Cop,tt0095583
7377,Narc,tt0272207
7378,The Son of No One,tt1535612
7379,Homicide,tt0102048
7380,Kill Switch,tt5464234
7381,The Seed of the Sacred Fig,tt32178949
7382,The Ides of March,tt1124035
7383,The American President,tt0112346
7384,Miss Sloane,tt4540710
7385,Hair,tt0079261
7386,The Report,tt0076098
7387,The Report,tt8236336
7388,Bobby,tt0069810
7389,Bobby,tt0308055
7390,Man of the Year,tt0483726
7391,The Contender,tt0208874
7392,Beirut,tt4669264
7393,Bulworth,tt0118798
7394,Shock and Awe,tt5540992
7395,Truth,tt3859076
7396,"I, Daniel Blake",tt5168192
7397,Primary Colors,tt0119942
7398,Our Brand Is Crisis,tt1018765
7399,LBJ,tt4778988
7400,Chappaquiddick,tt5270948
7401,The Candidate,tt0068334
7402,The Candidate,tt1054113
7403,The Candidate,tt7095482
7404,Rosebud,tt0073637
7405,No,tt2059255
7406,Swing Vote,tt1027862
7407,The Front,tt0074554
7408,Made in Dagenham,tt1371155
7409,Georgetown,tt4669252
7410,Battle in Seattle,tt0850253
7411,Saint Jack,tt0079843
7412,The Last Metro,tt0080610
7413,True Colors,tt0103125
7414,The Best Man,tt0168501
7415,The Best Man,tt13400336
7416,An American Affair,tt0899138
7417,Kansas City,tt0116745
7418,Roe v. Wade,tt8639326
7419,Norman,tt1247683
7420,Norman,tt4191702
7421,The Human Factor,tt0080903
7422,Moonlighting,tt0084354
7423,Hanna K.,tt0085642
7424,Indu Sarkar,tt6620324
7425,Open Doors,tt0100389
7426,Bopha!,tt0106464
7427,A Family Affair,tt21051906
7428,Ace of Aces,tt0083580
7429,Civil War,tt17279496
7430,The Hunt for Red October,tt0099810
7431,The Lives of Others,tt0405094
7432,The Sum of All Fears,tt0164184
7433,The Day of the Jackal,tt0069947
7434,Blood Diamond,tt0450259
7435,The Good Shepherd,tt0343737
7436,Salt,tt0944835
7437,The Jackal,tt0119395
7438,The Jackal,tt1757940
7439,The Sentinel,tt0076683
7440,The Sentinel,tt0443632
7441,U.S. Marshals,tt0120873
7442,Patriot Games,tt0105112
7443,The Adjustment Bureau,tt1385826
7444,The Ghost Writer,tt1139328
7445,Official Secrets,tt5431890
7446,The Company You Keep,tt1381404
7447,The Siege,tt0133952
7448,Three Days of the Condor,tt0073802
7449,Syriana,tt0365737
7450,Arlington Road,tt0137363
7451,The China Syndrome,tt0078966
7452,Z,tt8995218
7453,The General's Daughter,tt0144214
7454,Broken City,tt1235522
7455,Green Zone,tt0947810
7456,The Parallax View,tt0071970
7457,Vantage Point,tt0443274
7458,Colonia,tt4005402
7459,Dreamscape,tt0087175
7460,Seberg,tt1780967
7461,Missing,tt0084335
7462,Missing,tt10855768
7463,Missing,tt15482370
7464,Missing,tt7384848
7465,Death and the Maiden,tt0109579
7466,Nothing But the Truth,tt1073241
7467,Proof of Life,tt0228750
7468,Rendition,tt0804522
7469,Black Sunday,tt0075765
7470,City Hall,tt0115907
7471,The Russia House,tt0100530
7472,The Odessa File,tt0071935
7473,The Quiet American,tt0258068
7474,The Interpreter,tt0373926
7475,Four Days in September,tt0119815
7476,Murder at 1600,tt0119731
7477,Hidden Agenda,tt0099768
7478,Hidden Agenda,tt0271543
7479,Punishment Park,tt0067633
7480,Half Moon Street,tt0091164
7481,Shadow Conspiracy,tt0120107
7482,Steel Rain,tt6769508
7483,Year of the Gun,tt0103303
7484,The Confession,tt0065439
7485,The Confession,tt0128137
7486,The Confession,tt0317743
7487,Shadow Dancer,tt1770734
7488,Storyville,tt0105480
7489,The House on Carroll Street,tt0095333
7490,The Dancer Upstairs,tt0118926
7491,The Whistle Blower,tt0092206
7492,Consumed,tt3760966
7493,The Flower of Evil,tt0322289
7494,Deterrence,tt0158583
7495,Romero,tt0098219
7496,Defense of the Realm,tt0089009
7497,Persecuted,tt1761005
7498,Executive Target,tt0119088
7499,Emilia Pérez,tt20221436
7500,La La Land,tt3783958
7501,The Wiz,tt0078504
7502,Mean Girls,tt0377092
7503,Mean Girls,tt11762114
7504,Matilda: The Musical,tt3447590
7505,Cats,tt5697572
7506,Cats,tt7886614
7507,In the Heights,tt1321510
7508,Dear Evan Hansen,tt9357050
7509,"Lyle, Lyle, Crocodile",tt14668630
7510,Raise Your Voice,tt0361696
7511,The Prom,tt10161886
7512,This Is Me... Now,tt30215084
7513,The Last Five Years,tt2474024
7514,Music,tt7541720
7515,The Bob's Burgers Movie,tt7466442
7516,Godspell,tt0070121
7517,Fame,tt0080716
7518,Fame,tt1016075
7519,Breakin' 2: Electric Boogaloo,tt0086999
7520,Camp,tt0342167
7521,13: The Musical,tt3975918
7522,Lisztomania,tt0073298
7523,Anna and the Apocalypse,tt6433880
7524,From Justin to Kelly,tt0339034
7525,London Road,tt3573598
7526,Starstruck,tt0084728
7527,Dancin': It's on!,tt2598580
7528,The Wizard of Speed and Time,tt0081766
7529,American History X,tt0120586
7530,Sleepers,tt0117665
7531,Shot Caller,tt4633690
7532,Escape from Alcatraz,tt0079116
7533,A Prophet,tt1235166
7534,Papillon,tt0070511
7535,Papillon,tt5093026
7536,Bronson,tt1172570
7537,Escape Plan,tt1211956
7538,25th Hour,tt0307901
7539,Chicken Run,tt0120630
7540,Felon,tt1117385
7541,The Experiment,tt0250258
7542,The Experiment,tt0997152
7543,Lock Up,tt0097770
7544,Son of Saul,tt3808342
7545,The Last Castle,tt0272020
7546,The Stanford Prison Experiment,tt0420293
7547,The Naked Cage,tt0091603
7548,Scum,tt0079871
7549,Clemency,tt5577494
7550,Hart's War,tt0251114
7551,Women in Cages,tt0067995
7552,Corrective Measures,tt15391770
7553,Animal Factory,tt0204137
7554,The Mustang,tt5952594
7555,In Hell,tt0339135
7556,Carandiru,tt0293007
7557,Violence in a Women's Prison,tt0084869
7558,The Hill,tt8051894
7559,O.G.,tt7897102
7560,All Day and a Night,tt3993886
7561,Reform School Girls,tt0091836
7562,Miracle in Cell No. 7,tt10431500
7563,Miracle in Cell No. 7,tt10845262
7564,Miracle in Cell No. 7,tt11799822
7565,Miracle in Cell No. 7,tt2659414
7566,Presence,tt28249919
7567,Fight Club,tt0137523
7568,Fight Club,tt15561202
7569,Challengers,tt16426418
7570,American Beauty,tt0169547
7571,Mulholland Drive,tt0166924
7572,Speak No Evil,tt14253846
7573,Speak No Evil,tt27534307
7574,Requiem for a Dream,tt0180093
7575,Taxi Driver,tt0075314
7576,The Sixth Sense,tt0167404
7577,The Room Next Door,tt29439114
7578,Joker,tt1918886
7579,Joker,tt5611648
7580,Joker,tt7286456
7581,Black Swan,tt0947798
7582,Donnie Darko,tt0246578
7583,Misery,tt0100157
7584,Manchester by the Sea,tt4034228
7585,The Girl with the Dragon Tattoo,tt1132620
7586,The Girl with the Dragon Tattoo,tt1568346
7587,Uncut Gems,tt5727208
7588,The Father,tt0117315
7589,The Father,tt10272386
7590,Room,tt3170832
7591,Nightcrawler,tt2872718
7592,Silver Linings Playbook,tt1045658
7593,Shame,tt1723811
7594,The Village,tt0368447
7595,The Village,tt2181298
7596,Moon,tt1182345
7597,Mean Creek,tt0377091
7598,Blue Valentine,tt1120985
7599,Magnolia,tt0175880
7600,The Piano Teacher,tt0254686
7601,Falling Down,tt0106856
7602,The Son,tt0291172
7603,The Son,tt14458442
7604,Alone,tt0484090
7605,Alone,tt10192566
7606,Alone,tt10332854
7607,Alone,tt1322930
7608,Alone,tt15387128
7609,Alone,tt4271730
7610,Alone,tt7711170
7611,Melancholia,tt1527186
7612,Mother!,tt5109784
7613,Fair Play,tt16304446
7614,Fair Play,tt2199448
7615,Tár,tt14444726
7616,The Girl on the Train,tt1183672
7617,The Girl on the Train,tt2387589
7618,The Girl on the Train,tt3631112
7619,The Girl on the Train,tt8907992
7620,Cherry,tt1315350
7621,Cherry,tt9130508
7622,Sling Blade,tt0117666
7623,I'm Thinking of Ending Things,tt7939766
7624,The Wrestler,tt1125849
7625,Match Point,tt0416320
7626,The Crying Game,tt0104036
7627,Ordinary People,tt0081283
7628,Ordinary People,tt5891626
7629,The Jacket,tt0366627
7630,The Next Three Days,tt1458175
7631,The Lost Daughter,tt9100054
7632,Sharper,tt12573454
7633,Martha Marcy May Marlene,tt1441326
7634,Pink Floyd: The Wall,tt0084503
7635,Armand,tt26745321
7636,Luckiest Girl Alive,tt4595186
7637,Locke,tt2692904
7638,A Good Person,tt14153080
7639,Blue Jasmine,tt2334873
7640,The Good Son,tt0107034
7641,The Wages of Fear,tt27487473
7642,Pieces of a Woman,tt11161474
7643,The Teachers' Lounge,tt26612950
7644,Straw Dogs,tt0067800
7645,Straw Dogs,tt0999913
7646,Take Shelter,tt1675192
7647,Causeway,tt10192406
7648,God's Creatures,tt10375396
7649,Inside,tt0856288
7650,Inside,tt14781036
7651,Inside,tt1961675
7652,Inside,tt5170810
7653,Sphere,tt0120184
7654,Svengali,tt2262175
7655,Let Him Go,tt9340860
7656,Orphan: First Kill,tt11851548
7657,Bad Lieutenant,tt0103759
7658,Swallow,tt8372298
7659,Empire of Light,tt14402146
7660,First Reformed,tt6053438
7661,Short Term 12,tt2370248
7662,Unsane,tt7153766
7663,Stillwater,tt10696896
7664,Taps,tt0083169
7665,"Alice, Darling",tt11687104
7666,The Collector,tt0400538
7667,The Collector,tt0480163
7668,The Collector,tt0844479
7669,The Night Porter,tt0071910
7670,Goodnight Mommy,tt3086442
7671,Goodnight Mommy,tt9000184
7672,Kiss of the Spider Woman,tt0089424
7673,Biutiful,tt1164999
7674,The Double Life of Véronique,tt0101765
7675,The Card Counter,tt11196036
7676,My Name Is Khan,tt1188996
7677,The Exorcist III,tt0099528
7678,No Limit,tt14995258
7679,Margaret,tt0466893
7680,Mishima: A Life in Four Chapters,tt0089603
7681,Resurrection,tt0081414
7682,Resurrection,tt0142804
7683,Resurrection,tt11540726
7684,Resurrection,tt7738784
7685,The Immaculate Room,tt13698942
7686,Nine Days,tt10451852
7687,The End of the Tour,tt3416744
7688,The Omen,tt0075005
7689,The Omen,tt0466909
7690,Luna,tt0079495
7691,Windfall,tt15033192
7692,Personal Shopper,tt4714782
7693,Clouds of Sils Maria,tt2452254
7694,Land of Mine,tt3841424
7695,Mass,tt0445033
7696,Mass,tt11389748
7697,The East,tt1869716
7698,The East,tt8639136
7699,Gloria Bell,tt6902696
7700,Take This Waltz,tt1592281
7701,Elegy,tt0974554
7702,Opening Night,tt0079672
7703,Opening Night,tt4156972
7704,Extremities,tt0091024
7705,Under the Shadow,tt4273292
7706,Una,tt2315582
7707,The Servant,tt1905059
7708,I Start Counting,tt0064462
7709,King of the Gypsies,tt0077807
7710,Meek's Cutoff,tt1518812
7711,Charly,tt0330136
7712,The Kindergarten Teacher,tt3709678
7713,The Kindergarten Teacher,tt6952960
7714,What Have You Done to Solange?,tt0068416
7715,Master,tt10579952
7716,Master,tt11286210
7717,Master,tt5735464
7718,Gloria,tt0080798
7719,Gloria,tt0120683
7720,Gloria,tt2425486
7721,Gloria,tt2618368
7722,Heroes,tt0076138
7723,Heroes,tt1114725
7724,Louder Than Bombs,tt2217859
7725,Aloft,tt2494384
7726,Ashley,tt2084093
7727,The Green Ray,tt0091830
7728,Violet,tt6852672
7729,Bread and Roses,tt0212826
7730,The Unknown Woman,tt0494271
7731,Jumbo,tt6818118
7732,Frankie & Alice,tt1221208
7733,Woodshock,tt4677924
7734,Incendiary,tt0984200
7735,The Keeping Hours,tt5114154
7736,Heart of Midnight,tt0095286
7737,The Unknown Girl,tt4630550
7738,Felicia's Journey,tt0165773
7739,Sometimes Always Never,tt5068162
7740,All Night Long,tt0082001
7741,Me Without You,tt0263725
7742,Seize the Day,tt0091920
7743,Trees of Peace,tt11316680
7744,The Perfumier,tt21916206
7745,The Visitors,tt0069466
7746,The Visitors,tt0094730
7747,The Visitors,tt0108500
7748,Between Two Worlds,tt10088984
7749,The Widow Couderc,tt0067943
7750,Dark Obsession,tt12312854
7751,The Night Digger,tt0067486
7752,The Fox,tt14439178
7753,Noise,tt0425308
7754,Noise,tt0809931
7755,Noise,tt11306932
7756,Noise,tt21326658
7757,The Appointment,tt0082025
7758,Don't Leave,tt18450548
7759,Dancing on Glass,tt14118046
7760,All Hail,tt16427718
7761,Solitary,tt11266868
7762,Darkness Falls,tt0282209
7763,Darkness Falls,tt6647564
7764,Nina Wu,tt9404442
7765,Corporate,tt0488381
7766,Corporate,tt5460548
7767,Head On,tt0138487
7768,Return of the Prodigal Son,tt0074168
7769,Deuces,tt5081606
7770,Premonition,tt0419280
7771,Premonition,tt0477071
7772,Goliath,tt13399946
7773,Goliath,tt6844052
7774,Picture Perfect,tt0119896
7775,Disconnect,tt1433811
7776,Heretic,tt28015403
7777,Blink Twice,tt14858658
7778,Prisoners,tt1392214
7779,Shutter Island,tt1130884
7780,Trap,tt26753003
7781,Memento,tt0209144
7782,Madame Web,tt11057302
7783,Hereditary,tt7784604
7784,Nocturnal Animals,tt4550098
7785,Leave the World Behind,tt12747748
7786,Leave the World Behind,tt3288290
7787,Knock Knock,tt3605418
7788,Split,tt4972582
7789,Ma,tt7958736
7790,Barbarian,tt15791034
7791,Don't Worry Darling,tt10731256
7792,Fresh,tt0109842
7793,Fresh,tt13403046
7794,Lost Highway,tt0116922
7795,The Guest,tt2980592
7796,The Guest,tt9363208
7797,Promising Young Woman,tt9620292
7798,Mystic River,tt0327056
7799,The Devil All the Time,tt7395114
7800,Eden Lake,tt1020530
7801,Don't Move,tt0330702
7802,Don't Move,tt24807110
7803,Girl in the Basement,tt13269536
7804,Identity,tt0309698
7805,Identity,tt21932820
7806,Identity,tt27436132
7807,Funny Games,tt0119167
7808,Funny Games,tt0808279
7809,Glass,tt6823368
7810,Fractured,tt13238110
7811,Fractured,tt4332232
7812,Fractured,tt8297300
7813,Vanilla Sky,tt0259711
7814,Miller's Girl,tt8310486
7815,Under the Silver Lake,tt5691670
7816,Gerald's Game,tt3748172
7817,Red Sparrow,tt2873282
7818,The Cell,tt0209958
7819,The Cell,tt7025210
7820,A Haunting in Venice,tt22687790
7821,Cape Fear,tt0101540
7822,Apartment 7A,tt14371860
7823,Red Dragon,tt0289765
7824,Mothers' Instinct,tt13397574
7825,Mothers' Instinct,tt7377132
7826,The Machinist,tt0361862
7827,A Cure for Wellness,tt4731136
7828,10 Cloverfield Lane,tt1179933
7829,Red Eye,tt0421239
7830,The Talented Mr. Ripley,tt0134119
7831,Dolores Claiborne,tt0109642
7832,Knock at the Cabin,tt15679400
7833,Paprika,tt0098063
7834,Paprika,tt0851578
7835,Sanctuary,tt15364972
7836,Sanctuary,tt3127698
7837,Angel Heart,tt0092563
7838,Sleeping with the Enemy,tt0102945
7839,The Ninth Gate,tt0142688
7840,Inland Empire,tt0460829
7841,Panic Room,tt0258000
7842,Unforgettable,tt0118040
7843,Unforgettable,tt3462710
7844,Unforgettable,tt5615904
7845,Cobweb,tt21254598
7846,Cobweb,tt9100018
7847,Escape Room,tt5159414
7848,Escape Room,tt5748392
7849,Escape Room,tt5886046
7850,Locked In,tt24870072
7851,Locked In,tt6439792
7852,Hard Candy,tt0424136
7853,Disturbia,tt0486822
7854,Candyman,tt0103919
7855,Candyman,tt9347730
7856,I See You,tt0857381
7857,I See You,tt6079516
7858,I See You,tt6608138
7859,Hollow Man,tt0164052
7860,The Gift,tt0219699
7861,The Gift,tt4178092
7862,The Number 23,tt0481369
7863,The Bone Collector,tt0145681
7864,Night Hunter,tt6533240
7865,Mr. Brooks,tt0780571
7866,The Lodge,tt0475323
7867,The Lodge,tt7347846
7868,The Weekend Away,tt14817272
7869,Dead Calm,tt0097162
7870,The Night Clerk,tt7979142
7871,Hush,tt0118744
7872,Hush,tt1093369
7873,Hush,tt5022702
7874,Run Hide Fight,tt11456054
7875,The Hand That Rocks the Cradle,tt0104389
7876,The Brave One,tt0476964
7877,God's Crooked Lines,tt13229894
7878,Phone Booth,tt0183649
7879,Searching,tt7668870
7880,The Call,tt10530176
7881,The Call,tt12971924
7882,The Call,tt1911644
7883,Foe,tt8258502
7884,Stay,tt0371257
7885,Stay,tt13117720
7886,Klute,tt0067309
7887,I.S.S.,tt13655120
7888,Dead Ringers,tt0094964
7889,Stoker,tt1682180
7890,A Walk Among the Tombstones,tt0365907
7891,Secret Window,tt0363988
7892,Flightplan,tt0408790
7893,Saint Maud,tt7557108
7894,Play Misty for Me,tt0067588
7895,Luther: The Fallen Sun,tt3155298
7896,The Hitcher,tt0091209
7897,The Hitcher,tt0455960
7898,Copycat,tt0112722
7899,Hold Your Breath,tt12573480
7900,Hold Your Breath,tt2240312
7901,Open Your Eyes,tt0125659
7902,Outside,tt32389619
7903,The Clovehitch Killer,tt6269368
7904,Single White Female,tt0105414
7905,The Stepfather,tt0094035
7906,The Stepfather,tt0814335
7907,Non-Stop,tt2024469
7908,The Driver,tt0077474
7909,Till Death,tt11804152
7910,Escape Room: Tournament of Champions,tt9844522
7911,The Uninvited,tt0358345
7912,The Uninvited,tt0815245
7913,The Uninvited,tt0942904
7914,Taking Lives,tt0364045
7915,The Royal Hotel,tt18363072
7916,Before I Go to Sleep,tt1726592
7917,Murder by Numbers,tt0264935
7918,House at the End of the Street,tt1582507
7919,Loving Adults,tt14592948
7920,The Marsh King's Daughter,tt8002382
7921,Flatliners,tt0099582
7922,Flatliners,tt2039338
7923,On the Line,tt0279286
7924,On the Line,tt14824590
7925,The Divide,tt13321730
7926,The Divide,tt1535616
7927,Bug,tt0072750
7928,Bug,tt0277615
7929,Bug,tt0470705
7930,Spiral,tt0134928
7931,Spiral,tt0244870
7932,Spiral,tt0491162
7933,Spiral,tt10342730
7934,Spiral,tt9247314
7935,Psycho II,tt0086154
7936,They/Them,tt14502344
7937,Blood Work,tt0309377
7938,Caché,tt0387898
7939,Southern Comfort,tt0083111
7940,Southern Comfort,tt0276515
7941,When a Stranger Calls,tt0080130
7942,When a Stranger Calls,tt0455857
7943,Rust Creek,tt6610158
7944,Cat Person,tt14647404
7945,Unlocked,tt1734493
7946,Unlocked,tt26160190
7947,Dual,tt9005184
7948,Calibre,tt6218358
7949,What the Peeper Saw,tt0067489
7950,Pacific Heights,tt0100318
7951,The Lady Vanishes,tt0079428
7952,Dream House,tt1462041
7953,Kill Boksoon,tt16900880
7954,Antebellum,tt10065694
7955,The Glass House,tt0221218
7956,The Resident,tt1334102
7957,Beast,tt11301946
7958,Beast,tt13223398
7959,Beast,tt5628302
7960,Instinct,tt0128278
7961,Instinct,tt8386898
7962,The Strays,tt16437278
7963,Run Sweetheart Run,tt8656686
7964,Run Rabbit Run,tt12547822
7965,Torso,tt0069920
7966,Anna,tt1715336
7967,Anna,tt7456310
7968,The Hit,tt0087414
7969,Spider,tt0278731
7970,Bad Timing: A Sensual Obsession,tt0080408
7971,Emergency,tt13650600
7972,Emergency,tt21279420
7973,Memoir of a Murderer,tt5729348
7974,Amuck!,tt0068206
7975,The Perfume of the Lady in Black,tt0070565
7976,The Bedroom Window,tt0092627
7977,The Stunt Man,tt0081568
7978,Shattered,tt0102900
7979,Shattered,tt0489664
7980,Shattered,tt14923008
7981,The Slasher ... Is the Sex Maniac!,tt0069186
7982,Clock,tt17219484
7983,Gossip,tt0176783
7984,Sister My Sister,tt0111205
7985,The Black Room,tt5431600
7986,Obsession,tt0074991
7987,Obsession,tt6023242
7988,Fear of Rain,tt10037014
7989,The Lesson,tt20358284
7990,The Lesson,tt3958072
7991,The Lesson,tt4078160
7992,The Dead Girl,tt0783238
7993,Aftermath,tt10691162
7994,Aftermath,tt1564368
7995,Aftermath,tt21572042
7996,Aftermath,tt2209300
7997,Aftermath,tt26545708
7998,Aftermath,tt4581576
7999,Beckett,tt10230994
8000,Black Belly of the Tarantula,tt0069343
8001,Never Talk to Strangers,tt0113965
8002,Sound of My Voice,tt1748207
8003,Talk Radio,tt0096219
8004,False Positive,tt10096842
8005,God's Country,tt11818818
8006,Scissors,tt0102860
8007,Rollercoaster,tt0076636
8008,The Forbidden Photos of a Lady Above Suspicion,tt0065677
8009,What Lies Below,tt9264728
8010,What Have They Done to Your Daughters?,tt0072007
8011,Jacob's Ladder,tt0099871
8012,Jacob's Ladder,tt3016748
8013,Suspect Zero,tt0324127
8014,The Night Listener,tt0448075
8015,The Killing Gene,tt0804552
8016,The Quarry,tt10151054
8017,Don't Look in the Basement,tt0069994
8018,A Hijacking,tt2216240
8019,Magic Magic,tt1929308
8020,Sightless,tt10303430
8021,Abandon,tt0267248
8022,The Cannibal Man,tt0067732
8023,Five Corners,tt0093029
8024,Earthquake Bird,tt8178486
8025,Natty Knocks,tt21913634
8026,Spasmo,tt0072196
8027,A Pure Formality,tt0110917
8028,Mother's Boys,tt0107606
8029,Silent Fall,tt0111187
8030,Seven Blood-Stained Orchids,tt0067696
8031,Five Dolls for an August Moon,tt0065553
8032,Freedomland,tt0349467
8033,Standoff,tt3703908
8034,American Skin,tt10195452
8035,The Dead Are Alive,tt0068625
8036,Hero and the Terror,tt0095296
8037,Malicious,tt0070358
8038,Malicious,tt0113748
8039,Malicious,tt6197494
8040,Citadel,tt1641975
8041,Grimm Love,tt0448400
8042,Dig,tt14830582
8043,Torn Hearts,tt15053518
8044,The Hive,tt3745906
8045,10 Days of a Curious Man,tt28713370
8046,The Girl in Room 2A,tt0075814
8047,Crawlspace,tt0090881
8048,Crawlspace,tt14394620
8049,Crawlspace,tt1890375
8050,Here Before,tt8649190
8051,Boys in the Trees,tt3445580
8052,Hider in the House,tt0097503
8053,10 Days of a Good Man,tt23334464
8054,Jack Goes Home,tt4797436
8055,"Sister, Sister",tt0093980
8056,The Sublet,tt4285960
8057,Chokehold,tt18353064
8058,The Lightship,tt0089491
8059,10 Days of a Bad Man,tt24852002
8060,The Crimes of the Black Cat,tt0069253
8061,A Reflection of Fear,tt0070599
8062,Toad Road,tt2076372
8063,Psych:9,tt0901504
8064,The Crew,tt0198386
8065,The Crew,tt1071880
8066,The Crew,tt4428728
8067,Ritual,tt0250698
8068,Ritual,tt0269856
8069,Ritual,tt2182019
8070,The Frozen,tt2363439
8071,The Ex,tt0119084
8072,The Ex,tt0458364
8073,Number One Fan,tt3433358
8074,September,tt0093940
8075,Dungeons & Dragons: Honor Among Thieves,tt2906216
8076,The Goonies,tt0089218
8077,Guardians of the Galaxy,tt2015381
8078,Captain Marvel,tt4154664
8079,Atlantis: The Lost Empire,tt0230011
8080,National Treasure,tt0368891
8081,Tomorrowland,tt1964418
8082,Superman IV: The Quest for Peace,tt0094074
8083,Joe Dirt,tt0245686
8084,The 13th Warrior,tt0120657
8085,Ponyo,tt0876563
8086,The Sorcerer's Apprentice,tt0075811
8087,The Sorcerer's Apprentice,tt0963966
8088,James and the Giant Peach,tt0116683
8089,Dolittle,tt6673612
8090,Pee-wee's Big Adventure,tt0089791
8091,Oliver & Company,tt0095776
8092,Quest for Fire,tt0082484
8093,Race to Witch Mountain,tt1075417
8094,The World's Fastest Indian,tt0412080
8095,Cutthroat Island,tt0112760
8096,News of the World,tt6878306
8097,Winnie the Pooh,tt1449283
8098,Balto,tt0112453
8099,The Muppet Movie,tt0079588
8100,The King's Daughter,tt2328678
8101,Paulie,tt0125454
8102,Against the Ice,tt13873302
8103,Two Mules for Sister Sara,tt0065134
8104,Amazons,tt0090627
8105,Once Upon a Forest,tt0107745
8106,DuckTales the Movie: Treasure of the Lost Lamp,tt0099472
8107,She,tt0090009
8108,"Race for Your Life, Charlie Brown",tt0076591
8109,The Horsemen,tt0067216
8110,Night Flight,tt3506934
8111,Endurance,tt18556278
8112,The Royal Tenenbaums,tt0265666
8113,Matilda,tt0117008
8114,Asteroid City,tt14230388
8115,500 Days of Summer,tt1022603
8116,The French Dispatch,tt8847712
8117,Splash,tt0088161
8118,The Darjeeling Limited,tt0838221
8119,Nacho Libre,tt0457510
8120,Popeye,tt0081353
8121,The Storied Life of A.J. Fikry,tt10643926
8122,Diary of a Wimpy Kid: Dog Days,tt2023453
8123,Garden State,tt0333766
8124,Desperately Seeking Susan,tt0089017
8125,Flubber,tt0119137
8126,She Came to Me,tt6689014
8127,Werewolves Within,tt9288692
8128,Mr. Bean's Holiday,tt0453451
8129,Problemista,tt15078804
8130,Cha Cha Real Smooth,tt14376344
8131,Everything Is Illuminated,tt0404030
8132,Frank,tt1605717
8133,Bagdad Cafe,tt0095801
8134,Paint,tt14472156
8135,Down by Law,tt0090967
8136,Faraway,tt18747542
8137,Junebug,tt0418773
8138,Catchfire,tt0096875
8139,Brian and Charles,tt13270424
8140,Short Circuit 2,tt0096101
8141,The Science of Sleep,tt0354899
8142,Cheaper by the Dozen,tt0349205
8143,Cheaper by the Dozen,tt6705162
8144,Private Life,tt5536610
8145,Brigsby Bear,tt5805752
8146,Eagle vs Shark,tt0494222
8147,High Hopes,tt0095302
8148,OMG 2,tt15732324
8149,Micmacs,tt1149361
8150,Henry Poole Is Here,tt1029120
8151,Funny Pages,tt8174412
8152,Creator,tt0088960
8153,Escanaba in da Moonlight,tt0180679
8154,¡Que viva México!,tt22185848
8155,Slapstick of Another Kind,tt0088134
8156,The Honeymoon,tt14781026
8157,Carolina,tt0289889
8158,F*ck Love Too,tt15432804
8159,Swing,tt0307538
8160,Jump Tomorrow,tt0273300
8161,EuroTrip,tt0356150
8162,American Pie,tt0163651
8163,Old School,tt0302886
8164,No Hard Feelings,tt15671028
8165,No Hard Feelings,tt8892064
8166,The Hangover,tt1119646
8167,Movie 43,tt1333125
8168,Road Trip,tt0215129
8169,Sex Drive,tt1135985
8170,Trainwreck,tt3152624
8171,Porky's,tt0084522
8172,Weird Science,tt0090305
8173,American Pie 2,tt0252866
8174,No Strings Attached,tt1411238
8175,Incoming,tt21284218
8176,Incoming,tt6678874
8177,Ricky Stanicky,tt1660648
8178,Zapped!,tt0084945
8179,The Hangover Part II,tt1411697
8180,Risky Business,tt0086200
8181,Ski School,tt0102940
8182,American Reunion,tt1605630
8183,Van Wilder,tt0283111
8184,Deuce Bigalow: Male Gigolo,tt0205000
8185,Sex Tape,tt1956620
8186,Zack and Miri Make a Porno,tt1007028
8187,Human Traffic,tt0188674
8188,Good Luck Chuck,tt0452625
8189,Private School,tt0086143
8190,American Wedding,tt0328828
8191,The Invisible Maniac,tt0099856
8192,40 Days and 40 Nights,tt0243736
8193,My Tutor,tt0085980
8194,Screwballs,tt0086264
8195,Orgazmo,tt0124819
8196,The Last American Virgin,tt0084234
8197,"I Love You, Beth Cooper",tt1032815
8198,Blockers,tt2531344
8199,Bros,tt9731598
8200,Private Resort,tt0089839
8201,Girls Trip,tt3564472
8202,A Good Old Fashioned Orgy,tt1231586
8203,Little Darlings,tt0081060
8204,Hardbodies,tt0087385
8205,Rough Night,tt4799050
8206,The Ladies Man,tt0213790
8207,Fist Fight,tt3401882
8208,Joysticks,tt0085764
8209,A Dirty Shame,tt0365125
8210,Milk Money,tt0110516
8211,Fanny Hill,tt0087237
8212,Sex and Zen,tt0105287
8213,The Sex Monster,tt0159730
8214,Bucky Larson: Born to Be a Star,tt1411664
8215,Good Kids,tt2170427
8216,Porky's II: The Next Day,tt0086129
8217,Deep in the Valley,tt1078885
8218,Porky's Revenge,tt0089826
8219,Casual Sex?,tt0094846
8220,Foreign Exchange,tt1146283
8221,The Bikini Carwash Company,tt0103812
8222,Casting Couch,tt2313189
8223,"For a Good Time, Call...",tt1996264
8224,Where the Boys Are,tt0088395
8225,Booty Call,tt0118750
8226,The Long Weekend,tt0385057
8227,Hooking Up,tt0903606
8228,Hooking Up,tt9815998
8229,Wild Cherry,tt1222329
8230,How to Be a Player,tt0119326
8231,Bachelor Night,tt3797142
8232,Gettin' It,tt0483631
8233,Dr. Alien,tt0095060
8234,Frat Party,tt1414361
8235,Poster Boys,tt6352548
8236,Nomadland,tt9770150
8237,Scarecrow,tt0070643
8238,Scarecrow,tt10696882
8239,Rain Man,tt0095953
8240,Vacation,tt0085995
8241,Vacation,tt1524930
8242,We're the Millers,tt1723121
8243,Central Station,tt0140888
8244,"Paris, Texas",tt0087884
8245,The Road,tt0898367
8246,The Road,tt2063008
8247,Leap Year,tt1216492
8248,Leap Year,tt1537401
8249,Chef,tt2883512
8250,Chef,tt5745450
8251,On the Road,tt0337692
8252,American Honey,tt3721936
8253,"To Wong Foo, Thanks for Everything! Julie Newmar",tt0114682
8254,Identity Thief,tt2024432
8255,Wild Hogs,tt0486946
8256,Fandango,tt0089126
8257,Five Easy Pieces,tt0065724
8258,The Fundamentals of Caring,tt2452386
8259,The Wizard,tt0098663
8260,Take Me Home,tt1261954
8261,RV,tt0449089
8262,Up in Smoke,tt0078446
8263,Are We There Yet?,tt0368578
8264,Tammy,tt2103254
8265,Going the Distance,tt0388285
8266,Going the Distance,tt1322312
8267,Alvin and the Chipmunks: The Road Chip,tt2974918
8268,The Man with the Answers,tt9320140
8269,Diary of a Wimpy Kid: The Long Haul,tt6003368
8270,Between Two Ferns: The Movie,tt9398640
8271,The Gauntlet,tt0076070
8272,Two-Lane Blacktop,tt0067893
8273,Transamerica,tt0407265
8274,Everybody's Fine,tt0100681
8275,Everybody's Fine,tt0780511
8276,Corvette Summer,tt0077372
8277,Follow That Bird,tt0089994
8278,The Adventures of Rocky & Bullwinkle,tt0131704
8279,Smokey and the Bandit II,tt0081529
8280,Johnson Family Vacation,tt0359517
8281,The Leisure Seeker,tt3741632
8282,Harry and Tonto,tt0071598
8283,Larger Than Life,tt0116823
8284,Highway,tt0165361
8285,Highway,tt2210657
8286,Highway,tt2980794
8287,Paris Can Wait,tt4429194
8288,The Yellow Handkerchief,tt0076935
8289,The Yellow Handkerchief,tt0954990
8290,Josh and S.A.M.,tt0107277
8291,Dear Eleanor,tt2927212
8292,The Trip to Spain,tt6193424
8293,Powwow Highway,tt0098112
8294,The Open Road,tt1007018
8295,Rolling Kansas,tt0304638
8296,The Puffy Chair,tt0436689
8297,The Time of Their Lives,tt3415992
8298,Roadside Prophets,tt0105267
8299,Heartlands,tt0295303
8300,World Traveler,tt0262911
8301,One-Way to Tomorrow,tt11988512
8302,Les Cowboys,tt4228294
8303,One Man and His Cow,tt4505208
8304,Xanadu,tt0081777
8305,Jesus Christ Superstar,tt0070239
8306,Evita,tt0116250
8307,Tenacious D in the Pick of Destiny,tt0365830
8308,Inu-oh,tt10540510
8309,Heartbreak Hotel,tt0095288
8310,Heartbreak Hotel,tt0785002
8311,Bridget Jones: Mad About the Boy,tt32063050
8312,Anyone But You,tt26047818
8313,Coyote Ugly,tt0200550
8314,Nadaaniyan,tt30422937
8315,Larry Crowne,tt1583420
8316,Cashback,tt0460740
8317,Fly Me to the Moon,tt1896747
8318,Ghosted,tt15326988
8319,Just Go with It,tt1564367
8320,Coming to America,tt0094898
8321,Bridget Jones's Baby,tt1473832
8322,This Is 40,tt1758830
8323,She's All That,tt0160862
8324,Working Girl,tt0096463
8325,Easy A,tt1282140
8326,Bridget Jones: The Edge of Reason,tt0317198
8327,Midnight in Paris,tt1605783
8328,There's Something About Mary,tt0129387
8329,She's the Man,tt0454945
8330,Valentine's Day,tt0817230
8331,Father of the Bride,tt0101862
8332,Father of the Bride,tt13249596
8333,The Cutting Edge,tt0104040
8334,"Red, White & Royal Blue",tt10172266
8335,Moonstruck,tt0093565
8336,Don Jon,tt2229499
8337,The Other Zoey,tt11951276
8338,The Ugly Truth,tt1142988
8339,As Good as It Gets,tt0119822
8340,Meet the Parents,tt0212338
8341,Can't Hardly Wait,tt0127723
8342,"Love, Rosie",tt1638002
8343,The Mexican,tt0236493
8344,To All the Boys I've Loved Before,tt3846674
8345,Annie Hall,tt0075686
8346,Overboard,tt0093693
8347,Overboard,tt1563742
8348,Much Ado About Nothing,tt0107616
8349,Much Ado About Nothing,tt2094064
8350,Much Ado About Nothing,tt5569310
8351,"Definitely, Maybe",tt0832266
8352,A Rainy Day in New York,tt7139936
8353,A Cinderella Story,tt0356470
8354,Hitch,tt0386588
8355,Meet the Fockers,tt0290002
8356,My Best Friend's Wedding,tt0119738
8357,Fool's Gold,tt0770752
8358,P.S. I Love You,tt0431308
8359,Set It Up,tt5304992
8360,Blast from the Past,tt0124298
8361,Can't Buy Me Love,tt0092718
8362,Upgraded,tt21830902
8363,This Means War,tt1596350
8364,Mike and Dave Need Wedding Dates,tt2823054
8365,The Wedding Date,tt0372532
8366,The Heartbreak Kid,tt0068687
8367,The Heartbreak Kid,tt0408839
8368,Bride Wars,tt0901476
8369,Spanglish,tt0371246
8370,Just My Luck,tt0397078
8371,Whatever It Takes,tt0202402
8372,Raising Helen,tt0350028
8373,The Princess Diaries 2: Royal Engagement,tt0368933
8374,Sex and the City,tt1000774
8375,Ghosts of Girlfriends Past,tt0821640
8376,Aloha,tt1243974
8377,Never Been Kissed,tt0151738
8378,How to Be Single,tt1292566
8379,Under the Tuscan Sun,tt0328589
8380,He's All That,tt4590256
8381,It's Complicated,tt1230414
8382,What a Girl Wants,tt0286788
8383,Maid in Manhattan,tt0252076
8384,Imagine Me & You,tt0421994
8385,Along Came Polly,tt0343135
8386,Singles,tt0105415
8387,Sex and the City 2,tt1261945
8388,It Takes Two,tt0113442
8389,Long Shot,tt2139881
8390,A Lot Like Love,tt0391304
8391,The Break-Up,tt0452594
8392,Made of Honor,tt0866439
8393,Something's Gotta Give,tt0337741
8394,Earth Girls Are Easy,tt0097257
8395,Sabrina,tt0114319
8396,Sabrina,tt7981492
8397,The Big Sick,tt5462602
8398,Players,tt14833464
8399,Players,tt1784589
8400,Ruby Sparks,tt1839492
8401,Your Place or Mine,tt12823454
8402,About Last Night,tt0090583
8403,About Last Night,tt1826590
8404,The Five-Year Engagement,tt1195478
8405,Just Married,tt0305711
8406,Chasing Amy,tt0118842
8407,"New York, I Love You",tt0808399
8408,Stuck in Love.,tt2205697
8409,Fallen Leaves,tt21027780
8410,Dave,tt0106673
8411,Mr. Right,tt2091935
8412,Failure to Launch,tt0427229
8413,Six Days Seven Nights,tt0120828
8414,What If,tt1486834
8415,Confessions of a Shopaholic,tt1093908
8416,Barefoot,tt0405743
8417,Barefoot,tt2355495
8418,The Wedding Planner,tt0209475
8419,Life as We Know It,tt1055292
8420,Girls Just Want to Have Fun,tt0089208
8421,My Big Fat Greek Wedding 3,tt21103300
8422,Fools Rush In,tt0119141
8423,Because I Said So,tt0490084
8424,Zookeeper,tt1222817
8425,Frankie and Johnny,tt0101912
8426,First Daughter,tt0361620
8427,Happiness for Beginners,tt15509244
8428,The Switch,tt0889573
8429,Beautiful Girls,tt0115639
8430,Little Italy,tt6957966
8431,Boomerang,tt0103859
8432,Boomerang,tt0283269
8433,Boomerang,tt3582040
8434,Runaway Bride,tt0163187
8435,What to Expect When You're Expecting,tt1586265
8436,Austenland,tt1985019
8437,What Happens Later,tt19890316
8438,Prime,tt0387514
8439,10 Years,tt1715873
8440,Doc Hollywood,tt0101745
8441,Only You,tt0105059
8442,Only You,tt0110737
8443,Only You,tt0244794
8444,Only You,tt3477480
8445,Only You,tt7531138
8446,When We First Met,tt5783956
8447,Get Over It,tt0192071
8448,The Goodbye Girl,tt0076095
8449,How Do You Know,tt1341188
8450,Always Be My Maybe,tt7374948
8451,Shall We Dance?,tt0117615
8452,Shall We Dance?,tt0358135
8453,Jersey Girl,tt0104550
8454,Jersey Girl,tt0300051
8455,Broadcast News,tt0092699
8456,Home Again,tt5719700
8457,Drive Me Crazy,tt0164114
8458,No Reservations,tt0481141
8459,Joe Versus the Volcano,tt0099892
8460,Enough Said,tt2390361
8461,Timer,tt1179794
8462,Book Club: The Next Chapter,tt20768712
8463,Two Night Stand,tt2140619
8464,Chasing Liberty,tt0360139
8465,What's Your Number?,tt0770703
8466,My Best Friend's Girl,tt0085529
8467,My Best Friend's Girl,tt1046163
8468,Summer Catch,tt0234829
8469,Tin Cup,tt0117918
8470,Marry Me,tt10223460
8471,Saving Silverman,tt0239948
8472,New Year's Eve,tt1598822
8473,New Year's Eve,tt21268790
8474,Loser,tt0217630
8475,What's Love Got to Do with It?,tt13430858
8476,Bride & Prejudice,tt0361411
8477,I Could Never Be Your Woman,tt0466839
8478,Swept Away,tt0073817
8479,Swept Away,tt0291502
8480,A Nice Girl Like You,tt3278540
8481,Book Club,tt6857166
8482,Sydney White,tt0815244
8483,Nick and Norah's Infinite Playlist,tt0981227
8484,Isn't It Romantic,tt2452244
8485,"Yours, Mine & Ours",tt0443295
8486,How Stella Got Her Groove Back,tt0120703
8487,My Big Fat Greek Wedding 2,tt3760922
8488,Wimbledon,tt0360201
8489,America's Sweethearts,tt0265029
8490,The Mirror Has Two Faces,tt0117057
8491,Don Juan DeMarco,tt0112883
8492,Boys and Girls,tt0204175
8493,Someone Like You,tt0244970
8494,Someone Like You,tt22334258
8495,My Super Ex-Girlfriend,tt0465624
8496,The Fabulous Baker Boys,tt0097322
8497,She's the One,tt0117628
8498,Roxanne,tt0093886
8499,To Rome with Love,tt1859650
8500,High Society,tt5985052
8501,High Society,tt8865580
8502,Blind Date,tt0086978
8503,Blind Date,tt0092666
8504,Blind Date,tt4466936
8505,Think Like a Man Too,tt2239832
8506,Chances Are,tt0097044
8507,HouseSitter,tt0104452
8508,The Other Sister,tt0123209
8509,The Prince and Me,tt0337697
8510,Win a Date with Tad Hamilton!,tt0335559
8511,Keeping the Faith,tt0171433
8512,Saving Face,tt0384504
8513,Hope Springs,tt0314431
8514,Hope Springs,tt1535438
8515,Nine Months,tt0113986
8516,Must Love Dogs,tt0417001
8517,Honeymoon in Vegas,tt0104438
8518,Life or Something Like It,tt0282687
8519,View from the Top,tt0264150
8520,Chilly Scenes of Winter,tt0079278
8521,Kissing Jessica Stein,tt0264761
8522,Little Black Book,tt0361841
8523,The Butcher's Wife,tt0101523
8524,The Truth About Cats & Dogs,tt0117979
8525,Green Card,tt0099699
8526,Did You Hear About the Morgans?,tt1314228
8527,Miss Pettigrew Lives for a Day,tt0970468
8528,In Good Company,tt0385267
8529,Over Her Dead Body,tt0785007
8530,A Guy Thing,tt0295289
8531,Celeste & Jesse Forever,tt1405365
8532,Legal Eagles,tt0091396
8533,My Mom's New Boyfriend,tt0780534
8534,The Beautician and the Beast,tt0118691
8535,Lost & Found,tt0120836
8536,Lost & Found,tt11797376
8537,Lost & Found,tt3828858
8538,Excess Baggage,tt0119086
8539,Laws of Attraction,tt0323033
8540,The Last Kiss,tt0265930
8541,The Last Kiss,tt0434139
8542,Serving Sara,tt0261289
8543,Head Over Heels,tt0192111
8544,Head Over Heels,tt1564916
8545,License to Wed,tt0762114
8546,An Ideal Husband,tt0122541
8547,Down to You,tt0186975
8548,Addicted to Love,tt0118556
8549,The Story of Us,tt0160916
8550,Cousins,tt0097116
8551,Cousins,tt10622790
8552,Say It Isn't So,tt0239949
8553,Love in the Afternoon,tt0068205
8554,Forget Paris,tt0113097
8555,Simply Irresistible,tt0145893
8556,Alex Strangelove,tt5688996
8557,Maggie's Plan,tt3471098
8558,Italian for Beginners,tt0243862
8559,Alex & Emma,tt0318283
8560,Teacher's Pet,tt0350194
8561,Woman on Top,tt0206420
8562,Meet the Browns,tt1047494
8563,The Bachelor,tt0120596
8564,Top Five,tt2784678
8565,The Marrying Man,tt0102411
8566,Mr. Wonderful,tt0107613
8567,Splendor,tt0096160
8568,Splendor,tt0127296
8569,Being Julia,tt0340012
8570,Do Not Disturb,tt0185284
8571,Do Not Disturb,tt23049270
8572,Do Not Disturb,tt3667648
8573,Mrs. Winterbourne,tt0117104
8574,Darling Lili,tt0065611
8575,Good Advice,tt0243931
8576,Molly,tt0143746
8577,Molly,tt6522982
8578,Angie,tt0109129
8579,Speechless,tt0111256
8580,Everybody Wants to Be Italian,tt0790657
8581,Mostly Martha,tt0246772
8582,"He Said, She Said",tt0102011
8583,That Old Feeling,tt0120318
8584,Adam & Steve,tt0372122
8585,Kissing a Fool,tt0120723
8586,Year of the Comet,tt0105871
8587,Miami Rhapsody,tt0113808
8588,eCupid,tt1754944
8589,The Truth About Love,tt0407269
8590,Sweet November,tt0230838
8591,Break Ke Baad,tt1578261
8592,American Dreamer,tt0086886
8593,American Dreamer,tt13884444
8594,American Dreamer,tt6769326
8595,Romantic Comedy,tt0086205
8596,Four's a Crowd,tt13932410
8597,A Smile Like Yours,tt0120151
8598,O Kadhal Kanmani,tt4271820
8599,Pipe Dream,tt0164810
8600,Abracadabra,tt5187886
8601,The Wolverine,tt1430132
8602,47 Ronin,tt1335975
8603,Red Sun,tt0067770
8604,Blade of the Immortal,tt5084170
8605,Blade of the 47 Ronin,tt12610794
8606,The Blind Swordsman: Zatoichi,tt0363226
8607,Shogun Assassin,tt0081506
8608,Batman Ninja,tt7451284
8609,Zatoichi Meets Yojimbo,tt0066603
8610,Welcome to Mooseport,tt0361925
8611,Office Space,tt0151804
8612,Trading Places,tt0086465
8613,Maverick,tt0110478
8614,Zoolander,tt0196229
8615,The Dictator,tt1645170
8616,The Campaign,tt1790886
8617,Being There,tt0078841
8618,Slap Shot,tt0076723
8619,The Full Monty,tt0119164
8620,Canadian Bacon,tt0109370
8621,Candy,tt0424880
8622,Shampoo,tt0073692
8623,The Square,tt1085507
8624,The Square,tt2486682
8625,The Square,tt4995790
8626,1941,tt0078723
8627,Be Cool,tt0377471
8628,Fool's Paradise,tt9013340
8629,When You Finish Saving the World,tt12121582
8630,Private Benjamin,tt0081375
8631,"Hail, Caesar!",tt0475290
8632,The American Society of Magical Negroes,tt30007864
8633,Saved!,tt0332375
8634,Good Bye Lenin!,tt0301357
8635,Brüno,tt0889583
8636,Extreme Movie,tt0806147
8637,The Hudsucker Proxy,tt0110074
8638,Gremlins 2: The New Batch,tt0099700
8639,Waiting for Guffman,tt0118111
8640,Nashville,tt0073440
8641,Spice World,tt0120185
8642,That Obscure Object of Desire,tt0075824
8643,PCU,tt0110759
8644,Bean,tt0118689
8645,Private Parts,tt0069124
8646,Private Parts,tt0119951
8647,Get Him to the Greek,tt1226229
8648,Bowfinger,tt0131325
8649,Maps to the Stars,tt2172584
8650,The Discreet Charm of the Bourgeoisie,tt0068361
8651,War Machine,tt4758646
8652,Defending Your Life,tt0101698
8653,Holy Smoke,tt0144715
8654,Blow Dry,tt0212380
8655,Six Degrees of Separation,tt0108149
8656,The Triplets of Belleville,tt0286244
8657,Amarcord,tt0071129
8658,How to Be a Latin Lover,tt4795124
8659,Mainstream,tt9224288
8660,Crumb,tt0109508
8661,Big Bad Mama,tt0071216
8662,L.A. Story,tt0102250
8663,Celebrity,tt0120533
8664,The Nutty Professor,tt0117218
8665,The Joneses,tt1285309
8666,No Man's Land,tt0093638
8667,No Man's Land,tt0283509
8668,No Man's Land,tt10449052
8669,No Man's Land,tt1456660
8670,No Man's Land,tt15686202
8671,Kin-dza-dza!,tt0091341
8672,Living in Oblivion,tt0113677
8673,Wagons East,tt0111653
8674,Heavy Traffic,tt0070165
8675,"The Goods: Live Hard, Sell Hard",tt1092633
8676,Rotting in the Sun,tt24146896
8677,Edtv,tt0131369
8678,Ishtar,tt0093278
8679,Marquis,tt0097839
8680,New York Stories,tt0097965
8681,Crimes and Misdemeanors,tt0097123
8682,Dorm Daze,tt0362511
8683,S.O.B.,tt0083015
8684,2001 Maniacs,tt0264323
8685,The Purple Rose of Cairo,tt0089853
8686,Rapture-Palooza,tt1879032
8687,The Dream Team,tt0097235
8688,The Dream Team,tt1850394
8689,The Dream Team,tt2292576
8690,Citizen Ruth,tt0115906
8691,School Daze,tt0096054
8692,Down and Out in Beverly Hills,tt0090966
8693,Quasi,tt1609497
8694,The Paper,tt0110771
8695,Fast Food Nation,tt0460792
8696,Caged Heat,tt0071266
8697,Vampire Killers,tt1020885
8698,"Ladies and Gentlemen, the Fabulous Stains",tt0082639
8699,You Will Meet a Tall Dark Stranger,tt1182350
8700,Some Kind of Beautiful,tt1725986
8701,The Tall Guy,tt0098436
8702,Tamara Drewe,tt1486190
8703,Hector and the Search for Happiness,tt1626146
8704,Bamboozled,tt0215545
8705,The Life and Times of Judge Roy Bean,tt0068853
8706,She Hate Me,tt0384533
8707,Pirates,tt0091757
8708,Bananas,tt0066808
8709,East Is East,tt0166175
8710,Pecker,tt0126604
8711,Soul Men,tt1111948
8712,My Fellow Americans,tt0117119
8713,Casa de mi Padre,tt1702425
8714,B*A*P*S,tt0118663
8715,"Hello, My Name Is Doris",tt3766394
8716,Bob Roberts,tt0103850
8717,Human Nature,tt0219822
8718,Human Nature,tt9612680
8719,Husbands and Wives,tt0104466
8720,Lost in America,tt0089504
8721,The Big Picture,tt0096926
8722,The Big Picture,tt1533818
8723,Accidental Love,tt1137470
8724,Full Frontal,tt0290212
8725,North Dallas Forty,tt0079640
8726,Leap of Faith,tt0104695
8727,The Underground Comedy Movie,tt0201290
8728,Dear White People,tt2235108
8729,Zelig,tt0086637
8730,Life Stinks,tt0102303
8731,Head of State,tt0325537
8732,The Harrad Experiment,tt0070157
8733,What Planet Are You From?,tt0181151
8734,Other People's Money,tt0102609
8735,The Coca-Cola Kid,tt0088931
8736,So Fine,tt0083099
8737,Material Girls,tt0433412
8738,Haunted Honeymoon,tt0091178
8739,Run Ronnie Run,tt0258100
8740,Stardust Memories,tt0081554
8741,"Buffalo Bill and the Indians, or Sitting Bull's History Lesson",tt0074254
8742,The Barbarian Invasions,tt0338135
8743,The Brother from Another Planet,tt0087004
8744,Switching Channels,tt0096203
8745,Fellini's Roma,tt0069191
8746,The Muse,tt0164108
8747,The Associate,tt0115580
8748,Holy Man,tt0120701
8749,How to Get Ahead in Advertising,tt0097531
8750,Moon Over Parador,tt0095654
8751,High Heels and Low Lifes,tt0253126
8752,Religulous,tt0815241
8753,FM,tt0077532
8754,Where to Invade Next,tt4897822
8755,Hamburger: The Motion Picture,tt0091165
8756,Touch,tt0120357
8757,Touch,tt23468836
8758,Protocol,tt0087951
8759,Sgt. Kabukiman N.Y.P.D.,tt0117609
8760,Elvis & Nixon,tt2093991
8761,Serial,tt0081485
8762,Crazy People,tt0099316
8763,The Real Blonde,tt0119987
8764,Miss Firecracker,tt0097892
8765,Wrong Is Right,tt0084920
8766,Modern Romance,tt0082764
8767,Space Station 76,tt2369317
8768,Maid to Order,tt0093476
8769,"Happy, Texas",tt0162360
8770,The Hoax,tt0462338
8771,Captain Pantoja and the Special Services,tt0190611
8772,Amos & Andrew,tt0106266
8773,American Dreamz,tt0465142
8774,The Closet,tt0243493
8775,The Closet,tt11727052
8776,A Private Function,tt0089838
8777,Rabid Grannies,tt0098157
8778,Diary of a Mad Housewife,tt0065636
8779,Flashback,tt0099581
8780,Flashback,tt0239406
8781,Flashback,tt8372094
8782,The Decline of the American Empire,tt0090985
8783,The Amateurs,tt0405163
8784,Jacky in the Kingdom of Women,tt2382422
8785,200 Motels,tt0066732
8786,A Merry War,tt0119453
8787,Syrup,tt0762138
8788,I Served the King of England,tt0284363
8789,The Witness,tt28252660
8790,The Witness,tt3568002
8791,The Witness,tt8865562
8792,Wholly Moses!,tt0081751
8793,Getting Straight,tt0065775
8794,I'll Do Anything,tt0110097
8795,City of Women,tt0080539
8796,The Last Shot,tt0357054
8797,Head Office,tt0091183
8798,From the Hip,tt0093051
8799,Evil Ed,tt0116247
8800,Welcome to Hollywood,tt0169376
8801,Keeping Up with the Steins,tt0415949
8802,The Deal,tt0405861
8803,The Deal,tt0848281
8804,The Deal,tt2224167
8805,Loving,tt4669986
8806,Ginger & Fred,tt0091113
8807,May Fools,tt0097884
8808,A Good Man in Africa,tt0109920
8809,The TV Set,tt0473709
8810,Ellie Parker,tt0436262
8811,Visioneers,tt0833557
8812,12:08 East of Bucharest,tt0809407
8813,Flesh-Eating Mothers,tt0097364
8814,Get to Know Your Rabbit,tt0068637
8815,ZMD: Zombies of Mass Destruction,tt1134674
8816,Nothing Personal,tt1320352
8817,Dirty Dingus Magee,tt0065642
8818,Potiche,tt1521848
8819,Tune in Tomorrow...,tt0100822
8820,Hugo Pool,tt0119327
8821,Not Another Not Another Movie,tt1302019
8822,Free Enterprise,tt0141105
8823,Marci X,tt0266747
8824,Blood Feast 2: All U Can Eat,tt0282386
8825,Seducing Doctor Lewis,tt0366532
8826,The Kid & I,tt0416891
8827,American Virgin,tt0143422
8828,American Virgin,tt1318044
8829,TV: The Movie,tt0460952
8830,The Romantic Englishwoman,tt0073634
8831,Hood of Horror,tt0475298
8832,Gas! -Or- It Became Necessary to Destroy the World in Order to Save It.,tt0065760
8833,Bollywood/Hollywood,tt0303785
8834,Fear and Trembling,tt0318725
8835,Daltry Calhoun,tt0339642
8836,L.A. Slasher,tt2735292
8837,The Affair,tt8255890
8838,Nocturna,tt0836682
8839,Rancid Aluminum,tt0179443
8840,Zero Motivation,tt3576084
8841,Mouth to Mouth,tt0112546
8842,Mouth to Mouth,tt0383518
8843,Seduced and Abandoned,tt2402179
8844,Bartleby,tt0230025
8845,Good Hair,tt1213585
8846,(Untitled),tt1132193
8847,Entropy,tt0156515
8848,The Alarmist,tt0119534
8849,Search and Destroy,tt0114371
8850,Looking for Comedy in the Muslim World,tt0433116
8851,Two Days,tt0320668
8852,The Band's Visit,tt1032856
8853,Roujin Z,tt0102812
8854,The Girl from Monday,tt0388973
8855,Is That a Gun in Your Pocket?,tt4196832
8856,Big Shot's Funeral,tt0287934
8857,Rat,tt0234570
8858,Alkhallat+,tt22497768
8859,The Cruise,tt0066289
8860,The Cruise,tt0150230
8861,Where in the World Is Osama Bin Laden?,tt0963208
8862,Head to Head,tt28306747
8863,You're Killing Me,tt20222202
8864,Cruising Bar,tt0097131
8865,Trial and Error,tt0120373
8866,Election Day,tt1198196
8867,Secret Ballot,tt0290823
8868,Once in a Lifetime,tt0265232
8869,Once in a Lifetime,tt3289126
8870,Escape from the 'Liberty' Cinema,tt0103150
8871,Martin Lawrence Live: Runteldat,tt0327036
8872,Summer of Blood,tt3625352
8873,Hank and Mike,tt0814131
8874,New Delhi,tt0246809
8875,Up and Down,tt0401488
8876,Window to Paris,tt0110719
8877,Why?,tt0066988
8878,You Talkin' to Me?,tt0094361
8879,Carmen,tt0085297
8880,Carmen,tt0087034
8881,Carmen,tt0352230
8882,Carmen,tt6875952
8883,George and the Dragon,tt0306892
8884,"What's Up, Doc?",tt0069495
8885,Wonder Boys,tt0185014
8886,Meet Wally Sparks,tt0119644
8887,Hexed,tt0107107
8888,How to Make Love to a Woman,tt1241017
8889,Confidentially Yours,tt0086551
8890,The Doll,tt6011480
8891,Living It Up,tt0253110
8892,Top End Wedding,tt7555072
8893,Love on the Run,tt0078771
8894,If I Were Rich Man,tt9010802
8895,Last Breath,tt14403504
8896,Last Breath,tt9056818
8897,Pirates of the Caribbean: The Curse of the Black Pearl,tt0325980
8898,Pirates of the Caribbean: Dead Men Tell No Tales,tt1790809
8899,The Abyss,tt0096754
8900,The Abyss,tt22016156
8901,In the Heart of the Sea,tt1390411
8902,Sinbad: Legend of the Seven Seas,tt0165982
8903,The Final Countdown,tt0080736
8904,All Is Lost,tt2017038
8905,The Pirates! Band of Misfits,tt1430626
8906,The Deepest Breath,tt24132732
8907,Robinson Crusoe,tt0117496
8908,The Navigator: A Medieval Odyssey,tt0095709
8909,Treasure Island,tt0069229
8910,Deep,tt14880258
8911,Deep,tt4105584
8912,Return to Paradise,tt0124595
8913,Malice,tt0107497
8914,To Catch a Killer,tt10275534
8915,MaXXXine,tt22048412
8916,Sin City,tt0401792
8917,The House That Jack Built,tt4003440
8918,Mindcage,tt14147224
8919,Manhunter,tt0091474
8920,Perfume: The Story of a Murderer,tt0396171
8921,Cruising,tt0080569
8922,Frequency,tt0186151
8923,Kiss the Girls,tt0119468
8924,"Alice, Sweet Alice",tt0076150
8925,The Iceman,tt1491044
8926,Summer of Sam,tt0162677
8927,A Nightmare on Elm Street,tt0087800
8928,A Nightmare on Elm Street,tt1179056
8929,The Snowman,tt1758810
8930,The Frozen Ground,tt2005374
8931,Texas Chainsaw Massacre,tt11755740
8932,From Hell,tt0120681
8933,Cobra,tt0090859
8934,Cobra,tt9466814
8935,Opera,tt0093677
8936,Hannibal Rising,tt0367959
8937,Along Came a Spider,tt0164334
8938,Solace,tt1291570
8939,Leatherface,tt2620590
8940,Mindhunters,tt0297284
8941,Sea of Love,tt0098273
8942,Phenomena,tt0087909
8943,Phenomena,tt18315204
8944,They're Playing with Fire,tt0088255
8945,Texas Killing Fields,tt1389127
8946,Bereavement,tt1100051
8947,88 Minutes,tt0411061
8948,Pride and Glory,tt0482572
8949,Cult Killer,tt21151212
8950,Untraceable,tt0880578
8951,The Watcher,tt0204626
8952,The Watcher,tt5497458
8953,Ted Bundy,tt0284929
8954,Amsterdamned,tt0094651
8955,Maniac Cop 2,tt0100107
8956,The Red Queen Kills Seven Times,tt0068444
8957,Madhouse,tt0071790
8958,Madhouse,tt0093468
8959,Madhouse,tt0100087
8960,Madhouse,tt0363276
8961,Night Game,tt0097971
8962,"Henry: Portrait of a Serial Killer, Part 2",tt0116516
8963,Jack the Ripper,tt0074408
8964,What's the Matter with Helen?,tt0067975
8965,Mrs. Serial Killer,tt10230426
8966,Tales of the Grim Sleeper,tt3904186
8967,The Lady of Silence: The Mataviejitas Murders,tt27640680
8968,Smile 2,tt29268110
8969,A Serbian Film,tt1273235
8970,Showgirls,tt0114436
8971,Begin Again,tt1980929
8972,Selena,tt0120094
8973,Shadow of the Vampire,tt0189998
8974,Magic Mike's Last Dance,tt16280138
8975,Being the Ricardos,tt4995540
8976,The Majestic,tt0268995
8977,Trumbo,tt0889671
8978,Trumbo,tt3203606
8979,Hitchcock,tt0975645
8980,Hollywoodland,tt0427969
8981,Gods and Monsters,tt0120684
8982,Day for Night,tt0070460
8983,The Last Tycoon,tt0074777
8984,The Last Tycoon,tt2458314
8985,White Hunter Black Heart,tt0100928
8986,The Other Side of the Wind,tt0069049
8987,The Life and Death of Peter Sellers,tt0352520
8988,Their Finest,tt1661275
8989,In a World...,tt2294677
8990,The Odyssey,tt1659619
8991,Lady Sings the Blues,tt0068828
8992,Fedora,tt0077539
8993,The Idolmaker,tt0080913
8994,Beauty,tt1922721
8995,Milius,tt2370224
8996,Close to You,tt28055434
8997,The Day the Earth Blew Up: A Looney Tunes Movie,tt15352542
8998,Grown Ups,tt1375670
8999,Big Trouble in Little China,tt0090728
9000,The Cat in the Hat,tt0312528
9001,National Lampoon's Animal House,tt0077975
9002,Richie Rich,tt0110989
9003,Super Troopers,tt0247745
9004,3 Ninjas,tt0103596
9005,Revenge of the Nerds,tt0088000
9006,Peter Rabbit,tt5117670
9007,The Search for One-eye Jimmy,tt0117577
9008,You Don't Mess with the Zohan,tt0960144
9009,Bad Moms,tt4651520
9010,Scouts Guide to the Zombie Apocalypse,tt1727776
9011,Meatballs,tt0079540
9012,Daddy Day Care,tt0317303
9013,Zoolander 2,tt1608290
9014,Dennis the Menace,tt0106701
9015,Beethoven,tt0103786
9016,Scooby-Doo 2: Monsters Unleashed,tt0331632
9017,National Lampoon's European Vacation,tt0089670
9018,Thunderbirds,tt0167456
9019,Little Man,tt0430304
9020,Hot Rod,tt0787475
9021,Encino Man,tt0104187
9022,Son of the Mask,tt0362165
9023,The Jerk,tt0079367
9024,Hudson Hawk,tt0102070
9025,The Three Stooges,tt0383010
9026,Without a Paddle,tt0364751
9027,Vegas Vacation,tt0120434
9028,Half Baked,tt0120693
9029,"Alexander and the Terrible, Horrible, No Good, Very Bad Day",tt1698641
9030,Wild Mountain Thyme,tt6842770
9031,Baby's Day Out,tt0109190
9032,The Flintstones in Viva Rock Vegas,tt0158622
9033,The Money Pit,tt0091541
9034,Cheaper by the Dozen 2,tt0452598
9035,Big Fat Liar,tt0265298
9036,Ernest Goes to Camp,tt0092974
9037,Jungle 2 Jungle,tt0119432
9038,"Honey, I Blew Up the Kid",tt0104437
9039,Johnny English Reborn,tt1634122
9040,Police Academy 2: Their First Assignment,tt0089822
9041,The Incredible Burt Wonderstone,tt0790628
9042,Lucky Lady,tt0073317
9043,The Love Guru,tt0811138
9044,The Master of Disguise,tt0295427
9045,102 Dalmatians,tt0211181
9046,Guyver,tt0101988
9047,Teenage Mutant Ninja Turtles III,tt0108308
9048,Bill & Ted's Bogus Journey,tt0101452
9049,3 Ninjas Kick Back,tt0109015
9050,Kicking & Screaming,tt0384642
9051,RocketMan,tt0120029
9052,Jackass Forever,tt11466222
9053,Playing with Fire,tt9134216
9054,The Spy Next Door,tt1273678
9055,Shaun the Sheep Movie,tt2872750
9056,Armed and Dangerous,tt0090660
9057,Big Momma's House 2,tt0421729
9058,Police Academy 5: Assignment: Miami Beach,tt0095882
9059,Club Paradise,tt0090856
9060,Be Kind Rewind,tt0799934
9061,Moving,tt0095662
9062,Moving,tt0107736
9063,My Boss's Daughter,tt0270980
9064,Suburban Commando,tt0103003
9065,Pom Poko,tt0110008
9066,Strike!,tt0120692
9067,Dunston Checks In,tt0116151
9068,The Frisco Kid,tt0079180
9069,House Arrest,tt0116571
9070,House Arrest,tt11163028
9071,My Favorite Martian,tt0120764
9072,Woody Woodpecker,tt2114504
9073,The Apple Dumpling Gang,tt0072653
9074,Are We Done Yet?,tt0422774
9075,Daddy Day Camp,tt0462244
9076,Toc Toc,tt6060156
9077,See Spot Run,tt0250720
9078,King Ralph,tt0102216
9079,Shout at the Devil,tt0075214
9080,Caddyshack II,tt0094824
9081,Bebe's Kids,tt0103783
9082,Mother's Love,tt11269026
9083,There Was a Crooked Man...,tt0066448
9084,Leatherheads,tt0379865
9085,The Shaggy D.A.,tt0075200
9086,Cabin Boy,tt0109361
9087,Dudley Do-Right,tt0160236
9088,Mr. Magoo,tt0119718
9089,Screwed,tt0156323
9090,Screwed,tt1727816
9091,Screwed,tt6577814
9092,Blankman,tt0109288
9093,The Mad Adventures of Rabbi Jacob,tt0069747
9094,Guest House Paradiso,tt0202381
9095,Disorderlies,tt0092897
9096,Jack and the Beanstalk,tt0074705
9097,Jack and the Beanstalk,tt1079968
9098,Kickin' It Old Skool,tt0772178
9099,Bushwhacked,tt0112602
9100,Swashbuckler,tt0075294
9101,Brain Donors,tt0103872
9102,Piglet's Big Movie,tt0323642
9103,Candleshoe,tt0075807
9104,"Botas Duras, Medias De Seda",tt0074588
9105,The Tigger Movie,tt0220099
9106,Mr. Vampire,tt0089371
9107,The Strongest Man in the World,tt0073760
9108,Meatballs Part II,tt0087700
9109,Slappy and the Stinkers,tt0120213
9110,All I Wish,tt1492705
9111,Johnny Stecchino,tt0102164
9112,They Call Me Renegade,tt0095975
9113,The Knock Out Cop,tt0070534
9114,Pufnstuf,tt0066256
9115,"No Deposit, No Return",tt0074968
9116,Brenda Starr,tt0096978
9117,The Waterdance,tt0105789
9118,The Honeymooners,tt0373908
9119,Baby Love,tt0086926
9120,Gen-X Cops,tt0206334
9121,Cougar Hunting,tt1413489
9122,It Can Be Done Amigo,tt0068539
9123,Even Angels Eat Beans,tt0069713
9124,Luv,tt1907707
9125,Volcano High,tt0301429
9126,Cracking Up,tt0085375
9127,Smother,tt0867591
9128,Urusei Yatsura 2: Beautiful Dreamer,tt0088334
9129,The Apple War,tt0068025
9130,Which Way to the Front?,tt0066564
9131,Fantasy Mission Force,tt0079509
9132,Mr. Bones,tt0302819
9133,Love Bites,tt0235606
9134,Off Limits,tt0095774
9135,Awful Nice,tt1414449
9136,Looking for Jackie,tt1478291
9137,Bangkok Adrenaline,tt1442486
9138,No culpes al karma de lo que te pasa por gilipollas,tt5433520
9139,Demobbed,tt0266437
9140,Baby,tt16118524
9141,Baby,tt3848892
9142,Sleepless Nights,tt0328349
9143,X,tt0118200
9144,X,tt13560574
9145,X,tt1661099
9146,Final Destination,tt0195714
9147,Scream VI,tt17663992
9148,Terrifier,tt4281724
9149,House of Wax,tt0397065
9150,Thanksgiving,tt1448754
9151,Wrong Turn,tt0295700
9152,Wrong Turn,tt9110170
9153,Orphan,tt1148204
9154,Orphan,tt4746516
9155,I Know What You Did Last Summer,tt0119345
9156,Hostel,tt0450278
9157,Time Cut,tt14857528
9158,Totally Killer,tt11426232
9159,Scream 3,tt0134084
9160,The Strangers: Chapter 1,tt22050754
9161,Tarot,tt14088510
9162,The Texas Chainsaw Massacre,tt0324216
9163,Urban Legend,tt0146336
9164,High Tension,tt0338095
9165,Fear Street: Part One - 1994,tt6566576
9166,Texas Chainsaw,tt1572315
9167,Suspiria,tt0076786
9168,Suspiria,tt1034415
9169,You're Next,tt1853739
9170,My Bloody Valentine,tt0082782
9171,My Bloody Valentine,tt1179891
9172,Wolf Creek,tt0416315
9173,Curtains,tt0085385
9174,Fear Street: Part Two - 1978,tt9701940
9175,The Fog,tt0080749
9176,The Fog,tt0432291
9177,Truth or Dare,tt6772950
9178,The Texas Chainsaw Massacre: The Beginning,tt0420294
9179,The Midnight Meat Train,tt0805570
9180,Lowlifes,tt31499750
9181,Halloween Kills,tt10665338
9182,Deep Red,tt0073582
9183,The Blackening,tt11703244
9184,Inferno,tt0080923
9185,Inferno,tt0139151
9186,Inferno,tt3062096
9187,Friday the 13th: Part 3,tt0083972
9188,May,tt0303361
9189,Haunt,tt2386278
9190,Haunt,tt6535880
9191,I Still Know What You Did Last Summer,tt0130018
9192,Nurse,tt1913166
9193,The Jester,tt26533869
9194,Halloween II,tt0082495
9195,Halloween II,tt1311067
9196,Friday the 13th: A New Beginning,tt0089173
9197,Child's Play 2,tt0099253
9198,Stay Alive,tt0441796
9199,Tenebrae,tt0084777
9200,Prom Night,tt0081383
9201,Prom Night,tt0926129
9202,Fear Street: Part Three - 1666,tt9701942
9203,Happy Death Day 2U,tt8155288
9204,Vacancy,tt0452702
9205,The Strangers: Prey at Night,tt1285009
9206,Ouija,tt1204977
9207,The Funhouse,tt0082427
9208,Tourist Trap,tt0080040
9209,Sick,tt0120126
9210,Sick,tt14642626
9211,Magic,tt0077889
9212,Halloween 4: The Return of Michael Myers,tt0095271
9213,Intruder,tt0095379
9214,Intruder,tt12491064
9215,Intruder,tt3014556
9216,See No Evil,tt0067727
9217,See No Evil,tt0437179
9218,No One Lives,tt1763264
9219,Halloween H20: 20 Years Later,tt0120694
9220,Turistas,tt0454970
9221,Deadly Blessing,tt0082245
9222,Curse of Chucky,tt2230358
9223,There's Someone Inside Your House,tt8150814
9224,Delirium,tt0068471
9225,Delirium,tt0093043
9226,Delirium,tt2069797
9227,Delirium,tt3131050
9228,Friday the 13th: The New Blood,tt0095179
9229,The Collection,tt1748227
9230,All the Boys Love Mandy Lane,tt0490076
9231,The House on Sorority Row,tt0085694
9232,Raising Cain,tt0105217
9233,Halloween: Resurrection,tt0220506
9234,Leatherface: Texas Chainsaw Massacre III,tt0099994
9235,Halloween: The Curse of Michael Myers,tt0113253
9236,Tamara,tt0401815
9237,A Classic Horror Story,tt12877640
9238,Play Dead,tt20198774
9239,Candy Land,tt13857556
9240,Cult of Chucky,tt3280262
9241,"Butcher, Baker, Nightmare Maker",tt0082813
9242,Child's Play 3,tt0103956
9243,The Toolbox Murders,tt0078405
9244,Slaughter High,tt0091969
9245,The Bird with the Crystal Plumage,tt0065143
9246,Giallo,tt1107816
9247,Slotherhouse,tt15422224
9248,Hello Mary Lou: Prom Night II,tt0093176
9249,The Lazarus Effect,tt2918436
9250,Halloween 5: The Revenge of Michael Myers,tt0097474
9251,Murder-Rock: Dancing Death,tt0087759
9252,April Fool's Day,tt0090655
9253,Shocker,tt0098320
9254,We Summon the Darkness,tt8058874
9255,Psycho III,tt0091799
9256,Graduation Day,tt0082467
9257,Mortuary,tt0087746
9258,Mortuary,tt0415167
9259,Hell Night,tt0082511
9260,The Dark Half,tt0106664
9261,Wolves at the Door,tt4670016
9262,He's Out There,tt4052050
9263,Nobody Sleeps in the Woods Tonight,tt11240506
9264,Nothing Underneath,tt0086343
9265,Return to Horror High,tt0093854
9266,See No Evil 2,tt3106120
9267,The Town That Dreaded Sundown,tt0075342
9268,The Town That Dreaded Sundown,tt2561546
9269,Hell Fest,tt1999890
9270,They're Coming to Get You!,tt0069390
9271,Hatchet II,tt1270835
9272,X-Ray,tt0082527
9273,Fade to Black,tt0080711
9274,Fade to Black,tt0428518
9275,Fade to Black,tt6095002
9276,Witchboard,tt0090327
9277,Just Before Dawn,tt0082592
9278,Bloodline,tt0078879
9279,Bloodline,tt8883524
9280,The Strange Vice of Mrs. Wardh,tt0066412
9281,Terror Train,tt0081617
9282,Terror Train,tt20222422
9283,Doom Asylum,tt0092910
9284,Trauma,tt0072960
9285,Trauma,tt0104053
9286,Trauma,tt0363143
9287,Trauma,tt6705640
9288,Death Valley,tt0083805
9289,Death Valley,tt14623762
9290,Candyman: Farewell to the Flesh,tt0112625
9291,The Children,tt0080527
9292,The Children,tt1172571
9293,My Soul to Take,tt0872230
9294,Hatchet III,tt1870419
9295,Silent Madness,tt0088116
9296,Borderland,tt0452592
9297,Death Spa,tt0099384
9298,Eyes of a Stranger,tt0082352
9299,Train,tt1015474
9300,The Row,tt8074486
9301,Popcorn,tt0102690
9302,Popcorn,tt0483776
9303,The Boogey Man,tt0080464
9304,Superstition,tt0084739
9305,Funeral Home,tt0083976
9306,Humongous,tt0082537
9307,He Knows You're Alone,tt0080850
9308,Dementia 13,tt5806506
9309,Nightmare Beach,tt0095740
9310,StageFright,tt0092576
9311,Sorority House Massacre,tt0091990
9312,Evil Dead Trap,tt0167147
9313,Taboo,tt0081593
9314,Taboo,tt0213682
9315,Taboo,tt0288243
9316,American Gothic,tt0094642
9317,The Majorettes,tt0091462
9318,The Initiation,tt0087472
9319,Slumber Party Massacre III,tt0100639
9320,Founders Day,tt23785128
9321,ATM,tt1603257
9322,Laid to Rest,tt1228933
9323,Bring It On: Cheer or Die,tt20101986
9324,The Centerfold Girls,tt0071295
9325,The Girl in the Photographs,tt3826866
9326,Stepfather II: Make Room for Daddy,tt0098385
9327,Timber Falls,tt0857295
9328,Night School,tt0082812
9329,Night School,tt6781982
9330,Jack-O,tt0113449
9331,Girl at the Window,tt15360384
9332,Toolbox Murders,tt0367153
9333,A Blade in the Dark,tt0085303
9334,Hatchet for the Honeymoon,tt0064904
9335,Wilderness,tt0465670
9336,The Pool,tt0283027
9337,The Pool,tt2950330
9338,The Pool,tt9128686
9339,Reeker,tt0393635
9340,Schizo,tt0076670
9341,Schizo,tt0406216
9342,Knife + Heart,tt6426028
9343,Girls Nite Out,tt0087336
9344,Dust Devil,tt0104155
9345,Boogeyman 2,tt0900357
9346,The Fan,tt0082361
9347,The Fan,tt0082362
9348,The Fan,tt0116277
9349,Killer Workout,tt0091339
9350,Maniac Cop 3: Badge of Silence,tt0104808
9351,The Prey,tt0086137
9352,The Prey,tt1726861
9353,Slumber Party Massacre,tt14449392
9354,The Silent Scream,tt0081515
9355,Visiting Hours,tt0083296
9356,From Beyond the Grave,tt0070078
9357,Body Count,tt0090788
9358,Body Count,tt0120186
9359,"I, Madman",tt0097557
9360,Anatomy,tt0187696
9361,Sorority House Massacre II,tt0100663
9362,House III: The Horror Show,tt0097527
9363,Seance,tt11188624
9364,"Fear, Inc.",tt3560148
9365,Death Screams,tt0085415
9366,Peopletoys,tt0071413
9367,Tales of Halloween,tt4163020
9368,Malevolence,tt0388230
9369,My Name Is Bruce,tt0489235
9370,Phantom of the Mall: Eric's Revenge,tt0098089
9371,Schizoid,tt0081459
9372,Don't Go in the Woods,tt0182996
9373,Don't Go in the Woods,tt1651065
9374,The Slayer,tt0084694
9375,All Hallows' Eve 2,tt5022680
9376,Smiley,tt2025667
9377,Chain Letter,tt1148200
9378,The Incubus,tt0084133
9379,Killer Book Club,tt18260564
9380,Strange Behavior,tt0082243
9381,What the Waters Left Behind,tt6332764
9382,Eyeball,tt0071537
9383,Chromeskull: Laid to Rest 2,tt1792799
9384,The Dorm That Dripped Blood,tt0082279
9385,Tower of Evil,tt0068716
9386,Cut,tt0189456
9387,Buried Alive,tt0099187
9388,Buried Alive,tt0479199
9389,Terror,tt0141897
9390,Berserker,tt0164393
9391,Edge of Sanity,tt0097263
9392,Grotesque,tt0095256
9393,Grotesque,tt1352369
9394,Grotesque,tt9557068
9395,Grandmother's House,tt0097455
9396,Hard to Die,tt0103111
9397,Sorority Party Massacre,tt2202569
9398,The Gallows Act II,tt7473716
9399,Ripper,tt0268579
9400,A Cat in the Brain,tt0099637
9401,Triggered,tt9419976
9402,Destroyer,tt0095005
9403,Destroyer,tt7137380
9404,The Comeback,tt0077357
9405,Bad Dreams,tt0094701
9406,White of the Eye,tt0094320
9407,Skinner,tt0114466
9408,Blood and Lace,tt0066848
9409,Deathouse,tt0070694
9410,Hide and Go Shriek,tt0095299
9411,Deadly Games,tt0096741
9412,Steel Trap,tt0973790
9413,Killer Movie,tt0988083
9414,Ghost Keeper,tt0128232
9415,The Corruption of Chris Miller,tt0069922
9416,New Year's Evil,tt0082806
9417,Killer Party,tt0091338
9418,Splatter University,tt0125510
9419,Hell High,tt0091192
9420,The Flesh and Blood Show,tt0068596
9421,Savage Weekend,tt0079855
9422,Silent Scream,tt0481610
9423,Open House,tt1448762
9424,Midnight Movie,tt0981224
9425,The Clown at Midnight,tt0156413
9426,Criminally Insane,tt0072831
9427,Drive in Massacre,tt0074434
9428,Dangerous Game: The Legacy Murders,tt16375952
9429,Lake Alice,tt3923004
9430,Axe,tt0075710
9431,Blade,tt0120611
9432,Death Do Us Part,tt2181889
9433,Cruel World,tt0419663
9434,Watch Me When I Kill,tt0076068
9435,Horror High,tt0072331
9436,To All a Goodnight,tt0086449
9437,Wishcraft,tt0255702
9438,Milo,tt0167284
9439,Nightlight,tt2236160
9440,Anatomy 2,tt0312358
9441,Grim,tt0113221
9442,The House on Tombstone Hill,tt0101670
9443,Phantom of Death,tt0092865
9444,Blue Eyes of the Broken Doll,tt0069041
9445,Cemetery of Terror,tt0218088
9446,Slaughterhouse,tt0093990
9447,Pledge Night,tt0095878
9448,The Hike,tt1572194
9449,Mid-Century,tt6821198
9450,Needle,tt1545315
9451,Boogeyman 3,tt1204883
9452,Delusion,tt4113846
9453,The Devil's Ground,tt1153102
9454,Bleed,tt2948566
9455,Mountaintop Motel Massacre,tt0091560
9456,Scar,tt0847520
9457,Nightmare Man,tt0478216
9458,The Redeemer: Son of Satan!,tt0130216
9459,Blood Night: The Legend of Mary Hatchet,tt1161404
9460,Kolobos,tt0151239
9461,Effects,tt0077485
9462,Lighthouse,tt0139426
9463,Scarecrows,tt0096046
9464,The Demon,tt0074390
9465,The Demon,tt0202434
9466,The Severed Arm,tt0070673
9467,Killer Legends,tt3449040
9468,Frayed,tt1125188
9469,Scalps,tt0086248
9470,Do You Wanna Know a Secret?,tt0267440
9471,Reykjavik Whale Watching Massacre,tt1075749
9472,All Through the House,tt4278962
9473,The Wisher,tt0354216
9474,Offerings,tt0098014
9475,Hellbent,tt0356159
9476,Rocktober Blood,tt0176097
9477,Screamtime,tt0086263
9478,Hell House,tt0301235
9479,All Light Will End,tt6023386
9480,Ancient Evil: Scream of the Mummy,tt0231138
9481,Stripped,tt1763288
9482,Tuno negro,tt0268711
9483,A Crack in the Floor,tt0236126
9484,Slash,tt0301848
9485,Slash,tt4729990
9486,Terrified,tt7549892
9487,The Greenskeeper,tt0311231
9488,Blood Trails,tt0805185
9489,Don't Hang Up,tt3610746
9490,Fallen Angels,tt0112913
9491,Fallen Angels,tt1010265
9492,Naked Fear,tt0943326
9493,Lucifer,tt6067752
9494,Dark Days,tt0235327
9495,Deadline,tt1242618
9496,The Big Green,tt0112499
9497,Ladybugs,tt0104670
9498,Goal! The Dream Begins,tt0380389
9499,Victory,tt0083284
9500,Early Man,tt4701724
9501,Playing for Keeps,tt1540128
9502,The Game of Their Lives,tt0354595
9503,Blue Lock: Episode Nagi,tt28671146
9504,Goal II: Living the Dream,tt0473360
9505,Diego Maradona,tt5433114
9506,The Champion,tt11369540
9507,The Champion,tt8515700
9508,Goal! III,tt0499487
9509,Ronaldo,tt5065822
9510,Soccer Mom,tt1059980
9511,All the Freckles in the World,tt9809140
9512,Believe,tt2009606
9513,Offside,tt0265144
9514,Offside,tt0499537
9515,Offside,tt0774755
9516,Baggio: The Divine Ponytail,tt14025788
9517,Her Best Move,tt0469429
9518,The Final: Attack on Wembley,tt26315566
9519,Just for Kicks,tt0308443
9520,Pelé,tt13842562
9521,Guys and Balls,tt0375911
9522,Soccer Dog: The Movie,tt0134969
9523,Once in a Lifetime: The Extraordinary Story of the New York Cosmos,tt0489247
9524,Anelka: Misunderstood,tt12724622
9525,Becoming Zlatan ...,tt5280626
9526,London Town,tt1724597
9527,Avengers: Endgame,tt4154796
9528,Avengers: Infinity War,tt4154756
9529,Guardians of the Galaxy Vol. 3,tt6791350
9530,Star Trek,tt0796366
9531,The Martian,tt3659388
9532,Event Horizon,tt0119081
9533,Passengers,tt0449487
9534,Passengers,tt1355644
9535,Guardians of the Galaxy Vol. 2,tt3896198
9536,Spaceman,tt11097384
9537,Slingshot,tt12616480
9538,Valerian and the City of a Thousand Planets,tt2239822
9539,Distant,tt0346094
9540,Distant,tt9883398
9541,Star Trek Beyond,tt2660888
9542,The Hitchhiker's Guide to the Galaxy,tt0371724
9543,Serenity,tt0379786
9544,Serenity,tt6476140
9545,Treasure Planet,tt0133240
9546,Star Trek Into Darkness,tt1408101
9547,The Adventures of Buckaroo Banzai Across the 8th Dimension,tt0086856
9548,Galaxy of Terror,tt0082431
9549,Star Trek II: The Wrath of Khan,tt0084726
9550,The Black Hole,tt0078869
9551,Moonraker,tt0079574
9552,The Last Starfighter,tt0087597
9553,Star Trek III: The Search for Spock,tt0088170
9554,The Colony,tt1160996
9555,The Colony,tt6506264
9556,Forbidden World,tt0083959
9557,Saturn 3,tt0079285
9558,Star Trek: Generations,tt0111280
9559,On the Silver Globe,tt0093593
9560,Mac and Me,tt0095560
9561,Europa Report,tt2051879
9562,Star Trek: Insurrection,tt0120844
9563,Star Trek V: The Final Frontier,tt0098382
9564,Species II,tt0120841
9565,SpaceCamp,tt0091993
9566,The Adventures of Pluto Nash,tt0180052
9567,Battlestar Galactica,tt0077215
9568,Wing Commander,tt0131646
9569,The Astronaut's Wife,tt0138304
9570,Thunderpants,tt0283054
9571,Project 'Gemini',tt5656994
9572,Space Battleship Yamato,tt1477109
9573,Unbelievable!!!!!,tt2180583
9574,The Astronaut Farmer,tt0469263
9575,3022,tt9465600
9576,Wings of Honneamise,tt0093207
9577,400 Days,tt3774790
9578,Jetsons: The Movie,tt0099878
9579,Moontrap,tt0097911
9580,Beyond the Stars,tt0096921
9581,Dracula 3000,tt0367677
9582,Space Raiders,tt0086345
9583,Unidentified Flying Oddball,tt0080062
9584,Capture the Flag,tt3896100
9585,Galaxy Express 999,tt0080772
9586,Approaching the Unknown,tt2674430
9587,Stranded,tt0283015
9588,Stranded,tt1157720
9589,Stranded,tt1372689
9590,Stranded,tt2268573
9591,Space Warriors,tt2328745
9592,Simon,tt0081518
9593,Simon,tt0393775
9594,Simon,tt13580840
9595,Mutant Aliens,tt0277909
9596,Legend of the Galactic Heroes: My Conquest is the Sea of Stars,tt0095512
9597,Aurora,tt1403047
9598,Aurora,tt8553606
9599,Ares,tt4216902
9600,Helios,tt3614922
9601,Zorro,tt0072448
9602,"China 9, Liberty 37",tt0077327
9603,Chino,tt0069833
9604,"A Reason to Live, a Reason to Die",tt0069159
9605,Keoma,tt0074740
9606,Lucky Luke,tt0102351
9607,Lucky Luke,tt1235536
9608,Catlow,tt0066900
9609,Compañeros,tt0066612
9610,The Deadly Trackers,tt0069951
9611,Captain Apache,tt0066886
9612,Blindman,tt0066844
9613,Take a Hard Ride,tt0073784
9614,The Stranger and the Gunfighter,tt0071784
9615,A Man Called Sledge,tt0066050
9616,Martyrs,tt1029234
9617,Martyrs,tt1663655
9618,I Spit on Your Grave,tt0077713
9619,I Spit on Your Grave,tt1242432
9620,Saw,tt0387564
9621,Final Destination 2,tt0309593
9622,The Final Destination,tt1144884
9623,House of 1000 Corpses,tt0251736
9624,The Sadness,tt13872248
9625,Audition,tt0235198
9626,Audition,tt0460401
9627,Evil Dead,tt1288558
9628,Green Room,tt4062536
9629,Hostel: Part II,tt0498353
9630,The Devil's Rejects,tt0395584
9631,Saw II,tt0432348
9632,The Loved Ones,tt1316536
9633,Frontier(s),tt0814685
9634,The Woman,tt1714208
9635,Pumpkinhead,tt0095925
9636,Saw III,tt0489270
9637,Saw IV,tt0890870
9638,Saw VI,tt1233227
9639,Saw V,tt1132626
9640,Offspring,tt1262413
9641,Vile,tt1711018
9642,Murder-Set-Pieces,tt0422779
9643,All My Friends Are Dead,tt13723064
9644,Dead & Breakfast,tt0350774
9645,Faces of Death IV,tt0121262
9646,Naked Blood,tt0217679
9647,Sutures,tt1209361
9648,Chain Reaction,tt0115857
9649,Black Bag,tt30988739
9650,Back in Action,tt21191806
9651,Argylle,tt15009428
9652,Charlie's Angels,tt0160127
9653,Charlie's Angels,tt5033998
9654,Mission: Impossible,tt0117060
9655,GoldenEye,tt0113189
9656,Die Another Day,tt0246460
9657,Tinker Tailor Soldier Spy,tt1340800
9658,Live and Let Die,tt0070328
9659,The World Is Not Enough,tt0143145
9660,Operation Fortune: Ruse de Guerre,tt7985704
9661,Quantum of Solace,tt0830515
9662,Charlie's Angels: Full Throttle,tt0305357
9663,Canary Black,tt20048582
9664,Spy Kids,tt0227538
9665,Diamonds Are Forever,tt0066995
9666,Licence to Kill,tt0097742
9667,The Bourne Ultimatum,tt0440963
9668,Tomorrow Never Dies,tt0120347
9669,A View to a Kill,tt0090264
9670,Mile 22,tt4560436
9671,The Spy Who Loved Me,tt0076752
9672,For Your Eyes Only,tt0082398
9673,The Man with the Golden Gun,tt0071807
9674,La Femme Nikita,tt0100263
9675,Spy Game,tt0266987
9676,A Most Wanted Man,tt1972571
9677,The International,tt0893507
9678,The International,tt0963178
9679,The Recruit,tt0292506
9680,Point of No Return,tt0107843
9681,The November Man,tt2402157
9682,The Debt,tt0225535
9683,The Debt,tt0990427
9684,The Debt,tt1226753
9685,All the Old Knives,tt3706352
9686,Stormbreaker,tt0457495
9687,Scorpio,tt0070653
9688,The Tailor of Panama,tt0236784
9689,Spy x Family Code: White,tt26684398
9690,Bad Company,tt0068245
9691,Bad Company,tt0112443
9692,Bad Company,tt0280486
9693,Red Joan,tt7615302
9694,Heart of the Hunter,tt28943278
9695,Good Guys Wear Black,tt0079227
9696,Khufiya,tt15433600
9697,Arabesque,tt0263065
9698,The Sea Wolves,tt0081470
9699,The Jigsaw Man,tt0085755
9700,Blackbird,tt2077721
9701,Blackbird,tt3181920
9702,Blackbird,tt8717446
9703,Enigma,tt0083891
9704,Enigma,tt0157583
9705,The Looking Glass War,tt0066001
9706,The Berlin File,tt2357377
9707,Betrayed,tt0094731
9708,Betrayed,tt11390442
9709,Betrayed,tt7014430
9710,Code Name: Emerald,tt0088934
9711,Dropa,tt1822395
9712,The League of Extraordinary Gentlemen,tt0311429
9713,The Rocketeer,tt0102803
9714,Hellboy II: The Golden Army,tt0411477
9715,Victor Frankenstein,tt1976009
9716,Time After Time,tt0080025
9717,Mutant Chronicles,tt0490181
9718,Gor,tt0095241
9719,At the Earth's Core,tt0074157
9720,Biggles: Adventures in Time,tt0090729
9721,Perfect Creature,tt0403407
9722,Love,tt0067814
9723,Love,tt0392360
9724,Love,tt12573294
9725,Love,tt1541874
9726,Love,tt2202471
9727,Love,tt3774694
9728,365 Days,tt10886166
9729,The Dreamers,tt0309987
9730,The Reader,tt0095511
9731,The Reader,tt0976051
9732,After,tt1799508
9733,After,tt4126476
9734,Closer,tt0376541
9735,Last Tango in Paris,tt0070849
9736,Fifty Shades Freed,tt4477536
9737,Vicky Cristina Barcelona,tt0497465
9738,After We Collided,tt10362466
9739,Adore,tt2103267
9740,Fifty Shades Darker,tt4465564
9741,The Next 365 Days,tt21106646
9742,9½ Weeks,tt0091635
9743,365 Days: This Day,tt12996154
9744,Stealing Beauty,tt0117737
9745,Two Moon Junction,tt0096324
9746,Rust and Bone,tt2053425
9747,Perfect Sense,tt1439572
9748,Like Crazy,tt1758692
9749,Like Crazy,tt4621872
9750,Wild Orchid,tt0100934
9751,Capriccio,tt0092720
9752,Talk to Her,tt0287467
9753,Emmanuelle,tt0071464
9754,Emmanuelle,tt20247888
9755,American Gigolo,tt0080365
9756,Newness,tt6408226
9757,"Paris, 13th District",tt12708658
9758,Another 9½ Weeks,tt0119576
9759,The End of the Affair,tt0172396
9760,Betty Blue,tt0090563
9761,London,tt0449061
9762,Art of Love,tt28355490
9763,Nuovo Olimpo,tt18394610
9764,By the Sea,tt3707106
9765,The Libertine,tt0214878
9766,The Libertine,tt0375920
9767,Emmanuelle IV,tt0085486
9768,Mo' Better Blues,tt0100168
9769,Miranda,tt0089598
9770,Miranda,tt0280949
9771,Emmanuelle II,tt0072933
9772,"Eleven Days, Eleven Nights",tt0091002
9773,Emmanuelle 3,tt0077497
9774,Wild Orchid II: Two Shades of Blue,tt0105819
9775,Femalien,tt0116294
9776,Eros,tt0343663
9777,Monsoon,tt8090564
9778,Once Again,tt4232066
9779,Grandma's Boy,tt0456554
9780,Pineapple Express,tt0910936
9781,Next Friday,tt0195945
9782,Good Mourning,tt15331186
9783,The Beach Bum,tt6511932
9784,Smiley Face,tt0780608
9785,Strange Wilderness,tt0489282
9786,Dude,tt3458510
9787,Cheech and Chong's Next Movie,tt0080520
9788,Leaves of Grass,tt1151359
9789,Remember the Daze,tt0790618
9790,Anuvahood,tt1658797
9791,Bongwater,tt0125678
9792,Lommbock,tt5075584
9793,Still Smokin,tt0086366
9794,Things Are Tough All Over,tt0084788
9795,"Puff, Puff, Pass",tt0466771
9796,Paulette,tt2215395
9797,Spider-Man: No Way Home,tt10872600
9798,Spider-Man,tt0145487
9799,Eternals,tt9032400
9800,Black Panther,tt1825683
9801,Captain America: Civil War,tt3498820
9802,Power Rangers,tt3717490
9803,Thor: Love and Thunder,tt10648342
9804,X-Men,tt0120903
9805,Spider-Man: Homecoming,tt2250912
9806,Thor: Ragnarok,tt3501632
9807,Thor,tt0800369
9808,Fantastic Four,tt0120667
9809,Fantastic Four,tt1502712
9810,Iron Man 3,tt1300854
9811,Black Panther: Wakanda Forever,tt9114286
9812,Spider-Man 2,tt0316654
9813,Spider-Man 3,tt0413300
9814,Morbius,tt5108870
9815,The Amazing Spider-Man,tt0948470
9816,The Flash,tt0439572
9817,Batman v Superman: Dawn of Justice,tt2975590
9818,X-Men: First Class,tt1270798
9819,Wonder Woman,tt0451279
9820,X-Men: Apocalypse,tt3385516
9821,The Marvels,tt10676048
9822,Doctor Strange,tt1211837
9823,Ant-Man and the Wasp: Quantumania,tt10954600
9824,Black Adam,tt6443346
9825,Batman & Robin,tt0118688
9826,Blue Beetle,tt9362930
9827,Van Helsing,tt0338526
9828,Spider-Man: Far from Home,tt6320628
9829,X-Men: Days of Future Past,tt1877832
9830,The Amazing Spider-Man 2,tt1872181
9831,Justice League,tt0974015
9832,Ant-Man,tt0478970
9833,Batman Forever,tt0112462
9834,X-Men Origins: Wolverine,tt0458525
9835,The New Mutants,tt4682266
9836,Fantastic Four: Rise of the Silver Surfer,tt0486576
9837,X2: X-Men United,tt0290334
9838,Green Lantern,tt1133985
9839,Watchmen: Chapter I,tt32627540
9840,Shazam! Fury of the Gods,tt10151854
9841,X-Men: The Last Stand,tt0376994
9842,Hancock,tt0448157
9843,Shazam!,tt0448115
9844,Teenage Mutant Ninja Turtles: Out of the Shadows,tt3949660
9845,Superman Returns,tt0348150
9846,The Mask of Zorro,tt0120746
9847,The Wraith,tt0092240
9848,Blade: Trinity,tt0359013
9849,Catwoman,tt0327554
9850,X-Men: Dark Phoenix,tt6565702
9851,Ant-Man and the Wasp,tt5095030
9852,Spawn,tt0120177
9853,Kick-Ass 2,tt1650554
9854,Mighty Morphin Power Rangers,tt0113820
9855,Samaritan,tt5500218
9856,Punisher: War Zone,tt0450314
9857,The Adventures of Sharkboy and Lavagirl 3-D,tt0424774
9858,Dragonball Evolution,tt1098327
9859,Supergirl,tt0088206
9860,Solomon Kane,tt0970452
9861,Teenage Mutant Ninja Turtles II: The Secret of the Ooze,tt0103060
9862,The Legend of Zorro,tt0386140
9863,Code 8,tt6259380
9864,Push,tt0465580
9865,Barb Wire,tt0115624
9866,Timecop,tt0111438
9867,Ghost Rider: Spirit of Vengeance,tt1071875
9868,My Hero Academia: You're Next,tt32176689
9869,The Darkest Minds,tt4073790
9870,Bloodshot,tt1634106
9871,The Spirit,tt0831887
9872,Red Sonja,tt0089893
9873,The Scribbler,tt2396721
9874,The Shadow,tt0111143
9875,Captain America,tt0103923
9876,The Green Hornet,tt0990407
9877,Justice League: Crisis on Infinite Earths - Part One,tt29195117
9878,The Fantastic Four,tt0109770
9879,Dragon Ball Super: Broly,tt7961060
9880,Jonah Hex,tt1075747
9881,Underdog,tt0467110
9882,Turbo: A Power Rangers Movie,tt0120389
9883,Moonwalker,tt0095655
9884,Zoom,tt0383060
9885,Zoom,tt3763866
9886,Batman: Mask of the Phantasm,tt0106364
9887,Steel,tt0120207
9888,Steel,tt3588082
9889,Max Steel,tt1472584
9890,Injustice,tt5012504
9891,Secret Headquarters,tt14001894
9892,Justice League: Warworld,tt27687527
9893,My Hero Academia: World Heroes' Mission,tt13544716
9894,Justice League: Crisis on Infinite Earths - Part Two,tt30150907
9895,The Return of Swamp Thing,tt0098193
9896,Warriors of Virtue,tt0120479
9897,The Powerpuff Girls Movie,tt0289408
9898,Man-Thing,tt0290747
9899,The Legend of the Lone Ranger,tt0082648
9900,Son of Batman,tt3139072
9901,Constantine: City of Demons - The Movie,tt9177882
9902,Batman: Gotham by Gaslight,tt7167630
9903,Lazer Team,tt3864024
9904,My Hero Academia: Heroes Rising,tt11107074
9905,Batman and Harley Quinn,tt6556890
9906,My Hero Academia: Two Heroes,tt7745068
9907,Electra,tt0112942
9908,Legion of Super-Heroes,tt22769820
9909,"Batman: The Long Halloween, Part Two",tt14402926
9910,The Heroic Trio,tt0105619
9911,Batman: The Long Halloween,tt21445686
9912,Wonder Woman: Bloodlines,tt8752498
9913,Reign of the Supermen,tt7167686
9914,iBoy,tt3171832
9915,Guyver: Dark Hero,tt0109965
9916,Batman: Return of the Caped Crusaders,tt5973626
9917,The Hyperions,tt7520568
9918,Justice Society: World War II,tt13804084
9919,Justice League vs the Fatal Five,tt8752474
9920,Freaks: You're One of Us,tt12875782
9921,Batman: Soul of the Dragon,tt12885852
9922,Catwoman: Hunted,tt15248702
9923,How I Became a Super Hero,tt10345590
9924,He-Man and She-Ra: The Secret of the Sword,tt0089984
9925,El Chicano,tt7374952
9926,Minnal Murali,tt7268738
9927,Twice Upon a Time,tt0086489
9928,Psychokinesis,tt6890582
9929,Silver Hawk,tt0357894
9930,Heroic Trio 2: Executioners,tt0108606
9931,Iceman,tt0087452
9932,Iceman,tt2557256
9933,Iceman,tt5907748
9934,Bloody Mallory,tt0299556
9935,Unknown Origins,tt5827790
9936,Sri Asih,tt10994712
9937,The Demolitionist,tt0112843
9938,Forest Warrior,tt0116341
9939,BraveStarr: The Legend,tt0353261
9940,Major Grom: Plague Doctor,tt7601480
9941,Sailor Moon SuperS: The Movie: Black Dream Hole,tt0112513
9942,Todd McFarlane's Spawn 2,tt4641828
9943,Black Mask 2: City of Masks,tt0264429
9944,Sailor Moon S: The Movie - Hearts in Ice,tt0109277
9945,Phantom Boy,tt1856057
9946,Infra-Man,tt0073168
9947,All Superheroes Must Die,tt1836212
9948,Sailor Moon Eternal,tt10635042
9949,Hulk: Where Monsters Dwell,tt6173902
9950,Sailor Moon R: The Movie: The Promise of the Rose,tt0106417
9951,Milarepa,tt0499238
9952,Ashiap Man,tt11900398
9953,Past Midnight,tt0105108
9954,Yara,tt15655276
9955,Eternal,tt0382019
9956,Prodigy,tt5017936
9957,Demon City,tt35111035
9958,Wonka,tt6166392
9959,Ghostbusters: Frozen Empire,tt21235248
9960,Practical Magic,tt0120791
9961,Fantastic Beasts and Where to Find Them,tt3183660
9962,Night at the Museum,tt0477347
9963,Ghostbusters: Afterlife,tt4513678
9964,Ghostbusters II,tt0097428
9965,The Craft,tt0115963
9966,The Twilight Saga: Eclipse,tt1325004
9967,Little Nicky,tt0185431
9968,The Twilight Saga: New Moon,tt1259571
9969,Casper,tt0112642
9970,The School for Good and Evil,tt2935622
9971,Mary Poppins Returns,tt5028340
9972,Nanny McPhee,tt0396752
9973,Teen Wolf,tt0090142
9974,Haunted Mansion,tt1695843
9975,The Craft: Legacy,tt4685762
9976,Season of the Witch,tt0069239
9977,Season of the Witch,tt0479997
9978,The Indian in the Cupboard,tt0113419
9979,Hocus Pocus 2,tt11909878
9980,The Haunted Mansion,tt0338094
9981,Carousel,tt24017902
9982,Peter Rabbit 2: The Runaway,tt8376234
9983,Thomas and the Magic Railroad,tt0205461
9984,Cat People,tt0083722
9985,Outcast,tt1396219
9986,Outcast,tt1552224
9987,Lu Over the Wall,tt6452332
9988,The Watchers,tt26736843
9989,Oddity,tt26470109
9990,The Black Phone,tt7144666
9991,Five Nights at Freddy's,tt4589218
9992,The Conjuring,tt1457767
9993,Possession,tt0082933
9994,Possession,tt0256276
9995,Possession,tt0368563
9996,Talk to Me,tt0796368
9997,Talk to Me,tt10638522
9998,The Lost Boys,tt0093437
9999,The Lost Boys,tt16148552
10000,Sinister,tt1922777
10001,It Follows,tt3235888
10002,The First Omen,tt5672290
10003,Final Destination 3,tt0414982
10004,Last Night in Soho,tt9639470
10005,Nosferatu the Vampyre,tt0079641
10006,Insidious,tt1591095
10007,Salem's Lot,tt10245072
10008,You Should Have Left,tt8201852
10009,Bird Box,tt2737304
10010,Final Destination 5,tt1622979
10011,The Pope's Exorcist,tt13375076
10012,The Conjuring 2,tt3065204
10013,Poltergeist,tt0084516
10014,Poltergeist,tt1029360
10015,The Nun,tt0371853
10016,The Nun,tt2215221
10017,The Nun,tt5814060
10018,Legion,tt1038686
10019,The Empty Man,tt5867314
10020,Ghost Ship,tt0288477
10021,The Boogeyman,tt3427252
10022,Thir13en Ghosts,tt0245674
10023,1408,tt0450385
10024,Christine,tt0085333
10025,Christine,tt4666726
10026,The Nun II,tt10160976
10027,The Night House,tt9731534
10028,Oculus,tt2388715
10029,In the Mouth of Madness,tt0113409
10030,The Exorcism of Emily Rose,tt0404032
10031,Lights Out,tt16368898
10032,Lights Out,tt1646127
10033,Lights Out,tt4786282
10034,The Hunger,tt0085701
10035,The Amityville Horror,tt0078767
10036,The Amityville Horror,tt0384806
10037,Mama,tt2023587
10038,Annabelle: Creation,tt5140878
10039,Drag Me to Hell,tt1127180
10040,The Skeleton Key,tt0397101
10041,The Grudge,tt0391198
10042,The Grudge,tt3612126
10043,The Boy,tt2443822
10044,The Boy,tt3882082
10045,Fright Night,tt0089175
10046,Fright Night,tt1438176
10047,Resident Evil: The Final Chapter,tt2592614
10048,Fantasy Island,tt0983946
10049,Night Swim,tt9682428
10050,The Orphanage,tt0464141
10051,House on Haunted Hill,tt0185371
10052,Annabelle Comes Home,tt8350360
10053,Insidious: The Red Door,tt13405778
10054,The Exorcism,tt11240348
10055,Things Heard & Seen,tt10962368
10056,Stigmata,tt0145531
10057,Devil,tt1314655
10058,Devil,tt14989988
10059,Devil,tt24689612
10060,Insidious: Chapter 2,tt2226417
10061,Slender Man,tt5690360
10062,The Haunting,tt0171363
10063,The Haunting,tt0829251
10064,Stir of Echoes,tt0164181
10065,Case 39,tt0795351
10066,Insidious: Chapter 3,tt3195644
10067,Dark Water,tt0308379
10068,Dark Water,tt0382628
10069,Mirrors,tt0790686
10070,Cursed,tt0257516
10071,The Mothman Prophecies,tt0265349
10072,Troll 2,tt0105643
10073,The Possession,tt0431021
10074,The Possession of Hannah Grace,tt5734576
10075,Blood Red Sky,tt6402468
10076,Night Teeth,tt10763820
10077,Insidious: The Last Key,tt5726086
10078,Last Shift,tt2965466
10079,The Devil Conspiracy,tt9663168
10080,Ghosts of War,tt6508228
10081,Mr. Harrigan's Phone,tt12908110
10082,Phantasm,tt0079714
10083,The Gate,tt0093075
10084,His House,tt8508734
10085,The Ring Two,tt0377109
10086,The Crucifixion,tt4181782
10087,The Unholy,tt0096340
10088,The Unholy,tt9419056
10089,Shutter,tt0440803
10090,Shutter,tt0482599
10091,Shutter,tt2522328
10092,Before I Wake,tt3174376
10093,You Won't Be Alone,tt8296030
10094,Ju-on: The Grudge,tt0364385
10095,The Unborn,tt0103157
10096,The Unborn,tt1139668
10097,The Awakening,tt0080402
10098,The Awakening,tt1687901
10099,The Haunting in Connecticut,tt0492044
10100,Leprechaun: Origins,tt2345613
10101,We Have a Ghost,tt7798604
10102,Rings,tt0498381
10103,Winchester,tt1072748
10104,Veronica,tt3183402
10105,Veronica,tt5862312
10106,The Innocents,tt4028464
10107,The Innocents,tt4370784
10108,Troll,tt0092115
10109,Troll,tt11116912
10110,Velvet Buzzsaw,tt7043012
10111,Don't Be Afraid of the Dark,tt1270761
10112,To the Devil a Daughter,tt0075334
10113,Mr. Crocket,tt32916093
10114,Sister Death,tt19175696
10115,Burnt Offerings,tt0074258
10116,House of Darkness,tt18224610
10117,Warlock,tt0098622
10118,Campfire Tales,tt0115813
10119,Book of Shadows: Blair Witch 2,tt0229260
10120,Something in the Dirt,tt14895716
10121,The Rite,tt1161864
10122,Wendell & Wild,tt5181830
10123,Exorcist II: The Heretic,tt0076009
10124,Boo! A Madea Halloween,tt5325452
10125,The Grudge 2,tt0433386
10126,6 Souls,tt1179069
10127,[REC] 4: Apocalypse,tt1649443
10128,The Innkeepers,tt1594562
10129,Demon Wind,tt0099401
10130,One Missed Call,tt0366292
10131,One Missed Call,tt0479968
10132,Nomads,tt0091647
10133,Bed Rest,tt4896168
10134,Amityville: The Awakening,tt1935897
10135,The Messengers,tt0425430
10136,The Offering,tt13103732
10137,It Lives Inside,tt15683734
10138,In the Earth,tt13429362
10139,Baba Yaga,tt0069753
10140,An American Haunting,tt0429573
10141,The Guardian,tt0099710
10142,The Guardian,tt0406816
10143,The Guardian,tt7146054
10144,Jessabelle,tt2300975
10145,Titanic 666,tt18394428
10146,Soul Survivors,tt0218619
10147,The Exorcism of God,tt10362566
10148,Prison,tt0095904
10149,Nanny,tt10931784
10150,Venus,tt0489327
10151,Venus,tt15676664
10152,Boogeyman,tt0357507
10153,Amityville 3-D,tt0085159
10154,Demonic,tt13392012
10155,Demonic,tt1841642
10156,Dead of Night,tt0068457
10157,The Ghoul,tt0073042
10158,The Ghoul,tt3613314
10159,Pumpkinhead II: Blood Wings,tt0110913
10160,Dead Birds,tt0377749
10161,The Haunting in Connecticut 2: Ghosts of Georgia,tt1457765
10162,Mother of Tears,tt0804507
10163,The Mephisto Waltz,tt0067419
10164,The Darkness,tt1878841
10165,Spell,tt10736580
10166,Bless the Child,tt0163983
10167,Nightmare Cinema,tt7349910
10168,Forget Me Not,tt1147684
10169,Forget Me Not,tt1431065
10170,The Manitou,tt0077904
10171,Mine Games,tt1928337
10172,Intruders,tt1634121
10173,Intruders,tt4009278
10174,Blood from the Mummy's Tomb,tt0068290
10175,Matriarch,tt17202326
10176,Matriarch,tt6301452
10177,Devil's Workshop,tt12444934
10178,Darkness,tt0273517
10179,Mary,tt0425236
10180,Mary,tt32084246
10181,Mary,tt5834854
10182,Spirit Halloween,tt11426228
10183,House of Dark Shadows,tt0065856
10184,The Eye,tt0325655
10185,The Eye,tt0406759
10186,The Vatican Tapes,tt1524575
10187,The Hazing,tt0366555
10188,Trapped Ashes,tt0478303
10189,The Atticus Institute,tt3280916
10190,The Last Exorcism Part II,tt2034139
10191,The Sect,tt0100581
10192,Incarnate,tt3216348
10193,The Vigil,tt10793644
10194,Spellbinder,tt0096152
10195,Deer Camp '86,tt22184520
10196,The Legend of La Llorona,tt7267498
10197,Gate 2: The Trespassers,tt0099636
10198,Dream Demon,tt0095063
10199,Lost Souls,tt0160484
10200,They,tt0283632
10201,Solstice,tt0473267
10202,Row 19,tt12036270
10203,The Outing,tt0091707
10204,Manhattan Baby,tt0084298
10205,Raaz 3,tt2140315
10206,Dreamkatcher,tt10553210
10207,Witchtrap,tt0098662
10208,The Return,tt0263283
10209,The Return,tt0376968
10210,The Return,tt0433442
10211,The Return,tt19861162
10212,The Ghost Galleon,tt0071256
10213,From a Whisper to a Scream,tt0091671
10214,Lovely Molly,tt1707392
10215,Headless Horseman,tt1046930
10216,Baron Blood,tt0069048
10217,Stephanie,tt3829378
10218,Bedeviled,tt4998772
10219,Amulet,tt8332802
10220,In a Dark Place,tt0460435
10221,Abattoir,tt1480285
10222,The Vampire Doll,tt0066600
10223,Long Time Dead,tt0251806
10224,Summoning Sylvia,tt14443888
10225,Island of the Dead,tt0157836
10226,Nothing Left to Fear,tt1662293
10227,Sublime,tt14927880
10228,Inkubus,tt1650537
10229,Devil's Prey,tt0245866
10230,The Harbinger,tt13610158
10231,The Harbinger,tt7440124
10232,Apartment 1303 3D,tt1540767
10233,The Roost,tt0387549
10234,The Influence,tt4008566
10235,A Resurrection,tt1817276
10236,Left for Dead,tt0918645
10237,Mayday,tt11271800
10238,Mayday,tt6977470
10239,Clown Motel: Spirits Arise,tt6255230
10240,Halloween Party,tt6250650
10241,White: The Melody of the Curse,tt1984177
10242,Zombie Nation,tt0463392
10243,Isabelle,tt6098380
10244,The Locals,tt0387357
10245,Knucklebones,tt3204254
10246,Killer Pad,tt0787485
10247,Darker Than Night,tt0223777
10248,Darker Than Night,tt3450116
10249,Fading of the Cries,tt1262406
10250,Fear(s) of the Dark,tt0792986
10251,Asylum of Fear,tt3289080
10252,Spirit Trap,tt0419160
10253,The Ferryman,tt0808265
10254,Realms,tt1934452
10255,Cassadaga,tt1747967
10256,Neron,tt2268018
10257,The Inhabitants,tt3919598
10258,The Speak,tt1656197
10259,Triangle,tt0846017
10260,Triangle,tt1187064
10261,Fall,tt0119098
10262,Fall,tt15325794
10263,Cast Away,tt0162222
10264,Apollo 13,tt0112384
10265,Lord of the Flies,tt0100054
10266,47 Meters Down,tt2932536
10267,The Edge,tt0119051
10268,The Edge,tt1706414
10269,The Grey,tt1601913
10270,Something in the Water,tt22863968
10271,Arctic,tt6820256
10272,The Mountain Between Us,tt2226597
10273,Eight Below,tt0397313
10274,The Adventures of Milo and Otis,tt0097050
10275,Land,tt10265034
10276,Backcountry,tt2944198
10277,Shipwrecked,tt0099816
10278,Far from Home: The Adventures of Yellow Dog,tt0113028
10279,Man in the Wilderness,tt0067388
10280,The Last Flight of Noah's Ark,tt0081031
10281,Figures in a Landscape,tt0065720
10282,Hex,tt6143782
10283,Crusoe,tt0094923
10284,Gantz,tt1525835
10285,Mississippi Burning,tt0095647
10286,Incendies,tt1255953
10287,Vivarium,tt8368406
10288,The Killing of a Sacred Deer,tt5715874
10289,The Maze Runner,tt1790864
10290,Bad Times at the El Royale,tt6628394
10291,The Conjuring: The Devil Made Me Do It,tt7069210
10292,Murder on the Orient Express,tt0071877
10293,Murder on the Orient Express,tt3402236
10294,The Blackcoat's Daughter,tt3286052
10295,1922,tt6214928
10296,A Tale of Two Sisters,tt0365376
10297,Frantic,tt0095174
10298,The Mirror Crack'd,tt0081163
10299,Gone in the Night,tt15426294
10300,Eyes of Laura Mars,tt0077530
10301,Twixt,tt1756851
10302,Hunter Hunter,tt2226162
10303,And Soon the Darkness,tt0065398
10304,And Soon the Darkness,tt1391034
10305,The Lost Leonardo,tt11225756
10306,The Caller,tt0097007
10307,The Caller,tt1049956
10308,The Caller,tt1525890
10309,Cold Heaven,tt0103982
10310,Mr. Six,tt4701702
10311,Robin Hood: Prince of Thieves,tt0102798
10312,The Three Musketeers,tt0072281
10313,The Three Musketeers,tt0108333
10314,The Three Musketeers,tt15049210
10315,The Three Musketeers,tt1509767
10316,The Golden Voyage of Sinbad,tt0071569
10317,The Wicked Lady,tt0086582
10318,The Pirate Movie,tt0084504
10319,Sinbad and the Eye of the Tiger,tt0076716
10320,The Musketeer,tt0246544
10321,Sword of the Valiant,tt0084750
10322,The Return of the Musketeers,tt0098194
10323,Nate and Hayes,tt0085994
10324,Pippi in the South Seas,tt0066227
10325,God Loves Caviar,tt2181959
10326,The Pirates Who Don't Do Anything,tt0475998
10327,Revenge of the Musketeers,tt0109798
10328,Pirates of Treasure Island,tt0811011
10329,Treasure Island. Captain Flint's Map,tt0122227
10330,Ayirathil Oruvan,tt1512888
10331,The Highwayman,tt17686944
10332,The Swordsman,tt7035004
10333,DragonHeart,tt0116136
10334,Outlander,tt0462465
10335,Wrath of the Titans,tt1646987
10336,Centurion,tt1020558
10337,The Legend of Hercules,tt1043726
10338,Boudica: Queen of War,tt22688572
10339,The Eagle,tt1034389
10340,The Barbarians,tt0092615
10341,Harry Potter and the Goblet of Fire,tt0330373
10342,Harry Potter and the Prisoner of Azkaban,tt0304141
10343,Harry Potter and the Chamber of Secrets,tt0295297
10344,Fantastic Beasts: The Crimes of Grindelwald,tt4123430
10345,The Secret of Moonacre,tt0396707
10346,The Beastmaster,tt0083630
10347,Deathstalker II: Duel of the Titans,tt0092860
10348,The Perils of Gwendoline in the Land of the Yik Yak,tt0087903
10349,Kull the Conqueror,tt0119484
10350,Hawk the Slayer,tt0080846
10351,Erik the Viking,tt0097289
10352,The Dungeonmaster,tt0089060
10353,The Warrior and the Sorceress,tt0088379
10354,The Adventures of Hercules,tt0089271
10355,Jack the Giant Killer,tt2552498
10356,Yor: The Hunter from the Future,tt0084935
10357,Deathstalker IV: Match of Titans,tt0099388
10358,Deathstalker and the Warriors from Hell,tt0097174
10359,Ator: The Fighting Eagle,tt0085183
10360,The Blade Master,tt0086972
10361,Iron Warrior,tt0093276
10362,The Seven Deadly Sins: Cursed by Light,tt13884144
10363,Harry Potter and the Order of the Phoenix,tt0373889
10364,The Mortal Instruments: City of Bones,tt1538403
10365,Percy Jackson: Sea of Monsters,tt1854564
10366,Young Sherlock Holmes,tt0090357
10367,Jem and the Holograms,tt3614530
10368,Lovewrecked,tt0409011
10369,See You Yesterday,tt8743064
10370,Ice Princess,tt0396652
10371,Pitch Perfect,tt1981677
10372,Fast Times at Ridgemont High,tt0083929
10373,Bring It On,tt0204946
10374,The Mighty Ducks,tt0104868
10375,Project X,tt0093793
10376,Project X,tt1636826
10377,Just One of the Guys,tt0089393
10378,Aquamarine,tt0429591
10379,The Kissing Booth,tt3799232
10380,Real Genius,tt0089886
10381,Mystic Pizza,tt0095690
10382,The Lizzie McGuire Movie,tt0306841
10383,The House Bunny,tt0852713
10384,The DUFF,tt1666801
10385,Detroit Rock City,tt0165710
10386,Submarine,tt1440292
10387,Accepted,tt0384793
10388,The Sure Thing,tt0090103
10389,Snow Day,tt0184907
10390,Pitch Perfect 3,tt4765284
10391,The 4:30 Movie,tt28658276
10392,License to Drive,tt0095519
10393,Orange County,tt0273923
10394,Confessions of a Teenage Drama Queen,tt0361467
10395,Pump Up the Volume,tt0100436
10396,ATL,tt0466856
10397,Crush,tt0245407
10398,Crush,tt1170350
10399,Crush,tt15096128
10400,Crush,tt2093977
10401,Bratz,tt0804452
10402,Soul Man,tt0091991
10403,The Perfect Score,tt0314498
10404,To All the Boys: Always and Forever,tt10676012
10405,The Kissing Booth 3,tt12783454
10406,National Lampoon's Senior Trip,tt0113936
10407,Honor Society,tt16491324
10408,The Last Summer,tt7957694
10409,Drillbit Taylor,tt0817538
10410,Slaughterhouse Rulez,tt6905696
10411,Prom Pact,tt17321230
10412,Sorority Boys,tt0279781
10413,Love Don't Cost a Thing,tt0337592
10414,School Spirit,tt0089974
10415,The Flamingo Kid,tt0087265
10416,Angus,tt0112368
10417,My Best Friend Is a Vampire,tt0095684
10418,Under the Riccione Sun,tt10941528
10419,Dear Lemon Lima,tt1242423
10420,Virtual Sexuality,tt0164221
10421,Book of Love,tt0099166
10422,Book of Love,tt0376006
10423,Book of Love,tt14014068
10424,Book of Love,tt4960242
10425,Better Nate Than Ever,tt14696284
10426,1UP,tt13487922
10427,Mystery Date,tt0102500
10428,The Family Tree,tt1175713
10429,The Family Tree,tt8449154
10430,Adventures in Public School,tt3364264
10431,Rumspringa,tt19352286
10432,Die Wilden Kerle 3,tt0764283
10433,Seoul Searching,tt2566644
10434,The Twilight Saga: Breaking Dawn - Part 2,tt1673434
10435,A Walk to Remember,tt0281358
10436,Bully,tt0242193
10437,Bully,tt1682181
10438,Close,tt5316540
10439,Close,tt9660502
10440,That Thing You Do!,tt0117887
10441,The Tearsmith,tt29114029
10442,Palmer,tt6857376
10443,Some Kind of Wonderful,tt0094006
10444,After We Fell,tt13069986
10445,Endless Love,tt0082329
10446,Endless Love,tt2318092
10447,Cruel Intentions 2,tt0196267
10448,Cuties,tt9196192
10449,Cruel Intentions 3,tt0391891
10450,Along for the Ride,tt14506528
10451,"Grandview, U.S.A.",tt0087359
10452,Heartstone,tt4613254
10453,Royalteen,tt15022184
10454,Teenage Kicks,tt2375589
10455,Don't Make Me Go,tt2597804
10456,At First Light,tt5994166
10457,Fanfic,tt27612422
10458,Walking the Halls,tt2047910
10459,The Boy She Met Online,tt1536536
10460,Hunted,tt10011228
10461,Hunted,tt2256811
10462,Rainbow,tt14722598
10463,Rainbow,tt4088588
10464,On the Ice,tt1663660
10465,Chupa,tt14923260
10466,Teen Wolf Too,tt0094118
10467,Anastasia,tt0118617
10468,The Lost Medallion: The Adventures of Billy Stone,tt1390539
10469,Return to Nim's Island,tt2221648
10470,The Amazing Mr. Blunden,tt0068200
10471,Cuckoo,tt12349832
10472,MadS,tt28821371
10473,Disturbing Behavior,tt0134619
10474,Look Away,tt5834760
10475,Scary Stories to Tell in the Dark,tt3387520
10476,47 Meters Down: Uncaged,tt7329656
10477,Thesis,tt0117883
10478,The Rage: Carrie 2,tt0144814
10479,Deadly Friend,tt0090917
10480,Gutterballs,tt1087853
10481,Wind Chill,tt0486051
10482,My Best Friend's Exorcism,tt7830806
10483,Decoys,tt0357585
10484,Unhuman,tt17221298
10485,Evils of the Night,tt0089109
10486,Exeter,tt1945044
10487,Recovery,tt3685668
10488,The Source,tt1686067
10489,The Mine,tt0183459
10490,The Mine,tt1329404
10491,The Mine,tt4940780
10492,Axed,tt1582198
10493,Lost Things,tt0366726
10494,The Best of Me,tt1972779
10495,LOL,tt1592873
10496,Weathering with You,tt9426210
10497,Lost and Delirious,tt0245238
10498,Maladolescenza,tt0076749
10499,High School Musical 3: Senior Year,tt0962726
10500,My Girl 2,tt0110613
10501,Heaven Help Us,tt0089264
10502,"Everything, Everything",tt5001718
10503,Keith,tt0435679
10504,Shag,tt0098300
10505,Flirting,tt0101898
10506,Very Good Girls,tt1931602
10507,A Love Story,tt0065955
10508,Hiding Out,tt0093186
10509,Meatballs III: Summer Job,tt0093516
10510,Jeremy,tt0070238
10511,Lemon Popsicle,tt0079118
10512,Normal Adolescent Behavior,tt0790721
10513,She Gets What She Wants,tt0187512
10514,Girl Picture,tt13328800
10515,1 Night,tt4126694
10516,Zebrahead,tt0105885
10517,16-Love,tt1663673
10518,Colossal Youth,tt0460480
10519,Colossal Youth,tt3295734
10520,The Kiss,tt0095454
10521,Lovers,tt9800670
10522,Caddo Lake,tt15552142
10523,Tenet,tt6723592
10524,The Butterfly Effect,tt0289879
10525,Predestination,tt2397535
10526,Hot Tub Time Machine,tt1231587
10527,Source Code,tt0945513
10528,Next,tt0435705
10529,The Adam Project,tt2463208
10530,Primer,tt0390384
10531,Deja Vu,tt0453467
10532,Deja Vu,tt15097330
10533,Star Trek: First Contact,tt0117731
10534,Synchronic,tt9016974
10535,The Time Traveler's Wife,tt0452694
10536,Forever Young,tt0104291
10537,Forever Young,tt14976386
10538,Forever Young,tt2401825
10539,Timecrimes,tt0480669
10540,Timeline,tt0300556
10541,Project Almanac,tt2436386
10542,The Philadelphia Experiment,tt0087910
10543,Trancers,tt0090192
10544,Clockstoppers,tt0157472
10545,Aporia,tt8511466
10546,Enter Nowhere,tt1631707
10547,Beastmaster 2: Through the Portal of Time,tt0101412
10548,Time Changer,tt0295725
10549,Timerider: The Adventure of Lyle Swann,tt0086443
10550,Crusade in Jeans,tt0381111
10551,Maanaadu,tt4983780
10552,Idaho Transfer,tt0071647
10553,Tempest,tt0084776
10554,Strings,tt0374248
10555,Crash,tt0115964
10556,Crash,tt0375679
10557,The Lovely Bones,tt0380510
10558,One Day,tt1563738
10559,One Day,tt6168298
10560,One Day,tt8274146
10561,Remember Me,tt1403981
10562,Climax,tt14097376
10563,Climax,tt8359848
10564,The Grifters,tt0099703
10565,Freedom Writers,tt0463998
10566,Amores Perros,tt0245712
10567,The Hours,tt0274558
10568,Coriolanus,tt1372686
10569,Coriolanus,tt3313066
10570,Alpha Dog,tt0426883
10571,We Need to Talk About Kevin,tt1242460
10572,Marrowbone,tt5886440
10573,The Room,tt0368226
10574,The Room,tt8485364
10575,Sophie's Choice,tt0084707
10576,Jackie,tt1619029
10577,Jackie,tt1757772
10578,Jackie,tt2108546
10579,Sound of Metal,tt5363618
10580,What Dreams May Come,tt0120889
10581,Seven Pounds,tt0814314
10582,Rabbit Hole,tt0935075
10583,21 Grams,tt0315733
10584,State of Grace,tt0100685
10585,Elle,tt3716530
10586,In the Realm of the Senses,tt0074102
10587,Ida,tt2718492
10588,Another Earth,tt1549572
10589,Wake in Fright,tt0067541
10590,In the Bedroom,tt0247425
10591,Amour,tt1602620
10592,Once Were Warriors,tt0110729
10593,The Sweet Hereafter,tt0120255
10594,O,tt0184791
10595,House of Sand and Fog,tt0315983
10596,Spoiler Alert,tt7775720
10597,Treasure,tt22450920
10598,Treasure,tt9462944
10599,A Mouthful of Air,tt10925852
10600,The War Zone,tt0141974
10601,Belladonna of Sadness,tt0071203
10602,Infinite Storm,tt14060232
10603,Julius Caesar,tt0065922
10604,Our Friend,tt9608818
10605,Pixote,tt0082912
10606,In a Better World,tt1340107
10607,The Man from Snowy River,tt0084296
10608,Mona Lisa,tt0091538
10609,Lenny,tt0071746
10610,The Believer,tt0247199
10611,Autumn Sonata,tt0077711
10612,The Shadow in My Eye,tt9170516
10613,Blue Bayou,tt11121664
10614,The Starling,tt5164438
10615,Savage Streets,tt0088044
10616,Gleaming the Cube,tt0097438
10617,Across 110th Street,tt0068168
10618,Hoodlum,tt0119311
10619,The Shipping News,tt0120824
10620,Loveless,tt6304162
10621,7500,tt6436726
10622,Antitrust,tt0218817
10623,Mikey and Nicky,tt0074901
10624,Veronica Guerin,tt0312549
10625,"Two Days, One Night",tt2737050
10626,The Night Flier,tt0119784
10627,Pandora's Box,tt1285130
10628,Wendy and Lucy,tt1152850
10629,The Hindenburg,tt0073113
10630,The Great White Hope,tt0065797
10631,Patrick,tt0078067
10632,Patrick,tt7618604
10633,Camille,tt0462219
10634,Bobby Deerfield,tt0075774
10635,On a Wing and a Prayer,tt13929998
10636,F.I.S.T.,tt0077531
10637,Ju Dou,tt0099902
10638,Wake of Death,tt0367478
10639,Mad City,tt0119592
10640,The Iceman Cometh,tt0070212
10641,The Iceman Cometh,tt0097618
10642,Kaabil,tt5460276
10643,A Quiet Passion,tt2392830
10644,The Border,tt0083678
10645,Edward II,tt0101798
10646,Personal Effects,tt1138489
10647,Racer and the Jailbird,tt2586120
10648,The Honeymoon Killers,tt0064437
10649,The Butcher,tt0064106
10650,The Butcher,tt0478165
10651,Skins,tt0284494
10652,The Heart of Me,tt0301390
10653,Futuro Beach,tt2199543
10654,King Lear,tt0064553
10655,King Lear,tt0093349
10656,The Velocity of Gary,tt0120878
10657,Saturn in Opposition,tt0890885
10658,Donovan's Echo,tt1743922
10659,Dangerous Game,tt0106660
10660,Dangerous Game,tt5815858
10661,Applause,tt1314269
10662,Jupiter's Moon,tt5842890
10663,A Walk in the Spring Rain,tt0066542
10664,Invitation,tt1291182
10665,City of Angels,tt0120632
10666,Queen & Slim,tt8722346
10667,The Sleeping Dictionary,tt0242888
10668,All My Life,tt1334617
10669,All My Life,tt8305852
10670,Julieta,tt4326444
10671,We Don't Live Here Anymore,tt0361309
10672,The Last Manhunt,tt11399896
10673,Bounce,tt0186894
10674,Forever Lulu,tt0196723
10675,Miles Ahead,tt0790770
10676,The Woman Next Door,tt0082370
10677,Coming Home,tt0077362
10678,Coming Home,tt3125472
10679,Battle of the Brave,tt0386669
10680,After the Rain,tt0181960
10681,After the Rain,tt7637350
10682,Chicago,tt0299658
10683,Lord of War,tt0399295
10684,Badlands,tt0069762
10685,Skin,tt0964586
10686,Skin,tt1095427
10687,Skin,tt6043142
10688,Kill the Irishman,tt1416801
10689,21,tt0478087
10690,Lawless,tt1212450
10691,The Good Nurse,tt4273800
10692,Lilya 4-Ever,tt0300140
10693,Child 44,tt1014763
10694,Compliance,tt1971352
10695,Snowden,tt3774114
10696,Midnight in the Garden of Good and Evil,tt0119668
10697,Two for the Money,tt0417217
10698,Bandit,tt9853500
10699,Walking Tall,tt0070895
10700,Walking Tall,tt0351977
10701,Big Eyes,tt1126590
10702,Where the Truth Lies,tt0373450
10703,Deliver Us from Evil,tt0814075
10704,Deliver Us from Evil,tt1272012
10705,Deliver Us from Evil,tt12763920
10706,Deliver Us from Evil,tt2377322
10707,Fruitvale Station,tt2334649
10708,Get Rich or Die Tryin',tt0430308
10709,Paid in Full,tt0259484
10710,Lizzie,tt5160938
10711,Killer Elite,tt1448755
10712,Capone,tt0072761
10713,Capone,tt6199572
10714,All Good Things,tt1175709
10715,Wonderland,tt0171865
10716,Wonderland,tt0335563
10717,Wonderland,tt31254554
10718,Find Me Guilty,tt0419749
10719,In the Valley of Elah,tt0478134
10720,Abducted in Plain Sight,tt3444312
10721,Dance with a Stranger,tt0088987
10722,Rise of the Footsoldier,tt0901507
10723,American Pastoral,tt0376479
10724,What Jennifer Did,tt31747163
10725,True History of the Kelly Gang,tt4844140
10726,Lost Girls,tt3111426
10727,True Story,tt2273657
10728,I Love You Phillip Morris,tt1045772
10729,"Argentina, 1985",tt15301048
10730,The Onion Field,tt0079668
10731,Charlie Says,tt1759744
10732,The Whistleblower,tt0896872
10733,The Fifth Estate,tt1837703
10734,Gotti,tt1801552
10735,Girl in the Picture,tt21059520
10736,Empire State,tt2171867
10737,Machine Gun Preacher,tt1586752
10738,Kill the Messenger,tt1216491
10739,American Animals,tt6212478
10740,Bad Genius,tt17717416
10741,Bad Genius,tt6788942
10742,Regression,tt3319920
10743,The Falcon and the Snowman,tt0087231
10744,The Baader Meinhof Complex,tt0765432
10745,Conviction,tt1244754
10746,Conviction,tt7799386
10747,Lover Stalker Killer,tt30852970
10748,Sardar Udham,tt10280296
10749,The Tinder Swindler,tt14992922
10750,Normal Life,tt0117202
10751,Primeval,tt0772193
10752,Ned Kelly,tt0066130
10753,Ned Kelly,tt0277941
10754,A Call to Spy,tt7698468
10755,The Cat's Meow,tt0266391
10756,Pierrepoint: The Last Hangman,tt0462477
10757,Gangubai Kathiawadi,tt10083340
10758,Auto Focus,tt0298744
10759,Owning Mahowny,tt0285861
10760,Middle Men,tt1251757
10761,Army of One,tt4382824
10762,Army of One,tt7153488
10763,Bad Country,tt2350892
10764,Wasp Network,tt6760876
10765,The Weight of Water,tt0210382
10766,In Her Skin,tt0995851
10767,Eden,tt1734433
10768,Eden,tt3032282
10769,Eden,tt3090634
10770,The Krays,tt0099951
10771,Biggest Heist Ever,tt18224682
10772,Bad Ass,tt1928330
10773,The Traitor,tt7736478
10774,Better Luck Tomorrow,tt0280477
10775,The Alphabet Killer,tt0818165
10776,Compulsion,tt2381931
10777,Compulsion,tt4992060
10778,Lonely Hearts,tt0441774
10779,Captive,tt3268668
10780,Captive,tt8273104
10781,The Connection,tt2935564
10782,City by the Sea,tt0269095
10783,10th & Wolf,tt0360323
10784,I Am All Girls,tt9013182
10785,Ted K,tt8128276
10786,Flag Day,tt2304637
10787,The Zodiac,tt0371739
10788,Essex Boys,tt0191996
10789,The Valachi Papers,tt0068341
10790,Operation Odessa,tt7983794
10791,Kings,tt5843850
10792,Rob the Mob,tt2481480
10793,Kidnapping Mr. Heineken,tt2917388
10794,In Too Deep,tt0160401
10795,Redacted,tt0937237
10796,The Clinic,tt1345772
10797,American Murderer,tt13603778
10798,The Manson Family,tt0118840
10799,The Devil on Trial,tt28810493
10800,Stone of Destiny,tt1037156
10801,Fifty Dead Men Walking,tt1097643
10802,The Clan,tt4411504
10803,Missing: The Lucie Blackman Case,tt19113292
10804,Our Father,tt19704638
10805,Crime Story,tt0108656
10806,Crime Story,tt9804272
10807,Les Lyonnais,tt1741542
10808,Orgasm Inc: The Story of OneTaste,tt22900124
10809,The Boys,tt0139898
10810,The Boys,tt1015971
10811,Beware the Slenderman,tt5329376
10812,Stuck,tt0758786
10813,Hell Camp: Teen Nightmare,tt30225680
10814,The Murder of Nicole Brown Simpson,tt8415352
10815,Bomb City,tt4351548
10816,Neruda,tt4698584
10817,Aileen: Life and Death of a Serial Killer,tt0364930
10818,The Hillside Strangler,tt0376649
10819,The Assassination of Richard Nixon,tt0364961
10820,This Place Rules,tt23950956
10821,The Preppie Connection,tt2654572
10822,The Hatton Garden Job,tt5351458
10823,Greenfingers,tt0203540
10824,Victim/Suspect,tt24079788
10825,Stander,tt0326208
10826,Holy Rollers,tt1143896
10827,Burnt Money,tt0227277
10828,Gosnell: The Trial of America's Biggest Serial Killer,tt3722234
10829,Unconditional,tt1758610
10830,Heavens Fall,tt0425094
10831,Lucky Luciano,tt0071782
10832,Capturing the Killer Nurse,tt22010586
10833,Blue Caprice,tt2027064
10834,Killer: A Journal of Murder,tt0113542
10835,Nightstalker,tt0342835
10836,A Twelve-Year Night,tt6792282
10837,Angel of Evil,tt1571402
10838,Secuestro express,tt0371939
10839,Shepherds and Butchers,tt4627352
10840,Four Hours at the Capitol,tt15520020
10841,"Ice Cold: Murder, Coffee and Jessica Wongso",tt28840429
10842,Cyber Hell: Exposing an Internet Horror,tt19768508
10843,For the Love of Money,tt1730294
10844,The Glass Shield,tt0109906
10845,In the Name of My Daughter,tt2929890
10846,Skandal! Bringing Down Wirecard,tt21836620
10847,Swoon,tt0105508
10848,Crimson Gold,tt0371280
10849,House of Manson,tt3100678
10850,Killing for Love,tt4552298
10851,Britney vs Spears,tt15469820
10852,Bank Robbers: The Last Great Heist,tt21281774
10853,Aileen Wuornos: The Selling of a Serial Killer,tt0103634
10854,Beauty and the Dogs,tt6776572
10855,The Last Contract,tt0122573
10856,Chronicle of an Escape,tt0479354
10857,April Showers,tt1212451
10858,The Anthrax Attacks,tt21746178
10859,Difret,tt2611390
10860,Murder by the Coast,tt13323092
10861,Shoot on Sight,tt1038915
10862,To Kill a Man,tt3460152
10863,Nail Bomber: Manhunt,tt12939812
10864,I Accuse,tt0366598
10865,The Knife,tt0192377
10866,At the End of the Tunnel,tt5133308
10867,Fate,tt0287803
10868,Surrender,tt0094078
10869,One of Us,tt7214842
10870,Secrets & Lies,tt0117589
10871,101 Dalmatians,tt0115433
10872,An American Tail,tt0090633
10873,The Golden Child,tt0091129
10874,Homeward Bound II: Lost in San Francisco,tt0116552
10875,A Troll in Central Park,tt0108395
10876,Flora & Ulysses,tt8521736
10877,Priest,tt0110889
10878,Priest,tt0822847
10879,30 Days of Night,tt0389722
10880,Vampires,tt0120877
10881,Vampires,tt1500906
10882,Queen of the Damned,tt0238546
10883,The Monster Squad,tt0093560
10884,Daybreakers,tt0433362
10885,Vamps,tt1545106
10886,The Vampire Lovers,tt0066518
10887,Embrace of the Vampire,tt0109723
10888,Fright Night Part 2,tt0097390
10889,Stake Land,tt1464580
10890,Twins of Evil,tt0069427
10891,Count Dracula,tt0065569
10892,Rise: Blood Hunter,tt0389328
10893,The Velvet Vampire,tt0067929
10894,Scars of Dracula,tt0067713
10895,The Satanic Rites of Dracula,tt0070634
10896,Lust for a Vampire,tt0067367
10897,Vampires vs. the Bronx,tt8976576
10898,The Stakelander,tt5843670
10899,Kiss of the Damned,tt1959438
10900,Vampire Circus,tt0067924
10901,Dracula A.D. 1972,tt0068505
10902,Blood: The Last Vampire,tt0806027
10903,Bit,tt8425034
10904,Rockula,tt0100506
10905,Grave of the Vampire,tt0068658
10906,The Breed,tt0265104
10907,The Breed,tt0455362
10908,Vampires: The Turning,tt0398378
10909,"Count Yorga, Vampire",tt0066952
10910,Werewolves,tt15041836
10911,Silver Bullet,tt0090021
10912,Dog Soldiers,tt0280609
10913,The Howling,tt0082533
10914,Bad Moon,tt0115610
10915,Skinwalkers,tt0461703
10916,Ginger Snaps Back: The Beginning,tt0365265
10917,Howling II: ... Your Sister Is a Werewolf,tt0089308
10918,Ginger Snaps 2: Unleashed,tt0353489
10919,Blood and Chocolate,tt0397044
10920,Werewolves on Wheels,tt0067972
10921,Wolfcop,tt2781516
10922,Big Bad Wolf,tt0488962
10923,Howling III,tt0093227
10924,The Beast Must Die,tt0071200
10925,Howling V: The Rebirth,tt0097534
10926,The Legend of the Wolf Woman,tt0074829
10927,Wolf Girl,tt0265752
10928,Werewolf,tt7203520
10929,Night Wolf,tt1411232
10930,Slice,tt4411234
10931,My Mom's a Werewolf,tt0097938
10932,Project: Metalbeast,tt0114193
10933,When Animals Dream,tt2818178
10934,Dark Moon Rising,tt3155734
10935,Blood,tt0098252
10936,Blood,tt13280054
10937,Blood,tt2078552
10938,F*** Marry Kill,tt22528200
10939,Sherlock Holmes,tt0988045
10940,Invitation to a Murder,tt11773810
10941,Don't Let Go,tt6803212
10942,Sherlock Holmes: A Game of Shadows,tt1515091
10943,The Lie,tt7945440
10944,Four Brothers,tt0430105
10945,Exposed,tt4019560
10946,Dark Crimes,tt1901024
10947,Dark Places,tt0071391
10948,Dark Places,tt2402101
10949,Dead Again,tt0101669
10950,I Know Who Killed Me,tt0897361
10951,Crescent City,tt18884172
10952,The Hound of the Baskervilles,tt0076161
10953,The Psychic,tt0075614
10954,White Orchid,tt3313182
10955,The Calling,tt0218067
10956,The Calling,tt1666335
10957,Snow Falling on Cedars,tt0120834
10958,Small Town Crime,tt5751998
10959,The Million Dollar Hotel,tt0120753
10960,Zero Effect,tt0120906
10961,Grey Lady,tt3693042
10962,Murder Mubarak,tt27028399
10963,The Lodger,tt0851530
10964,A Christmas Mystery,tt22207152
10965,The Pyx,tt0070578
10966,The River Murders,tt1738387
10967,The Night Visitor,tt0066141
10968,Murders in the Rue Morgue,tt0067457
10969,Airborne,tt0106233
10970,Airborne,tt1827354
10971,The Dark Hour,tt0484273
10972,The Accursed,tt14617254
10973,The Accursed,tt5737388
10974,An Imperfect Murder,tt6469960
10975,The Autopsy of Jane Doe,tt3289956
10976,The Lords of Salem,tt1731697
10977,Don't Knock Twice,tt3622110
10978,Virgin Witch,tt0069464
10979,The Last Showgirl,tt31193791
10980,The Devil Wears Prada,tt0458352
10981,The Pursuit of Happyness,tt0454921
10982,The Intern,tt2361509
10983,Norma Rae,tt0079638
10984,Boiling Point,tt0098967
10985,Boiling Point,tt0106455
10986,Boiling Point,tt11127680
10987,Up in the Air,tt1193138
10988,Hustlers,tt1604115
10989,Hustlers,tt5503686
10990,The Great Santini,tt0079239
10991,Hunger,tt0986233
10992,Hunger,tt1176252
10993,Hunger,tt22695402
10994,Mr. Holland's Opus,tt0113862
10995,Baby Boom,tt0092605
10996,Barbershop,tt0303714
10997,The Assistant,tt9000224
10998,Unplanned,tt9024106
10999,Barbershop 2: Back in Business,tt0337579
11000,Outsourced,tt0425326
11001,Next Stop Wonderland,tt0119778
11002,The Navigators,tt0279977
11003,Curse of the Golden Flower,tt0473444
11004,Ashes of Time,tt0109688
11005,Detective Dee: The Mystery of the Phantom Flame,tt1123373
11006,Journey to the West: Conquering the Demons,tt2017561
11007,A Chinese Ghost Story,tt0093978
11008,A Chinese Ghost Story,tt1861421
11009,Flying Swords of Dragon Gate,tt1686784
11010,Reign of Assassins,tt1460743
11011,Encounter of the Spooky Kind,tt0080827
11012,Swordsman II,tt0103295
11013,Zu: Warriors from the Magic Mountain,tt0086308
11014,Tai Chi Master,tt0108281
11015,14 Blades,tt1442571
11016,Duel to the Death,tt0084924
11017,Dragon,tt1718199
11018,Dragon,tt32080876
11019,The Warrior,tt0275083
11020,The Warrior,tt0295682
11021,Shadowless Sword,tt0488763
11022,The Promise,tt0117398
11023,The Promise,tt0417976
11024,The Promise,tt4776998
11025,The Promise,tt7232438
11026,Zu Warriors,tt0286098
11027,Resident Evil,tt0120804
11028,28 Weeks Later,tt0463854
11029,Maggie,tt1881002
11030,Die Alone,tt21097192
11031,Resident Evil: Retribution,tt1855325
11032,Resident Evil: Apocalypse,tt0318627
11033,Cargo,tt0381940
11034,Cargo,tt0409793
11035,Cargo,tt3860916
11036,Cargo,tt8992946
11037,Resident Evil: Afterlife,tt1220634
11038,Resident Evil: Extinction,tt0432021
11039,Zombie,tt0080057
11040,Flesh for Frankenstein,tt0071508
11041,#Alive,tt10620868
11042,The Night Eats the World,tt4266076
11043,Zombie Strippers!,tt0960890
11044,Tales from the Crypt: Demon Knight,tt0114608
11045,House of the Dead,tt0317676
11046,Return of the Living Dead II,tt0095990
11047,Day of the Dead,tt0088993
11048,Little Monsters,tt0097758
11049,Little Monsters,tt7390588
11050,Quarantine 2: Terminal,tt1699231
11051,The Cured,tt3463106
11052,Resident Evil: Vendetta,tt5776208
11053,Day of the Dead: Bloodline,tt3053228
11054,Zombie Holocaust,tt0079788
11055,Shock Waves,tt0076704
11056,Survival of the Dead,tt1134854
11057,Valley of the Dead,tt10127708
11058,Zombie Town,tt21431644
11059,Zombie 3,tt0096511
11060,Dance of the Dead,tt0926063
11061,Sugar Hill,tt0072225
11062,Sugar Hill,tt0107079
11063,Return of the Living Dead: Necropolis,tt0411805
11064,Dead Before Dawn 3D,tt1989485
11065,Return of the Living Dead: Rave to the Grave,tt0411806
11066,C.H.U.D. II: Bud the Chud,tt0097001
11067,Deadheads,tt1273207
11068,Paradise Z,tt6391282
11069,Inmate Zero,tt8406660
11070,Zombie Diaries,tt0876294
11071,Mutants,tt1146320
11072,Zoombies,tt5340882
11073,Night of the Living Dead 3D,tt0489244
11074,Severed,tt0428390
11075,I Am a Hero,tt3775202
11076,Re-Kill,tt1612319
11077,The Demented,tt2113792
11078,The Demented,tt6243370
11079,Hide and Creep,tt0422419
11080,Junk,tt0273302
11081,Chrysalis,tt0884335
11082,Chrysalis,tt2836260
