from_tconst,from_title,from_year,from_runtimeMinutes,from_averageRating,from_numVotes,from_budget,from_revenue
tt0035423,Kate & Leopold,2001.0,118,6.4,91466,48000000,76019048
tt0065134,Two Mules for Sister Sara,1970.0,116,7.0,31918,2500000,5050000
tt0065377,Airport,1970.0,137,6.6,22999,10000000,100489151
tt0065462,Beneath the Planet of the Apes,1970.0,95,6.0,55550,3000000,18999718
tt0065466,Beyond the Valley of the Dolls,1970.0,109,6.1,12467,2090000,9000000
tt0065488,The Boys in the Band,1970.0,120,7.6,6183,5500000,3500000
tt0065528,Catch-22,1970.0,122,7.1,27289,18000000,24911670
tt0065611,Darling Lili,1970.0,136,6.0,2532,25000000,3250000
tt0065856,House of Dark Shadows,1970.0,97,6.3,3576,750000,3672000
tt0065988,Little Big Man,1970.0,139,7.5,38856,15000000,31559552
tt0066011,Love Story,1970.0,100,6.9,38690,2200000,136400000
tt0066026,M*A*S*H,1970.0,116,7.3,79899,3500000,81600000
tt0066090,The Molly Maguires,1970.0,124,6.8,4484,11000000,2200000
tt0066115,Myra Breckinridge,1970.0,94,4.5,3581,5000000,3000000
tt0066206,Patton,1970.0,172,7.9,110690,12000000,89800000
tt0066319,Ryan's Daughter,1970.0,200,7.4,11094,13300000,30800000
tt0066473,Tora! Tora! Tora!,1970.0,144,7.5,38422,25485000,37150000
tt0066495,The Twelve Chairs,1970.0,94,6.4,7353,1500000,1806258
tt0066549,Waterloo,1970.0,123,7.3,13428,25000000,3052000
tt0066769,The Andromeda Strain,1971.0,131,7.2,41813,6500000,12376563
tt0066808,Bananas,1971.0,82,6.9,38733,2000000,11833696
tt0066921,A Clockwork Orange,1971.0,136,8.2,906884,2200000,27033812
tt0066952,"Count Yorga, Vampire",1970.0,93,5.7,3195,64000,7000000
tt0066993,The Devils,1971.0,111,7.7,19623,2000000,11000000
tt0066995,Diamonds Are Forever,1971.0,120,6.5,117642,7200000,116019547
tt0066999,Dirty Harry,1971.0,102,7.7,174104,4000000,35976000
tt0067065,Escape from the Planet of the Apes,1971.0,98,6.3,42805,2500000,12348905
tt0067093,Fiddler on the Roof,1971.0,181,8.0,49579,9000000,83304330
tt0067116,The French Connection,1971.0,104,7.7,142990,1800000,41200000
tt0067309,Klute,1971.0,114,7.1,31669,2500000,12512637
tt0067328,The Last Picture Show,1971.0,118,8.0,54624,1300000,29133000
tt0067372,Macbeth,1971.0,140,7.4,15474,2400000,1000000
tt0067482,A New Leaf,1971.0,102,7.3,8061,4000000,5000000
tt0067588,Play Misty for Me,1971.0,102,6.9,33288,725000,10600000
tt0067800,Straw Dogs,1971.0,113,7.4,66170,2200000,3251794
tt0067927,Vanishing Point,1971.0,99,7.2,31453,1300000,72266306
tt0067992,Willy Wonka & the Chocolate Factory,1971.0,100,7.8,235735,3000000,4000000
tt0068334,The Candidate,1972.0,110,7.0,12405,1600000,2500000
tt0068408,Conquest of the Planet of the Apes,1972.0,88,6.1,38944,1700000,9700000
tt0068473,Deliverance,1972.0,109,7.6,123802,2000000,46122355
tt0068555,Everything You Always Wanted to Know About Sex * But Were Afraid to Ask,1972.0,88,6.7,42673,2000000,18016290
tt0068611,Frenzy,1972.0,116,7.4,51120,2000000,12600000
tt0068638,The Getaway,1972.0,123,7.3,36969,3352254,36734619
tt0068646,The Godfather,1972.0,175,9.2,2107137,6000000,245066411
tt0068699,High Plains Drifter,1973.0,105,7.4,66998,5500000,15700000
tt0068718,The Hot Rock,1972.0,101,6.8,7171,4895000,3500000
tt0068828,Lady Sings the Blues,1972.0,144,7.0,5044,2000000,19726490
tt0068909,Man of La Mancha,1972.0,132,6.5,4960,12000000,11500000
tt0069089,Pink Flamingos,1972.0,93,6.0,29343,12000,6000000
tt0069113,The Poseidon Adventure,1972.0,117,7.1,51395,5000000,84563118
tt0069332,Super Fly,1972.0,91,6.4,8919,500000,30000000
tt0069449,Up the Sandbox,1972.0,97,5.7,1725,2926000,3500000
tt0069495,"What's Up, Doc?",1972.0,94,7.7,28524,4000000,66000000
tt0069704,American Graffiti,1973.0,110,7.4,101572,777000,140000000
tt0069768,Battle for the Planet of the Apes,1973.0,93,5.4,36465,1700000,8844595
tt0069897,Coffy,1973.0,90,6.8,13802,500000,4000000
tt0069976,Dillinger,1973.0,107,6.9,6111,1000000,2000000
tt0070034,Enter the Dragon,1973.0,102,7.6,116125,850000,400000000
tt0070047,The Exorcist,1973.0,122,8.1,474372,12000000,441306145
tt0070165,Heavy Traffic,1973.0,77,6.5,3927,950000,1500000
tt0070239,Jesus Christ Superstar,1973.0,106,7.4,30805,3500000,24593103
tt0070287,The Last American Hero,1973.0,95,6.4,2343,2000000,1000000
tt0070290,The Last Detail,1973.0,104,7.5,29709,2300000,10000000
tt0070328,Live and Let Die,1973.0,121,6.7,119114,7000000,126400000
tt0070334,The Long Goodbye,1973.0,112,7.5,40039,1700000,959000
tt0070337,Lost Horizon,1973.0,150,5.2,2991,5900000,3800000
tt0070379,Mean Streets,1973.0,112,7.2,123546,500000,3000000
tt0070510,Paper Moon,1973.0,102,8.1,54618,2500000,30900000
tt0070511,Papillon,1973.0,151,8.0,141701,12000000,53267000
tt0070608,Robin Hood,1973.0,83,7.5,143785,5000000,33000000
tt0070666,Serpico,1973.0,130,7.7,140101,3000000,29800000
tt0070698,Sisters,1972.0,93,6.9,22030,500000,1000000
tt0070707,Sleeper,1973.0,89,7.1,45569,2000000,18344729
tt0070735,The Sting,1973.0,129,8.3,288607,5500000,159616327
tt0070909,Westworld,1973.0,88,6.9,64791,1200000,10000000
tt0070917,The Wicker Man,1973.0,88,7.5,98869,810000,513000
tt0071110,Airport 1975,1974.0,107,5.7,12595,3000000,47000000
tt0071222,Black Christmas,1974.0,98,7.1,52490,686000,4000000
tt0071230,Blazing Saddles,1974.0,93,7.7,157787,2600000,119500000
tt0071249,Bring Me the Head of Alfredo Garcia,1974.0,112,7.4,22285,1500000,700000
tt0071315,Chinatown,1974.0,130,8.1,362781,6000000,30000000
tt0071360,The Conversation,1974.0,113,7.7,129032,1600000,4794457
tt0071402,Death Wish,1974.0,93,6.9,45755,3000000,76600000
tt0071455,Earthquake,1974.0,122,5.9,18539,7000000,79666653
tt0071562,The Godfather Part II,1974.0,202,9.0,1419160,13000000,102600000
tt0071571,Gone in 60 Seconds,1974.0,98,6.3,10294,1000000,40000000
tt0071577,The Great Gatsby,1974.0,144,6.4,27484,6500000,26533200
tt0071598,Harry and Tonto,1974.0,115,7.3,6467,980000,4600000
tt0071675,It's Alive,1974.0,91,5.8,9347,500000,7100000
tt0071771,The Longest Yard,1974.0,121,7.1,22245,2900000,43008075
tt0071807,The Man with the Golden Gun,1974.0,125,6.7,116513,7000000,97600000
tt0071853,Monty Python and the Holy Grail,1975.0,91,8.2,584675,400000,5028948
tt0071877,Murder on the Orient Express,1974.0,128,7.2,71644,1400000,35700000
tt0072081,The Return of the Pink Panther,1975.0,113,7.0,30891,5000000,41833347
tt0072226,The Sugarland Express,1974.0,110,6.7,20421,3000000,12800000
tt0072271,The Texas Chain Saw Massacre,1974.0,83,7.4,196455,140000,30900000
tt0072288,Thunderbolt and Lightfoot,1974.0,115,7.0,30310,4000000,25000000
tt0072308,The Towering Inferno,1974.0,165,7.0,50079,14000000,116000000
tt0072431,Young Frankenstein,1974.0,106,8.0,174699,2800000,86273333
tt0072608,The Adventure of Sherlock Holmes' Smarter Brother,1975.0,91,6.0,7553,2800000,20000000
tt0072665,At Long Last Love,1975.0,118,5.3,1458,6000000,1500000
tt0072730,A Boy and His Dog,1975.0,91,6.4,20034,400000,6900000
tt0072761,Capone,1975.0,101,5.7,3342,970000,2000000
tt0072856,Death Race 2000,1975.0,80,6.2,32273,300000,8000000
tt0072890,Dog Day Afternoon,1975.0,125,8.0,280655,1800000,46665856
tt0072895,Dolemite,1975.0,90,5.6,7066,120000,12000000
tt0072973,"Farewell, My Lovely",1975.0,95,7.0,10182,2500000,2000000
tt0073096,Hearts of the West,1975.0,102,6.5,1832,2000000,1600000
tt0073195,Jaws,1975.0,124,8.1,689396,7000000,470653000
tt0073240,The Killer Elite,1975.0,122,6.0,7661,5000000,1000000
tt0073282,Let's Do It Again,1975.0,110,6.7,3465,70000,11800000
tt0073312,Love and Death,1975.0,85,7.6,42121,3000000,20173742
tt0073317,Lucky Lady,1975.0,118,5.2,1422,13000000,24441725
tt0073440,Nashville,1975.0,160,7.6,29638,2200000,9991258
tt0073486,One Flew Over the Cuckoo's Nest,1975.0,133,8.7,1109867,3000000,108981275
tt0073629,The Rocky Horror Picture Show,1975.0,100,7.4,174013,1400000,170000000
tt0073631,Rollerball,1975.0,125,6.5,30644,6000000,30000000
tt0073692,Shampoo,1975.0,110,6.4,14902,4000000,60000000
tt0073705,Shivers,1975.0,87,6.3,24648,179000,1000000
tt0073747,The Stepford Wives,1975.0,115,6.9,20474,500000,8700000
tt0073768,Supervixens,1975.0,106,5.9,5416,100000,17000000
tt0073802,Three Days of the Condor,1975.0,117,7.4,65360,7800000,41509797
tt0073812,Tommy,1975.0,111,6.6,23404,5000000,34300000
tt0073906,The Wind and the Lion,1975.0,119,6.8,10600,4500000,9200000
tt0074119,All the President's Men,1976.0,138,7.9,130517,8500000,70600000
tt0074174,The Bad News Bears,1976.0,102,7.3,26052,9000000,42349782
tt0074285,Carrie,1976.0,98,7.4,216781,1800000,33800000
tt0074292,The Cassandra Crossing,1976.0,129,6.3,10430,6000000,15300000
tt0074483,The Enforcer,1976.0,96,6.7,50990,9000000,46236000
tt0074559,Futureworld,1976.0,108,5.7,12308,2500000,4200000
tt0074695,Cross of Iron,1977.0,119,7.4,30263,6000000,1509000
tt0074751,King Kong,1976.0,134,6.0,36822,23000000,90614445
tt0074812,Logan's Run,1976.0,119,6.8,63021,9000000,25000000
tt0074896,The Message,1976.0,177,8.1,52196,10000000,15000000
tt0074899,Midway,1976.0,132,6.8,22286,4000000,100000000
tt0074958,Network,1976.0,121,8.1,177805,3800000,23700000
tt0074991,Obsession,1976.0,98,6.7,12603,1400000,4468000
tt0075005,The Omen,1976.0,111,7.5,140507,2800000,60922980
tt0075066,The Pink Panther Strikes Again,1976.0,103,7.1,33115,6000000,33833201
tt0075148,Rocky,1976.0,120,8.1,655175,1000000,225253184
tt0075222,Silent Movie,1976.0,87,6.7,18995,4400000,36145695
tt0075223,Silver Streak,1976.0,114,6.9,22550,6500000,51100000
tt0075314,Taxi Driver,1976.0,114,8.2,970269,1900000,28579636
tt0075359,Two-Minute Warning,1976.0,115,6.2,4554,6700000,6700000
tt0075648,Airport '77,1977.0,114,5.8,13002,6000000,30000000
tt0075686,Annie Hall,1977.0,93,7.9,283200,4000000,38288028
tt0075765,Black Sunday,1977.0,143,6.8,9434,8000000,15769322
tt0075774,Bobby Deerfield,1977.0,124,5.8,4892,6400000,9300000
tt0075784,A Bridge Too Far,1977.0,175,7.4,64186,22000000,50750000
tt0075860,Close Encounters of the Third Kind,1977.0,138,7.6,224375,20000000,306889114
tt0075909,Damnation Alley,1977.0,91,5.3,6086,17000000,8720000
tt0076009,Exorcist II: The Heretic,1977.0,117,3.8,29486,14000000,30749142
tt0076059,Fun with Dick and Jane,1977.0,95,6.4,5025,4500000,13600000
tt0076070,The Gauntlet,1977.0,109,6.4,26068,5500000,26400000
tt0076138,Heroes,1977.0,112,6.1,2213,3200000,33500073
tt0076141,High Anxiety,1977.0,94,6.6,24525,4015000,31063038
tt0076299,The Last Wave,1977.0,106,6.9,11538,810000,1300000
tt0076636,Rollercoaster,1977.0,119,6.3,7182,9000000,8200000
tt0076716,Sinbad and the Eye of the Tiger,1977.0,113,6.4,9045,3500000,16000000
tt0076729,Smokey and the Bandit,1977.0,96,7.0,59300,4300000,126700000
tt0076740,Sorcerer,1977.0,121,7.7,30464,22000000,9000000
tt0076752,The Spy Who Loved Me,1977.0,125,7.0,119748,13500000,185438673
tt0076759,Star Wars: Episode IV - A New Hope,1977.0,121,8.6,1497992,11000000,775398007
tt0076929,Wizards,1977.0,80,6.3,13579,1200000,9000000
tt0077248,Blue Collar,1978.0,114,7.5,11485,1700000,6521083
tt0077269,The Boys from Brazil,1978.0,125,7.0,32048,12000000,19000000
tt0077278,Buck Rogers in the 25th Century,1979.0,89,6.5,7218,3500000,21700000
tt0077294,Capricorn One,1977.0,123,6.8,25980,5000000,12000000
tt0077369,Convoy,1978.0,110,6.3,19805,12000000,45000000
tt0077402,Dawn of the Dead,1978.0,127,7.8,132309,650000,55000000
tt0077413,Death on the Nile,1978.0,140,7.3,41993,7920000,14560084
tt0077416,The Deer Hunter,1978.0,183,8.1,373457,15000000,49000000
tt0077474,The Driver,1978.0,91,7.1,20420,4000000,4900000
tt0077504,The End,1978.0,100,6.1,4558,3000000,45000000
tt0077530,Eyes of Laura Mars,1978.0,104,6.2,12923,7000000,20000000
tt0077531,F.I.S.T.,1978.0,145,6.4,9012,11000000,20388920
tt0077572,Force 10 from Navarone,1978.0,118,6.4,20471,5000000,7230000
tt0077578,Foul Play,1978.0,116,6.8,17827,5000000,45000000
tt0077631,Grease,1978.0,110,7.2,312368,6000000,396271103
tt0077651,Halloween,1978.0,91,7.7,321662,325000,70260597
tt0077663,Heaven Can Wait,1978.0,101,6.9,24480,15000000,98800000
tt0077681,The Hills Have Eyes,1977.0,90,6.3,40898,350000,25000000
tt0077745,Invasion of the Body Snatchers,1978.0,115,7.4,75246,3500000,24946533
tt0077766,Jaws 2,1978.0,116,5.8,87560,20000000,187884000
tt0077807,King of the Gypsies,1978.0,112,6.2,1531,5000000,7325177
tt0077869,The Lord of the Rings,1978.0,132,6.2,37623,4000000,30500000
tt0077928,Midnight Express,1978.0,121,7.5,90803,2300000,35000000
tt0077975,National Lampoon's Animal House,1978.0,109,7.4,132395,2700000,141000000
tt0078087,Piranha,1978.0,94,5.9,26229,660000,16000000
tt0078163,Revenge of the Pink Panther,1978.0,99,6.6,24071,12000000,49579269
tt0078239,Sgt. Pepper's Lonely Hearts Club Band,1978.0,113,4.3,7264,18000000,20378470
tt0078346,Superman,1978.0,143,7.4,195006,55000000,300500000
tt0078350,The Swarm,1978.0,116,4.5,8961,21000000,7700000
tt0078504,The Wiz,1978.0,134,5.6,18084,24000000,21049053
tt0078718,And Justice for All,1979.0,119,7.4,42112,6000000,33300000
tt0078721,10,1979.0,122,6.1,19823,7000000,107000000
tt0078723,1941,1979.0,118,5.8,37417,35000000,94900000
tt0078736,Agatha,1979.0,105,6.2,3822,3500000,7500000
tt0078740,The Concorde... Airport '79,1979.0,113,4.5,7235,14000000,13015688
tt0078748,Alien,1979.0,117,8.5,1008685,11000000,104931801
tt0078754,All That Jazz,1979.0,123,7.8,37416,12000000,37823676
tt0078788,Apocalypse Now,1979.0,147,8.4,737085,31500000,150000000
tt0078869,The Black Hole,1979.0,98,5.9,28961,20000000,35841901
tt0078902,Breaking Away,1979.0,101,7.7,26442,2300000,20000000
tt0078908,The Brood,1979.0,92,6.8,36039,1355000,5000000
tt0078966,The China Syndrome,1979.0,122,7.4,34365,5900000,51718367
tt0079116,Escape from Alcatraz,1979.0,112,7.6,154156,8000000,43004381
tt0079153,Firepower,1979.0,104,5.1,1249,8000000,1200000
tt0079168,A Force of One,1979.0,90,5.1,4546,3500000,20166000
tt0079180,The Frisco Kid,1979.0,119,6.3,11909,9200000,9300000
tt0079219,Going in Style,1979.0,97,7.1,4255,5500000,30000000
tt0079227,Good Guys Wear Black,1978.0,95,5.1,3950,1000000,18300000
tt0079239,The Great Santini,1979.0,115,7.1,7236,4000000,4700000
tt0079261,Hair,1979.0,121,7.5,42409,11000000,15313606
tt0079285,Saturn 3,1980.0,88,5.1,10994,10000000,4900000
tt0079336,The In-Laws,1979.0,103,7.3,10503,9000000,38200000
tt0079367,The Jerk,1979.0,94,7.1,66088,4000000,100000000
tt0079470,Monty Python's Life of Brian,1979.0,94,8.0,427747,4000000,20700000
tt0079501,Mad Max,1979.0,88,6.8,237297,350000,100000000
tt0079522,Manhattan,1979.0,96,7.8,150304,9000000,40194067
tt0079550,Meteor,1979.0,108,5.1,8758,16000000,12600000
tt0079574,Moonraker,1979.0,126,6.3,112299,34000000,210308099
tt0079588,The Muppet Movie,1979.0,95,7.6,40782,8000000,75200000
tt0079638,Norma Rae,1979.0,114,7.3,13319,4500000,22228000
tt0079714,Phantasm,1979.0,89,6.6,42809,300000,11988469
tt0079753,The Prisoner of Zenda,1979.0,108,5.2,1407,10000000,15300000
tt0079817,Rocky II,1979.0,119,7.3,238951,7000000,85187855
tt0079945,Star Trek: The Motion Picture,1979.0,143,6.4,99197,44000000,139346243
tt0080310,Breaker Morant,1980.0,107,7.8,14873,1000000,8200000
tt0080319,9 to 5,1980.0,109,6.9,41199,10000000,103300000
tt0080339,Airplane!,1980.0,88,7.7,271669,3500000,83453539
tt0080360,Altered States,1980.0,102,6.9,40006,15000000,19853892
tt0080365,American Gigolo,1980.0,117,6.3,30800,5000000,52700000
tt0080421,Battle Beyond the Stars,1980.0,104,5.5,10775,2000000,11000000
tt0080437,The Big Red One,1980.0,113,7.1,22069,4500000,7206220
tt0080453,The Blue Lagoon,1980.0,104,5.8,79834,4500000,58853106
tt0080455,The Blues Brothers,1980.0,133,7.9,220997,27000000,115229890
tt0080465,Borderline,1980.0,97,6.0,2540,5800000,2300000
tt0080472,Bronco Billy,1980.0,116,6.2,13182,6500000,24300000
tt0080487,Caddyshack,1980.0,98,7.2,130551,6000000,39846344
tt0080569,Cruising,1980.0,102,6.5,29925,11000000,19814523
tt0080661,Dressed to Kill,1980.0,104,7.1,52158,6500000,31899000
tt0080678,The Elephant Man,1980.0,124,8.2,270902,5000000,26000000
tt0080684,Star Wars: Episode V - The Empire Strikes Back,1980.0,124,8.7,1430598,18000000,538400000
tt0080736,The Final Countdown,1980.0,103,6.7,28287,12000000,16647800
tt0080745,Flash Gordon,1980.0,111,6.5,63643,35000000,27100000
tt0080749,The Fog,1980.0,89,6.8,87037,1000000,21448830
tt0080761,Friday the 13th,1980.0,95,6.4,165410,550000,59754601
tt0080771,Galaxina,1980.0,95,3.7,3567,5500000,4865000
tt0080801,The Gods Must Be Crazy,1980.0,109,7.3,61068,5000000,200000000
tt0080850,He Knows You're Alone,1980.0,94,5.0,4409,300000,4900000
tt0080855,Heaven's Gate,1980.0,219,6.7,18167,44000000,3484331
tt0080934,The Island,1980.0,114,5.3,4913,22000000,15700000
tt0081059,Lion of the Desert,1980.0,173,8.2,18108,35000000,1502136
tt0081114,Maniac,1980.0,87,6.3,21274,350000,10000000
tt0081184,Motel Hell,1980.0,101,6.0,14246,3000000,6342668
tt0081259,The Octagon,1980.0,103,5.1,6496,4000000,18971000
tt0081283,Ordinary People,1980.0,124,7.7,58940,6000000,54766923
tt0081353,Popeye,1980.0,114,5.4,36059,20000000,49823037
tt0081375,Private Benjamin,1980.0,109,6.2,29668,15000000,69800000
tt0081383,Prom Night,1980.0,92,5.3,22357,1500000,14796236
tt0081398,Raging Bull,1980.0,129,8.1,393275,18000000,23380203
tt0081439,Rough Cut,1980.0,112,5.7,1609,14000000,16656125
tt0081455,Scanners,1981.0,103,6.7,64328,4100000,14225876
tt0081505,The Shining,1980.0,146,8.4,1158697,19000000,44781695
tt0081529,Smokey and the Bandit II,1980.0,100,5.3,18240,17000000,66100000
tt0081554,Stardust Memories,1980.0,89,7.2,24473,10000000,10389003
tt0081562,Stir Crazy,1980.0,111,6.7,31416,10000000,101300000
tt0081573,Superman II,1980.0,127,6.8,118395,54000000,190458706
tt0081633,Time Bandits,1981.0,110,6.9,71427,5000000,42365581
tt0081696,Urban Cowboy,1980.0,132,6.5,17567,10000000,53300000
tt0081698,Used Cars,1980.0,113,6.7,17601,8000000,11715321
tt0081777,Xanadu,1980.0,96,5.4,16045,20000000,22762571
tt0081974,Absence of Malice,1981.0,116,6.9,15820,12000000,40716963
tt0082010,An American Werewolf in London,1981.0,97,7.5,127639,10000000,31973249
tt0082031,Arthur,1981.0,97,6.9,32185,7000000,95461682
tt0082085,Blow Out,1981.0,108,7.4,68870,18000000,12000000
tt0082089,Body Heat,1981.0,113,7.4,41737,9000000,24058838
tt0082111,Buddy Buddy,1981.0,96,6.5,5339,10000000,7258543
tt0082136,The Cannonball Run,1981.0,95,6.2,41653,18000000,72179579
tt0082158,Chariots of Fire,1981.0,125,7.1,68506,5500000,58972904
tt0082186,Clash of the Titans,1981.0,118,6.9,49199,12000000,41092328
tt0082198,Conan the Barbarian,1982.0,129,6.9,167448,20000000,73951475
tt0082247,Death Hunt,1981.0,97,6.9,8667,10000000,5000000
tt0082288,Dragonslayer,1981.0,109,6.6,20744,18000000,14110013
tt0082340,Escape from New York,1981.0,99,7.1,164571,6000000,50244700
tt0082348,Excalibur,1981.0,140,7.3,69741,11000000,35000000
tt0082352,Eyes of a Stranger,1981.0,84,6.0,3372,800000,1118634
tt0082362,The Fan,1981.0,95,5.8,3120,10000000,3100000
tt0082378,Final Exam,1981.0,89,4.6,4882,374000,3000000
tt0082398,For Your Eyes Only,1981.0,127,6.7,111478,28000000,195300000
tt0082418,Friday the 13th Part 2,1981.0,87,6.1,82101,1250000,21722776
tt0082432,Gallipoli,1981.0,110,7.4,43087,3000000,11700000
tt0082474,The Great Muppet Caper,1981.0,97,7.1,17451,14000000,31200000
tt0082495,Halloween II,1981.0,92,6.5,106501,2500000,25533818
tt0082498,Happy Birthday to Me,1981.0,110,6.0,11825,3500000,10600000
tt0082507,Heartbeeps,1981.0,78,4.3,1742,12000000,2154696
tt0082509,Heavy Metal,1981.0,86,6.6,39643,9300000,20118654
tt0082517,History of the World: Part I,1981.0,92,6.8,56662,11000000,31672907
tt0082533,The Howling,1981.0,91,6.5,41856,1000000,17985893
tt0082648,The Legend of the Lone Ranger,1981.0,98,4.9,2637,18000000,2945600
tt0082694,The Road Warrior,1981.0,96,7.6,206737,2000000,24600832
tt0082763,Modern Problems,1981.0,93,5.0,5979,8000000,26154211
tt0082766,Mommie Dearest,1981.0,129,6.6,19155,5000000,19032261
tt0082782,My Bloody Valentine,1981.0,90,6.2,26493,2200000,5672031
tt0082799,Movie Madness,1982.0,89,3.2,1386,15000000,5027193
tt0082869,Outland,1981.0,109,6.6,33513,18000000,17374595
tt0082894,Pennies from Heaven,1981.0,108,6.5,6498,22000000,9171289
tt0082934,The Postman Always Rings Twice,1981.0,122,6.6,26621,12000000,12376625
tt0082971,Raiders of the Lost Ark,1981.0,115,8.4,1068229,18000000,389925971
tt0082979,Reds,1981.0,195,7.3,25509,35000000,40382659
tt0083113,Sphinx,1981.0,118,5.2,1883,14000000,2022771
tt0083131,Stripes,1981.0,106,6.8,82399,10000000,85300000
tt0083169,Taps,1981.0,126,6.8,21012,14000000,35900000
tt0083190,Thief,1981.0,123,7.4,42993,5500000,11494812
tt0083284,Victory,1981.0,116,6.6,34386,10000000,27453418
tt0083296,Visiting Hours,1982.0,103,5.7,5102,6000000,13258670
tt0083511,48 Hrs.,1982.0,96,6.9,88843,12000000,78868508
tt0083530,Airplane II: The Sequel,1982.0,85,6.2,58484,15000000,27150534
tt0083550,Amityville II: The Possession,1982.0,104,5.6,13493,5000000,12534817
tt0083630,The Beastmaster,1982.0,118,6.2,26127,8000000,14056528
tt0083658,Blade Runner,1982.0,117,8.1,849449,28000000,41722424
tt0083678,The Border,1982.0,108,6.4,7321,22000000,6118683
tt0083767,Creepshow,1982.0,120,6.8,55190,8000000,21028755
tt0083791,The Dark Crystal,1982.0,93,7.1,74144,15000000,40600000
tt0083798,Dead Men Don't Wear Plaid,1982.0,88,6.8,24458,9000000,18196170
tt0083806,Deathtrap,1982.0,116,7.0,16621,10000000,19000000
tt0083851,The Draughtsman's Contract,1982.0,108,7.2,11523,370800,2256246
tt0083866,E.T. the Extra-Terrestrial,1982.0,115,7.9,451568,10500000,792965500
tt0083907,The Evil Dead,1981.0,85,7.4,241325,350000,29612367
tt0083908,Evil Under the Sun,1982.0,117,7.0,22202,10000000,6110804
tt0083929,Fast Times at Ridgemont High,1982.0,90,7.1,120133,4500000,27100000
tt0083943,Firefox,1982.0,136,5.9,30202,18000000,70700000
tt0083944,First Blood,1982.0,93,7.7,287454,15000000,125212904
tt0083972,Friday the 13th: Part 3,1982.0,95,5.6,63675,2200000,36690067
tt0083987,Gandhi,1982.0,191,8.0,243378,22000000,77737889
tt0084021,Grease 2,1982.0,115,4.6,39684,13200000,15172313
tt0084088,Honkytonk Man,1982.0,122,6.6,9813,2000000,4400000
tt0084296,The Man from Snowy River,1982.0,102,7.2,10396,3500000,20659423
tt0084434,An Officer and a Gentleman,1982.0,124,7.1,64948,7500000,129795554
tt0084503,Pink Floyd: The Wall,1982.0,95,8.0,87433,12000000,22244207
tt0084516,Poltergeist,1982.0,114,7.3,187219,10700000,122200000
tt0084522,Porky's,1981.0,94,6.2,47138,4000000,159989673
tt0084602,Rocky III,1982.0,99,6.8,218388,17000000,269952898
tt0084649,The Secret of NIMH,1982.0,82,7.5,47276,7000000,14665733
tt0084684,Silent Rage,1982.0,103,5.4,7096,4500000,10500000
tt0084695,The Slumber Party Massacre,1982.0,77,5.6,19551,220000,3600000
tt0084707,Sophie's Choice,1982.0,150,7.5,54750,12000000,30036166
tt0084726,Star Trek II: The Wrath of Khan,1982.0,113,7.7,132171,12000000,96594943
tt0084749,The Sword and the Sorcerer,1982.0,99,5.5,8137,4000000,39103425
tt0084787,The Thing,1982.0,109,8.2,493460,15000000,19629760
tt0084805,Tootsie,1982.0,116,7.4,118120,21000000,177200000
tt0084827,Tron,1982.0,96,6.7,132736,17000000,33000000
tt0084855,The Verdict,1982.0,129,7.7,48030,16000000,53977250
tt0084865,Victor/Victoria,1982.0,134,7.6,24520,15000000,28215453
tt0084887,Battletruck,1982.0,91,5.0,1614,1000000,3000000
tt0084917,The World According to Garp,1982.0,136,7.1,29882,17000000,29712172
tt0084938,Young Doctors in Love,1982.0,96,5.5,3567,7500000,30688860
tt0085121,10 to Midnight,1983.0,101,6.3,9971,4520000,7175592
tt0085159,Amityville 3-D,1983.0,105,4.2,7876,6000000,6333135
tt0085271,Brainstorm,1983.0,106,6.4,13741,18000000,10219460
tt0085333,Christine,1983.0,110,6.8,96831,9700000,21200000
tt0085334,A Christmas Story,1983.0,93,7.9,174835,3300000,20700000
tt0085384,Curse of the Pink Panther,1983.0,109,4.3,6971,11000000,4491986
tt0085542,Fire and Ice,1983.0,81,6.5,13583,1200000,760883
tt0085549,Flashdance,1983.0,95,6.2,61638,7000000,201500000
tt0085551,Get Crazy,1983.0,92,6.6,1570,5500000,1645711
tt0085636,Halloween III: Season of the Witch,1982.0,98,5.2,64103,2500000,14400000
tt0085672,Hercules,1983.0,98,4.1,4621,2500000,10676194
tt0085694,The House on Sorority Row,1982.0,91,5.9,10574,425000,10604986
tt0085701,The Hunger,1983.0,97,6.6,30244,10000000,10200000
tt0085750,Jaws 3-D,1983.0,99,3.7,50123,20500000,87987056
tt0085764,Joysticks,1983.0,88,4.5,2878,300000,3952448
tt0085780,The Keep,1983.0,96,5.7,15420,6000000,3661757
tt0085794,The King of Comedy,1982.0,109,7.8,125242,19000000,2536000
tt0085811,Krull,1983.0,121,6.1,37588,27000000,16916617
tt0085862,Lone Wolf McQuade,1983.0,107,6.3,14734,5000000,12232628
tt0085959,Monty Python's the Meaning of Life,1983.0,107,7.5,127371,9000000,15000000
tt0085995,Vacation,1983.0,98,7.3,123890,15000000,61418063
tt0086066,The Outsiders,1983.0,91,7.0,103325,10000000,33697647
tt0086129,Porky's II: The Next Day,1983.0,98,5.0,13104,6500000,54959266
tt0086154,Psycho II,1983.0,113,6.6,33001,5000000,34725000
tt0086190,Star Wars: Episode VI - Return of the Jedi,1983.0,131,8.3,1156942,32350000,572700000
tt0086197,The Right Stuff,1983.0,193,7.8,67005,27000000,21500000
tt0086200,Risky Business,1983.0,99,6.8,103675,6200000,63541777
tt0086205,Romantic Comedy,1983.0,103,5.3,1052,10000000,6857733
tt0086216,Rumble Fish,1983.0,94,7.1,39491,10000000,2494480
tt0086250,Scarface,1983.0,170,8.3,956158,25000000,66023329
tt0086264,Screwballs,1983.0,80,4.6,3907,800000,2082215
tt0086320,Sleepaway Camp,1983.0,84,6.2,40687,350000,11000000
tt0086325,Smokey and the Bandit Part 3,1983.0,85,3.5,9982,9000000,7000000
tt0086336,Something Wicked This Way Comes,1983.0,95,6.7,11228,20000000,8400000
tt0086346,Spacehunter: Adventures in the Forbidden Zone,1983.0,90,5.5,6924,15000000,16478265
tt0086356,The Star Chamber,1983.0,109,6.4,8021,8000000,5555305
tt0086379,Stroker Ace,1983.0,96,4.9,4469,14000000,11400000
tt0086393,Superman III,1983.0,125,5.0,77254,39000000,80200000
tt0086429,Testament,1983.0,90,6.9,7505,1500000,2044892
tt0086450,To Be or Not to Be,1983.0,107,6.9,12408,9000000,13030214
tt0086465,Trading Places,1983.0,116,7.5,173597,15000000,90404800
tt0086491,Twilight Zone: The Movie,1983.0,101,6.4,42834,10000000,29450920
tt0086508,Uncommon Valor,1983.0,105,6.3,12183,11000000,30503151
tt0086525,Valley Girl,1983.0,99,6.4,19589,350000,17343596
tt0086541,Videodrome,1983.0,87,7.2,107898,5952000,2120439
tt0086567,WarGames,1983.0,114,7.1,115671,12000000,124600000
tt0086617,The Year of Living Dangerously,1982.0,115,7.1,23766,6000000,1300000
tt0086837,2010: The Year We Make Contact,1984.0,116,6.7,59150,28000000,40400000
tt0086856,The Adventures of Buckaroo Banzai Across the 8th Dimension,1984.0,103,6.2,30888,17000000,6254148
tt0086879,Amadeus,1984.0,160,8.4,445706,18000000,90007557
tt0086927,Bachelor Party,1984.0,105,6.3,43628,6000000,38435947
tt0086960,Beverly Hills Cop,1984.0,105,7.4,222748,14000000,316360478
tt0086973,Blame It on Rio,1984.0,100,5.8,12541,9000000,18644570
tt0086979,Blood Simple,1984.0,99,7.5,109307,1500000,4229114
tt0086984,Body Double,1984.0,114,6.8,41896,10000000,8801940
tt0086987,Bolero,1984.0,105,3.0,6238,7000000,8914881
tt0086993,The Bounty,1984.0,132,7.0,32609,25000000,8613462
tt0087032,Cannonball Run II,1984.0,108,5.1,18111,20000000,56278073
tt0087050,Children of the Corn,1984.0,92,5.6,59780,800000,14568989
tt0087062,City Heat,1984.0,97,5.5,11294,25000000,38348988
tt0087075,The Company of Wolves,1984.0,95,6.6,19634,2000000,4389334
tt0087078,Conan the Destroyer,1984.0,103,5.9,87549,18000000,31042035
tt0087182,Dune,1984.0,137,6.3,187124,40000000,30982607
tt0087277,Footloose,1984.0,107,6.6,97375,8200000,80035402
tt0087298,Friday the 13th: The Final Chapter,1984.0,91,6.0,62491,2200000,32981717
tt0087332,Ghostbusters,1984.0,105,7.8,468009,30000000,296578797
tt0087363,Gremlins,1984.0,106,7.3,260497,11000000,153083102
tt0087385,Hardbodies,1984.0,88,4.9,4365,1995000,7100000
tt0087428,The Hotel New Hampshire,1984.0,109,5.9,9455,7500000,5100000
tt0087451,The Ice Pirates,1984.0,94,5.6,12260,9000000,14250000
tt0087469,Indiana Jones and the Temple of Doom,1984.0,118,7.5,549605,28000000,333000000
tt0087507,Johnny Dangerously,1984.0,90,6.5,16908,9000000,17000000
tt0087538,The Karate Kid,1984.0,126,7.3,256754,8000000,130442786
tt0087597,The Last Starfighter,1984.0,100,6.7,47798,15000000,28733290
tt0087727,Missing in Action,1984.0,101,5.4,17369,2550000,22812411
tt0087751,Mrs. Soffel,1984.0,110,6.1,3710,11000000,4385312
tt0087781,The Natural,1984.0,138,7.4,53920,28000000,48000000
tt0087799,Night of the Comet,1984.0,95,6.3,25463,3000000,14418922
tt0087800,A Nightmare on Elm Street,1984.0,91,7.4,275920,1800000,57004513
tt0087843,Once Upon a Time in America,1984.0,229,8.3,392294,30000000,5500000
tt0087884,"Paris, Texas",1984.0,145,8.1,130009,1750000,2181987
tt0087892,A Passage to India,1984.0,164,7.3,22061,8000000,27201487
tt0087928,Police Academy,1984.0,96,6.7,142876,4500000,81198894
tt0087951,Protocol,1984.0,96,5.5,5433,12000000,26200000
tt0087981,Razorback,1984.0,95,6.0,8310,5500000,801000
tt0087995,Repo Man,1984.0,92,6.8,43326,1500000,2300000
tt0088011,Romancing the Stone,1984.0,106,6.9,107200,10000000,86572238
tt0088024,Runaway,1984.0,100,5.9,15173,8000000,6770587
tt0088044,Savage Streets,1984.0,93,6.2,5971,1500000,5000000
tt0088117,"Silent Night, Deadly Night",1984.0,79,5.8,20070,1065000,2491460
tt0088128,Sixteen Candles,1984.0,93,7.0,130926,6500000,23686027
tt0088161,Splash,1984.0,111,6.3,85760,8000000,69800000
tt0088170,Star Trek III: The Search for Spock,1984.0,105,6.6,88199,18000000,87000000
tt0088172,Starman,1984.0,115,7.0,54668,22000000,28744356
tt0088206,Supergirl,1984.0,124,4.4,24902,35000000,14296438
tt0088247,The Terminator,1984.0,107,8.1,958296,6400000,78371200
tt0088258,This Is Spinal Tap,1984.0,82,7.9,150852,2500000,4737539
tt0088286,Top Secret!,1984.0,90,7.2,76059,9000000,20500000
tt0088414,The Woman in Red,1984.0,87,6.0,18364,9000000,25300000
tt0088680,After Hours,1985.0,97,7.6,87499,4500000,10609321
tt0088708,American Ninja,1985.0,95,5.5,17504,1000000,10499694
tt0088763,Back to the Future,1985.0,116,8.5,1366464,19000000,381109762
tt0088814,The Black Cauldron,1985.0,80,6.3,42730,25000000,21300000
tt0088846,Brazil,1985.0,132,7.8,215735,15000000,9900000
tt0088847,The Breakfast Club,1985.0,97,7.8,453659,1000000,51525171
tt0088889,Cat's Eye,1985.0,94,6.3,29148,7000000,13100000
tt0088930,Clue,1985.0,94,7.3,115189,15000000,14643997
tt0088939,The Color Purple,1985.0,154,7.7,100448,15000000,146300000
tt0088944,Commando,1985.0,90,6.7,180677,10000000,57500000
tt0088979,D.A.R.Y.L.,1985.0,99,6.3,14483,10000000,7840873
tt0089017,Desperately Seeking Susan,1985.0,104,6.1,27346,4500000,27399597
tt0089092,Enemy Mine,1985.0,108,6.8,53037,40000000,12300000
tt0089155,Fletch,1985.0,98,6.9,59332,8000000,59612888
tt0089173,Friday the 13th: A New Beginning,1985.0,92,4.8,46438,2200000,21930418
tt0089175,Fright Night,1985.0,106,7.0,83704,9000000,24922237
tt0089200,Ghoulies,1984.0,81,4.2,10815,5500000,35000000
tt0089218,The Goonies,1985.0,114,7.7,310756,19000000,61389680
tt0089243,Gymkata,1985.0,90,4.4,4782,8500000,5730596
tt0089348,Invasion U.S.A.,1985.0,107,5.5,11861,12000000,17536256
tt0089360,Jagged Edge,1985.0,108,6.5,17695,15000000,40500000
tt0089370,The Jewel of the Nile,1985.0,106,6.1,64151,25000000,96800000
tt0089393,Just One of the Guys,1985.0,100,6.5,18883,11500000,11528900
tt0089421,King Solomon's Mines,1985.0,100,5.2,15559,12500000,15057465
tt0089424,Kiss of the Spider Woman,1985.0,120,7.3,18113,1250000,17000000
tt0089457,Ladyhawke,1985.0,121,6.9,53047,20000000,18432000
tt0089461,The Last Dragon,1985.0,109,6.8,18514,10000000,25754284
tt0089469,Legend,1985.0,94,6.3,75556,24500000,15502112
tt0089489,Lifeforce,1985.0,101,6.1,31736,25000000,11603545
tt0089504,Lost in America,1985.0,91,7.0,10689,4000000,10179000
tt0089530,Mad Max Beyond Thunderdome,1985.0,107,6.2,157525,10000000,36230219
tt0089603,Mishima: A Life in Four Chapters,1985.0,120,7.9,15121,5000000,502758
tt0089670,National Lampoon's European Vacation,1985.0,95,6.2,73666,17000000,49364621
tt0089686,A Nightmare on Elm Street 2: Freddy's Revenge,1985.0,87,5.5,81413,3000000,29999213
tt0089730,Once Bitten,1985.0,94,5.6,18079,3200000,10000000
tt0089755,Out of Africa,1985.0,161,7.1,89059,31000000,227514205
tt0089791,Pee-wee's Big Adventure,1985.0,91,7.0,60844,6000000,40900000
tt0089822,Police Academy 2: Their First Assignment,1985.0,87,5.8,61103,7600000,55600000
tt0089826,Porky's Revenge,1985.0,92,4.8,9483,9000000,20518905
tt0089853,The Purple Rose of Cairo,1985.0,82,7.7,56720,15000000,10631333
tt0089885,Re-Animator,1985.0,84,7.1,74483,900000,2023414
tt0089886,Real Genius,1985.0,108,6.9,38882,8000000,12952019
tt0089893,Red Sonja,1985.0,89,5.1,46134,17900000,6948633
tt0089907,The Return of the Living Dead,1985.0,91,7.3,72991,4000000,14241310
tt0089908,Return to Oz,1985.0,113,6.7,32208,25000000,11137801
tt0089927,Rocky IV,1985.0,91,6.9,234108,31000000,300473716
tt0089945,Rustlers' Rhapsody,1985.0,88,6.4,2635,5500000,6090497
tt0089961,Santa Claus,1985.0,107,6.3,16509,50000000,23717291
tt0090021,Silver Bullet,1985.0,95,6.4,33377,7000000,12400000
tt0090022,Silverado,1985.0,133,7.2,51788,23000000,32192570
tt0090056,Spies Like Us,1985.0,102,6.4,54230,22000000,60088980
tt0090103,The Sure Thing,1985.0,95,7.0,22829,4500000,18135531
tt0090142,Teen Wolf,1985.0,91,6.1,62485,1200000,80000000
tt0090190,The Toxic Avenger,1984.0,82,6.2,33882,500000,800000
tt0090196,Transylvania 6-5000,1985.0,93,5.0,8829,3000000,7200000
tt0090264,A View to a Kill,1985.0,131,6.3,108030,30000000,152427960
tt0090305,Weird Science,1985.0,94,6.6,101364,7500000,38934048
tt0090327,Witchboard,1986.0,98,5.7,8746,2000000,7369373
tt0090357,Young Sherlock Holmes,1985.0,109,6.8,24115,18000000,63700000
tt0090583,About Last Night,1986.0,113,6.3,18240,8500000,38702310
tt0090605,Aliens,1986.0,137,8.4,804013,18500000,183316455
tt0090633,An American Tail,1986.0,80,6.9,59736,9000000,84542002
tt0090660,Armed and Dangerous,1986.0,88,5.7,13158,12000000,15945534
tt0090728,Big Trouble in Little China,1986.0,99,7.2,159816,25000000,11102672
tt0090738,Black Widow,1987.0,102,6.4,11432,10500000,25205460
tt0090756,Blue Velvet,1986.0,120,7.7,229820,6000000,8636706
tt0090856,Club Paradise,1986.0,96,5.1,7232,15000000,12308521
tt0090859,Cobra,1986.0,87,5.8,82286,25000000,49042224
tt0090886,Crimes of the Heart,1986.0,105,6.3,4632,20000000,22905522
tt0090887,Critters,1986.0,86,6.1,41042,2000000,13167232
tt0090966,Down and Out in Beverly Hills,1986.0,103,6.2,20650,14000000,62134225
tt0091042,Ferris Bueller's Day Off,1986.0,103,7.8,400408,6000000,70100000
tt0091055,Firewalker,1986.0,105,5.1,8206,8000000,11949484
tt0091059,Flight of the Navigator,1986.0,90,6.9,53201,9000000,18564613
tt0091064,The Fly,1986.0,96,7.6,213030,15000000,60629159
tt0091080,Friday the 13th Part VI: Jason Lives,1986.0,86,6.0,54003,3000000,19472525
tt0091083,From Beyond,1986.0,85,6.6,33029,4500000,1261000
tt0091129,The Golden Child,1986.0,94,6.0,61403,25000000,79817939
tt0091178,Haunted Honeymoon,1986.0,82,5.7,8389,13000000,8000000
tt0091187,Heartbreak Ridge,1986.0,130,6.8,50046,15000000,42700000
tt0091203,Highlander,1986.0,116,7.0,152188,19000000,12900000
tt0091209,The Hitcher,1986.0,97,7.2,55771,6000000,5844868
tt0091217,Hoosiers,1986.0,114,7.4,53757,9000000,28600000
tt0091223,House,1985.0,93,6.1,31284,3000000,19444631
tt0091225,Howard the Duck,1986.0,110,4.8,52616,37000000,38000000
tt0091276,Invaders from Mars,1986.0,100,5.5,11258,12000000,4884663
tt0091278,Iron Eagle,1986.0,117,5.5,16539,18000000,24159872
tt0091306,Jumpin' Jack Flash,1986.0,105,5.9,21208,18000000,29844101
tt0091369,Labyrinth,1986.0,101,7.3,156449,25000000,12729917
tt0091396,Legal Eagles,1986.0,116,6.0,12588,40000000,93151591
tt0091419,Little Shop of Horrors,1986.0,94,7.1,90136,25000000,38800000
tt0091445,Lucas,1986.0,100,6.9,18098,6000000,8200000
tt0091472,The Manhattan Project,1986.0,117,6.1,7114,18000000,3900000
tt0091474,Manhunter,1986.0,120,7.2,86120,150000000,8620929
tt0091499,Maximum Overdrive,1986.0,98,5.4,37778,10000000,7400000
tt0091530,The Mission,1986.0,125,7.4,68047,24500000,17200000
tt0091541,The Money Pit,1986.0,91,6.4,64446,10000000,54999651
tt0091557,The Mosquito Coast,1986.0,117,6.6,32204,25000000,14302779
tt0091575,Murphy's Law,1986.0,100,5.9,6937,6000000,9947631
tt0091605,The Name of the Rose,1986.0,130,7.7,122006,18000000,77200000
tt0091630,Night of the Creeps,1986.0,88,6.7,27362,5000000,591366
tt0091635,9½ Weeks,1986.0,117,5.9,45176,17000000,6740470
tt0091671,From a Whisper to a Scream,1987.0,99,5.7,3163,1100000,1400000
tt0091707,The Outing,1987.0,87,5.1,2446,2000000,1083395
tt0091738,Peggy Sue Got Married,1986.0,103,6.4,42385,18000000,41382841
tt0091757,Pirates,1986.0,121,6.0,9773,40000000,1641825
tt0091778,Poltergeist II: The Other Side,1986.0,91,5.7,31427,19000000,40996665
tt0091790,Pretty in Pink,1986.0,97,6.7,91926,9000000,40471663
tt0091799,Psycho III,1986.0,93,5.5,17335,8400000,14481606
tt0091828,Raw Deal,1986.0,106,5.6,39214,8500000,16209459
tt0091860,River's Edge,1986.0,99,6.9,21885,1900000,4600000
tt0091877,Ruthless People,1986.0,93,6.9,31433,11000000,71600000
tt0091934,Shanghai Surprise,1986.0,97,3.3,5928,17000000,2315683
tt0091939,She's Gotta Have It,1986.0,84,6.8,16880,175000,7137503
tt0091949,Short Circuit,1986.0,98,6.6,68280,10000000,40697761
tt0091954,Sid and Nancy,1986.0,112,7.0,35720,4000000,2826523
tt0091991,Soul Man,1986.0,104,5.3,9432,4500000,35000000
tt0091993,SpaceCamp,1986.0,107,5.7,16264,18000000,9697739
tt0092005,Stand by Me,1986.0,89,8.1,460833,8000000,52300000
tt0092007,Star Trek IV: The Voyage Home,1986.0,119,7.3,93718,21000000,133000000
tt0092076,The Texas Chainsaw Massacre 2,1986.0,101,5.6,40579,4500000,8000000
tt0092086,Three Amigos!,1986.0,104,6.5,87992,25000000,39200000
tt0092099,Top Gun,1986.0,109,7.0,522716,15000000,356830601
tt0092106,The Transformers: The Movie,1986.0,84,7.2,43390,6000000,5860601
tt0092115,Troll,1986.0,82,4.6,12196,1100000,5450815
tt0092147,Vamp,1986.0,93,5.9,7575,3300000,4941117
tt0092226,Wise Guys,1986.0,100,5.6,6563,13000000,8475466
tt0092240,The Wraith,1986.0,93,5.9,20404,2700000,3500000
tt0092548,American Ninja 2: The Confrontation,1987.0,90,5.0,10103,350000,4000000
tt0092563,Angel Heart,1987.0,113,7.2,99229,17000000,17185954
tt0092585,Assassination,1987.0,88,5.2,3892,5000000,6075793
tt0092605,Baby Boom,1987.0,110,6.3,19935,15000000,26712476
tt0092615,The Barbarians,1987.0,87,5.0,5461,4000000,800000
tt0092627,The Bedroom Window,1987.0,112,6.4,7280,8300000,12640385
tt0092644,Beverly Hills Cop II,1987.0,103,6.6,142738,28000000,299965036
tt0092666,Blind Date,1987.0,95,5.9,24928,18000000,39321715
tt0092675,Bloodsport,1988.0,92,6.8,98082,1500000,65000000
tt0092699,Broadcast News,1987.0,133,7.3,35222,20000000,67330500
tt0092718,Can't Buy Me Love,1987.0,94,6.8,43841,1800000,31623833
tt0092796,Creepshow 2,1987.0,92,6.0,29456,3500000,14000000
tt0092804,Cry Freedom,1987.0,157,7.4,14893,29000000,25900000
tt0092890,Dirty Dancing,1987.0,100,7.1,267668,6000000,214577242
tt0092925,Dragnet,1987.0,106,6.0,38514,20000000,66700000
tt0092965,Empire of the Sun,1987.0,153,7.7,137865,35000000,66700000
tt0092974,Ernest Goes to Camp,1987.0,92,5.5,12844,3000000,23509382
tt0092991,Evil Dead II,1987.0,84,7.7,188652,3500000,10900000
tt0093010,Fatal Attraction,1987.0,119,6.9,105056,14000000,320145693
tt0093029,Five Corners,1987.0,90,6.1,4007,5500000,969205
tt0093044,The Fourth Protocol,1987.0,119,6.5,11547,6000000,12423831
tt0093051,From the Hip,1987.0,111,6.1,2728,9000000,9518342
tt0093058,Full Metal Jacket,1987.0,116,8.2,816523,30000000,46357676
tt0093075,The Gate,1987.0,85,6.0,20711,2500000,13539458
tt0093105,"Good Morning, Vietnam",1987.0,121,7.3,159176,13000000,123922370
tt0093177,Hellraiser,1987.0,94,6.9,147010,1000000,14575193
tt0093185,The Hidden,1987.0,97,7.0,24056,5000000,9747988
tt0093278,Ishtar,1987.0,107,4.7,12448,51000000,14375181
tt0093300,Jaws: The Revenge,1987.0,89,3.0,51218,23000000,51881012
tt0093389,The Last Emperor,1987.0,163,7.7,115279,23800000,44000000
tt0093405,Leonard Part 6,1987.0,85,2.2,8793,24000000,4600000
tt0093409,Lethal Weapon,1987.0,109,7.6,285284,15000000,120207127
tt0093418,Like Father Like Son,1987.0,100,5.2,6646,10500000,34377585
tt0093428,The Living Daylights,1987.0,130,6.7,109448,40000000,191185897
tt0093437,The Lost Boys,1987.0,97,7.2,168696,8500000,32222567
tt0093493,Mannequin,1987.0,90,6.0,37532,6000000,42700000
tt0093507,Masters of the Universe,1987.0,106,5.4,46081,22000000,17336370
tt0093512,Maurice,1987.0,140,7.6,25227,2600000,2438304
tt0093560,The Monster Squad,1987.0,82,6.9,36986,12000000,3769990
tt0093565,Moonstruck,1987.0,102,7.2,73190,15000000,122100000
tt0093605,Near Dark,1987.0,94,6.9,47093,5000000,3400000
tt0093624,Night of the Demons,1988.0,90,6.1,20394,1200000,3109904
tt0093629,A Nightmare on Elm Street 3: Dream Warriors,1987.0,96,6.7,94689,4450000,44793222
tt0093640,No Way Out,1987.0,114,7.1,50614,15000000,35509515
tt0093692,Over the Top,1987.0,93,5.8,62010,25000000,16057580
tt0093693,Overboard,1987.0,112,6.9,71295,22000000,26700000
tt0093748,"Planes, Trains & Automobiles",1987.0,93,7.6,169376,15000000,49500000
tt0093773,Predator,1987.0,107,7.8,473700,15000000,98267558
tt0093779,The Princess Bride,1987.0,98,8.0,463668,16000000,30900000
tt0093822,Raising Arizona,1987.0,94,7.3,155251,6000000,29180280
tt0093870,RoboCop,1987.0,102,7.6,294292,13000000,53424681
tt0093886,Roxanne,1987.0,107,6.6,48823,12000000,40050884
tt0093894,The Running Man,1987.0,101,6.6,173499,27000000,38122105
tt0093980,"Sister, Sister",1987.0,91,5.5,1452,4000000,743445
tt0094008,Someone to Watch Over Me,1987.0,106,6.1,12393,17000000,10278549
tt0094012,Spaceballs,1987.0,96,7.1,213935,22700000,38119483
tt0094025,Stakeout,1987.0,117,6.7,29348,14500000,65673233
tt0094074,Superman IV: The Quest for Peace,1987.0,90,3.7,54951,17000000,36681020
tt0094118,Teen Wolf Too,1987.0,95,3.5,12819,3000000,7900000
tt0094138,Three O'Clock High,1987.0,101,7.1,13714,6000000,3685862
tt0094142,Throw Momma from the Train,1987.0,88,6.3,42367,14000000,57915972
tt0094169,Tough Guys Don't Dance,1987.0,110,4.9,1985,5000000,858250
tt0094226,The Untouchables,1987.0,119,7.8,341311,25000000,76270454
tt0094291,Wall Street,1987.0,126,7.3,169064,15000000,43900000
tt0094332,The Witches of Eastwick,1987.0,118,6.5,80683,22000000,63766510
tt0094602,Above the Law,1988.0,99,6.0,35760,7500000,18869631
tt0094612,Action Jackson,1988.0,96,5.6,13076,7000000,20256975
tt0094631,Alien Nation,1988.0,91,6.3,17125,16000000,32155047
tt0094667,Apartment Zero,1988.0,124,6.8,4341,4000000,670774
tt0094701,Bad Dreams,1988.0,84,5.6,4520,4000000,9797098
tt0094721,Beetlejuice,1988.0,92,7.5,400725,15000000,84554197
tt0094737,Big,1988.0,104,7.3,248939,18000000,151927281
tt0094747,Bird,1988.0,161,7.1,13906,9000000,2000000
tt0094761,The Blob,1988.0,95,6.7,46484,10000000,8247943
tt0094792,Braddock: Missing in Action III,1988.0,103,4.9,7561,9000000,6193901
tt0094812,Bull Durham,1988.0,108,7.0,61408,7000000,50888000
tt0094862,Child's Play,1988.0,87,6.7,123936,9000000,44196684
tt0094898,Coming to America,1988.0,117,7.1,231199,30000000,288752301
tt0094924,A Cry in the Dark,1988.0,120,6.9,11617,15000000,6908797
tt0094947,Dangerous Liaisons,1988.0,119,7.5,77203,14000000,34670720
tt0094961,Dead Heat,1988.0,84,6.1,9637,5000000,3588626
tt0094963,The Dead Pool,1988.0,91,6.3,50607,20000000,37900000
tt0094964,Dead Ringers,1988.0,116,7.2,55980,13000000,8038508
tt0095016,Die Hard,1988.0,132,8.2,984799,28000000,140767956
tt0095031,Dirty Rotten Scoundrels,1988.0,110,7.4,82041,6500000,42000000
tt0095082,Eight Men Out,1988.0,119,7.2,22960,6100000,5700000
tt0095107,Ernest Saves Christmas,1988.0,91,5.7,13568,6000000,28202109
tt0095159,A Fish Called Wanda,1988.0,108,7.5,159060,7500000,188593712
tt0095174,Frantic,1988.0,120,6.8,59522,20000000,17637950
tt0095179,Friday the 13th: The New Blood,1988.0,88,5.2,44650,2800000,19170001
tt0095188,Funny Farm,1988.0,101,6.2,25652,19000000,25537221
tt0095270,Hairspray,1988.0,92,7.0,24276,2000000,6671108
tt0095271,Halloween 4: The Return of Michael Myers,1988.0,88,5.8,61342,5000000,17768757
tt0095294,Hellbound: Hellraiser II,1988.0,97,6.4,58324,3000000,12090735
tt0095304,High Spirits,1988.0,99,5.8,11341,15000000,8500000
tt0095348,I'm Gonna Git You Sucka,1988.0,88,6.6,15657,3000000,13000000
tt0095444,Killer Klowns from Outer Space,1988.0,88,6.2,49209,1800000,43625095
tt0095488,The Lair of the White Worm,1988.0,93,6.1,16535,2500000,1189315
tt0095489,The Land Before Time,1988.0,69,7.4,102589,12500000,84704291
tt0095497,The Last Temptation of Christ,1988.0,164,7.5,65123,7000000,33773585
tt0095583,Maniac Cop,1988.0,85,6.0,21599,1100000,671382
tt0095593,Married to the Mob,1988.0,104,6.2,20701,10000000,21486757
tt0095631,Midnight Run,1988.0,126,7.5,98637,30000000,38413606
tt0095647,Mississippi Burning,1988.0,128,7.8,119117,15000000,34604000
tt0095655,Moonwalker,1988.0,93,6.1,18860,22000000,67000000
tt0095687,My Stepmother Is an Alien,1988.0,105,5.4,28341,20000000,13854000
tt0095690,Mystic Pizza,1988.0,104,6.3,34470,6000000,12793213
tt0095705,The Naked Gun: From the Files of Police Squad!,1988.0,85,7.6,192991,12000000,152356177
tt0095742,A Nightmare on Elm Street 4: The Dream Master,1988.0,93,5.6,64495,6500000,49369899
tt0095776,Oliver & Company,1988.0,74,6.6,54791,31000000,121000000
tt0095863,Phantasm II,1988.0,97,6.4,17279,3000000,7282851
tt0095882,Police Academy 5: Assignment: Miami Beach,1988.0,90,4.6,39455,14000000,19510371
tt0095889,Poltergeist III,1988.0,98,4.7,21486,10500000,14144000
tt0095925,Pumpkinhead,1988.0,86,6.2,29486,3500000,4400000
tt0095953,Rain Man,1988.0,133,8.0,561699,25000000,354825435
tt0095956,Rambo III,1988.0,102,5.8,144479,63000000,189015611
tt0095963,Red Heat,1988.0,104,6.1,78520,29000000,34994648
tt0095990,Return of the Living Dead II,1988.0,89,5.7,22415,6000000,9205924
tt0096061,Scrooged,1988.0,101,6.9,123121,32000000,60300000
tt0096101,Short Circuit 2,1988.0,110,5.8,27518,10000000,21600000
tt0096193,Sunset,1988.0,102,5.7,4767,16000000,4594452
tt0096203,Switching Channels,1988.0,105,5.9,4311,18000000,9129999
tt0096219,Talk Radio,1988.0,110,7.2,15085,4000000,3468572
tt0096244,Tequila Sunrise,1988.0,115,6.1,34915,23000000,105900000
tt0096256,They Live,1988.0,94,7.2,153384,4000000,13000000
tt0096320,Twins,1988.0,107,6.2,141949,15000000,216614388
tt0096438,Who Framed Roger Rabbit,1988.0,104,7.7,224345,70000000,329800000
tt0096446,Willow,1988.0,126,7.2,133174,35000000,57300000
tt0096463,Working Girl,1988.0,113,6.8,64886,28000000,103173635
tt0096734,The 'Burbs,1989.0,102,6.8,86743,18000000,49100000
tt0096754,The Abyss,1989.0,140,7.5,200223,70000000,90000098
tt0096764,The Adventures of Baron Munchausen,1988.0,126,7.1,58217,46630000,8083123
tt0096874,Back to the Future Part II,1989.0,108,7.8,594187,40000000,332000000
tt0096895,Batman,1989.0,126,7.5,417698,35000000,411348924
tt0096913,Best of the Best,1989.0,97,6.4,15997,5000000,1700000
tt0096928,Bill & Ted's Excellent Adventure,1989.0,90,6.9,145194,10000000,40510984
tt0096969,Born on the Fourth of July,1989.0,145,7.2,119725,14000000,161001698
tt0097001,C.H.U.D. II: Bud the Chud,1989.0,84,4.1,4222,49200000,62405000
tt0097044,Chances Are,1989.0,108,6.5,14303,16000000,16300000
tt0097108,"The Cook, the Thief, His Wife & Her Lover",1989.0,124,7.5,43248,2300000,7724701
tt0097116,Cousins,1989.0,113,6.4,5257,13000000,22030000
tt0097123,Crimes and Misdemeanors,1989.0,104,7.8,61865,19000000,18254702
tt0097125,Criminal Law,1988.0,117,5.7,4853,5000000,9974446
tt0097138,Cyborg,1989.0,86,5.0,35558,500000,10166459
tt0097162,Dead Calm,1989.0,96,6.8,45663,10400000,7825000
tt0097165,Dead Poets Society,1989.0,128,8.1,584831,16400000,235900000
tt0097179,DeepStar Six,1989.0,99,5.3,13884,8000000,8143225
tt0097216,Do the Right Thing,1989.0,120,8.0,117379,6500000,37300000
tt0097235,The Dream Team,1989.0,113,6.5,16847,14000000,28890240
tt0097239,Driving Miss Daisy,1989.0,99,7.3,120507,7500000,145793296
tt0097240,Drugstore Cowboy,1989.0,101,7.2,42229,2500000,4700000
tt0097257,Earth Girls Are Easy,1988.0,100,5.5,26075,10000000,3916303
tt0097276,"Enemies, A Love Story",1989.0,119,6.6,2683,9500000,7754571
tt0097322,The Fabulous Baker Boys,1989.0,114,6.9,26490,13000000,18428904
tt0097334,Farewell to the King,1989.0,117,6.2,3220,16000000,2420917
tt0097351,Field of Dreams,1989.0,107,7.5,133182,15000000,84431625
tt0097366,Fletch Lives,1989.0,95,6.1,23866,8000000,35150960
tt0097368,The Fly II,1989.0,105,5.2,25539,16500000,38900000
tt0097388,Friday the 13th Part VIII: Jason Takes Manhattan,1989.0,100,4.5,45407,5300000,14343976
tt0097428,Ghostbusters II,1989.0,108,6.6,232396,37000000,215394738
tt0097438,Gleaming the Cube,1989.0,105,6.3,9409,10000000,2777280
tt0097441,Glory,1989.0,122,7.8,148626,18000000,26800000
tt0097458,Gross Anatomy,1989.0,109,6.2,4215,8500000,11604598
tt0097474,Halloween 5: The Revenge of Michael Myers,1989.0,96,4.9,49281,3000000,11642254
tt0097481,Harlem Nights,1989.0,116,6.1,25786,30000000,60864870
tt0097493,Heathers,1988.0,103,7.1,121765,3000000,1166207
tt0097499,Henry V,1989.0,137,7.5,32483,9000000,10161211
tt0097523,"Honey, I Shrunk the Kids",1989.0,93,6.4,171120,18000000,222724172
tt0097576,Indiana Jones and the Last Crusade,1989.0,127,8.2,834096,48000000,474171806
tt0097637,K-9,1989.0,101,6.1,36439,17000000,78247647
tt0097647,The Karate Kid Part III,1989.0,112,5.3,72586,12500000,38956288
tt0097659,Kickboxer,1989.0,97,6.4,63524,1500000,14697005
tt0097737,Leviathan,1989.0,98,5.8,25281,25000000,15704614
tt0097742,Licence to Kill,1989.0,133,6.7,115401,32000000,156167015
tt0097757,The Little Mermaid,1989.0,83,7.6,300091,40000000,211343479
tt0097770,Lock Up,1989.0,109,6.4,47953,24000000,22099847
tt0097815,Major League,1989.0,107,7.2,79275,11000000,75000000
tt0097889,Miracle Mile,1988.0,87,7.0,13345,3700000,1145404
tt0097940,Mystery Train,1989.0,110,7.5,31784,2800000,1544973
tt0097958,National Lampoon's Christmas Vacation,1989.0,97,7.5,234317,27000000,74542088
tt0097965,New York Stories,1989.0,124,6.4,20392,15000000,10763469
tt0097981,A Nightmare on Elm Street: The Dream Child,1989.0,89,5.0,53025,8000000,22168359
tt0098051,The Package,1989.0,108,6.4,12796,16000000,10647219
tt0098068,Parents,1989.0,81,6.1,8974,3000000,870532
tt0098084,Pet Sematary,1989.0,103,6.5,119134,11500000,57500000
tt0098097,Pink Cadillac,1989.0,122,5.4,12711,19000000,12100000
tt0098180,Red Scorpion,1988.0,105,5.2,10169,16000000,4192440
tt0098188,Renegades,1989.0,106,5.4,4098,16000000,9015164
tt0098206,Road House,1989.0,114,6.7,106433,15000000,30100000
tt0098258,Say Anything,1989.0,100,7.3,98920,16000000,20036737
tt0098273,Sea of Love,1989.0,113,6.8,46697,19000000,110879513
tt0098282,"See No Evil, Hear No Evil",1989.0,103,6.8,60874,18000000,46900000
tt0098309,She-Devil,1989.0,99,5.7,20061,20000000,15400000
tt0098320,Shocker,1989.0,109,5.5,18485,5000000,16554699
tt0098369,Speed Zone,1989.0,94,4.5,3830,18000000,3077361
tt0098382,Star Trek V: The Final Frontier,1989.0,107,5.5,65862,33000000,63000000
tt0098384,Steel Magnolias,1989.0,117,7.3,65741,15000000,95904091
tt0098385,Stepfather II: Make Room for Daddy,1989.0,93,5.6,5176,1500000,1519796
tt0098439,Tango & Cash,1989.0,104,6.4,116933,55000000,63408614
tt0098503,The Toxic Avenger Part II,1989.0,102,5.0,7740,2500000,792966
tt0098536,Turner & Hooch,1989.0,97,6.2,78326,13000000,71079915
tt0098546,UHF,1989.0,97,6.9,32847,5000000,6157157
tt0098575,Valmont,1989.0,137,7.0,14822,33000000,1132112
tt0098577,Vampire's Kiss,1988.0,103,6.1,23010,2000000,725131
tt0098621,The War of the Roses,1989.0,116,6.8,59056,26000000,160188546
tt0098622,Warlock,1989.0,103,6.2,19861,7000000,9094451
tt0098627,Weekend at Bernie's,1989.0,97,6.4,65363,6500000,30218387
tt0098635,When Harry Met Sally...,1989.0,95,7.7,253998,16000000,92823546
tt0098663,The Wizard,1989.0,100,6.1,17092,6000000,14278900
tt0098724,"Sex, Lies, and Videotape",1989.0,100,7.2,61685,1200000,24741667
tt0099005,Air America,1990.0,113,5.8,31379,35000000,57661269
tt0099044,Another 48 Hrs.,1990.0,95,5.9,46016,38000000,153518974
tt0099052,Arachnophobia,1990.0,109,6.5,78116,31000000,53200000
tt0099077,Awakenings,1990.0,121,7.8,167521,31000000,52096475
tt0099088,Back to the Future Part III,1990.0,118,7.5,497565,40000000,244527583
tt0099091,Bad Influence,1990.0,99,6.3,11692,7000000,12626043
tt0099165,The Bonfire of the Vanities,1990.0,125,5.6,27476,47000000,15691192
tt0099253,Child's Play 2,1990.0,84,6.0,60773,13000000,35763605
tt0099277,Class of 1999,1990.0,99,5.9,9304,5200000,2459895
tt0099348,Dances with Wolves,1990.0,181,8.0,299737,22000000,424208848
tt0099365,Darkman,1990.0,96,6.4,72327,16000000,48900000
tt0099371,Days of Thunder,1990.0,107,6.1,99362,60000000,157920733
tt0099422,Dick Tracy,1990.0,105,6.2,67737,47000000,103738726
tt0099423,Die Hard 2,1990.0,124,7.1,395199,70000000,240031094
tt0099472,DuckTales the Movie: Treasure of the Lost Lamp,1990.0,74,6.8,29468,20000000,18115724
tt0099487,Edward Scissorhands,1990.0,105,7.9,543713,20000000,86024005
tt0099528,The Exorcist III,1990.0,110,6.5,40958,9300000,39024251
tt0099582,Flatliners,1990.0,115,6.6,95862,26000000,61489265
tt0099587,Flight of the Intruder,1991.0,115,5.8,8013,35000000,14587732
tt0099636,Gate 2: The Trespassers,1990.0,93,4.8,2797,6500000,2032973
tt0099653,Ghost,1990.0,126,7.1,246523,22000000,505000000
tt0099674,The Godfather Part III,1990.0,162,7.6,437195,54000000,136766062
tt0099685,Goodfellas,1990.0,145,8.7,1314363,25000000,46800000
tt0099699,Green Card,1990.0,107,6.3,26618,12500000,29888235
tt0099700,Gremlins 2: The New Batch,1990.0,106,6.4,116622,50000000,41482207
tt0099731,The Handmaid's Tale,1990.0,108,6.0,11423,13000000,5000000
tt0099739,Hard to Kill,1990.0,96,5.8,33331,10000000,47410000
tt0099740,Hardware,1990.0,94,5.9,17038,1500000,5728953
tt0099750,Heart Condition,1990.0,100,5.5,4198,10000000,4134992
tt0099763,Henry: Portrait of a Serial Killer,1986.0,83,7.0,42302,111000,609939
tt0099785,Home Alone,1990.0,103,7.7,692068,18000000,476684675
tt0099810,The Hunt for Red October,1990.0,135,7.5,221746,30000000,200512643
tt0099817,Dark Angel,1990.0,91,6.1,15194,7000000,9200000
tt0099892,Joe Versus the Volcano,1990.0,102,5.9,40803,25000000,39400000
tt0099938,Kindergarten Cop,1990.0,111,6.2,167430,15000000,201957688
tt0099994,Leatherface: Texas Chainsaw Massacre III,1990.0,85,5.0,20390,2000000,55800000
tt0100029,Lionheart,1990.0,108,6.2,41297,6000000,24271196
tt0100053,Loose Cannons,1990.0,94,4.9,5474,15000000,5585154
tt0100114,Marked for Death,1990.0,93,5.9,25154,12000000,46044400
tt0100135,Men at Work,1990.0,98,5.9,28195,9000000,16200000
tt0100140,Mermaids,1990.0,110,6.7,37905,31000000,35419397
tt0100142,Metropolitan,1989.0,98,7.3,13008,225000,2900000
tt0100150,Miller's Crossing,1990.0,115,7.7,145383,14000000,5080409
tt0100157,Misery,1990.0,107,7.8,248138,20000000,61300000
tt0100168,Mo' Better Blues,1990.0,130,6.7,14172,10000000,16153593
tt0100258,Night of the Living Dead,1990.0,92,6.8,47046,4200000,5835247
tt0100260,Nightbreed,1990.0,102,6.5,27573,11000000,8862354
tt0100318,Pacific Heights,1990.0,102,6.4,23892,18000000,55000000
tt0100403,Predator 2,1990.0,108,6.3,190168,35000000,57120318
tt0100404,Presumed Innocent,1990.0,127,6.9,49784,22000000,221303188
tt0100405,Pretty Woman,1990.0,119,7.1,382854,14000000,463406268
tt0100419,Problem Child,1990.0,81,5.5,34103,10000000,72000000
tt0100449,Quick Change,1990.0,89,6.8,23133,15000000,15260154
tt0100477,The Rescuers Down Under,1990.0,77,6.8,48973,38000000,47431461
tt0100502,RoboCop 2,1990.0,117,5.8,96129,35000000,45681173
tt0100507,Rocky V,1990.0,104,5.4,155235,42000000,119946358
tt0100514,The Rookie,1990.0,120,5.9,30193,10000000,21600000
tt0100530,The Russia House,1990.0,123,6.1,18646,21800000,22997992
tt0100594,The Sheltering Sky,1990.0,138,6.7,14212,25000000,2075084
tt0100639,Slumber Party Massacre III,1990.0,87,4.5,3634,350000,1242995
tt0100666,Spaced Invaders,1990.0,100,5.3,4070,3000000,15369573
tt0100740,Tales from the Darkside: The Movie,1990.0,93,6.2,20089,3500000,16324573
tt0100758,Teenage Mutant Ninja Turtles,1990.0,93,6.8,107987,13500000,201965915
tt0100802,Total Recall,1990.0,113,7.5,365834,65000000,261317921
tt0100814,Tremors,1990.0,96,7.2,157474,11000000,48572000
tt0100828,The Two Jakes,1990.0,137,6.1,16099,19000000,10005969
tt0100911,"Welcome Home, Roxy Carmichael",1990.0,95,5.9,6364,13000000,3989297
tt0100928,White Hunter Black Heart,1990.0,112,6.5,13677,24000000,2300000
tt0100934,Wild Orchid,1989.0,105,4.5,13285,7000000,11060485
tt0100935,Wild at Heart,1990.0,125,7.2,106721,9500000,14569027
tt0100944,The Witches,1990.0,91,6.8,56865,11000000,15400000
tt0100994,Young Guns II,1990.0,104,6.5,40201,20000000,59000000
tt0101272,The Addams Family,1991.0,99,6.9,190060,30000000,191502426
tt0101371,Article 99,1992.0,100,6.1,3686,18000000,6400000
tt0101410,Barton Fink,1991.0,116,7.6,131925,9000000,6153939
tt0101412,Beastmaster 2: Through the Portal of Time,1991.0,107,4.1,3719,6000000,869325
tt0101414,Beauty and the Beast,1991.0,84,8.0,490880,25000000,424967620
tt0101452,Bill & Ted's Bogus Journey,1991.0,93,6.3,82788,20000000,38040268
tt0101455,Bingo,1991.0,89,5.0,3226,10000000,8667684
tt0101465,Black Robe,1991.0,101,7.1,7924,11000000,8211952
tt0101507,Boyz n the Hood,1991.0,112,7.8,161210,6500000,57504069
tt0101516,Bugsy,1991.0,136,6.8,31902,30000000,49114016
tt0101540,Cape Fear,1991.0,128,7.3,225411,35000000,182300000
tt0101545,Career Opportunities,1991.0,83,5.8,18864,6000000,11336986
tt0101587,City Slickers,1991.0,113,6.8,65405,27000000,179033791
tt0101625,Once Upon a Crime...,1992.0,94,5.8,5678,18000000,3520427
tt0101701,Delirious,1991.0,96,5.8,9875,18000000,5546827
tt0101745,Doc Hollywood,1991.0,104,6.3,41383,20000000,54830779
tt0101746,The Doctor,1991.0,122,6.9,6058,12000000,38120905
tt0101757,Don't Tell Mom the Babysitter's Dead,1991.0,102,6.3,39631,10000000,25196249
tt0101761,The Doors,1991.0,140,7.2,101802,38000000,34416893
tt0101764,Double Impact,1991.0,110,5.6,45566,15000000,30102717
tt0101775,Drop Dead Fred,1991.0,103,6.0,32590,6788000,13878334
tt0101798,Edward II,1991.0,87,6.8,3151,1003575,706131
tt0101862,Father of the Bride,1991.0,105,6.6,87454,20000000,89325780
tt0101889,The Fisher King,1991.0,137,7.5,93545,24000000,41895491
tt0101912,Frankie and Johnny,1991.0,118,6.7,35749,29000000,22773535
tt0101917,Freddy's Dead: The Final Nightmare,1991.0,89,4.7,53116,10000000,34872033
tt0101921,Fried Green Tomatoes,1991.0,130,7.7,86931,11000000,119400000
tt0102004,The Hard Way,1991.0,111,6.4,23029,24000000,65595485
tt0102011,"He Said, She Said",1991.0,115,5.7,7455,15000000,9804775
tt0102034,Highlander II: The Quickening,1991.0,91,4.2,49148,34000000,15556340
tt0102048,Homicide,1991.0,102,6.9,8565,11000000,2900000
tt0102057,Hook,1991.0,142,6.8,281089,70000000,300900000
tt0102059,Hot Shots!,1991.0,85,6.7,120132,26000000,181096164
tt0102070,Hudson Hawk,1991.0,100,5.7,61921,65000000,17218080
tt0102138,JFK,1991.0,189,8.0,175471,40000000,205405498
tt0102216,King Ralph,1991.0,97,5.4,17374,23000000,52487045
tt0102266,The Last Boy Scout,1991.0,105,7.0,115777,29000000,59500000
tt0102288,Let Him Have It,1991.0,115,7.1,3896,3735600,635064
tt0102316,Little Man Tate,1991.0,99,6.6,16789,10000000,25010896
tt0102388,The Man in the Moon,1991.0,99,7.3,19996,1237669,2853801
tt0102411,The Marrying Man,1991.0,115,5.7,6421,26000000,12454768
tt0102460,Mobsters,1991.0,104,5.9,9952,23000000,20246790
tt0102492,My Girl,1991.0,102,6.9,92684,17000000,59490000
tt0102494,My Own Private Idaho,1991.0,104,6.9,64169,2500000,6400000
tt0102510,The Naked Gun 2½: The Smell of Fear,1991.0,85,6.9,126114,23000000,192030411
tt0102511,Naked Lunch,1991.0,115,6.9,58582,16000000,2641357
tt0102526,New Jack City,1991.0,97,6.6,40367,8500000,47624253
tt0102536,Night on Earth,1991.0,129,7.7,68378,3500000,2015810
tt0102558,Nothing But Trouble,1991.0,94,5.1,28666,40000000,8500000
tt0102592,One False Move,1991.0,105,7.1,15310,2500000,1543112
tt0102614,Out for Justice,1991.0,91,6.1,26694,14000000,39673161
tt0102655,The Perfect Weapon,1991.0,83,6.0,5073,10000000,14061361
tt0102685,Point Break,1991.0,122,7.3,212153,24000000,83531958
tt0102687,Poison,1991.0,85,6.3,5229,250000,609524
tt0102719,Problem Child 2,1991.0,90,4.9,24386,15000000,32704700
tt0102782,Return to the Blue Lagoon,1991.0,102,5.2,22362,11000000,2807854
tt0102798,Robin Hood: Prince of Thieves,1991.0,143,6.9,214792,48000000,390493908
tt0102802,Rock-A-Doodle,1991.0,77,6.0,11022,18000000,11657385
tt0102803,The Rocketeer,1991.0,108,6.6,63517,42000000,46704056
tt0102818,Run,1991.0,91,6.2,3304,16000000,4409328
tt0102900,Shattered,1991.0,98,6.5,11994,22000000,11500000
tt0102915,Showdown in Little Tokyo,1991.0,79,6.1,21521,8000000,2275557
tt0102926,The Silence of the Lambs,1991.0,118,8.6,1620871,19000000,272742922
tt0102943,Slacker,1990.0,97,7.0,24311,23000,1228108
tt0102945,Sleeping with the Enemy,1991.0,99,6.3,68127,19000000,175000000
tt0102951,Soapdish,1991.0,97,6.6,18257,25000000,36489888
tt0102975,Star Trek VI: The Undiscovered Country,1991.0,110,7.2,82799,27000000,96888996
tt0102984,Stone Cold,1991.0,92,6.1,10547,25000000,9151887
tt0103003,Suburban Commando,1991.0,90,4.6,11559,11000000,8000000
tt0103035,Taking Care of Business,1990.0,108,6.4,9684,14000000,20000000
tt0103060,Teenage Mutant Ninja Turtles II: The Secret of the Ooze,1991.0,88,6.0,62426,25000000,78656813
tt0103064,Terminator 2: Judgment Day,1991.0,137,8.6,1223152,102000000,520000000
tt0103074,Thelma & Louise,1991.0,130,7.6,181901,16000000,45361000
tt0103241,What About Bob?,1991.0,99,7.0,76349,35000000,63710000
tt0103247,White Fang,1991.0,107,6.7,23253,14000000,34793160
tt0103303,Year of the Gun,1991.0,111,5.6,3113,15000000,1182273
tt0103594,1492: Conquest of Paradise,1992.0,154,6.4,33897,47000000,7191399
tt0103596,3 Ninjas,1992.0,84,5.3,24041,6500000,29000301
tt0103639,Aladdin,1992.0,90,8.0,483949,28000000,504050219
tt0103644,Alien³,1992.0,114,6.4,338727,50000000,159773545
tt0103671,American Me,1992.0,125,7.1,10917,16000000,13100000
tt0103759,Bad Lieutenant,1992.0,96,7.0,50178,1000000,2019469
tt0103772,Basic Instinct,1992.0,127,7.1,229991,49000000,352927224
tt0103776,Batman Returns,1992.0,126,7.1,338450,80000000,280000000
tt0103850,Bob Roberts,1992.0,102,7.0,15943,3900000,8000000
tt0103859,Boomerang,1992.0,117,5.6,32325,40000000,131052444
tt0103893,Buffy the Vampire Slayer,1992.0,86,5.7,51490,7000000,16624456
tt0103919,Candyman,1992.0,99,6.7,104658,6000000,25792310
tt0103939,Chaplin,1992.0,143,7.5,63835,31000000,9493259
tt0103956,Child's Play 3,1991.0,90,5.2,48620,13000000,20560255
tt0104006,Consenting Adults,1992.0,99,5.7,8595,18000000,21591728
tt0104009,Cool World,1992.0,102,4.8,25757,30000000,14100000
tt0104027,CrissCross,1992.0,100,5.8,2283,14000000,3052738
tt0104036,The Crying Game,1992.0,112,7.2,61558,3705538,62548947
tt0104070,Death Becomes Her,1992.0,104,6.7,140695,55000000,149000000
tt0104073,Deep Cover,1992.0,107,7.0,15160,8000000,16600000
tt0104114,The Distinguished Gentleman,1992.0,112,5.9,17363,50000000,83000000
tt0104187,Encino Man,1992.0,88,5.8,46665,7000000,40700000
tt0104231,Far and Away,1992.0,140,6.6,70102,60000000,137783840
tt0104237,Damage,1992.0,111,6.7,21371,11000000,31000000
tt0104254,FernGully: The Last Rainforest,1992.0,76,6.6,35503,24000000,32710894
tt0104257,A Few Good Men,1992.0,138,7.7,300090,40000000,243240178
tt0104265,Final Analysis,1992.0,124,5.9,15757,32000000,28600000
tt0104291,Forever Young,1992.0,102,6.4,51202,20000000,128000000
tt0104348,Glengarry Glen Ross,1992.0,100,7.7,121142,12500000,10725228
tt0104389,The Hand That Rocks the Cradle,1992.0,110,6.7,50828,11700000,88036683
tt0104431,Home Alone 2: Lost in New York,1992.0,120,6.9,426346,18000000,358994850
tt0104437,"Honey, I Blew Up the Kid",1992.0,89,4.9,48013,40000000,58662452
tt0104438,Honeymoon in Vegas,1992.0,96,5.9,19714,25000000,35208854
tt0104452,HouseSitter,1992.0,102,6.2,27734,26000000,94900635
tt0104454,Howards End,1992.0,142,7.4,37150,8000000,26126837
tt0104549,Jennifer 8,1992.0,124,6.3,19021,20000000,11390479
tt0104573,Juice,1992.0,95,7.0,31663,5000000,20146880
tt0104670,Ladybugs,1992.0,90,5.5,10890,20000000,14796494
tt0104691,The Last of the Mohicans,1992.0,112,7.6,195820,40000000,75505856
tt0104692,The Lawnmower Man,1992.0,108,5.4,40536,10000000,32100816
tt0104694,A League of Their Own,1992.0,128,7.4,125030,40000000,132440069
tt0104695,Leap of Faith,1992.0,108,6.1,15246,20000000,23400000
tt0104779,Bitter Moon,1992.0,139,7.2,44330,5000000,1862805
tt0104797,Malcolm X,1992.0,202,7.7,105821,34000000,48169908
tt0104850,Memoirs of an Invisible Man,1992.0,99,6.0,27922,40000000,14358033
tt0104868,The Mighty Ducks,1992.0,104,6.6,73884,10000000,50752337
tt0104940,The Muppet Christmas Carol,1992.0,85,7.8,76168,12000000,27300000
tt0104952,My Cousin Vinny,1992.0,120,7.6,148397,11000000,64088552
tt0105104,Passenger 57,1992.0,84,5.9,52002,15000000,44065653
tt0105112,Patriot Games,1992.0,117,6.8,124077,45000000,178051587
tt0105121,The People Under the Stairs,1991.0,102,6.4,41676,6000000,31400000
tt0105151,The Player,1992.0,124,7.5,68291,8000000,21706101
tt0105156,Poison Ivy,1992.0,93,5.4,20794,3000000,1829804
tt0105159,The Power of One,1992.0,127,7.1,10970,18000000,2827107
tt0105217,Raising Cain,1992.0,92,6.1,18074,12000000,37170057
tt0105219,Rapid Fire,1992.0,95,6.3,10727,10000000,14356479
tt0105226,Red Rock West,1993.0,98,7.0,26621,8000000,2500000
tt0105236,Reservoir Dogs,1992.0,99,8.3,1125708,1200000,2859750
tt0105265,A River Runs Through It,1992.0,123,7.2,67467,12000000,43440294
tt0105323,Scent of a Woman,1992.0,156,8.0,347445,31000000,134100000
tt0105414,Single White Female,1992.0,107,6.4,43693,16000000,48017402
tt0105417,Sister Act,1992.0,100,6.5,112852,31000000,231605150
tt0105435,Sneakers,1992.0,126,7.1,64330,23000000,105232691
tt0105459,Split Second,1992.0,90,6.0,17465,7000000,5430822
tt0105466,Stay Tuned,1992.0,88,6.3,14753,25000000,10736401
tt0105488,Strictly Ballroom,1992.0,94,7.2,30131,3000000,33946224
tt0105616,Tom and Jerry: The Movie,1992.0,84,5.4,12624,3500000,3600000
tt0105665,Twin Peaks: Fire Walk with Me,1992.0,134,7.3,111494,10000000,4248389
tt0105690,Under Siege,1992.0,103,6.5,98482,35000000,156563139
tt0105695,Unforgiven,1992.0,130,8.2,451478,14400000,159157447
tt0105698,Universal Soldier,1992.0,102,6.1,98735,23000000,94999898
tt0105699,Unlawful Entry,1992.0,111,6.4,20361,23000000,57138719
tt0105793,Wayne's World,1992.0,94,7.0,176566,20000000,183097323
tt0105811,Whispers in the Dark,1992.0,103,5.6,2494,30000000,11124122
tt0105812,White Men Can't Jump,1992.0,115,6.8,101543,31000000,90753806
tt0105813,White Sands,1992.0,101,6.0,9239,22000000,9011574
tt0105824,Wind,1992.0,126,6.4,3192,29000000,5519569
tt0106220,Addams Family Values,1993.0,94,6.8,116243,47000000,48919043
tt0106226,The Age of Innocence,1993.0,139,7.2,70584,34000000,32255440
tt0106246,Alive,1993.0,128,7.1,66755,32000000,36700000
tt0106308,Army of Darkness,1992.0,81,7.4,201185,11000000,21502976
tt0106364,Batman: Mask of the Phantasm,1993.0,76,7.8,59982,6000000,5617391
tt0106453,Body of Evidence,1993.0,99,4.6,16953,30000000,38000000
tt0106469,"Blood In, Blood Out",1993.0,180,7.9,35857,35000000,4500000
tt0106489,A Bronx Tale,1993.0,121,7.8,170667,22000000,17287898
tt0106500,CB4,1993.0,89,6.2,10788,6000000,17953778
tt0106519,Carlito's Way,1993.0,144,7.9,238982,30000000,63800000
tt0106521,Carnosaur,1993.0,83,3.7,4533,1000000,1753979
tt0106582,Cliffhanger,1993.0,113,6.5,143984,70000000,255000211
tt0106598,Coneheads,1993.0,88,5.4,59638,33000000,21274717
tt0106627,The Crush,1993.0,89,5.8,23346,6000000,13609396
tt0106664,The Dark Half,1993.0,122,6.0,20657,15000000,10611160
tt0106673,Dave,1993.0,110,6.9,58509,28000000,92000000
tt0106677,Dazed and Confused,1993.0,103,7.6,206844,6900000,8259076
tt0106701,Dennis the Menace,1993.0,94,5.7,66777,35000000,117270765
tt0106770,Dragon: The Bruce Lee Story,1993.0,120,7.0,33734,14000000,63513743
tt0106856,Falling Down,1993.0,113,7.6,215157,25000000,40903593
tt0106912,Fire in the Sky,1993.0,109,6.5,29891,15000000,19885552
tt0106918,The Firm,1993.0,154,6.9,153527,42000000,270248367
tt0106977,The Fugitive,1993.0,130,7.8,331125,44000000,183875799
tt0107004,Geronimo: An American Legend,1993.0,115,6.6,14199,35000000,18635620
tt0107007,Gettysburg,1993.0,254,7.6,32253,25000000,12700000
tt0107009,Ghost in the Machine,1993.0,95,4.7,4288,12000000,5086909
tt0107034,The Good Son,1993.0,87,6.4,47217,17000000,60613008
tt0107048,Groundhog Day,1993.0,101,8.0,712225,14600000,71108778
tt0107050,Grumpy Old Men,1993.0,103,7.0,55561,35100000,70200000
tt0107076,Hard Target,1993.0,97,6.2,58748,18000000,74189677
tt0107120,Hocus Pocus,1993.0,96,6.9,163868,28000000,51663767
tt0107130,A Home of Our Own,1993.0,104,7.1,4111,12000000,1703282
tt0107131,Homeward Bound: The Incredible Journey,1993.0,84,7.0,53083,24000000,57333324
tt0107144,Hot Shots! Part Deux,1993.0,86,6.6,100132,25000000,133752825
tt0107206,In the Line of Fire,1993.0,128,7.2,117805,40000000,177000000
tt0107207,In the Name of the Father,1993.0,133,8.1,194530,13000000,65796862
tt0107211,Indecent Proposal,1993.0,117,6.0,81827,38000000,266614059
tt0107277,Josh and S.A.M.,1993.0,96,5.7,1696,18000000,1528163
tt0107290,Jurassic Park,1993.0,127,8.2,1110378,63000000,920100000
tt0107302,Kalifornia,1993.0,117,6.7,60142,9000000,2395231
tt0107362,Last Action Hero,1993.0,130,6.5,168568,85000000,137300000
tt0107387,Leprechaun,1993.0,92,4.8,31757,1000000,8600000
tt0107468,M. Butterfly,1993.0,101,6.7,11280,17000000,1499795
tt0107507,Manhattan Murder Mystery,1993.0,104,7.3,47925,13500000,11285588
tt0107554,Menace II Society,1993.0,97,7.5,66720,3500000,27900000
tt0107563,The Meteor Man,1993.0,100,5.2,9116,20000000,8000000
tt0107594,Money for Nothing,1993.0,100,5.7,4447,11000000,1044824
tt0107614,Mrs. Doubtfire,1993.0,125,7.1,302623,25000000,441286195
tt0107616,Much Ado About Nothing,1993.0,111,7.3,53758,11000000,22600000
tt0107688,The Nightmare Before Christmas,1993.0,76,7.9,393460,18000000,75634409
tt0107719,The Nutcracker,1993.0,92,5.9,2682,19000000,2119994
tt0107745,Once Upon a Forest,1993.0,71,6.5,6250,13000000,6582052
tt0107756,Orlando,1992.0,94,7.1,19668,4000000,5377643
tt0107798,The Pelican Brief,1993.0,141,6.6,99457,45000000,195268056
tt0107808,A Perfect World,1993.0,138,7.5,90167,30000000,135100000
tt0107818,Philadelphia,1993.0,125,7.7,265708,26000000,206678440
tt0107822,The Piano,1993.0,121,7.5,97925,7000000,40200000
tt0107943,The Remains of the Day,1993.0,134,7.8,88119,11500000,23240144
tt0107969,Rising Sun,1993.0,129,6.3,49114,40000000,107198790
tt0107977,Robin Hood: Men in Tights,1993.0,104,6.7,140950,20000000,35739755
tt0107978,RoboCop 3,1993.0,104,4.2,56099,22000000,10696210
tt0107983,Romeo Is Bleeding,1993.0,110,6.5,15743,11500000,3275585
tt0107985,Rookie of the Year,1993.0,103,6.1,32037,31000000,56500758
tt0108002,Rudy,1993.0,114,7.5,71203,12000000,22800000
tt0108037,The Sandlot,1993.0,101,7.8,107654,7000000,34348444
tt0108052,Schindler's List,1993.0,195,9.0,1511663,22000000,321365567
tt0108071,The Secret Garden,1993.0,101,7.3,46324,18000000,40000000
tt0108147,Sister Act 2: Back in the Habit,1993.0,107,5.7,61019,38000000,57319029
tt0108149,Six Degrees of Separation,1993.0,112,6.8,23448,15000000,6284090
tt0108160,Sleepless in Seattle,1993.0,105,6.8,197672,21000000,227799884
tt0108162,Sliver,1993.0,107,5.1,35451,40000000,116300000
tt0108174,Una Novia Sin Igual,1993.0,93,6.5,44094,20000000,11585483
tt0108187,Son of the Pink Panther,1993.0,93,3.9,6188,25000000,2438031
tt0108255,Super Mario Bros.,1993.0,104,4.2,65189,48000000,20915465
tt0108258,Surf Ninjas,1993.0,87,5.1,9243,6500000,4916135
tt0108308,Teenage Mutant Ninja Turtles III,1993.0,96,4.8,37377,21000000,42273609
tt0108333,The Three Musketeers,1993.0,105,6.4,61377,30000000,111898845
tt0108358,Tombstone,1993.0,130,7.8,175163,25000000,56500000
tt0108399,True Romance,1993.0,119,7.9,250664,12500000,12600000
tt0108517,Warlock: The Armageddon,1993.0,98,5.4,7189,3000000,3902679
tt0108525,Wayne's World 2,1993.0,95,6.2,89964,40000000,48198019
tt0108539,Weekend at Bernie's II,1993.0,97,4.8,14842,7000000,12741891
tt0108550,What's Eating Gilbert Grape,1993.0,118,7.7,260813,11000000,10000000
tt0109015,3 Ninjas Kick Back,1994.0,93,4.6,10272,20000000,11798854
tt0109021,8 Seconds,1994.0,105,6.6,6032,7000000,19623396
tt0109040,Ace Ventura: Pet Detective,1994.0,86,6.9,337559,15000000,107217396
tt0109045,"The Adventures of Priscilla, Queen of the Desert",1994.0,104,7.5,57773,2000000,29700000
tt0109067,The Air Up There,1994.0,107,5.6,9664,17000000,21011500
tt0109127,Angels in the Outfield,1994.0,102,6.2,35958,31000000,50236831
tt0109190,Baby's Day Out,1994.0,99,6.2,57798,50000000,16671505
tt0109254,Beverly Hills Cop III,1994.0,104,5.5,97116,50000000,119208989
tt0109303,Blown Away,1994.0,121,6.2,35126,28000000,30156002
tt0109305,Blue Chips,1994.0,108,6.3,15663,35000000,26000000
tt0109376,"Car 54, Where Are You?",1994.0,89,2.6,4581,10700000,1200000
tt0109402,The Chase,1994.0,94,5.9,22711,26000000,8000000
tt0109444,Clear and Present Danger,1994.0,141,6.9,111582,62000000,215887717
tt0109445,Clerks,1994.0,92,7.7,236237,27575,3151130
tt0109446,The Client,1994.0,119,6.7,76241,45000000,117615211
tt0109450,Cobb,1994.0,128,6.4,8309,25500000,1007583
tt0109456,Color of Night,1994.0,121,5.2,26510,40000000,19700000
tt0109506,The Crow,1994.0,102,7.5,220789,23000000,93722164
tt0109578,Death Wish: The Face of Death,1994.0,95,4.9,9298,5000000,1702394
tt0109579,Death and the Maiden,1994.0,103,7.2,27830,12000000,8003716
tt0109635,Disclosure,1994.0,128,6.2,56147,55000000,214015089
tt0109642,Dolores Claiborne,1995.0,132,7.4,50463,13000000,46400000
tt0109686,Dumb and Dumber,1994.0,107,7.3,426474,16000000,247275374
tt0109707,Ed Wood,1994.0,127,7.8,187697,18000000,5900000
tt0109758,Exit to Eden,1994.0,113,4.3,7507,27500000,6800000
tt0109813,The Flintstones,1994.0,91,5.0,88944,46000000,341631208
tt0109830,Forrest Gump,1994.0,142,8.8,2360442,55000000,677387716
tt0109831,Four Weddings and a Funeral,1994.0,117,7.1,172778,4400000,245700832
tt0109836,Frankenstein,1994.0,123,6.3,60705,45000000,112000000
tt0109906,The Glass Shield,1994.0,109,6.1,3621,5000000,3291163
tt0109959,Gunmen,1993.0,94,5.2,3927,8030000,3411885
tt0110005,Heavenly Creatures,1994.0,99,7.2,68962,5000000,3049135
tt0110006,Heavyweights,1995.0,97,6.6,31786,10000000,17700000
tt0110027,Highlander: The Final Dimension,1994.0,99,4.5,22594,30000000,36738574
tt0110057,Hoop Dreams,1994.0,170,8.3,28693,700000,7830611
tt0110074,The Hudsucker Proxy,1994.0,111,7.2,87706,25000000,2800000
tt0110093,I Love Trouble,1994.0,123,5.4,12940,45000000,61947267
tt0110099,I.Q.,1994.0,100,6.2,27064,25000000,26381221
tt0110148,Interview with the Vampire,1994.0,123,7.5,360711,60000000,223664608
tt0110167,It Could Happen to You,1994.0,101,6.4,46480,20000000,37939757
tt0110213,The Jungle Book,1994.0,111,6.1,19494,27000000,53508356
tt0110216,Junior,1994.0,109,4.7,74823,60000000,108400000
tt0110308,The Last Seduction,1994.0,110,7.0,27056,2500000,5842603
tt0110322,Legends of the Fall,1994.0,133,7.5,190328,30000000,160638883
tt0110357,The Lion King,1994.0,88,8.5,1193537,45000000,763455561
tt0110364,Little Giants,1994.0,107,6.5,31924,20000000,19300000
tt0110367,Little Women,1994.0,115,7.3,65999,18000000,50083616
tt0110391,Love Affair,1994.0,108,6.0,5246,60000000,18300000
tt0110442,Major League II,1994.0,105,5.6,28860,25000000,30626182
tt0110475,The Mask,1994.0,101,7.0,442763,23000000,351583407
tt0110478,Maverick,1994.0,127,7.0,122238,75000000,183031272
tt0110622,Naked Gun 33 1/3: The Final Insult,1994.0,83,6.5,115305,30000000,132032598
tt0110632,Natural Born Killers,1994.0,119,7.2,258984,34000000,50283563
tt0110725,On Deadly Ground,1994.0,101,4.6,26168,50000000,49000000
tt0110729,Once Were Warriors,1994.0,102,7.9,37984,950000,6700000
tt0110759,PCU,1994.0,79,6.6,14948,9000000,4350774
tt0110763,The Pagemaster,1994.0,80,6.2,26509,27000000,13670688
tt0110771,The Paper,1994.0,112,6.7,16511,6000000,48400000
tt0110907,Ready to Wear,1994.0,133,5.2,16217,15000000,11300653
tt0110912,Pulp Fiction,1994.0,154,8.9,2316757,8000000,213928762
tt0110950,Reality Bites,1994.0,99,6.6,55575,11500000,33351557
tt0110955,The Ref,1994.0,97,6.9,27582,11000000,11400000
tt0110989,Richie Rich,1994.0,95,5.4,76312,40000000,38087756
tt0111001,The Road to Wellville,1994.0,118,5.9,13583,25000000,26000000
tt0111070,The Santa Clause,1994.0,97,6.6,140442,22000000,189833357
tt0111094,The Scout,1994.0,101,5.4,7112,20000000,2694234
tt0111112,The Secret of Roan Inish,1994.0,103,7.4,10224,5700000,6160000
tt0111127,Serial Mom,1994.0,95,6.8,36141,13000000,7820688
tt0111143,The Shadow,1994.0,108,6.1,27979,25000000,48100000
tt0111149,Shallow Grave,1994.0,89,7.2,68182,2500000,19779614
tt0111161,The Shawshank Redemption,1994.0,142,9.3,3019321,25000000,28341469
tt0111187,Silent Fall,1994.0,101,5.9,5081,30000000,3180674
tt0111257,Speed,1994.0,116,7.3,405941,30000000,350448145
tt0111280,Star Trek: Generations,1994.0,118,6.6,88923,38000000,118071125
tt0111282,Stargate,1994.0,116,7.0,211163,55000000,196567262
tt0111301,Street Fighter,1994.0,102,4.1,77336,35000000,99423521
tt0111323,Surviving the Game,1994.0,96,6.2,13728,7400000,7690013
tt0111333,The Swan Princess,1994.0,90,6.4,27961,20000000,9771658
tt0111438,Timecop,1994.0,99,5.9,66417,28000000,128953581
tt0111503,True Lies,1994.0,141,7.3,290138,115000000,378900000
tt0111686,New Nightmare,1994.0,112,6.4,66745,8000000,18090181
tt0111742,Wolf,1994.0,125,6.3,62262,70000000,131002597
tt0111756,Wyatt Earp,1994.0,191,6.7,56902,63000000,25100000
tt0112281,Ace Ventura: When Nature Calls,1995.0,90,6.4,240773,30000000,212385533
tt0112346,The American President,1995.0,114,6.8,62105,62000000,107879496
tt0112384,Apollo 13,1995.0,140,7.7,324816,52000000,355237933
tt0112389,The Thief and the Cobbler,1993.0,99,7.1,4929,28000000,669276
tt0112427,An Awfully Big Adventure,1995.0,112,5.8,3123,4000000,851545
tt0112442,Bad Boys,1995.0,119,6.8,304030,19000000,141407024
tt0112453,Balto,1995.0,78,7.1,49812,31000000,11348324
tt0112461,The Basketball Diaries,1995.0,102,7.3,125936,2000000,2381087
tt0112462,Batman Forever,1995.0,121,5.4,273139,100000000,336529144
tt0112571,Boys on the Side,1995.0,115,6.5,14603,21000000,23450000
tt0112572,The Brady Bunch Movie,1995.0,90,6.2,25177,12000000,46576136
tt0112573,Braveheart,1995.0,178,8.3,1123689,72000000,213216216
tt0112641,Casino,1995.0,178,8.2,587612,50000000,116112375
tt0112642,Casper,1995.0,100,6.2,152091,50000000,287928194
tt0112697,Clueless,1995.0,97,6.9,260463,12000000,56631572
tt0112722,Copycat,1995.0,123,6.6,69255,20000000,32000000
tt0112760,Cutthroat Island,1995.0,124,5.7,31740,98000000,16000000
tt0112817,Dead Man,1995.0,121,7.5,105656,9000000,1038000
tt0112818,Dead Man Walking,1995.0,122,7.5,104398,11000000,39363635
tt0112819,Dead Presidents,1995.0,119,6.9,25380,10000000,24100000
tt0112851,Desperado,1995.0,104,7.1,202500,7000000,25405445
tt0112857,Devil in a Blue Dress,1995.0,102,6.8,25929,27000000,16140822
tt0112864,Die Hard with a Vengeance,1995.0,128,7.6,418911,90000000,366101666
tt0112883,Don Juan DeMarco,1994.0,97,6.7,54213,25000000,68792531
tt0112896,Dracula: Dead and Loving It,1995.0,88,5.8,46908,30000000,10772144
tt0113010,Fair Game,1995.0,91,4.4,14251,50000000,11500000
tt0113071,First Knight,1995.0,134,6.0,80529,55000000,127600435
tt0113101,Four Rooms,1995.0,98,6.7,113705,4000000,4257354
tt0113118,Friday,1995.0,91,7.2,129885,3500000,28215918
tt0113161,Get Shorty,1995.0,105,6.9,92968,30250000,115101622
tt0113189,GoldenEye,1995.0,130,7.2,276429,60000000,352194034
tt0113198,A Goofy Movie,1995.0,78,6.9,65667,18000000,35348597
tt0113228,Grumpier Old Men,1995.0,101,6.7,30637,25000000,71500000
tt0113243,Hackers,1995.0,105,6.2,77744,20000000,7563728
tt0113253,Halloween: The Curse of Michael Myers,1995.0,87,4.7,44110,5000000,15116634
tt0113277,Heat,1995.0,170,8.3,749336,60000000,187400000
tt0113303,Hideaway,1995.0,106,5.3,7762,15000000,12201255
tt0113409,In the Mouth of Madness,1994.0,95,7.1,83297,8000000,8946600
tt0113419,The Indian in the Cupboard,1995.0,96,6.0,31980,45000000,35700000
tt0113442,It Takes Two,1995.0,101,6.0,26004,19474589,19474589
tt0113451,Jade,1995.0,95,5.3,14763,50000000,9851610
tt0113463,Jefferson in Paris,1995.0,139,5.7,3269,14000000,2474000
tt0113481,Johnny Mnemonic,1995.0,96,5.6,78266,25000000,19075720
tt0113497,Jumanji,1995.0,104,7.1,392601,65000000,262821940
tt0113540,Kids,1995.0,91,7.0,87812,1500000,20412216
tt0113627,Leaving Las Vegas,1995.0,111,7.5,139837,3600000,49800000
tt0113677,Living in Oblivion,1995.0,90,7.5,20867,500000,1148752
tt0113749,Mallrats,1995.0,94,7.0,131163,6000000,2122561
tt0113820,Mighty Morphin Power Rangers,1995.0,95,5.3,30944,15000000,66433194
tt0113845,Money Train,1995.0,110,5.7,44165,68000000,77224232
tt0113855,Mortal Kombat,1995.0,101,5.8,127422,18000000,122195920
tt0113862,Mr. Holland's Opus,1995.0,144,7.3,42890,31000000,106300000
tt0113870,Murder in the First,1995.0,122,7.3,31741,20000000,29500000
tt0113957,The Net,1995.0,114,6.0,76685,22000000,110627965
tt0113965,Never Talk to Strangers,1995.0,86,5.2,7593,6400000,6858261
tt0113972,Nick of Time,1995.0,90,6.3,46103,33000000,8175346
tt0113986,Nine Months,1995.0,103,5.5,39313,35000000,138500000
tt0113987,Nixon,1995.0,192,7.1,33542,44000000,13681765
tt0114011,Now and Then,1995.0,102,6.8,33612,12000000,27400000
tt0114057,Othello,1995.0,123,6.8,10387,11000000,2800000
tt0114069,Outbreak,1995.0,127,6.6,141687,50000000,189900000
tt0114108,The Pebble and the Penguin,1995.0,74,5.5,5782,28000000,3983912
tt0114148,Pocahontas,1995.0,81,6.7,209465,55000000,346100000
tt0114194,The Prophecy,1995.0,98,6.4,34331,8000000,16115878
tt0114272,Restoration,1995.0,117,6.6,10133,19000000,4005941
tt0114287,Rob Roy,1995.0,139,6.9,47266,28000000,31600000
tt0114319,Sabrina,1995.0,127,6.3,45703,58000000,53672080
tt0114369,Se7en,1995.0,127,8.6,1893285,33000000,327311859
tt0114388,Sense and Sensibility,1995.0,136,7.7,130682,16000000,134582776
tt0114436,Showgirls,1995.0,128,5.1,77789,45000000,20350754
tt0114558,Strange Days,1995.0,145,7.2,80891,42000000,7959291
tt0114576,Sudden Death,1995.0,111,5.9,38218,35000000,64350171
tt0114608,Tales from the Crypt: Demon Knight,1995.0,92,6.7,27176,13000000,21089146
tt0114614,Tank Girl,1995.0,104,5.4,36171,25000000,4064495
tt0114660,Things to Do in Denver When You're Dead,1995.0,115,6.7,30466,8000000,529766
tt0114681,To Die For,1995.0,106,6.8,56178,20000000,21300000
tt0114694,Tommy Boy,1995.0,97,7.1,100739,20000000,32648673
tt0114697,Top Dog,1995.0,86,4.2,3973,6000000,5093707
tt0114709,Toy Story,1995.0,81,8.3,1113934,30000000,394436586
tt0114746,12 Monkeys,1995.0,129,8.0,661685,29000000,168841459
tt0114781,Under Siege 2: Dark Territory,1995.0,100,5.6,51487,60000000,104324083
tt0114814,The Usual Suspects,1995.0,106,8.5,1183192,6000000,23300000
tt0114825,Vampire in Brooklyn,1995.0,100,4.7,25895,14000000,19800000
tt0114857,Virtuosity,1995.0,106,5.5,33554,30000000,24048000
tt0114898,Waterworld,1995.0,135,6.3,217046,175000000,264218220
tt0114906,Welcome to the Dollhouse,1995.0,88,7.4,38524,800000,5034794
tt0114924,While You Were Sleeping,1995.0,103,6.8,119604,17000000,182100000
tt0115433,101 Dalmatians,1996.0,103,5.8,120573,54000000,320689294
tt0115493,Alaska,1996.0,109,5.8,5993,23000000,11829959
tt0115571,The Arrival,1996.0,115,6.2,39595,25000000,14063331
tt0115580,The Associate,1996.0,114,6.1,9397,23000000,12800000
tt0115610,Bad Moon,1996.0,80,5.8,8962,7000000,1100000
tt0115624,Barb Wire,1996.0,98,3.6,32146,9000000,3793614
tt0115632,Basquiat,1996.0,107,6.9,22797,3300000,3022292
tt0115639,Beautiful Girls,1996.0,112,7.1,35498,16000000,27000000
tt0115641,Beavis and Butt-Head Do America,1996.0,81,6.8,61547,12000000,63118386
tt0115676,Big Bully,1996.0,90,4.8,5682,15000000,2042530
tt0115683,Bio-Dome,1996.0,88,4.4,30596,8500000,13400000
tt0115685,The Birdcage,1996.0,117,7.2,106666,31000000,185300000
tt0115697,Black Sheep,1996.0,87,6.2,44630,32400000,32000000
tt0115734,Bottle Rocket,1996.0,91,6.9,85548,7000000,1040879
tt0115759,Broken Arrow,1996.0,108,6.1,107646,50000000,150300000
tt0115783,Bulletproof,1996.0,84,5.8,41117,25000000,22611954
tt0115798,The Cable Guy,1996.0,96,6.1,183555,47000000,102825796
tt0115862,The Chamber,1996.0,113,6.0,16599,50000000,22540359
tt0115907,City Hall,1996.0,111,6.2,23216,40000000,33440204
tt0115956,Courage Under Fire,1996.0,116,6.6,61390,46000000,100900000
tt0115963,The Craft,1996.0,101,6.5,113834,15000000,24800000
tt0115986,The Crow: City of Angels,1996.0,84,4.6,22808,13000000,25317287
tt0115988,The Crucible,1996.0,124,6.8,41448,25000000,7343114
tt0116095,Diabolique,1996.0,107,5.5,15881,45000000,52400000
tt0116126,Don't Be a Menace to South Central While Drinking Your Juice in the Hood,1996.0,89,6.5,64180,3800000,20100000
tt0116136,DragonHeart,1996.0,103,6.4,103613,57000000,115267375
tt0116165,Ed,1996.0,94,2.8,9045,24000000,4400000
tt0116191,Emma,1996.0,120,6.6,42897,6000000,22231658
tt0116209,The English Patient,1996.0,162,7.4,207997,27000000,231976425
tt0116213,Eraser,1996.0,115,6.2,120877,100000000,242295562
tt0116225,Escape from L.A.,1996.0,101,5.7,82906,50000000,42277365
tt0116242,Everyone Says I Love You,1996.0,101,6.7,40260,20000000,9800000
tt0116250,Evita,1996.0,135,6.3,38365,55000000,141047179
tt0116259,Extreme Measures,1996.0,118,6.2,21359,38000000,17380126
tt0116269,Faithful,1996.0,91,5.7,2346,13000000,2104439
tt0116282,Fargo,1996.0,98,8.1,751141,7000000,60611975
tt0116313,The First Wives Club,1996.0,103,6.5,56336,26000000,116400000
tt0116320,Fled,1996.0,98,5.4,10090,25000000,17193231
tt0116324,Flirting with Disaster,1996.0,92,6.7,20405,7000000,14702438
tt0116329,Fly Away Home,1996.0,107,6.9,27828,22000000,25143818
tt0116365,The Frighteners,1996.0,110,7.1,98667,30000000,29359216
tt0116367,From Dusk Till Dawn,1996.0,108,7.2,352682,19000000,25800000
tt0116410,Ghosts of Mississippi,1996.0,130,6.7,12422,30000000,13323144
tt0116421,The Glimmer Man,1996.0,91,5.4,21815,45000000,20350000
tt0116477,Hamlet,1996.0,242,7.7,40858,18000000,4700000
tt0116483,Happy Gilmore,1996.0,92,7.0,260480,12000000,41205099
tt0116629,Independence Day,1996.0,145,7.0,624036,75000000,817400891
tt0116654,The Island of Dr. Moreau,1996.0,96,4.6,36618,40000000,49627779
tt0116683,James and the Giant Peach,1996.0,79,6.7,76157,38000000,28946127
tt0116695,Jerry Maguire,1996.0,139,7.3,296706,50000000,273600000
tt0116705,Jingle All the Way,1996.0,89,5.8,122815,60000000,129800000
tt0116731,The Juror,1996.0,118,5.7,21085,44000000,22754725
tt0116778,Kingpin,1996.0,114,6.9,93477,27000000,25023434
tt0116823,Larger Than Life,1996.0,93,5.6,8056,30000000,8315693
tt0116839,Lawnmower Man 2: Beyond Cyberspace,1995.0,93,2.6,10533,15000000,2409225
tt0116905,Lone Star,1996.0,135,7.4,33965,5000000,13269963
tt0116908,The Long Kiss Goodnight,1996.0,121,6.8,88687,65000000,89456761
tt0116922,Lost Highway,1997.0,134,7.6,161625,15000000,3836866
tt0116996,Mars Attacks!,1996.0,106,6.4,251046,70000000,101371017
tt0117002,Mary Reilly,1996.0,108,5.8,16212,47000000,12379402
tt0117008,Matilda,1996.0,98,7.0,184101,36000000,33500000
tt0117039,Michael Collins,1996.0,133,7.1,34909,25000000,16900000
tt0117057,The Mirror Has Two Faces,1996.0,126,6.6,24072,42000000,41083864
tt0117060,Mission: Impossible,1996.0,110,7.2,485600,80000000,457696391
tt0117104,Mrs. Winterbourne,1996.0,105,6.2,8966,25000000,10082005
tt0117110,Muppet Treasure Island,1996.0,99,6.9,27748,31000000,34300000
tt0117128,Mystery Science Theater 3000: The Movie,1996.0,73,7.2,19119,5000000,1000000
tt0117218,The Nutty Professor,1996.0,95,5.7,127153,54000000,128769345
tt0117318,The People vs. Larry Flynt,1996.0,130,7.3,103037,36000000,20300385
tt0117331,The Phantom,1996.0,100,5.1,36613,45000000,17323326
tt0117372,The Preacher's Wife,1996.0,123,5.7,14412,40000000,48100000
tt0117381,Primal Fear,1996.0,129,7.7,257601,30000000,102600000
tt0117420,The Quest,1996.0,95,5.6,29036,30000000,57400547
tt0117509,Romeo + Juliet,1996.0,120,6.7,250961,14500000,147298761
tt0117571,Scream,1996.0,111,7.4,413952,14000000,173046663
tt0117603,Set It Off,1996.0,123,6.9,19285,9000000,41590886
tt0117628,She's the One,1996.0,96,6.0,18883,3500000,9500000
tt0117665,Sleepers,1996.0,147,7.5,244245,44000000,165600000
tt0117666,Sling Blade,1996.0,135,8.0,101470,1200000,34100000
tt0117705,Space Jam,1996.0,88,6.5,221005,80000000,250200000
tt0117723,Spy Hard,1996.0,81,5.3,41462,18000000,27000000
tt0117731,Star Trek: First Contact,1996.0,111,7.6,134587,46000000,146027888
tt0117737,Stealing Beauty,1996.0,118,6.5,31372,10000000,4800000
tt0117802,Swingers,1996.0,96,7.2,90271,200000,4505922
tt0117826,Bordello of Blood,1996.0,87,5.4,16222,15000000,5600000
tt0117887,That Thing You Do!,1996.0,108,7.0,75840,26000000,34585416
tt0117894,Thinner,1996.0,93,5.8,34988,8000000,15315484
tt0117913,A Time to Kill,1996.0,149,7.5,188952,40000000,152266007
tt0117918,Tin Cup,1996.0,135,6.4,54587,45000000,53854588
tt0117951,Trainspotting,1996.0,93,8.1,745935,4000000,71981823
tt0117998,Twister,1996.0,113,6.5,242582,92000000,494471524
tt0118073,A Very Brady Sequel,1996.0,90,5.9,12068,12000000,21440752
tt0118111,Waiting for Guffman,1996.0,84,7.4,31525,4000000,2900000
tt0118548,Absolute Power,1997.0,121,6.7,62405,50000000,50100000
tt0118570,Air Bud,1997.0,98,5.3,20357,3000000,23144499
tt0118571,Air Force One,1997.0,124,6.5,216729,85000000,315200000
tt0118583,Alien Resurrection,1997.0,109,6.2,280359,70000000,162000000
tt0118604,An American Werewolf in Paris,1997.0,98,5.1,28079,22000000,26570463
tt0118607,Amistad,1997.0,155,7.3,84925,36000000,44229441
tt0118615,Anaconda,1997.0,89,4.9,115725,45000000,136885767
tt0118655,Austin Powers: International Man of Mystery,1997.0,89,7.0,264709,16500000,67711748
tt0118661,The Avengers,1998.0,89,3.8,46170,60000000,48600000
tt0118663,B*A*P*S,1997.0,91,4.8,6090,10000000,7240837
tt0118688,Batman & Robin,1997.0,125,3.8,274584,125000000,238207122
tt0118689,Bean,1997.0,89,6.5,113409,18000000,251212670
tt0118691,The Beautician and the Beast,1997.0,105,5.5,10200,16000000,11486880
tt0118708,Beverly Hills Ninja,1997.0,88,5.6,45178,18000000,31480022
tt0118715,The Big Lebowski,1998.0,117,8.1,885844,15000000,47010480
tt0118747,Blues Brothers 2000,1998.0,123,4.9,35427,28000000,14051384
tt0118749,Boogie Nights,1997.0,155,7.9,289925,15000000,43101594
tt0118750,Booty Call,1997.0,79,5.5,9817,7000000,20050376
tt0118755,The Borrowers,1997.0,89,5.9,24221,29000000,22619699
tt0118771,Breakdown,1997.0,93,7.0,65281,36000000,50159144
tt0118789,Buffalo '66,1998.0,110,7.4,63765,1500000,2375097
tt0118798,Bulworth,1998.0,108,6.8,27728,30000000,29202884
tt0118826,The Castle,1997.0,85,7.6,18052,786675,861789
tt0118829,Cats Don't Dance,1997.0,75,6.9,8883,32000000,3600000
tt0118842,Chasing Amy,1997.0,113,7.2,145964,250000,12021272
tt0118880,Con Air,1997.0,115,6.9,328813,75000000,224012234
tt0118883,Conspiracy Theory,1997.0,135,6.7,110183,75000000,137000000
tt0118884,Contact,1997.0,150,7.5,302006,90000000,171120329
tt0118887,Cop Land,1997.0,105,7.0,110584,15000000,44862187
tt0118928,Dante's Peak,1997.0,108,6.1,102743,116000000,178127760
tt0118929,Dark City,1998.0,100,7.6,218665,27000000,27200000
tt0118956,Deep Rising,1998.0,106,6.1,42644,45000000,11203026
tt0118966,Desperate Measures,1998.0,100,6.1,18482,50000000,13800000
tt0118971,The Devil's Advocate,1997.0,144,7.5,419921,57000000,153000000
tt0119008,Donnie Brasco,1997.0,127,7.7,342617,35000000,124909762
tt0119013,Double Team,1997.0,93,4.8,37641,30000000,48138337
tt0119051,The Edge,1997.0,117,6.9,81996,30000000,43300000
tt0119081,Event Horizon,1997.0,96,6.6,204657,60000000,26700000
tt0119094,Face/Off,1997.0,138,7.3,412747,80000000,245700000
tt0119099,Fallen,1998.0,124,7.0,97181,46000000,25232289
tt0119109,Fathers' Day,1997.0,98,5.3,16908,85000000,36000000
tt0119115,Fierce Creatures,1997.0,93,6.4,26093,25000000,9381260
tt0119123,Fire Down Below,1997.0,105,5.1,19635,60000000,16228448
tt0119137,Flubber,1997.0,93,5.3,96963,80000000,178000000
tt0119141,Fools Rush In,1997.0,109,6.1,40656,20000000,42000000
tt0119164,The Full Monty,1997.0,91,7.2,116684,3500000,257850122
tt0119173,G.I. Jane,1997.0,125,6.0,89981,50000000,48169156
tt0119174,The Game,1997.0,129,7.7,449232,50000000,109423648
tt0119177,Gattaca,1997.0,106,7.7,334243,36000000,12532777
tt0119190,George of the Jungle,1997.0,92,5.6,86671,55000000,174463257
tt0119196,The Gingerbread Man,1998.0,114,5.7,11944,25000000,1700000
tt0119214,Gone Fishin',1997.0,94,4.8,10856,53000000,19745922
tt0119215,Good Burger,1997.0,95,5.8,34694,8500000,23700000
tt0119217,Good Will Hunting,1997.0,126,8.3,1127193,10000000,225900000
tt0119229,Grosse Pointe Blank,1997.0,107,7.3,102034,15000000,31100000
tt0119282,Hercules,1997.0,93,7.3,265864,85000000,252712101
tt0119303,Home Alone 3,1997.0,102,4.6,132161,32000000,79082515
tt0119304,Home Fries,1998.0,91,5.1,9144,15000000,10443316
tt0119311,Hoodlum,1997.0,130,6.3,13081,30000000,23461013
tt0119314,The Horse Whisperer,1998.0,169,6.7,44471,60000000,186883563
tt0119324,The House of Yes,1997.0,85,6.6,9034,1500000,626057
tt0119345,I Know What You Did Last Summer,1997.0,101,5.8,164704,17000000,125586134
tt0119361,In the Company of Men,1997.0,97,7.1,14548,25000,2804473
tt0119395,The Jackal,1997.0,124,6.4,128364,60000000,159300000
tt0119396,Jackie Brown,1997.0,154,7.5,387839,12000000,74727492
tt0119432,Jungle 2 Jungle,1997.0,105,5.2,26586,32000000,59927618
tt0119468,Kiss the Girls,1997.0,115,6.6,93587,27000000,60527873
tt0119484,Kull the Conqueror,1997.0,95,4.8,8999,30000000,6112613
tt0119488,L.A. Confidential,1997.0,138,8.2,637774,35000000,126216940
tt0119517,Your Friends and Neighbors,1998.0,100,6.3,8452,5000000,4710749
tt0119528,Liar Liar,1997.0,86,6.9,347373,45000000,302710615
tt0119535,A Life Less Ordinary,1997.0,103,6.3,37689,12000000,14633270
tt0119558,Lolita,1997.0,137,6.8,69912,62000000,1100000
tt0119567,The Lost World: Jurassic Park,1997.0,129,6.6,456770,73000000,618638999
tt0119592,Mad City,1997.0,115,6.3,21492,50000000,10500000
tt0119644,Meet Wally Sparks,1997.0,105,5.2,3932,12000000,4100000
tt0119654,Men in Black,1997.0,98,7.3,635334,90000000,589400000
tt0119668,Midnight in the Garden of Good and Evil,1997.0,155,6.6,42490,35000000,25100000
tt0119683,Les Misérables,1998.0,134,7.4,44297,14000000,14096321
tt0119695,Money Talks,1997.0,97,6.2,32068,25000000,48407611
tt0119707,Mortal Kombat: Annihilation,1997.0,95,3.6,59498,30000000,51376861
tt0119715,Mousehunt,1997.0,98,6.5,62370,38000000,122417389
tt0119718,Mr. Magoo,1997.0,87,4.1,16500,30000000,75000000
tt0119731,Murder at 1600,1997.0,107,6.1,33751,40000000,25804707
tt0119738,My Best Friend's Wedding,1997.0,105,6.4,160564,38000000,299288605
tt0119783,Night Falls on Manhattan,1996.0,113,6.6,9183,10000000,9889670
tt0119791,Nightwatch,1997.0,101,6.2,22065,10000000,1179002
tt0119807,Nothing to Lose,1997.0,98,6.7,50711,25000000,44480039
tt0119822,As Good as It Gets,1997.0,139,7.7,327027,50000000,314178011
tt0119843,Oscar and Lucinda,1997.0,132,6.5,7312,16000000,1897404
tt0119874,The Peacemaker,1997.0,124,6.0,64450,50000000,110463140
tt0119896,Picture Perfect,1997.0,101,5.5,22002,19000000,44300000
tt0119925,The Postman,1997.0,177,6.1,81048,80000000,17626234
tt0119942,Primary Colors,1998.0,143,6.7,30736,65000000,52100000
tt0119951,Private Parts,1997.0,109,6.9,39823,28000000,41200000
tt0119978,The Rainmaker,1997.0,135,7.2,86049,40000000,45916769
tt0119994,Red Corner,1997.0,122,6.3,18852,48000000,22420000
tt0120008,The Replacement Killers,1998.0,87,6.1,31215,30000000,19200000
tt0120082,Scream 2,1997.0,120,6.3,221092,24000000,172363301
tt0120094,Selena,1997.0,127,6.9,32661,20000000,60000000
tt0120102,Seven Years in Tibet,1997.0,136,7.1,161036,70000000,131457682
tt0120107,Shadow Conspiracy,1997.0,103,4.9,5351,45000000,2154540
tt0120148,Sliding Doors,1998.0,99,6.7,73172,6000000,58809149
tt0120151,A Smile Like Yours,1997.0,98,4.8,1558,18000000,3300000
tt0120177,Spawn,1997.0,96,5.2,74199,40000000,87840042
tt0120184,Sphere,1998.0,134,6.1,115052,80000000,37020277
tt0120185,Spice World,1997.0,93,3.7,38512,25000000,100000000
tt0120188,Three Kings,1999.0,114,7.1,183799,75000000,108000000
tt0120201,Starship Troopers,1997.0,129,7.3,332794,105000000,121214377
tt0120207,Steel,1997.0,97,3.0,15458,16000000,1686429
tt0120255,The Sweet Hereafter,1997.0,112,7.4,37356,5000000,7951247
tt0120324,A Simple Plan,1998.0,121,7.5,79279,17000000,16316273
tt0120338,Titanic,1997.0,194,7.9,1330750,200000000,2264162353
tt0120347,Tomorrow Never Dies,1997.0,119,6.5,209174,110000000,333011068
tt0120363,Toy Story 2,1999.0,92,7.9,641189,90000000,497375381
tt0120382,The Truman Show,1998.0,103,8.2,1265698,60000000,264100000
tt0120389,Turbo: A Power Rangers Movie,1997.0,99,3.7,10171,10000000,9615840
tt0120390,Turbulence,1997.0,100,5.0,13068,55000000,11466088
tt0120399,U Turn,1997.0,125,6.7,56103,19000000,6682098
tt0120434,Vegas Vacation,1997.0,93,5.9,54547,25000000,36400360
tt0120461,Volcano,1997.0,104,5.5,84354,90000000,122823468
tt0120478,Star Kid,1997.0,101,5.3,3190,12000000,7000000
tt0120483,The Man Who Knew Too Little,1997.0,94,6.6,35426,20000000,13801755
tt0120484,The Waterboy,1998.0,90,6.2,184571,23000000,185991646
tt0120514,Wilde,1997.0,118,6.9,18570,2158775,10000000
tt0120524,Wishmaster,1997.0,90,5.8,27033,5000000,15738769
tt0120531,Woo,1998.0,84,4.2,2317,13000000,8026971
tt0120533,Celebrity,1998.0,113,6.3,29033,12000000,5078660
tt0120586,American History X,1998.0,119,8.5,1224793,20000000,23900000
tt0120587,Antz,1998.0,83,6.5,167082,60000000,171757863
tt0120591,Armageddon,1998.0,151,6.7,463812,140000000,553799566
tt0120596,The Bachelor,1999.0,101,5.1,19234,51000000,36911617
tt0120601,Being John Malkovich,1999.0,113,7.7,361074,13000000,22863596
tt0120609,The Big Hit,1998.0,91,6.1,32269,13000000,27007143
tt0120611,Blade,1998.0,120,7.1,315413,45000000,131183530
tt0120616,The Mummy,1999.0,124,7.1,479368,80000000,415885488
tt0120623,A Bug's Life,1998.0,95,7.2,325030,80000000,363258859
tt0120630,Chicken Run,2000.0,84,7.1,218231,45000000,224834564
tt0120632,City of Angels,1998.0,114,6.7,130960,55000000,198685114
tt0120633,A Civil Action,1998.0,115,6.6,31765,70000000,56709981
tt0120645,Meet the Deedles,1998.0,93,4.1,3255,24000000,4562146
tt0120647,Deep Impact,1998.0,120,6.3,196160,75000000,349464664
tt0120655,Dogma,1999.0,130,7.3,233528,10000000,31429330
tt0120657,The 13th Warrior,1999.0,102,6.6,135396,120000000,61698899
tt0120660,Enemy of the State,1998.0,132,7.3,266316,90000000,250649836
tt0120663,Eyes Wide Shut,1999.0,159,7.5,395947,65000000,162100000
tt0120667,Fantastic Four,2005.0,106,5.7,354120,100000000,333535934
tt0120669,Fear and Loathing in Las Vegas,1998.0,118,7.5,308980,18500000,10700000
tt0120679,Frida,2002.0,123,7.3,97878,12000000,56298474
tt0120681,From Hell,2001.0,122,6.7,167825,35000000,74558115
tt0120684,Gods and Monsters,1998.0,105,7.3,33437,10000000,6451628
tt0120685,Godzilla,1998.0,139,5.5,208081,130000000,379014294
tt0120689,The Green Mile,1999.0,189,8.6,1473642,60000000,286801374
tt0120693,Half Baked,1998.0,82,6.6,69203,8000000,17460020
tt0120694,Halloween H20: 20 Years Later,1998.0,86,5.8,85060,17000000,75041738
tt0120701,Holy Man,1998.0,114,5.0,21307,60000000,12069719
tt0120703,How Stella Got Her Groove Back,1998.0,124,5.7,8623,20000000,37672350
tt0120716,Jakob the Liar,1999.0,120,6.5,18324,45000000,4956701
tt0120728,The Last Days of Disco,1998.0,113,6.7,14755,8000000,3020601
tt0120735,"Lock, Stock and Two Smoking Barrels",1998.0,107,8.1,632306,1350000,28356188
tt0120737,The Lord of the Rings: The Fellowship of the Ring,2001.0,178,8.9,2092063,93000000,871368364
tt0120741,Mafia!,1998.0,87,5.5,16278,10000000,19000000
tt0120742,Major League: Back to the Minors,1998.0,100,4.7,8376,18000000,3572443
tt0120744,The Man in the Iron Mask,1998.0,132,6.5,183350,35000000,183000000
tt0120746,The Mask of Zorro,1998.0,136,6.8,203112,95000000,250288523
tt0120757,The Mod Squad,1999.0,92,4.3,9732,50000000,13260050
tt0120762,Mulan,1998.0,87,7.7,329435,90000000,304320254
tt0120764,My Favorite Martian,1999.0,94,5.1,14745,65000000,36850101
tt0120768,The Negotiator,1998.0,140,7.3,159381,50000000,44547681
tt0120769,The Newton Boys,1998.0,122,6.1,12805,27000000,76000000
tt0120777,The Opposite of Sex,1998.0,105,6.4,21981,5000000,5879254
tt0120780,Out of Sight,1998.0,123,7.0,102241,48000000,77745966
tt0120783,The Parent Trap,1998.0,128,6.7,162907,15000000,92108518
tt0120784,Payback,1999.0,100,7.1,149302,90000000,161626121
tt0120787,A Perfect Murder,1998.0,107,6.6,94943,60000000,128038368
tt0120789,Pleasantville,1998.0,124,7.5,139281,60000000,49800000
tt0120791,Practical Magic,1998.0,104,6.3,99221,75000000,46733235
tt0120794,The Prince of Egypt,1998.0,99,7.2,153017,70000000,218613188
tt0120797,Pushing Tin,1999.0,124,6.0,31023,33000000,8408835
tt0120804,Resident Evil,2002.0,100,6.6,297834,33000000,102984862
tt0120812,Rush Hour,1998.0,98,7.0,309026,33000000,244721064
tt0120815,Saving Private Ryan,1998.0,169,8.6,1558225,70000000,481840909
tt0120824,The Shipping News,2001.0,111,6.7,34258,38000000,24690441
tt0120828,Six Days Seven Nights,1998.0,102,5.9,85349,70000000,164839294
tt0120831,Slums of Beverly Hills,1998.0,91,6.7,15281,5000000,5502773
tt0120832,Snake Eyes,1998.0,98,6.1,89277,73000000,103900000
tt0120836,Lost & Found,1999.0,100,5.1,7087,30000000,6552255
tt0120841,Species II,1998.0,93,4.5,32570,35000000,19200000
tt0120844,Star Trek: Insurrection,1998.0,103,6.4,81054,70000000,112587658
tt0120855,Tarzan,1999.0,88,7.3,257349,130000000,448200000
tt0120856,Tarzan and the Lost City,1998.0,83,4.0,2415,20000000,2172941
tt0120863,The Thin Red Line,1998.0,170,7.6,205299,52000000,98126565
tt0120873,U.S. Marshals,1998.0,131,6.6,117137,60000000,102367405
tt0120877,Vampires,1998.0,108,6.1,65956,20000000,20308772
tt0120885,Wag the Dog,1997.0,97,7.1,90591,15000000,64256513
tt0120888,The Wedding Singer,1998.0,97,6.9,167232,18000000,123306987
tt0120889,What Dreams May Come,1998.0,113,7.0,117035,85000000,71485043
tt0120890,Wild Things,1998.0,108,6.6,135556,20000000,67200000
tt0120891,Wild Wild West,1999.0,106,4.9,170098,170000000,222104681
tt0120902,The X Files,1998.0,121,7.0,112034,66000000,189198313
tt0120903,X-Men,2000.0,104,7.3,670052,75000000,296339527
tt0120906,Zero Effect,1998.0,116,6.9,15668,5000000,1980338
tt0120907,eXistenZ,1999.0,97,6.8,109944,15000000,2856712
tt0120910,Fantasia 2000,1999.0,75,7.1,42572,80000000,60655420
tt0120912,Men in Black II,2002.0,88,6.2,416579,140000000,445100000
tt0120913,Titan A.E.,2000.0,94,6.6,65139,75000000,36754634
tt0120915,Star Wars: Episode I - The Phantom Menace,1999.0,136,6.5,885499,115000000,924317558
tt0120917,The Emperor's New Groove,2000.0,78,7.4,235694,100000000,169327687
tt0121164,Corpse Bride,2005.0,77,7.4,312022,40000000,118133252
tt0121765,Star Wars: Episode II - Attack of the Clones,2002.0,142,6.6,783584,120000000,649398328
tt0121766,Star Wars: Episode III - Revenge of the Sith,2005.0,140,7.6,873323,113000000,850000000
tt0122459,Return to Me,2000.0,115,7.0,23852,24000000,36600000
tt0122529,Henry Fool,1997.0,137,7.1,8053,900000,1334786
tt0122541,An Ideal Husband,1999.0,97,6.8,17244,14000000,18500000
tt0122690,Ronin,1998.0,122,7.2,200626,55000000,70692101
tt0122718,Small Soldiers,1998.0,110,6.3,108161,40000000,54682547
tt0122933,Analyze This,1999.0,103,6.7,164703,80000000,176885658
tt0123964,Life,1999.0,108,6.8,56923,80000000,73500000
tt0124102,Strangeland,1998.0,85,5.1,8063,1100000,631221
tt0124179,Two Girls and a Guy,1997.0,84,5.5,8794,1000000,2057193
tt0124198,Very Bad Things,1998.0,100,6.3,49976,30000000,9898412
tt0124298,Blast from the Past,1999.0,112,6.7,73958,35000000,40263020
tt0124315,The Cider House Rules,1999.0,126,7.4,107001,24000000,88500000
tt0124718,He Got Game,1998.0,136,6.9,53002,25000000,21567853
tt0124819,Orgazmo,1997.0,94,6.1,38620,1000000,602302
tt0125022,Heartbreakers,2001.0,123,6.3,59905,35000000,57800000
tt0125439,Notting Hill,1999.0,124,7.2,362265,42000000,363889678
tt0125664,Man on the Moon,1999.0,118,7.4,140409,82000000,47434430
tt0126029,Shrek,2001.0,90,7.9,766984,60000000,488628188
tt0126886,Election,1999.0,103,7.2,108288,25000000,14902041
tt0126916,For Love of the Game,1999.0,137,6.6,38524,50000000,46112640
tt0127536,Elizabeth,1998.0,124,7.4,107702,30000000,82150642
tt0127723,Can't Hardly Wait,1998.0,100,6.5,55448,10000000,25605015
tt0128278,Instinct,1999.0,126,6.5,34797,80000000,34105207
tt0128445,Rushmore,1998.0,93,7.6,202233,9000000,17096053
tt0128853,You've Got Mail,1998.0,119,6.7,236812,65000000,250800000
tt0129167,The Iron Giant,1999.0,86,8.1,241979,50000000,23300000
tt0129290,Patch Adams,1998.0,115,6.8,125648,50000000,202292902
tt0129332,Ravenous,1999.0,101,6.9,44748,12000000,2000000
tt0129387,There's Something About Mary,1998.0,119,7.1,337932,23000000,369900000
tt0130018,I Still Know What You Did Last Summer,1998.0,100,4.8,81325,65000000,40002112
tt0130121,Mickey Blue Eyes,1999.0,102,5.9,38859,75000000,54264342
tt0130623,Dinosaur,2000.0,82,6.4,69819,127500000,354248063
tt0131325,Bowfinger,1999.0,97,6.5,75784,55000000,98625775
tt0131369,Edtv,1999.0,122,6.1,45749,80000000,35242897
tt0131704,The Adventures of Rocky & Bullwinkle,2000.0,92,4.3,21529,76000000,35100000
tt0131857,BASEketball,1998.0,103,6.5,67686,25000000,7027290
tt0132245,Driven,2001.0,116,4.6,43985,94000000,54744738
tt0132347,Mystery Men,1999.0,121,6.1,72163,68000000,29762011
tt0132477,October Sky,1999.0,108,7.8,101072,25000000,34698685
tt0133046,Teaching Mrs. Tingle,1999.0,96,5.3,22129,13000000,8946237
tt0133093,The Matrix,1999.0,136,8.7,2139488,63000000,463517383
tt0133240,Treasure Planet,2002.0,95,7.2,139725,140000000,109578115
tt0133751,The Faculty,1998.0,104,6.6,140603,15000000,40283321
tt0133952,The Siege,1998.0,116,6.4,80217,70000000,116700000
tt0134067,The Rugrats Movie,1998.0,79,5.9,21277,30000000,100491683
tt0134084,Scream 3,2000.0,116,5.7,172579,40000000,161834276
tt0134119,The Talented Mr. Ripley,1999.0,139,7.4,259770,40000000,128798265
tt0134273,8MM,1999.0,123,6.6,146796,40000000,96618699
tt0134619,Disturbing Behavior,1998.0,84,5.6,26213,15000000,17514980
tt0134847,Pitch Black,2000.0,109,7.0,258436,23000000,53187659
tt0137363,Arlington Road,1999.0,117,7.2,94094,31000000,41100000
tt0137494,Entrapment,1999.0,113,6.3,126575,66000000,212404400
tt0137523,Fight Club,1999.0,139,8.8,2441716,63000000,100853753
tt0138097,Shakespeare in Love,1998.0,123,7.1,238193,25000000,289300000
tt0138304,The Astronaut's Wife,1999.0,109,5.4,58191,75000000,19598588
tt0138510,Idle Hands,1999.0,92,6.3,48589,25000000,4152230
tt0138524,Intolerable Cruelty,2003.0,100,6.3,103530,60000000,119940815
tt0138749,The Road to El Dorado,2000.0,89,6.9,112581,95000000,76400000
tt0139134,Cruel Intentions,1999.0,97,6.8,212830,10500000,76347426
tt0139239,Go,1999.0,102,7.2,77347,6500000,28451622
tt0139654,Training Day,2001.0,122,7.8,492710,45000000,104900000
tt0139668,True Crime,1999.0,127,6.6,39701,55000000,16700000
tt0139809,The Thirteenth Floor,1999.0,100,7.0,79540,16000000,18564088
tt0140352,The Insider,1999.0,157,7.8,185519,90000000,60300000
tt0140796,Air Bud: Golden Receiver,1998.0,90,4.5,6405,11000000,10224116
tt0141098,Forces of Nature,1999.0,105,5.5,36608,75000000,93888180
tt0141109,Jack Frost,1998.0,101,5.5,43008,27000000,34562925
tt0141369,Inspector Gadget,1999.0,78,4.2,52295,75000000,134403112
tt0142688,The Ninth Gate,1999.0,133,6.7,203600,38000000,58401898
tt0143145,The World Is Not Enough,1999.0,128,6.4,214198,135000000,361832400
tt0144084,American Psycho,2000.0,102,7.6,770450,7000000,34300000
tt0144117,The Boondock Saints,1999.0,108,7.6,256105,6000000,50000000
tt0144120,Bride of Chucky,1998.0,89,5.6,67080,25000000,50671850
tt0144168,Dick,1999.0,94,6.2,22037,13000000,27500000
tt0144214,The General's Daughter,1999.0,116,6.4,65374,60000000,149700000
tt0144528,Nutty Professor II: The Klumps,2000.0,106,4.5,54429,84000000,123307945
tt0144715,Holy Smoke,1999.0,115,5.9,16007,15000000,1765545
tt0144814,The Rage: Carrie 2,1999.0,104,4.8,18600,21000000,17762705
tt0144964,Highlander: Endgame,2000.0,87,4.6,21679,25000000,15843608
tt0145487,Spider-Man,2002.0,121,7.4,916057,139000000,821708551
tt0145503,Sunshine,1999.0,181,7.5,16094,26000000,7918035
tt0145531,Stigmata,1999.0,103,6.2,74282,29000000,50041732
tt0145653,Angela's Ashes,1999.0,145,7.3,23870,50000000,13042112
tt0145660,Austin Powers: The Spy Who Shagged Me,1999.0,95,6.7,255177,33000000,312016928
tt0145681,The Bone Collector,1999.0,118,6.7,192538,73000000,151493655
tt0145893,Simply Irresistible,1999.0,96,5.2,15263,6000000,4398989
tt0146309,Thirteen Days,2000.0,145,7.3,64484,80000000,34566746
tt0146316,Lara Croft: Tomb Raider,2001.0,100,5.8,224253,115000000,274703340
tt0146336,Urban Legend,1998.0,99,5.6,74539,14000000,72527595
tt0146838,Any Given Sunday,1999.0,162,6.9,128310,55000000,100230832
tt0146882,High Fidelity,2000.0,113,7.4,194159,30000000,47100000
tt0146984,The Legend of Bagger Vance,2000.0,126,6.7,60551,80000000,39459427
tt0147612,Happiness,1998.0,134,7.7,76953,3000000,2800000
tt0147800,10 Things I Hate About You,1999.0,97,7.3,413896,16000000,53478166
tt0150377,Double Jeopardy,1999.0,105,6.5,99424,70000000,177841558
tt0151137,The Messenger: The Story of Joan of Arc,1999.0,148,6.4,71112,85000000,66976317
tt0151738,Never Been Kissed,1999.0,107,6.0,100117,25000000,84565230
tt0151804,Office Space,1999.0,89,7.6,297569,10000000,12800000
tt0155267,The Thomas Crown Affair,1999.0,113,6.9,103697,48000000,124305181
tt0155776,Jawbreaker,1999.0,86,5.7,30143,3000000,3100000
tt0155975,Psycho,1998.0,105,4.6,51605,60000000,37100000
tt0156323,Screwed,2000.0,81,5.7,9759,10000000,7201701
tt0156729,Last Night,1998.0,95,7.1,10306,2300000,591165
tt0156812,My Dog Skip,2000.0,95,7.0,21680,6000000,35547761
tt0156934,Random Hearts,1999.0,133,5.4,24600,64000000,74608570
tt0157472,Clockstoppers,2002.0,94,5.2,15391,26000000,38793283
tt0157503,Drop Dead Gorgeous,1999.0,97,6.7,42714,10000000,10571408
tt0158622,The Flintstones in Viva Rock Vegas,2000.0,90,3.7,26183,83000000,59468275
tt0158811,Muppets from Space,1999.0,87,6.2,21234,24000000,22300000
tt0158983,"South Park: Bigger, Longer & Uncut",1999.0,81,7.7,219546,21000000,83137864
tt0159097,The Virgin Suicides,1999.0,97,7.2,177563,6000000,10409377
tt0159365,Cold Mountain,2003.0,154,7.2,160027,79000000,173013509
tt0160127,Charlie's Angels,2000.0,98,5.6,201245,92000000,264105545
tt0160236,Dudley Do-Right,1999.0,77,3.9,11596,70000000,10000000
tt0160338,Guinevere,1999.0,104,5.9,2795,2600000,614202
tt0160401,In Too Deep,1999.0,95,6.2,7299,7000000,14011454
tt0160484,Lost Souls,2000.0,97,4.8,11557,50000000,31355910
tt0160644,Passion of Mind,2000.0,105,5.5,3696,12000000,769272
tt0160797,Rules of Engagement,2000.0,128,6.4,51409,60000000,71000000
tt0160862,She's All That,1999.0,95,5.9,107014,10000000,103166989
tt0160916,The Story of Us,1999.0,95,6.0,25367,50000000,58900031
tt0162222,Cast Away,2000.0,143,7.8,661547,90000000,429632142
tt0162346,Ghost World,2001.0,111,7.3,129283,7000000,8800000
tt0162360,"Happy, Texas",1999.0,98,6.3,10431,1700000,1943649
tt0162650,Shaft,2000.0,99,6.0,82348,46000000,107626125
tt0162661,Sleepy Hollow,1999.0,105,7.3,397156,100000000,206071526
tt0162677,Summer of Sam,1999.0,142,6.7,42778,22000000,19288130
tt0163025,Jurassic Park III,2001.0,92,5.9,350828,93000000,368780809
tt0163187,Runaway Bride,1999.0,116,5.6,107193,70000000,309500000
tt0163579,Chill Factor,1999.0,102,5.2,10242,34000000,11263966
tt0163651,American Pie,1999.0,95,7.0,448677,11000000,235483004
tt0163988,Bringing Out the Dead,1999.0,121,6.9,78657,32000000,16797191
tt0164052,Hollow Man,2000.0,112,5.9,141715,95000000,190213455
tt0164114,Drive Me Crazy,1999.0,91,5.8,21983,8000000,22593409
tt0164181,Stir of Echoes,1999.0,99,6.9,90314,12000000,21142914
tt0164184,The Sum of All Fears,2002.0,124,6.5,127819,68000000,193921372
tt0164212,Under Suspicion,2000.0,110,6.4,29017,25000000,1308242
tt0164334,Along Came a Spider,2001.0,104,6.4,98811,60000000,105200000
tt0165494,Ringmaster,1998.0,90,3.3,5459,3500000,9247881
tt0165710,Detroit Rock City,1999.0,95,6.8,42083,6500000,4217115
tt0165854,The Limey,1999.0,89,6.9,36059,10000000,3204663
tt0165929,Romeo Must Die,2000.0,115,6.1,75211,25000000,91036760
tt0165982,Sinbad: Legend of the Seven Seas,2003.0,86,6.7,61589,60000000,80767884
tt0166175,East Is East,1999.0,96,6.9,20433,3800000,28200000
tt0166276,Monkeybone,2001.0,93,4.8,19614,75000000,5409517
tt0166396,Waking Ned Devine,1998.0,91,7.3,28848,3000000,43515982
tt0166485,Anna and the King,1999.0,148,6.7,39665,75000000,113996937
tt0166896,The Straight Story,1999.0,112,8.0,103210,10000000,6418028
tt0166924,Mulholland Drive,2001.0,147,7.9,403752,15000000,20289986
tt0167190,Hellboy,2004.0,122,6.9,359915,66000000,99318987
tt0167203,I Dreamed of Africa,2000.0,114,5.6,5011,34000000,14400327
tt0167260,The Lord of the Rings: The Return of the King,2003.0,201,9.0,2063158,94000000,1118888979
tt0167261,The Lord of the Rings: The Two Towers,2002.0,179,8.8,1859301,79000000,926287400
tt0167404,The Sixth Sense,1999.0,107,8.2,1092161,40000000,672800000
tt0167456,Thunderbirds,2004.0,95,4.3,14761,57000000,28283637
tt0168501,The Best Man,1999.0,120,6.7,12359,9000000,34573780
tt0168629,Dancer in the Dark,2000.0,135,7.9,120028,12500000,40061153
tt0168786,Antwone Fisher,2002.0,120,7.3,39501,12500000,23400000
tt0169547,American Beauty,1999.0,122,8.3,1243481,15000000,356296601
tt0170016,How the Grinch Stole Christmas,2000.0,104,6.4,311175,123000000,345800000
tt0171356,Gun Shy,2000.0,101,5.6,8072,10000000,1600000
tt0171359,Hamlet,2000.0,112,5.9,10197,2000000,1568749
tt0171363,The Haunting,1999.0,113,5.0,82338,80000000,177300000
tt0171433,Keeping the Faith,2000.0,128,6.4,53773,30000000,59945183
tt0171580,Nurse Betty,2000.0,110,6.3,36638,24000000,29364989
tt0171804,Boys Don't Cry,1999.0,118,7.5,105687,2000000,11540607
tt0172156,Bad Boys II,2003.0,147,6.6,279858,130000000,273339556
tt0172396,The End of the Affair,1999.0,102,7.0,24659,23000000,10827816
tt0172493,"Girl, Interrupted",1999.0,127,7.3,222562,40000000,48350205
tt0172495,Gladiator,2000.0,155,8.5,1742974,103000000,465361176
tt0173840,Final Fantasy: The Spirits Within,2001.0,106,6.4,84911,137000000,85131830
tt0174856,The Hurricane,1999.0,146,7.6,104893,50000000,73956241
tt0175142,Scary Movie,2000.0,88,6.3,300762,19000000,278019771
tt0175880,Magnolia,1999.0,188,8.0,336593,37000000,48500000
tt0176269,Universal Soldier: The Return,1999.0,83,4.2,31364,33500000,10667893
tt0176783,Gossip,2000.0,90,5.9,17950,14000000,5108820
tt0177789,Galaxy Quest,1999.0,102,7.4,184727,45000000,90683916
tt0177971,The Perfect Storm,2000.0,130,6.5,182905,130000000,328718434
tt0179098,Moonlight Mile,2002.0,117,6.6,14925,21000000,10011050
tt0179116,But I'm a Cheerleader,1999.0,85,6.8,45980,1200000,2600000
tt0180052,The Adventures of Pluto Nash,2002.0,95,3.9,27657,100000000,7103973
tt0180073,Quills,2000.0,124,7.2,57902,13500000,7060876
tt0180093,Requiem for a Dream,2000.0,102,8.3,932773,4500000,7390108
tt0180734,Hardball,2001.0,106,6.4,34569,32000000,40222729
tt0181151,What Planet Are You From?,2000.0,105,5.6,9960,60000000,14100000
tt0181316,Blue Streak,1999.0,93,6.4,91139,65000000,117758500
tt0181536,Finding Forrester,2000.0,136,7.3,91325,43000000,80100000
tt0181689,Minority Report,2002.0,145,7.6,599752,102000000,358372926
tt0181739,Osmosis Jones,2001.0,95,6.3,40037,75000000,13596911
tt0181852,Terminator 3: Rise of the Machines,2003.0,109,6.3,426872,200000000,435000000
tt0181865,Traffic,2000.0,147,7.6,224245,48000000,207500000
tt0181875,Almost Famous,2000.0,122,7.9,302338,60000000,47386287
tt0181984,Boiler Room,2000.0,120,7.0,57720,7000000,28780255
tt0182789,Bicentennial Man,1999.0,132,6.9,128066,100000000,87423861
tt0183505,"Me, Myself & Irene",2000.0,116,6.6,257586,51000000,149270999
tt0183649,Phone Booth,2002.0,81,7.1,293585,13000000,97837138
tt0183659,Pollock,2000.0,122,7.0,30228,6000000,10994533
tt0183790,A Knight's Tale,2001.0,132,7.0,209336,65000000,117487473
tt0184858,Reindeer Games,2000.0,104,5.8,43415,42000000,32168970
tt0184894,Shanghai Noon,2000.0,110,6.6,138329,55000000,99274467
tt0184907,Snow Day,2000.0,89,5.2,14217,13000000,62464731
tt0185014,Wonder Boys,2000.0,107,7.2,67662,35000000,33426588
tt0185371,House on Haunted Hill,1999.0,93,5.6,61702,37000000,40846082
tt0185431,Little Nicky,2000.0,90,5.3,115466,85000000,58292295
tt0185937,The Blair Witch Project,1999.0,81,6.5,300182,60000,248639099
tt0186045,Drowning Mona,2000.0,96,5.7,15913,6000000,15427192
tt0186151,Frequency,2000.0,118,7.4,118927,31000000,68106245
tt0186589,Sugar & Spice,2001.0,81,5.7,15792,11000000,13276953
tt0186894,Bounce,2000.0,106,5.8,22076,35000000,36779296
tt0187078,Gone in 60 Seconds,2000.0,118,6.5,301930,90000000,237200000
tt0187393,The Patriot,2000.0,165,7.2,302515,110000000,215294342
tt0187738,Blade II,2002.0,117,6.7,243509,54000000,155010032
tt0188674,Human Traffic,1999.0,99,7.1,28160,600000,4000000
tt0188863,Love Stinks,1999.0,94,5.7,5650,4000000,2924635
tt0189998,Shadow of the Vampire,2000.0,92,6.9,46441,8000000,8279017
tt0190138,The Whole Nine Yards,2000.0,98,6.7,132048,41300000,106371651
tt0190590,"O Brother, Where Art Thou?",2000.0,107,7.7,339889,26000000,71900000
tt0190865,Vertical Limit,2000.0,124,6.0,66786,75000000,215663859
tt0191397,The Replacements,2000.0,118,6.6,71696,50000000,50054511
tt0192071,Get Over It,2001.0,87,5.7,20481,22000000,19900366
tt0192111,Head Over Heels,2001.0,86,5.4,15643,14000000,13127022
tt0192731,Urban Legends: Final Cut,2000.0,97,4.4,19493,14000000,38574362
tt0194218,Panic,2000.0,88,6.6,9419,1000000,779137
tt0195685,Erin Brockovich,2000.0,131,7.5,232237,52000000,256271286
tt0195714,Final Destination,2000.0,98,6.7,295767,23000000,112880294
tt0195945,Next Friday,2000.0,98,6.1,45525,11000000,59827328
tt0196229,Zoolander,2001.0,90,6.5,304233,28000000,60780981
tt0198781,"Monsters, Inc.",2001.0,92,8.1,1020025,115000000,579700000
tt0199725,Love & Basketball,2000.0,124,7.2,25407,20000000,27728118
tt0199753,Red Planet,2000.0,106,5.7,60764,80000000,33463969
tt0200465,The Bank Job,2008.0,111,7.2,192837,20000000,64828421
tt0200550,Coyote Ugly,2000.0,100,5.8,124178,45000000,113900000
tt0200669,The Golden Bowl,2000.0,130,5.9,4668,15000000,5753678
tt0200720,The House of Mirth,2000.0,135,7.0,8277,10000000,5164404
tt0202402,Whatever It Takes,2000.0,94,5.5,12508,15000000,9902115
tt0202677,The Way of the Gun,2000.0,119,6.6,35955,8500000,19125401
tt0203009,Moulin Rouge!,2001.0,127,7.6,306199,52500000,179213434
tt0203755,One Night at McCool's,2001.0,93,6.2,31644,18000000,13500000
tt0204175,Boys and Girls,2000.0,94,5.4,17894,16000000,20627372
tt0204946,Bring It On,2000.0,98,6.2,109516,28000000,90449929
tt0205000,Deuce Bigalow: Male Gigolo,1999.0,88,5.7,82201,17000000,92938755
tt0205271,Dr. T & the Women,2000.0,122,4.7,20542,23000000,22844291
tt0205461,Thomas and the Magic Railroad,2000.0,85,4.2,4985,19000000,19748009
tt0206113,Madison,2001.0,99,6.3,1660,13500000,517262
tt0206314,Joy Ride,2001.0,97,6.6,78652,23000000,36642838
tt0206420,Woman on Top,2000.0,92,5.3,11082,8000000,10194274
tt0206634,Children of Men,2006.0,109,7.9,545198,76000000,70595464
tt0207201,What Women Want,2000.0,127,6.5,229875,70000000,374100000
tt0208092,Snatch,2000.0,102,8.2,940230,10000000,83600000
tt0208874,The Contender,2000.0,126,6.9,25498,20000000,22428990
tt0209144,Memento,2000.0,113,8.4,1369970,9000000,40047236
tt0209163,The Mummy Returns,2001.0,130,6.4,356243,98000000,443280904
tt0209475,The Wedding Planner,2001.0,103,5.4,89593,35000000,94700000
tt0209958,The Cell,2000.0,107,6.4,112398,33000000,104155843
tt0210945,Remember the Titans,2000.0,113,7.8,239352,30000000,136700000
tt0211181,102 Dalmatians,2000.0,100,4.9,40596,85000000,183611771
tt0211443,Jason X,2001.0,92,4.5,63812,11000000,16951798
tt0211465,Knockaround Guys,2001.0,92,6.1,25269,15000000,12806614
tt0211933,Awake,2007.0,84,6.5,82996,86000000,14373825
tt0211938,Bait,2000.0,119,5.7,13418,35000000,15500000
tt0212338,Meet the Parents,2000.0,108,7.0,366300,55000000,330444045
tt0212346,Miss Congeniality,2000.0,109,6.3,238703,45000000,212000000
tt0212720,A.I. Artificial Intelligence,2001.0,146,7.2,330062,100000000,235926552
tt0212826,Bread and Roses,2000.0,110,7.0,6242,5500000,706876
tt0212985,Hannibal,2001.0,131,6.8,303033,87000000,351692268
tt0213149,Pearl Harbor,2001.0,183,6.2,359958,140000000,449220945
tt0213790,The Ladies Man,2000.0,84,5.2,14090,24000000,13700000
tt0215129,Road Trip,2000.0,93,6.5,182714,16000000,119754278
tt0215545,Bamboozled,2000.0,135,6.7,12657,10000000,2463650
tt0215750,Enemy at the Gates,2001.0,131,7.5,284062,68000000,96976270
tt0216216,The 6th Day,2000.0,123,5.9,130377,82000000,96085477
tt0217505,Gangs of New York,2002.0,167,7.5,486245,100000000,193800000
tt0218619,Soul Survivors,2001.0,84,3.9,9903,17000000,4299141
tt0218817,Antitrust,2001.0,108,6.1,30785,30000000,18200000
tt0218922,Original Sin,2001.0,116,6.0,61545,42000000,35402320
tt0218967,The Family Man,2000.0,125,6.8,125693,60000000,124700000
tt0219653,Dracula 2000,2000.0,99,4.9,37607,28000000,47053625
tt0219699,The Gift,2000.0,111,6.7,77462,10000000,12008642
tt0219822,Human Nature,2001.0,96,6.4,19276,6000000,1600000
tt0219854,The Kid,2000.0,104,6.1,45244,65000000,110317580
tt0219965,Bandits,2001.0,123,6.5,72466,75000000,67631903
tt0220099,The Tigger Movie,2000.0,77,6.3,20961,30000000,45554533
tt0220506,Halloween: Resurrection,2002.0,90,3.9,51364,13000000,37700000
tt0221027,Blow,2001.0,124,7.5,280911,53000000,83300000
tt0221218,The Glass House,2001.0,106,5.8,41030,30000000,23619609
tt0227445,The Score,2001.0,124,6.8,138279,68000000,113579918
tt0227538,Spy Kids,2001.0,88,5.6,131081,35000000,147934180
tt0227984,Formula 51,2001.0,93,6.3,51690,27000000,12881605
tt0229260,Book of Shadows: Blair Witch 2,2000.0,90,4.0,40986,15000000,47737094
tt0230011,Atlantis: The Lost Empire,2001.0,95,6.9,140218,120000000,186053725
tt0230030,Bedazzled,2000.0,93,6.1,114923,48000000,90383208
tt0230600,The Others,2001.0,104,7.6,407583,17000000,210002906
tt0231775,Down to Earth,2001.0,87,5.4,25223,30000000,71186502
tt0232500,The Fast and the Furious,2001.0,106,6.8,435205,38000000,207283925
tt0234215,The Matrix Reloaded,2003.0,138,7.2,648982,150000000,738599701
tt0234354,Novocaine,2001.0,95,5.8,12006,6000000,2025238
tt0234829,Summer Catch,2001.0,104,5.1,16922,34000000,19693891
tt0236348,Josie and the Pussycats,2001.0,98,5.7,25605,22000000,14866444
tt0236388,The Original Kings of Comedy,2000.0,115,6.8,6219,13000000,38251106
tt0236493,The Mexican,2001.0,123,6.1,118305,57000000,147845033
tt0236784,The Tailor of Panama,2001.0,109,6.1,31918,21000000,28000000
tt0237572,The Pledge,2001.0,124,6.7,72463,35000000,29419291
tt0238112,Captain Corelli's Mandolin,2001.0,131,5.9,36649,57000000,62112895
tt0238380,Equilibrium,2002.0,107,7.3,354090,20000000,5400000
tt0238546,Queen of the Damned,2002.0,101,5.3,62097,35000000,45479110
tt0238552,Replicant,2001.0,100,5.4,16137,17000000,894844
tt0239395,Cats & Dogs,2001.0,87,5.2,63929,60000000,93375151
tt0239948,Saving Silverman,2001.0,90,5.9,43914,22000000,19351569
tt0239949,Say It Isn't So,2001.0,95,5.0,13980,25000000,12320393
tt0240468,Kung Pow: Enter the Fist,2002.0,81,6.2,49518,10000000,17000000
tt0240510,The Four Feathers,2002.0,132,6.5,35983,35000000,29882645
tt0240772,Ocean's Eleven,2001.0,116,7.7,641683,85000000,450717150
tt0240890,Serendipity,2001.0,90,6.8,126067,28000000,77516304
tt0241025,Vanity Fair,2004.0,141,6.2,23820,23000000,16123851
tt0241303,Chocolat,2000.0,121,7.2,206109,25000000,152500000
tt0241527,Harry Potter and the Sorcerer's Stone,2001.0,152,7.7,897778,125000000,976475550
tt0242252,The Affair of the Necklace,2001.0,118,6.0,5687,30000000,1198113
tt0242423,"Dude, Where's My Car?",2000.0,83,5.5,148786,13000000,73180723
tt0242445,Exit Wounds,2001.0,101,5.6,37633,33000000,79958599
tt0242653,The Matrix Revolutions,2003.0,129,6.7,558676,150000000,424988211
tt0242998,Valentine,2001.0,96,4.9,30667,10000000,16300000
tt0243155,Bridget Jones's Diary,2001.0,97,6.8,276327,25000000,281929795
tt0243736,40 Days and 40 Nights,2002.0,96,5.6,77083,17000000,95146283
tt0244244,Swordfish,2001.0,99,6.5,199632,102000000,147080413
tt0244970,Someone Like You,2001.0,97,6.1,28083,23000000,38689940
tt0245120,The Forsaken,2001.0,90,5.3,9440,15000000,8704851
tt0245562,Windtalkers,2002.0,134,6.1,75216,115000000,77600000
tt0245674,Thir13en Ghosts,2001.0,91,5.6,97123,42000000,68467960
tt0245686,Joe Dirt,2001.0,91,6.0,62839,17700000,30987695
tt0245803,Bulletproof Monk,2003.0,104,5.5,52951,52000000,37713879
tt0245844,The Count of Monte Cristo,2002.0,131,7.7,153986,35000000,75395048
tt0246460,Die Another Day,2002.0,133,6.1,233808,142000000,431971116
tt0246464,Big Trouble,2002.0,85,6.4,22125,40000000,8493890
tt0246544,The Musketeer,2001.0,104,4.8,15231,40000000,27053815
tt0246578,Donnie Darko,2001.0,113,8.0,877366,4500000,7500000
tt0246894,Rollerball,2002.0,98,3.1,30265,70000000,25852764
tt0247199,The Believer,2001.0,98,7.1,42159,1500000,1309316
tt0247425,In the Bedroom,2001.0,131,7.4,43197,1700000,44800000
tt0247638,The Princess Diaries,2001.0,115,6.4,172281,37000000,165335153
tt0247745,Super Troopers,2001.0,100,7.0,115665,3000000,23182223
tt0248667,Ali,2001.0,157,6.7,107741,107000000,87700000
tt0248845,Hedwig and the Angry Inch,2001.0,95,7.7,38200,6000000,3660081
tt0249462,Billy Elliot,2000.0,110,7.7,147434,5000000,109280263
tt0250274,The Brothers,2001.0,106,6.3,5195,6000000,27900000
tt0250310,Corky Romano,2001.0,86,4.7,13957,11000000,23978402
tt0250468,Killing Me Softly,2002.0,100,5.4,20086,25000000,7775138
tt0250494,Legally Blonde,2001.0,96,6.5,263773,18000000,141774679
tt0250687,Rat Race,2001.0,112,6.5,126174,48000000,85498534
tt0250797,Unfaithful,2002.0,124,6.7,102289,50000000,119137784
tt0251075,Evolution,2001.0,101,6.1,138993,80000000,98376292
tt0251114,Hart's War,2002.0,125,6.4,56437,70000000,32287044
tt0251127,How to Lose a Guy in 10 Days,2003.0,116,6.5,294340,50000000,177500000
tt0251160,John Q,2002.0,116,7.1,148106,36000000,102244770
tt0251736,House of 1000 Corpses,2003.0,89,6.0,96813,7000000,17949758
tt0252028,Surviving Christmas,2004.0,91,5.5,29455,45000000,14793624
tt0252076,Maid in Manhattan,2002.0,105,5.4,99082,55000000,154906693
tt0252299,Buffalo Soldiers,2001.0,98,6.7,25924,15000000,2300805
tt0252444,Rabbit-Proof Fence,2002.0,94,7.4,30986,6000000,16200000
tt0252503,Heist,2001.0,109,6.5,40070,35000000,28500000
tt0252866,American Pie 2,2001.0,108,6.4,277289,30000000,287553595
tt0253474,The Pianist,2002.0,150,8.5,960421,35000000,120098945
tt0253556,Reign of Fire,2002.0,101,6.2,148750,60000000,82150183
tt0253798,Out Cold,2001.0,89,6.3,18891,24000000,14782676
tt0253867,The Sweetest Thing,2002.0,84,5.2,64120,43000000,68696770
tt0255798,The Animal,2001.0,84,4.8,65434,22000000,84772742
tt0256380,Shallow Hal,2001.0,114,6.0,148849,40000000,141069860
tt0256415,Sweet Home Alabama,2002.0,108,6.2,127697,30000000,180622424
tt0257044,Road to Perdition,2002.0,117,7.7,292014,80000000,181001478
tt0257106,Scary Movie 2,2001.0,83,5.4,181738,45000000,141220678
tt0257360,About Schmidt,2002.0,125,7.2,135554,30000000,105834556
tt0257516,Cursed,2005.0,97,5.1,36168,35000000,19300000
tt0257568,Kangaroo Jack,2003.0,89,4.5,34668,60000000,88900000
tt0257756,High Crimes,2002.0,115,6.4,49637,42000000,63781810
tt0258000,Panic Room,2002.0,112,6.8,305677,48000000,197100000
tt0258038,Pootie Tang,2001.0,81,5.3,15388,7000000,3300000
tt0258068,The Quiet American,2002.0,101,7.0,30320,30000000,27674124
tt0258153,S1m0ne,2002.0,117,6.1,63276,10000000,19576023
tt0258463,The Bourne Identity,2002.0,119,7.8,592182,60000000,214034224
tt0259288,Dragonfly,2002.0,104,6.1,40770,60000000,52322400
tt0259324,Ghost Rider,2007.0,110,5.3,259655,110000000,228738393
tt0259446,My Big Fat Greek Wedding,2002.0,95,6.6,147833,5000000,368744044
tt0259711,Vanilla Sky,2001.0,136,6.9,293068,68000000,203388341
tt0260866,Don't Say a Word,2001.0,113,6.3,58554,50000000,100020092
tt0261289,Serving Sara,2002.0,99,5.3,19241,29000000,16930185
tt0261392,Jay and Silent Bob Strike Back,2001.0,104,6.8,163499,22000000,33788161
tt0263488,Jeepers Creepers,2001.0,90,6.2,149202,10000000,59217789
tt0264150,View from the Top,2003.0,87,5.3,29559,30000000,19526014
tt0264464,Catch Me If You Can,2002.0,141,8.1,1153421,52000000,352114312
tt0264761,Kissing Jessica Stein,2001.0,97,6.5,17727,1000000,10013424
tt0264935,Murder by Numbers,2002.0,115,6.2,64203,50000000,56714147
tt0265029,America's Sweethearts,2001.0,102,5.7,61678,64400000,138191428
tt0265086,Black Hawk Down,2001.0,144,7.7,437445,92000000,172989651
tt0265087,Black Knight,2001.0,95,4.9,44460,50000000,33422806
tt0265208,The Girl Next Door,2004.0,109,6.7,250020,21000000,31635150
tt0265298,Big Fat Liar,2002.0,88,5.5,41547,15000000,52970014
tt0265349,The Mothman Prophecies,2002.0,119,6.4,86918,32000000,55305279
tt0265459,One Hour Photo,2002.0,96,6.8,135551,12000000,52223306
tt0265651,Ripley's Game,2002.0,110,6.6,19996,30000000,6200000
tt0265662,The Rookie,2002.0,127,6.9,38089,20000000,75597042
tt0265666,The Royal Tenenbaums,2001.0,110,7.6,320938,21000000,71441250
tt0265808,Stealing Harvard,2002.0,85,5.1,13979,25000000,14277032
tt0266391,The Cat's Meow,2001.0,114,6.4,9271,7000000,3646994
tt0266452,Death to Smoochy,2002.0,109,6.3,43547,55000000,8400000
tt0266465,A Man Apart,2003.0,109,6.0,50227,36000000,44350926
tt0266489,Duplex,2003.0,89,5.9,63972,40000000,19322135
tt0266543,Finding Nemo,2003.0,100,8.2,1152143,94000000,940335536
tt0266697,Kill Bill: Vol. 1,2003.0,111,8.2,1242238,30000000,180906076
tt0266747,Marci X,2003.0,84,3.0,5543,20000000,1675706
tt0266915,Rush Hour 2,2001.0,90,6.7,248255,90000000,347325802
tt0266987,Spy Game,2001.0,126,7.1,171846,115000000,143049560
tt0267248,Abandon,2002.0,99,4.8,10289,25000000,10719357
tt0267804,The One,2001.0,87,5.9,97674,49000000,72689126
tt0267913,Scooby-Doo,2002.0,86,5.3,131787,84000000,275650703
tt0268126,Adaptation.,2002.0,115,7.7,208050,19000000,32800000
tt0268380,Ice Age,2002.0,81,7.5,539765,59000000,383257136
tt0268397,Jimmy Neutron: Boy Genius,2001.0,82,6.1,39228,25000000,80936232
tt0268695,The Time Machine,2002.0,96,6.0,132934,80000000,123700000
tt0268978,A Beautiful Mind,2001.0,135,8.2,1016826,58000000,316800000
tt0268995,The Majestic,2001.0,152,6.9,59220,72000000,37317673
tt0269095,City by the Sea,2002.0,108,6.1,27049,40000000,22433915
tt0269341,Two Can Play That Game,2001.0,90,6.1,7650,13000000,22390000
tt0269347,The Hunted,2003.0,94,6.1,52925,55000000,34234008
tt0270288,Confessions of a Dangerous Mind,2002.0,113,7.0,93547,30000000,33013805
tt0271027,Kiss of the Dragon,2001.0,98,6.6,67960,25000000,64437847
tt0271259,Welcome to Collinwood,2002.0,86,6.3,15924,7000000,4402922
tt0271367,Eight Legged Freaks,2002.0,99,5.5,61583,30000000,45900000
tt0272020,The Last Castle,2001.0,131,6.9,87241,72000000,27642707
tt0272152,K-PAX,2001.0,120,7.4,196707,48000000,50315140
tt0272207,Narc,2002.0,105,7.1,44190,6500000,12633747
tt0272338,Punch-Drunk Love,2002.0,95,7.3,184374,25000000,24665649
tt0273517,Darkness,2002.0,88,5.4,20672,10600000,33988736
tt0273923,Orange County,2002.0,82,6.2,52768,18000000,43300000
tt0274166,Johnny English,2003.0,87,6.3,179398,40000000,160466000
tt0274558,The Hours,2002.0,110,7.5,143768,25000000,108846217
tt0274812,Secretary,2002.0,107,6.9,103538,4000000,9300000
tt0275022,Crossroads,2002.0,93,3.8,45653,12000000,61141030
tt0275847,Lilo & Stitch,2002.0,85,7.3,222491,80000000,273144151
tt0276033,The Country Bears,2002.0,88,4.3,6337,35000000,18012097
tt0276919,Dogville,2003.0,171,8.0,163229,10000000,16690617
tt0277296,The Scorpion King,2002.0,92,5.5,148507,60000000,165333180
tt0277371,Not Another Teen Movie,2001.0,89,5.8,120436,16000000,66468332
tt0278295,All About the Benjamins,2002.0,95,5.8,16022,14000000,25482931
tt0278488,How High,2001.0,93,6.2,63364,12000000,31200000
tt0278500,The Importance of Being Earnest,2002.0,97,6.8,25314,15000000,17300000
tt0278504,Insomnia,2002.0,118,7.2,328135,46000000,113714830
tt0278731,Spider,2002.0,98,6.7,42188,10000000,5809240
tt0279111,Gods and Generals,2003.0,219,6.2,17599,56000000,12900000
tt0279113,The Good Girl,2002.0,93,6.4,48543,8000000,16900000
tt0279331,Dark Blue,2002.0,118,6.6,24797,15000000,12150301
tt0279493,Undercover Brother,2002.0,86,5.9,36935,25000000,41604473
tt0279781,Sorority Boys,2002.0,93,5.5,16537,12000000,12517488
tt0280380,Trapped,2002.0,106,6.1,26392,30000000,13414416
tt0280460,The Banger Sisters,2002.0,98,5.7,17665,10000000,38068353
tt0280477,Better Luck Tomorrow,2002.0,101,7.0,10652,250000,3800000
tt0280486,Bad Company,2002.0,116,5.6,50968,70000000,65977295
tt0280590,Mr. Deeds,2002.0,96,5.8,157375,50000000,171269565
tt0280609,Dog Soldiers,2002.0,105,6.8,68227,2000000,3537283
tt0280665,Femme Fatale,2002.0,114,6.2,38421,35000000,16800000
tt0280707,Gosford Park,2001.0,137,7.2,97867,19800000,87754044
tt0280760,Igby Goes Down,2002.0,98,6.8,36373,9000000,4777465
tt0281322,Undisputed,2002.0,94,6.1,35451,20000000,14946150
tt0281358,A Walk to Remember,2002.0,101,7.3,226123,11800000,47494916
tt0281686,Bubba Ho-Tep,2002.0,92,6.9,52698,1000000,1239541
tt0282687,Life or Something Like It,2002.0,103,5.8,28711,40000000,16872671
tt0283111,Van Wilder,2002.0,92,6.4,118074,6000000,39241323
tt0283160,Extreme Ops,2002.0,93,4.4,5793,40000000,10959475
tt0283426,The Jungle Book 2,2003.0,72,5.3,18679,20000000,135700000
tt0283632,They,2002.0,89,4.8,14358,17000000,12840842
tt0284490,Showtime,2002.0,95,5.6,66126,85000000,77885672
tt0284837,Ali G Indahouse,2002.0,87,6.2,97700,7000000,23280529
tt0284978,Cypher,2002.0,95,6.7,32458,7500000,898365
tt0285531,Dreamcatcher,2003.0,134,5.5,98155,68000000,81240206
tt0285823,Once Upon a Time in Mexico,2003.0,102,6.3,173116,29000000,98769390
tt0285861,Owning Mahowny,2003.0,104,7.0,15285,10000000,1271244
tt0286106,Signs,2002.0,106,6.8,399571,72000000,408200000
tt0286499,Bend It Like Beckham,2002.0,112,6.7,119010,3500159,76578641
tt0286716,Hulk,2003.0,138,5.6,284794,137000000,245360480
tt0286788,What a Girl Wants,2003.0,105,5.8,68316,20000000,50700000
tt0287978,Daredevil,2003.0,103,5.3,234885,78000000,179179718
tt0288045,The Medallion,2003.0,88,5.2,44900,38000000,34300000
tt0288477,Ghost Ship,2002.0,91,5.6,112854,35000000,71142361
tt0289043,28 Days Later,2002.0,113,7.5,470640,8000000,84661434
tt0289408,The Powerpuff Girls Movie,2002.0,73,6.5,11332,11000000,16400000
tt0289765,Red Dragon,2002.0,124,7.2,301308,78000000,209196298
tt0289848,Analyze That,2002.0,96,5.9,90957,60000000,55003135
tt0289879,The Butterfly Effect,2004.0,113,7.6,537898,13000000,96800000
tt0289992,The Life of David Gale,2003.0,130,7.5,129039,50000000,38955598
tt0290002,Meet the Fockers,2004.0,115,6.3,294307,80000000,516642939
tt0290095,The Tuxedo,2002.0,98,5.4,90698,60000000,104400000
tt0290212,Full Frontal,2002.0,101,4.7,11421,2000000,3438804
tt0290332,The Wash,2001.0,93,4.8,7901,7000000,10229331
tt0290334,X2: X-Men United,2003.0,134,7.4,594924,110000000,407711549
tt0290747,Man-Thing,2005.0,97,4.1,7288,5000000,1123136
tt0291502,Swept Away,2002.0,89,3.6,18290,10000000,598645
tt0292506,The Recruit,2003.0,115,6.6,144449,46000000,101200000
tt0292644,The Rules of Attraction,2002.0,110,6.6,54334,4000000,11832822
tt0292963,Before the Devil Knows You're Dead,2007.0,117,7.3,116179,18000000,25005257
tt0293429,Mortal Kombat,2021.0,110,6.0,195842,20000000,84426031
tt0293508,The Phantom of the Opera,2004.0,143,7.2,134133,70000000,154674241
tt0293564,Rush Hour 3,2007.0,91,6.2,190297,140000000,258097122
tt0293662,The Transporter,2002.0,92,6.8,328811,21000000,43900000
tt0293815,Friday After Next,2002.0,85,5.8,31304,20000000,33526835
tt0294870,Rent,2005.0,135,6.8,56908,40000000,31670620
tt0295178,Austin Powers in Goldmember,2002.0,94,6.2,228054,63000000,296938801
tt0295289,A Guy Thing,2003.0,101,5.6,18817,20000000,17400000
tt0295297,Harry Potter and the Chamber of Secrets,2002.0,161,7.4,724061,100000000,876688482
tt0295427,The Master of Disguise,2002.0,80,3.4,28033,16000000,43400000
tt0295700,Wrong Turn,2003.0,84,6.1,138296,12600000,28650575
tt0295701,xXx,2002.0,124,5.8,189633,70000000,277448382
tt0295725,Time Changer,2002.0,95,5.3,3140,855000,1500711
tt0296572,The Chronicles of Riddick,2004.0,119,6.6,247023,105000000,115772733
tt0297037,Brown Sugar,2002.0,109,6.5,10626,8000000,27362712
tt0297162,Half Past Dead,2002.0,98,4.6,17215,25000000,19233280
tt0297181,I Spy,2002.0,97,5.4,54319,70000000,51386477
tt0297284,Mindhunters,2004.0,106,6.3,65554,27000000,21100000
tt0297884,Far from Heaven,2002.0,107,7.3,50317,13500000,29027914
tt0298130,The Ring,2002.0,115,7.1,387512,48000000,249348933
tt0298148,Shrek 2,2004.0,93,7.4,527095,150000000,935454538
tt0298203,8 Mile,2002.0,110,7.2,335685,41000000,242875078
tt0298388,Jonah: A VeggieTales Movie,2002.0,82,6.5,4678,14000000,25615231
tt0298744,Auto Focus,2002.0,105,6.7,15552,7000000,2062066
tt0298814,The Core,2003.0,135,5.5,109778,60000000,74208267
tt0299172,Home on the Range,2004.0,76,5.4,27467,110000000,145358062
tt0299658,Chicago,2002.0,113,7.2,249298,45000000,306776732
tt0300051,Jersey Girl,2004.0,102,6.2,72567,35000000,35492921
tt0300471,Shanghai Knights,2003.0,114,6.2,114767,50000000,88323487
tt0300532,Blue Crush,2002.0,104,5.7,33636,25000000,51842679
tt0300556,Timeline,2003.0,116,5.6,67280,80000000,43935763
tt0301470,Jeepers Creepers 2,2003.0,104,5.7,73206,17000000,63102666
tt0302640,The Hot Chick,2002.0,104,5.6,105751,34000000,54639553
tt0302886,Old School,2003.0,88,7.0,249611,24000000,87100000
tt0303714,Barbershop,2002.0,102,6.3,34490,12000000,77063924
tt0303816,Cabin Fever,2002.0,93,5.6,85864,1500000,30600000
tt0304141,Harry Potter and the Prisoner of Azkaban,2004.0,142,7.9,723963,130000000,789804554
tt0304669,The Santa Clause 2,2002.0,104,5.7,66699,65000000,172842355
tt0305224,Anger Management,2003.0,106,6.3,234088,75000000,195745823
tt0305357,Charlie's Angels: Full Throttle,2003.0,106,4.9,135879,120000000,259175788
tt0305711,Just Married,2003.0,95,5.5,75942,18000000,101564935
tt0306047,Scary Movie 3,2003.0,84,5.6,163493,48000000,220673217
tt0306685,Cradle 2 the Grave,2003.0,101,5.8,47620,25000000,56500000
tt0306841,The Lizzie McGuire Movie,2003.0,94,5.6,43350,17000000,55534455
tt0307453,Shark Tale,2004.0,90,6.0,204966,75000000,367300000
tt0307479,Solaris,2002.0,99,6.2,87483,47000000,30002758
tt0307901,25th Hour,2002.0,135,7.6,187245,5000000,23932055
tt0307987,Bad Santa,2003.0,92,7.0,161110,23000000,76500000
tt0308152,Dead End,2003.0,85,6.5,33744,900000,898994
tt0308353,Happily N'Ever After,2006.0,87,4.5,11357,47000000,38100000
tt0308506,Like Mike,2002.0,99,5.4,23425,30000000,62300000
tt0309377,Blood Work,2002.0,110,6.4,49215,50000000,31794718
tt0309530,Down with Love,2003.0,101,6.3,45680,35000000,20298207
tt0309593,Final Destination 2,2003.0,90,6.2,191235,26000000,90941129
tt0309698,Identity,2003.0,90,7.3,277888,28000000,90259536
tt0309987,The Dreamers,2003.0,115,7.1,136885,15000000,15100000
tt0310281,A Mighty Wind,2003.0,91,7.2,30132,6000000,18750246
tt0310357,Willard,2003.0,100,6.1,20911,22000000,8564586
tt0310910,Confidence,2003.0,97,6.6,35862,15000000,23014206
tt0311113,Master and Commander: The Far Side of the World,2003.0,138,7.5,245483,150000000,212000000
tt0311289,Holes,2003.0,117,7.0,104418,20000000,71406573
tt0311429,The League of Extraordinary Gentlemen,2003.0,110,5.8,187578,78000000,179265204
tt0312004,Wallace & Gromit: The Curse of the Were-Rabbit,2005.0,85,7.5,152576,30000000,192610372
tt0312528,The Cat in the Hat,2003.0,82,4.1,90405,109000000,133800000
tt0312549,Veronica Guerin,2003.0,98,6.8,22508,17000000,9439660
tt0313542,Runaway Jury,2003.0,127,7.1,111699,60000000,80154140
tt0313737,Two Weeks Notice,2002.0,101,6.2,130121,60000000,199043242
tt0313911,Agent Cody Banks,2003.0,102,5.1,37932,28000000,58795814
tt0314331,Love Actually,2003.0,135,7.6,556997,40000000,249600000
tt0314786,The In-Laws,2003.0,98,5.7,18158,40000000,26800000
tt0315327,Bruce Almighty,2003.0,101,6.8,449819,80000000,484592874
tt0315733,21 Grams,2003.0,124,7.6,249433,20000000,60427839
tt0315983,House of Sand and Fog,2003.0,126,7.5,74208,16500000,16942795
tt0316356,Open Range,2003.0,139,7.4,81016,22000000,68296293
tt0316396,Peter Pan,2003.0,113,6.8,82297,100000000,121975011
tt0316465,Radio,2003.0,109,6.9,45141,35000000,53293628
tt0316654,Spider-Man 2,2004.0,127,7.5,740476,200000000,788976453
tt0316732,Taxi,2004.0,97,4.6,45991,25000000,71255003
tt0317198,Bridget Jones: The Edge of Reason,2004.0,108,6.0,128301,40000000,265126918
tt0317219,Cars,2006.0,116,7.3,497334,120000000,461983149
tt0317303,Daddy Day Care,2003.0,92,5.6,76007,60000000,164433867
tt0317648,Hidalgo,2004.0,136,6.7,87104,100000000,108103450
tt0317676,House of the Dead,2003.0,90,2.1,39191,12000000,13818181
tt0317705,The Incredibles,2004.0,115,8.0,847805,92000000,631442092
tt0317740,The Italian Job,2003.0,111,7.0,397270,60000000,176070171
tt0318155,Looney Tunes: Back in Action,2003.0,91,5.8,41578,80000000,68500000
tt0318283,Alex & Emma,2003.0,96,5.5,14077,30000000,15368897
tt0318627,Resident Evil: Apocalypse,2004.0,94,6.1,214943,45000000,129342769
tt0318649,Sahara,2005.0,124,6.1,106173,130000000,119269486
tt0318974,The Alamo,2004.0,137,6.1,22827,107000000,25819961
tt0319061,Big Fish,2003.0,125,8.0,467799,70000000,123200000
tt0319262,The Day After Tomorrow,2004.0,124,6.5,494681,125000000,552639571
tt0319343,Elf,2003.0,97,7.1,328784,32000000,228500000
tt0320244,Party Monster,2003.0,98,6.2,17657,5000000,742898
tt0320661,Kingdom of Heaven,2005.0,144,7.3,330929,130000000,218100001
tt0320691,Underworld,2003.0,121,7.0,292740,22000000,95708457
tt0322259,2 Fast 2 Furious,2003.0,107,5.9,308376,76000000,236350661
tt0322330,Freaky Friday,2003.0,97,6.3,159500,26000000,160846332
tt0322802,Jackass: The Movie,2002.0,85,6.6,104086,5000000,64282312
tt0323033,Laws of Attraction,2004.0,90,5.9,25152,28000000,30000000
tt0323642,Piglet's Big Movie,2003.0,75,6.1,9070,46000000,62870546
tt0324127,Suspect Zero,2004.0,99,5.8,21805,27000000,13000000
tt0324216,The Texas Chainsaw Massacre,2003.0,98,6.2,156609,9500000,107967319
tt0325537,Head of State,2003.0,95,5.5,21653,35200000,37788228
tt0325703,Lara Croft: Tomb Raider - The Cradle of Life,2003.0,117,5.5,147967,95000000,160099222
tt0325710,The Last Samurai,2003.0,154,7.8,486393,140000000,456800000
tt0325805,Matchstick Men,2003.0,116,7.3,141649,62000000,65565672
tt0325980,Pirates of the Caribbean: The Curse of the Black Pearl,2003.0,143,8.1,1256570,140000000,655011224
tt0326905,The Great Raid,2005.0,132,6.6,24324,80000000,10166502
tt0327036,Martin Lawrence Live: Runteldat,2002.0,113,5.4,1808,3000000,19184015
tt0327056,Mystic River,2003.0,138,7.9,501286,25000000,156800000
tt0327084,Over the Hedge,2006.0,83,6.7,195376,80000000,343397247
tt0327162,The Stepford Wives,2004.0,93,5.4,71614,90000000,102000000
tt0327437,Around the World in 80 Days,2004.0,120,5.9,97047,110000000,72178895
tt0327554,Catwoman,2004.0,104,3.4,128600,100000000,82102379
tt0327597,Coraline,2009.0,100,7.8,281581,60000000,185860104
tt0327679,Ella Enchanted,2004.0,96,6.3,77673,31000000,27400000
tt0327850,The Rundown,2003.0,104,6.7,145977,85000000,80900000
tt0328107,Man on Fire,2004.0,146,7.7,401244,70000000,130300000
tt0328538,Thirteen,2003.0,100,6.8,102594,2000000,10128960
tt0328589,Under the Tuscan Sun,2003.0,113,6.7,62526,18000000,58878723
tt0328828,American Wedding,2003.0,96,6.3,222342,55000000,231449203
tt0329028,Dumb and Dumberer: When Harry Met Lloyd,2003.0,85,3.5,43402,19000000,39267515
tt0329101,Freddy vs. Jason,2003.0,97,5.7,131273,30000000,116643421
tt0329575,Seabiscuit,2003.0,140,7.3,78197,87000000,148300000
tt0329691,Torque,2004.0,84,4.1,29984,40000000,46546197
tt0329717,Hollywood Homicide,2003.0,116,5.3,40323,75000000,51142659
tt0330373,Harry Potter and the Goblet of Fire,2005.0,157,7.7,712393,150000000,895921036
tt0330793,The Punisher,2004.0,124,6.4,175245,33000000,54700105
tt0331632,Scooby-Doo 2: Monsters Unleashed,2004.0,93,5.3,68208,80000000,181466833
tt0331953,Club Dread,2004.0,104,5.7,32069,8500000,5001655
tt0332047,Fever Pitch,2005.0,104,6.2,48802,30000000,50500000
tt0332280,The Notebook,2004.0,123,7.8,650785,29000000,115600000
tt0332375,Saved!,2004.0,92,6.7,49986,5000000,10100000
tt0332379,School of Rock,2003.0,109,7.2,343017,35000000,131100000
tt0332452,Troy,2004.0,163,7.3,589674,175000000,497409852
tt0332658,Intermission,2003.0,105,6.8,16909,5000000,4856298
tt0333766,Garden State,2004.0,102,7.4,226017,2500000,26781723
tt0335119,Girl with a Pearl Earring,2003.0,100,6.9,84001,10500000,31500000
tt0335245,The Ladykillers,2004.0,104,6.2,110520,35000000,76700000
tt0335266,Lost in Translation,2003.0,102,7.7,508276,4000000,119723856
tt0335345,The Passion of the Christ,2004.0,127,7.2,257542,30000000,612060372
tt0335438,Starsky & Hutch,2004.0,101,6.1,157454,60000000,170300000
tt0335559,Win a Date with Tad Hamilton!,2004.0,95,5.6,30088,17000000,16980098
tt0335563,Wonderland,2003.0,104,6.5,23924,5000000,2466444
tt0337563,13 Going on 30,2004.0,98,6.3,230610,37000000,96500000
tt0337579,Barbershop 2: Back in Business,2004.0,106,5.7,16442,18000000,65070412
tt0337692,On the Road,2012.0,124,6.0,43956,25000000,8784318
tt0337741,Something's Gotta Give,2003.0,128,6.7,132454,80000000,270000000
tt0337917,Catch That Kid,2004.0,91,5.2,11197,18000000,16951702
tt0337978,Live Free or Die Hard,2007.0,128,7.1,428072,110000000,383531464
tt0338013,Eternal Sunshine of the Spotless Mind,2004.0,108,8.3,1128183,20000000,72258126
tt0338094,The Haunted Mansion,2003.0,88,5.2,58865,90000000,182290266
tt0338337,Paycheck,2003.0,119,6.3,115059,60000000,117248958
tt0338348,The Polar Express,2004.0,100,6.6,256367,165000000,318432432
tt0338466,Stuck on You,2003.0,118,5.8,55804,55000000,65784503
tt0338512,Two Brothers,2004.0,109,7.0,16202,74500000,62172050
tt0338526,Van Helsing,2004.0,131,6.1,296088,160000000,300257475
tt0338751,The Aviator,2004.0,170,7.5,393492,110000000,213700000
tt0339034,From Justin to Kelly,2003.0,81,1.9,27173,12000000,4922166
tt0339291,A Series of Unfortunate Events,2004.0,108,6.8,225702,140000000,209073645
tt0339412,Mr. 3000,2004.0,104,5.6,15431,30000000,21800000
tt0340012,Being Julia,2004.0,104,7.0,13161,18000000,14300000
tt0340855,Monster,2003.0,109,7.3,167043,8000000,60400000
tt0342258,Unleashed,2005.0,103,7.0,109795,45000000,50871113
tt0343135,Along Came Polly,2004.0,90,6.0,147133,42000000,178300000
tt0343660,50 First Dates,2004.0,99,6.8,396047,75000000,196482882
tt0343737,The Good Shepherd,2006.0,167,6.7,110403,85000000,100266865
tt0343818,"I, Robot",2004.0,115,7.1,593596,120000000,347234916
tt0343996,The Lost City,2005.0,144,6.5,10033,9600000,4386236
tt0345950,The SpongeBob SquarePants Movie,2004.0,87,7.2,107109,30000000,140161792
tt0346156,Sky Captain and the World of Tomorrow,2004.0,106,6.1,88675,70000000,57958696
tt0346491,Alexander,2004.0,175,5.6,179596,155000000,167298192
tt0348150,Superman Returns,2006.0,154,6.1,295419,223000000,391081192
tt0349467,Freedomland,2006.0,113,5.2,17458,37665000,14655628
tt0349683,King Arthur,2004.0,126,6.3,179132,120000000,203600000
tt0349825,Miracle,2004.0,135,7.5,60970,28000000,64400000
tt0349903,Ocean's Twelve,2004.0,125,6.5,424715,110000000,362744280
tt0350028,Raising Helen,2004.0,119,6.0,38770,50000000,49700000
tt0350258,Ray,2004.0,152,7.7,160786,40000000,124700000
tt0351283,Madagascar,2005.0,86,6.9,455291,75000000,542064525
tt0351977,Walking Tall,2004.0,86,6.3,111890,46000000,57223888
tt0352248,Cinderella Man,2005.0,144,8.0,203516,88000000,108539911
tt0352277,De-Lovely,2004.0,125,6.6,12081,15000000,18400000
tt0355295,The Brothers Grimm,2005.0,118,5.9,128460,88000000,105300000
tt0355702,Lords of Dogtown,2005.0,107,7.1,59395,25000000,13411957
tt0356150,EuroTrip,2004.0,92,6.6,232261,25000000,22605153
tt0356470,A Cinderella Story,2004.0,95,5.9,97214,19000000,70067909
tt0356680,The Family Stone,2005.0,103,6.3,79670,19000000,92884429
tt0356721,I Heart Huckabees,2004.0,107,6.5,66859,22000000,20094909
tt0356910,Mr. & Mrs. Smith,2005.0,120,6.5,563679,110000000,487300000
tt0357277,Elektra,2005.0,97,4.7,101463,43000000,56681566
tt0357413,Anchorman: The Legend of Ron Burgundy,2004.0,94,7.1,388863,26000000,90574188
tt0357507,Boogeyman,2005.0,89,4.2,33197,20000000,67192859
tt0358082,Robots,2005.0,91,6.4,167927,75000000,262511490
tt0358135,Shall We Dance?,2004.0,106,6.2,50743,50000000,170128460
tt0358273,Walk the Line,2005.0,136,7.8,273118,28000000,186800000
tt0358349,Agent Cody Banks 2: Destination London,2004.0,100,4.6,16356,26000000,28818995
tt0359013,Blade: Trinity,2004.0,113,5.8,195048,65000000,128905366
tt0359517,Johnson Family Vacation,2004.0,97,4.6,8644,12000000,31179516
tt0359950,The Secret Life of Walter Mitty,2013.0,114,7.3,352909,90000000,188133322
tt0360009,Spartan,2004.0,106,6.5,33483,19250000,8112712
tt0360139,Chasing Liberty,2004.0,111,6.1,41660,23000000,12195626
tt0360201,Wimbledon,2004.0,98,6.3,67977,31000000,41512007
tt0360486,Constantine,2005.0,121,7.0,389524,100000000,230900000
tt0360717,King Kong,2005.0,187,7.2,457431,207000000,562363449
tt0361089,Valiant,2005.0,76,5.5,25056,35000000,61746888
tt0361309,We Don't Live Here Anymore,2004.0,101,6.2,10204,3000000,2037545
tt0361411,Bride & Prejudice,2004.0,122,6.2,22096,7000000,24700000
tt0361467,Confessions of a Teenage Drama Queen,2004.0,89,4.7,32313,15000000,29331068
tt0361500,Delgo,2008.0,94,4.3,3255,40000000,915840
tt0361596,Fahrenheit 9/11,2004.0,122,7.5,133602,6000000,222400000
tt0361696,Raise Your Voice,2004.0,103,5.8,29373,15000000,14867514
tt0361748,Inglourious Basterds,2009.0,153,8.4,1665957,70000000,321457747
tt0361841,Little Black Book,2004.0,107,5.3,19401,35000000,22035509
tt0361862,The Machinist,2004.0,101,7.6,427266,5000000,8203235
tt0361925,Welcome to Mooseport,2004.0,110,5.3,14102,30000000,14000000
tt0362120,Scary Movie 4,2006.0,83,5.1,133146,45000000,178262620
tt0362165,Son of the Mask,2005.0,94,2.3,60683,84000000,59918422
tt0362270,The Life Aquatic with Steve Zissou,2004.0,119,7.2,215168,50000000,34808403
tt0363282,New York Minute,2004.0,91,5.0,25536,30000000,21289826
tt0363547,Dawn of the Dead,2004.0,101,7.2,280029,26000000,102278712
tt0363589,Elephant,2003.0,81,7.1,100085,3000000,10000000
tt0363771,"The Chronicles of Narnia: The Lion, the Witch and the Wardrobe",2005.0,143,6.9,441538,180000000,745013115
tt0363988,Secret Window,2004.0,96,6.5,215079,40000000,92900000
tt0364045,Taking Lives,2004.0,103,6.2,98395,45000000,65470529
tt0364725,Dodgeball: A True Underdog Story,2004.0,92,6.7,274768,20000000,168423227
tt0364751,Without a Paddle,2004.0,95,5.8,52667,19000000,69600000
tt0364970,Babylon A.D.,2008.0,90,5.5,99428,70000000,72109200
tt0365125,A Dirty Shame,2004.0,89,5.1,13868,15000000,1900000
tt0365485,The Matador,2005.0,96,6.7,46873,10000000,17300000
tt0365686,Revolver,2005.0,111,6.3,105653,27000000,7164778
tt0365737,Syriana,2005.0,128,6.9,136157,50000000,93974620
tt0365748,Shaun of the Dead,2004.0,99,7.9,616013,6000000,39396175
tt0365830,Tenacious D in the Pick of Destiny,2006.0,94,6.8,117069,22000000,13405595
tt0365907,A Walk Among the Tombstones,2014.0,114,6.5,129524,28000000,58834384
tt0366548,Happy Feet,2006.0,108,6.4,205997,100000000,384335608
tt0366551,Harold & Kumar Go to White Castle,2004.0,88,7.0,210682,9000000,23936908
tt0366627,The Jacket,2005.0,103,7.1,121686,29000000,21733230
tt0366780,Mirrormask,2005.0,101,6.7,23959,4000000,973613
tt0367089,The Squid and the Whale,2005.0,81,7.3,92612,1500000,11100000
tt0367478,Wake of Death,2004.0,91,5.5,10421,14000000,521918
tt0367594,Charlie and the Chocolate Factory,2005.0,115,6.7,547938,150000000,475000000
tt0367652,Deuce Bigalow: European Gigolo,2005.0,83,4.7,54500,22000000,45109561
tt0367882,Indiana Jones and the Kingdom of the Crystal Skull,2008.0,122,6.2,501302,185000000,786636033
tt0367959,Hannibal Rising,2007.0,121,6.1,118724,75000000,82169884
tt0368008,The Manchurian Candidate,2004.0,129,6.6,119922,80000000,96105964
tt0368226,The Room,2003.0,99,3.6,97305,6000000,1752988
tt0368447,The Village,2004.0,108,6.6,287297,60000000,256700000
tt0368578,Are We There Yet?,2005.0,95,4.8,35538,32000000,97918663
tt0368709,Elizabethtown,2005.0,123,6.3,73980,57000000,52200000
tt0368794,I'm Not There,2007.0,135,6.8,62506,20000000,4001121
tt0368891,National Treasure,2004.0,131,6.9,365592,100000000,347500000
tt0368933,The Princess Diaries 2: Royal Engagement,2004.0,113,5.9,92804,40000000,134734481
tt0369436,Four Christmases,2008.0,88,5.7,84681,80000000,164112721
tt0369441,Fun with Dick and Jane,2005.0,90,6.2,158017,100000000,202026112
tt0369610,Jurassic World,2015.0,124,6.9,698469,150000000,1671537444
tt0369735,Monster-in-Law,2005.0,101,5.6,67149,43000000,154749918
tt0369994,Strangers with Candy,2005.0,97,5.9,8542,3500000,2300000
tt0370032,Ultraviolet,2006.0,88,4.4,85117,30000000,31070211
tt0370263,Alien vs. Predator,2004.0,101,5.7,222358,70000000,177427090
tt0371246,Spanglish,2004.0,131,6.4,90355,80000000,55470154
tt0371257,Stay,2005.0,99,6.7,89070,50000000,8342132
tt0371606,Chicken Little,2005.0,81,5.7,104361,150000000,314400000
tt0371724,The Hitchhiker's Guide to the Galaxy,2005.0,109,6.7,212055,50000000,104500000
tt0371746,Iron Man,2008.0,126,7.9,1164925,140000000,585174222
tt0372183,The Bourne Supremacy,2004.0,108,7.7,498222,75000000,288500217
tt0372237,Guess Who,2005.0,105,5.9,46992,35000000,103100000
tt0372532,The Wedding Date,2005.0,90,6.1,57610,15000000,47175038
tt0372588,Team America: World Police,2004.0,98,7.2,181772,32000000,50826898
tt0372784,Batman Begins,2005.0,140,8.2,1635596,150000000,374218673
tt0373051,Journey to the Center of the Earth,2008.0,93,5.8,135531,45000000,101702060
tt0373450,Where the Truth Lies,2005.0,107,6.4,19110,25000000,3487678
tt0373469,Kiss Kiss Bang Bang,2005.0,103,7.5,242173,15000000,15785148
tt0373883,Halloween,2007.0,109,6.0,134574,15000000,80460948
tt0373889,Harry Potter and the Order of the Phoenix,2007.0,138,7.5,661681,150000000,938212738
tt0373908,The Honeymooners,2005.0,90,3.5,7647,25000000,13200000
tt0373926,The Interpreter,2005.0,128,6.4,112306,80000000,162944923
tt0374102,Open Water,2003.0,79,5.8,57726,120000,54683487
tt0374536,Bewitched,2005.0,102,4.8,76776,85000000,131426169
tt0374900,Napoleon Dynamite,2004.0,96,7.0,245759,400000,46118097
tt0375063,Sideways,2004.0,127,7.5,210090,16000000,109502303
tt0375154,Tristan + Isolde,2006.0,125,6.8,54960,31000000,28000000
tt0375210,White Noise,2005.0,101,5.5,51609,10000000,91196419
tt0375568,Astro Boy,2009.0,94,6.2,41205,10000000,19551067
tt0375679,Crash,2004.0,112,7.7,454618,6500000,98400000
tt0375920,The Libertine,2004.0,114,6.2,38207,11000000,10900000
tt0376108,Rebound,2005.0,86,5.2,13854,45000000,16809014
tt0376479,American Pastoral,2016.0,108,6.1,18831,10000000,1715728
tt0376541,Closer,2004.0,104,7.2,243311,27000000,115505027
tt0376994,X-Men: The Last Stand,2006.0,104,6.6,557363,210000000,459359555
tt0377062,Flight of the Phoenix,2004.0,113,6.1,57687,45000000,21009180
tt0377091,Mean Creek,2004.0,90,7.1,33945,500000,603943
tt0377092,Mean Girls,2004.0,97,7.1,457932,17000000,130161094
tt0377109,The Ring Two,2005.0,110,5.4,103264,50000000,161451538
tt0377471,Be Cool,2005.0,118,5.6,73504,53000000,95200000
tt0377981,Gnomeo & Juliet,2011.0,84,5.9,61508,36000000,189712432
tt0378109,Into the Blue,2005.0,110,5.9,81390,50000000,46117696
tt0378194,Kill Bill: Vol. 2,2004.0,137,8.0,833240,30000000,152159461
tt0379725,Capote,2005.0,114,7.3,144711,7000000,49327405
tt0379786,Serenity,2005.0,119,7.8,309923,39000000,38869464
tt0379865,Leatherheads,2008.0,114,6.0,33930,58000000,41299492
tt0379889,The Merchant of Venice,2004.0,131,7.0,39038,30000000,21600000
tt0380389,Goal! The Dream Begins,2005.0,118,6.7,67140,10000000,27610873
tt0380510,The Lovely Bones,2009.0,135,6.6,185009,65000000,93600000
tt0381061,Casino Royale,2006.0,144,8.0,714229,150000000,599045960
tt0381707,White Chicks,2004.0,109,5.8,175678,37000000,113100000
tt0381849,3:10 to Yuma,2007.0,122,7.6,341589,55000000,70000000
tt0382625,The Da Vinci Code,2006.0,149,6.6,470425,125000000,760006945
tt0382628,Dark Water,2005.0,105,5.6,66607,30000000,68357079
tt0382932,Ratatouille,2007.0,111,8.1,875942,150000000,623726000
tt0382992,Stealth,2005.0,121,5.1,57303,135000000,76932943
tt0383010,The Three Stooges,2012.0,92,5.1,33776,30000000,54819301
tt0383028,"Synecdoche, New York",2008.0,124,7.5,101093,20000000,4383538
tt0383060,Zoom,2006.0,83,4.4,23326,75600000,12506188
tt0383216,The Pink Panther,2006.0,93,5.7,95235,65000000,158851357
tt0383222,BloodRayne,2005.0,95,3.0,37798,25000000,3650275
tt0383574,Pirates of the Caribbean: Dead Man's Chest,2006.0,151,7.4,792591,200000000,1066179747
tt0383694,Vera Drake,2004.0,125,7.6,27750,11000000,13300000
tt0384504,Saving Face,2004.0,91,7.4,14161,2500000,1230000
tt0384533,She Hate Me,2004.0,138,5.3,8406,8000000,1500000
tt0384537,Silent Hill,2006.0,125,6.5,251481,50000000,100605135
tt0384642,Kicking & Screaming,2005.0,95,5.6,41733,45000000,56070433
tt0384680,The Weather Man,2005.0,102,6.6,84651,20000000,12482775
tt0384793,Accepted,2006.0,93,6.4,142426,23000000,38505009
tt0384806,The Amityville Horror,2005.0,90,5.9,119895,19000000,107516369
tt0385752,The Golden Compass,2007.0,113,6.1,199994,180000000,372200000
tt0385880,Monster House,2006.0,91,6.7,145843,75000000,140175006
tt0385887,Motherless Brooklyn,2019.0,144,6.8,64572,26000000,18377736
tt0385890,My Big Fat Independent Movie,2005.0,80,3.2,1440,3000000,12155249
tt0386140,The Legend of Zorro,2005.0,129,6.0,110640,75000000,142400065
tt0386588,Hitch,2005.0,118,6.6,341503,70000000,371600000
tt0387131,The Constant Gardener,2005.0,129,7.3,152037,25000000,82468097
tt0387514,Prime,2005.0,105,6.2,42600,22000000,67900000
tt0387564,Saw,2004.0,103,7.6,486526,1200000,104004218
tt0387575,Seed of Chucky,2004.0,87,4.9,52040,12000000,24829644
tt0387877,The Black Dahlia,2006.0,121,5.6,78296,50000000,49111202
tt0388482,Transporter 2,2005.0,87,6.3,220301,32000000,89100000
tt0388795,Brokeback Mountain,2005.0,134,7.7,398762,14000000,178043761
tt0388980,The Greatest Game Ever Played,2005.0,120,7.4,34570,26000000,15431177
tt0389326,Riding Giants,2004.0,105,7.8,4713,2600000,3166000
tt0389722,30 Days of Night,2007.0,113,6.6,194803,30000000,75505973
tt0389790,Bee Movie,2007.0,91,6.1,186899,150000000,287594577
tt0389860,Click,2006.0,107,6.4,369616,82500000,240685326
tt0390022,Friday Night Lights,2004.0,118,7.2,68597,30000000,61255921
tt0390384,Primer,2004.0,77,6.7,117401,7000,545436
tt0391198,The Grudge,2004.0,91,5.9,154124,10000000,183474602
tt0391304,A Lot Like Love,2005.0,107,6.6,72247,30000000,42886719
tt0393109,Brick,2005.0,110,7.1,111981,475000,3900000
tt0393162,Coach Carter,2005.0,136,7.3,179098,30000000,76669554
tt0393735,The Shaggy Dog,2006.0,98,4.4,20564,50000000,87134280
tt0395169,Hotel Rwanda,2004.0,121,8.1,382141,17500000,38000000
tt0395251,The Producers,2005.0,134,6.4,45655,45000000,38058335
tt0395584,The Devil's Rejects,2005.0,107,6.7,108363,7000000,20901859
tt0395972,North Country,2005.0,126,7.3,45940,35000000,25224242
tt0396171,Perfume: The Story of a Murderer,2006.0,147,7.5,272085,60000000,135039924
tt0396269,Wedding Crashers,2005.0,119,7.0,385337,40000000,288500000
tt0396555,Meet the Robinsons,2007.0,95,6.8,115962,150000000,169332978
tt0396652,Ice Princess,2005.0,98,6.0,30174,25000000,27645491
tt0396707,The Secret of Moonacre,2008.0,103,6.0,11406,32000000,7162618
tt0396752,Nanny McPhee,2005.0,97,6.6,88304,25000000,123276807
tt0397044,Blood and Chocolate,2007.0,98,5.3,18548,15000000,6300000
tt0397065,House of Wax,2005.0,113,5.5,138982,40000000,68766121
tt0397078,Just My Luck,2006.0,103,5.5,63465,28000000,38159905
tt0397101,The Skeleton Key,2005.0,104,6.5,126924,43000000,93983911
tt0397313,Eight Below,2006.0,120,7.3,69919,40000000,120455994
tt0397535,Memoirs of a Geisha,2005.0,145,7.3,166154,85000000,162242962
tt0397892,Bolt,2008.0,96,6.8,237537,150000000,309979994
tt0398027,Down in the Valley,2005.0,114,6.4,19220,8000000,852872
tt0398165,The Longest Yard,2005.0,113,6.4,202111,90000000,191466556
tt0398286,Tangled,2010.0,100,7.7,516347,260000000,592461732
tt0398375,Rumor Has It...,2005.0,97,5.5,63181,70000000,88900000
tt0398808,Bridge to Terabithia,2007.0,96,7.2,180901,60000000,137587063
tt0398913,DOA: Dead or Alive,2006.0,87,4.8,47011,21000000,7600000
tt0399146,A History of Violence,2005.0,96,7.4,262806,32000000,61477797
tt0399201,The Island,2005.0,136,6.8,333404,126000000,162949164
tt0399295,Lord of War,2005.0,122,7.6,347137,50000000,72600000
tt0399327,The Man,2005.0,83,5.5,27096,33000000,13485145
tt0399862,End of the Spear,2005.0,108,6.8,5580,10000000,12128105
tt0400497,Herbie Fully Loaded,2005.0,101,4.9,52270,50000000,144100000
tt0400717,Open Season,2006.0,86,6.1,109411,85000000,197300000
tt0401445,A Good Year,2006.0,117,6.9,104051,35000000,42064105
tt0401729,John Carter,2012.0,132,6.6,292128,250000000,284100000
tt0401792,Sin City,2005.0,124,8.0,805345,40000000,158733820
tt0401997,Breach,2007.0,110,7.0,62938,23000000,41000000
tt0402022,Æon Flux,2005.0,93,5.4,134732,62000000,53321673
tt0402399,The New World,2005.0,135,6.7,91809,30000000,30500000
tt0402850,The Big White,2005.0,100,6.3,15598,14000000,541840
tt0402894,Casanova,2005.0,112,6.5,57139,20000000,37700000
tt0403508,The Sisterhood of the Traveling Pants,2005.0,119,6.5,66645,25000000,39053061
tt0404030,Everything Is Illuminated,2005.0,106,7.4,60665,7000000,3601974
tt0404032,The Exorcism of Emily Rose,2005.0,119,6.7,144210,19000000,145166804
tt0404203,Little Children,2006.0,137,7.5,119267,26000000,14821658
tt0404802,The Notorious Bettie Page,2005.0,91,6.5,11892,90,1410778
tt0405159,Million Dollar Baby,2004.0,132,8.1,742697,30000000,216763646
tt0405296,A Scanner Darkly,2006.0,100,7.0,119597,8700000,7659918
tt0405325,Sky High,2005.0,100,6.3,97441,35000000,86369815
tt0405422,The 40-Year-Old Virgin,2005.0,116,7.1,482808,26000000,177400000
tt0405469,The Wild,2006.0,82,5.2,28546,80000000,102338515
tt0405676,All the King's Men,2006.0,128,6.1,26036,55000000,9450897
tt0406375,Zathura: A Space Adventure,2005.0,101,6.3,119936,65000000,65079104
tt0407265,Transamerica,2005.0,103,7.3,42832,1000000,13350369
tt0407304,War of the Worlds,2005.0,117,6.5,487917,132000000,603873119
tt0407887,The Departed,2006.0,151,8.5,1476982,90000000,291465000
tt0408236,Sweeney Todd: The Demon Barber of Fleet Street,2007.0,116,7.3,396319,50000000,152000000
tt0408306,Munich,2005.0,164,7.5,246311,70000000,130982129
tt0408524,Bad News Bears,2005.0,113,5.8,23349,30000000,34252847
tt0408790,Flightplan,2005.0,98,6.3,175628,55000000,223387299
tt0408839,The Heartbreak Kid,2007.0,116,5.8,97983,60000000,128453183
tt0409182,Poseidon,2006.0,98,5.7,112666,160000000,181700000
tt0409345,Surveillance,2008.0,97,6.3,18765,3500000,1138322
tt0409459,Watchmen,2009.0,162,7.6,595861,130000000,185258983
tt0409847,Cowboys & Aliens,2011.0,119,6.0,236758,163000000,174822325
tt0410454,The Work and the Glory,2004.0,110,6.5,1234,7500000,3347647
tt0410764,Tideland,2005.0,120,6.3,35292,12000000,566611
tt0411061,88 Minutes,2007.0,108,5.9,79259,30000000,32593385
tt0411477,Hellboy II: The Golden Army,2008.0,120,7.0,292417,85000000,160388063
tt0411951,Tekken,2010.0,92,4.8,28990,30000000,967000
tt0412019,Broken Flowers,2005.0,106,7.1,108439,10000000,46720491
tt0412080,The World's Fastest Indian,2005.0,127,7.8,61297,25000000,18300000
tt0412536,Brideshead Revisited,2008.0,133,6.6,13922,20000000,13204291
tt0413267,Shrek the Third,2007.0,93,6.1,345126,160000000,813367380
tt0413300,Spider-Man 3,2007.0,139,6.3,663695,258000000,894983373
tt0414055,Elizabeth: The Golden Age,2007.0,114,6.8,76625,55000000,74237563
tt0414387,Pride & Prejudice,2005.0,129,7.8,347581,28000000,121600000
tt0414853,Barnyard,2006.0,90,5.6,36127,51000000,116755080
tt0414982,Final Destination 3,2006.0,93,5.8,161121,25000000,118890272
tt0414993,The Fountain,2006.0,97,7.2,252573,35000000,15304890
tt0415306,Talladega Nights: The Ballad of Ricky Bobby,2006.0,108,6.6,206298,72500000,163000000
tt0416315,Wolf Creek,2005.0,99,6.2,81292,1000000,30894796
tt0416320,Match Point,2005.0,124,7.6,232970,15000000,85306374
tt0416449,300,2006.0,117,7.6,886757,65000000,456082343
tt0416496,Bandidas,2006.0,93,5.7,38066,35000000,18381890
tt0416508,Becoming Jane,2007.0,120,7.0,66548,16500000,37311672
tt0417001,Must Love Dogs,2005.0,98,5.9,33600,30000000,58405313
tt0417217,Two for the Money,2005.0,122,6.2,50792,35000000,30526509
tt0417741,Harry Potter and the Half-Blood Prince,2009.0,153,7.6,623367,250000000,933959197
tt0418279,Transformers,2007.0,144,7.1,693874,150000000,709709780
tt0418689,Flags of Our Fathers,2006.0,135,7.1,131620,90000000,65900249
tt0418819,Land of the Dead,2005.0,93,6.2,102819,15000000,47074133
tt0419294,The Three Burials of Melquiades Estrada,2005.0,121,7.3,42461,15000000,12036149
tt0419706,Doom,2005.0,105,5.2,121037,60000000,58100000
tt0419749,Find Me Guilty,2006.0,125,7.0,37088,13000000,2636637
tt0419887,The Kite Runner,2007.0,128,7.6,83675,20000000,73276047
tt0419946,The Marine,2006.0,92,4.8,36557,20000000,22165608
tt0420238,The Tale of Despereaux,2008.0,93,6.1,40661,60000000,87000000
tt0420294,The Texas Chainsaw Massacre: The Beginning,2006.0,91,5.8,79232,16000000,50517763
tt0420609,Infamous,2006.0,110,7.0,18500,13000000,2689799
tt0421054,Domino,2005.0,127,5.9,70357,50000000,22900000
tt0421082,Control,2007.0,122,7.6,70029,5000000,8200000
tt0421206,Gridiron Gang,2006.0,125,7.1,82253,30000000,41500000
tt0421238,The Proposition,2005.0,104,7.3,56236,2000000,5048693
tt0421239,Red Eye,2005.0,85,6.5,153828,26000000,57891803
tt0421715,The Curious Case of Benjamin Button,2008.0,166,7.8,717959,150000000,335800000
tt0421729,Big Momma's House 2,2006.0,99,4.8,47717,40000000,141522961
tt0421994,Imagine Me & You,2005.0,90,6.8,37543,1000000,2500000
tt0422093,Diary of a Mad Black Woman,2005.0,116,5.7,16401,5500000,50652203
tt0422720,Marie Antoinette,2006.0,123,6.5,126601,40000000,60917189
tt0423294,Surf's Up,2007.0,85,6.7,95769,85000000,149000000
tt0423977,Charlie Bartlett,2007.0,97,6.9,67409,12000000,5254986
tt0424095,Flushed Away,2006.0,85,6.6,143637,149000000,178120010
tt0424136,Hard Candy,2005.0,104,7.0,171517,950000,7000000
tt0424345,Clerks II,2006.0,97,7.3,142479,5000000,26888376
tt0424774,The Adventures of Sharkboy and Lavagirl 3-D,2005.0,93,3.8,44234,50000000,72000000
tt0424908,Copying Beethoven,2006.0,104,6.7,14265,11000000,6191746
tt0425061,Get Smart,2008.0,110,6.5,232649,80000000,230685453
tt0425112,Hot Fuzz,2007.0,121,7.8,549600,12000000,80600000
tt0425123,Just Like Heaven,2005.0,95,6.7,120369,58000000,102900000
tt0425430,The Messengers,2007.0,90,5.3,41767,16000000,55060212
tt0425601,Trailer Park Boys: The Movie,2006.0,95,7.1,13836,5000000,3833507
tt0426459,Feast,2005.0,95,6.2,34905,3200000,658573
tt0426592,Superhero Movie,2008.0,75,4.7,79151,35000000,71571300
tt0426883,Alpha Dog,2006.0,122,6.9,109663,9500000,32400000
tt0427229,Failure to Launch,2006.0,97,5.7,91028,50000000,130224158
tt0427309,The Great Debaters,2007.0,126,7.5,64804,15000000,30226144
tt0427327,Hairspray,2007.0,117,6.7,141899,75000000,90450008
tt0427392,The Invasion,2007.0,99,5.9,85200,80000000,40170558
tt0427944,Thank You for Smoking,2005.0,92,7.5,232026,6500000,24793509
tt0429493,The A-Team,2010.0,117,6.7,272419,110000000,177238796
tt0429573,An American Haunting,2005.0,83,5.0,27382,14000000,29612137
tt0429589,The Ant Bully,2006.0,88,5.8,42909,50000000,55200000
tt0429591,Aquamarine,2006.0,110,5.4,46560,12000000,23006849
tt0430105,Four Brothers,2005.0,109,6.8,163402,45000000,92374674
tt0430304,Little Man,2006.0,98,4.5,62417,64000000,101600000
tt0430308,Get Rich or Die Tryin',2005.0,117,5.5,51839,40000000,46442528
tt0430357,Miami Vice,2006.0,132,6.1,126890,135000000,163800000
tt0430431,One Night with the King,2006.0,123,6.0,8006,20000000,13728450
tt0430779,Everyone's Hero,2006.0,87,5.7,10010,35000000,16627188
tt0430912,Basic Instinct 2,2006.0,114,4.4,42562,70000000,38629478
tt0430922,Role Models,2008.0,99,6.8,245100,28000000,92380927
tt0431021,The Possession,2012.0,92,5.9,64524,14000000,85400000
tt0431308,P.S. I Love You,2007.0,126,7.0,221853,30000000,156835339
tt0432021,Resident Evil: Extinction,2007.0,94,6.2,209962,45000000,147717833
tt0432283,Fantastic Mr. Fox,2009.0,87,7.9,283587,40000000,46471023
tt0432291,The Fog,2005.0,100,3.7,40161,18000000,46201432
tt0432348,Saw II,2005.0,93,6.6,286302,4000000,152925093
tt0433035,Real Steel,2011.0,127,7.1,368610,110000000,299300000
tt0433362,Daybreakers,2009.0,98,6.4,137608,20000000,51417188
tt0433383,"Good Night, and Good Luck.",2005.0,93,7.4,102678,7000000,54600000
tt0433386,The Grudge 2,2006.0,102,5.1,52392,20000000,39143839
tt0433442,The Return,2005.0,85,4.7,12498,15000000,11992014
tt0434139,The Last Kiss,2006.0,104,6.4,42496,20000000,15851622
tt0434409,V for Vendetta,2005.0,132,8.1,1209519,54000000,132511035
tt0435625,The Descent,2005.0,99,7.2,258461,3500000,57130027
tt0435651,The Giver,2014.0,97,6.4,128037,25000000,66980456
tt0435705,Next,2007.0,96,6.2,170006,70000000,76066841
tt0435761,Toy Story 3,2010.0,103,8.3,925130,200000000,1067316101
tt0436697,The Queen,2006.0,103,7.3,117475,15000000,123384128
tt0437086,Alita: Battle Angel,2019.0,122,7.3,309543,170000000,405000000
tt0437179,See No Evil,2006.0,84,5.1,29782,8000000,18700000
tt0437863,The Benchwarmers,2006.0,85,5.5,56337,33000000,65000000
tt0437954,Virgin Territory,2007.0,97,4.7,9354,38000000,5410749
tt0438097,Ice Age: The Meltdown,2006.0,91,6.8,306200,80000000,660998756
tt0438488,Terminator Salvation,2009.0,115,6.5,384667,200000000,371353001
tt0439572,The Flash,2023.0,144,6.6,229920,220000000,271333313
tt0439815,Slither,2006.0,95,6.5,91546,15000000,12800000
tt0440963,The Bourne Ultimatum,2007.0,115,8.0,669458,70000000,442824138
tt0441773,Kung Fu Panda,2008.0,92,7.6,546737,130000000,632091832
tt0441774,Lonely Hearts,2006.0,108,6.4,22718,18000000,2520000
tt0441796,Stay Alive,2006.0,85,5.0,34794,9000000,27105095
tt0442933,Beowulf,2007.0,115,6.3,176962,70000000,195735876
tt0443272,Lincoln,2012.0,150,7.3,277771,65000000,275300000
tt0443274,Vantage Point,2008.0,90,6.6,155698,40000000,152039882
tt0443295,"Yours, Mine & Ours",2005.0,88,5.5,31134,45000000,72028752
tt0443453,Borat,2006.0,84,7.4,457982,18000000,262552893
tt0443489,Dreamgirls,2006.0,130,6.6,78723,70000000,154937680
tt0443536,Hoodwinked!,2005.0,80,6.5,68584,8000000,110000000
tt0443543,The Illusionist,2006.0,110,7.5,396159,16500000,87892388
tt0443632,The Sentinel,2006.0,108,6.1,55452,60000000,78810595
tt0443649,"10,000 BC",2008.0,109,5.1,137309,105000000,269784201
tt0443680,The Assassination of Jesse James by the Coward Robert Ford,2007.0,160,7.5,197393,30000000,14711793
tt0443706,Zodiac,2007.0,157,7.7,630501,65000000,84785914
tt0444653,Keeping Mum,2005.0,99,6.8,36760,169000,18564702
tt0445922,Across the Universe,2007.0,133,7.3,115843,45000000,29625761
tt0445934,Blades of Glory,2007.0,93,6.3,181086,53000000,118200000
tt0445935,Bordertown,2007.0,112,6.0,11660,21000000,8329799
tt0445990,Invincible,2006.0,105,7.0,77236,30000000,57800000
tt0446029,Scott Pilgrim vs. the World,2010.0,112,7.5,479501,85000000,51691156
tt0446755,The Painted Veil,2006.0,125,7.4,97791,19400000,26910847
tt0448011,Knowing,2009.0,121,6.2,254707,50000000,155446362
tt0448075,The Night Listener,2006.0,91,5.9,16251,4000000,10639686
tt0448115,Shazam!,2019.0,132,7.0,398022,80000000,367799011
tt0448134,Sunshine,2007.0,107,7.2,275084,50000000,34800000
tt0448157,Hancock,2008.0,92,6.4,525346,150000000,629400000
tt0448694,Puss in Boots,2011.0,90,6.6,200257,130000000,554987477
tt0449010,Eragon,2006.0,104,5.1,132318,100000000,250425512
tt0449059,Little Miss Sunshine,2006.0,101,7.8,534359,8000000,100523181
tt0449088,Pirates of the Caribbean: At World's End,2007.0,169,7.1,715221,300000000,961691209
tt0449089,RV,2006.0,99,5.6,64986,50000000,87528173
tt0449467,Babel,2006.0,143,7.5,323061,25000000,135300000
tt0450259,Blood Diamond,2006.0,143,8.0,604179,100000000,171700000
tt0450278,Hostel,2005.0,94,5.9,197237,4800000,81979826
tt0450314,Punisher: War Zone,2008.0,103,5.9,68742,20500000,10089373
tt0450345,The Wicker Man,2006.0,102,3.8,73101,40000000,38805380
tt0450385,1408,2007.0,104,6.8,303079,25000000,133000000
tt0451079,Horton Hears a Who!,2008.0,86,6.8,154013,85000000,298572799
tt0451279,Wonder Woman,2017.0,141,7.3,716119,149000000,823970682
tt0452594,The Break-Up,2006.0,106,5.8,141710,52000000,205700000
tt0452598,Cheaper by the Dozen 2,2005.0,94,5.5,64481,60000000,129181830
tt0452623,Gone Baby Gone,2007.0,114,7.6,300949,19000000,34600000
tt0452625,Good Luck Chuck,2007.0,96,5.6,96579,25000000,59768495
tt0452637,Lady in the Water,2006.0,110,5.5,106125,70000000,72785169
tt0452681,The Santa Clause 3: The Escape Clause,2006.0,92,4.8,44570,12000000,84500122
tt0452694,The Time Traveler's Wife,2009.0,107,7.1,161576,39000000,101344412
tt0452702,Vacancy,2007.0,85,6.2,110493,19000000,35300645
tt0453451,Mr. Bean's Holiday,2007.0,90,6.4,137693,25000000,232225908
tt0453467,Deja Vu,2006.0,126,7.1,335888,75000000,180557550
tt0453556,TMNT,2007.0,87,6.2,70617,34000000,95608995
tt0453562,42,2013.0,128,7.5,105382,40000000,95020213
tt0454082,Black Christmas,2006.0,95,4.7,31971,9000000,21510851
tt0454841,The Hills Have Eyes,2006.0,107,6.4,189320,15000000,69623713
tt0454848,Inside Man,2006.0,129,7.6,410438,45000000,186003591
tt0454876,Life of Pi,2012.0,127,7.9,682460,120000000,609016565
tt0454919,Pulse,2006.0,90,4.7,31536,38000000,29907685
tt0454921,The Pursuit of Happyness,2006.0,117,8.0,587032,55000000,307077295
tt0454945,She's the Man,2006.0,105,6.4,182908,20000000,33900000
tt0454970,Turistas,2006.0,93,5.4,41528,10000000,14652825
tt0454987,Let's Go to Prison,2006.0,84,5.9,26862,4000000,4630045
tt0455538,How to Lose Friends & Alienate People,2008.0,110,6.4,71396,27000000,17286299
tt0455590,The Last King of Scotland,2006.0,123,7.6,200367,6000000,48600000
tt0455782,The Hunting Party,2007.0,101,6.8,26328,15000000,7600000
tt0455824,Australia,2008.0,165,6.6,131795,130000000,211787511
tt0455857,When a Stranger Calls,2006.0,87,5.1,49787,15000000,67062123
tt0455944,The Equalizer,2014.0,132,7.3,441796,55000000,192330738
tt0455957,Goya's Ghosts,2006.0,113,6.9,32411,50000000,9448082
tt0455960,The Hitcher,2007.0,84,5.6,46579,10000000,25400000
tt0456554,Grandma's Boy,2006.0,94,6.9,90515,5000000,6538177
tt0457400,Land of the Lost,2009.0,102,5.3,77134,100000000,68688831
tt0457433,Perfect Stranger,2007.0,109,5.7,52748,60795000,73090611
tt0457495,Stormbreaker,2006.0,93,5.1,26032,40000000,23900000
tt0457510,Nacho Libre,2006.0,92,5.9,96979,35000000,99300000
tt0457939,The Holiday,2006.0,136,7.0,346714,85000000,194168700
tt0458339,Captain America: The First Avenger,2011.0,124,6.9,926524,140000000,370569774
tt0458352,The Devil Wears Prada,2006.0,109,6.9,495476,35000000,326706115
tt0458525,X-Men Origins: Wolverine,2009.0,107,6.5,552154,150000000,373062864
tt0460829,Inland Empire,2006.0,180,6.8,65646,15000000,4304157
tt0461770,Enchanted,2007.0,107,7.1,222928,85000000,340487652
tt0462200,Black Snake Moan,2006.0,116,6.9,67557,15000000,10900000
tt0462229,Code Name: The Cleaner,2007.0,84,4.6,12358,20000000,10337477
tt0462244,Daddy Day Camp,2007.0,93,3.2,18312,6000000,18197398
tt0462322,Grindhouse,2007.0,191,7.5,193600,67000000,25422088
tt0462338,The Hoax,2006.0,116,6.7,17408,25000000,11772461
tt0462396,The Last Legion,2007.0,101,5.4,37643,67000000,25303038
tt0462465,Outlander,2008.0,115,6.2,79965,50000000,7033683
tt0462499,Rambo,2008.0,92,7.0,250197,50000000,113200000
tt0462504,Rescue Dawn,2006.0,125,7.3,113290,10000000,7177143
tt0462538,The Simpsons Movie,2007.0,87,7.3,356514,75000000,527068851
tt0463034,"You, Me and Dupree",2006.0,110,5.6,85371,54000000,130628903
tt0463854,28 Weeks Later,2007.0,100,6.9,307541,15000000,65048725
tt0463985,The Fast and the Furious: Tokyo Drift,2006.0,104,6.1,312984,85000000,158964610
tt0463998,Freedom Writers,2007.0,123,7.6,88341,21000000,43095175
tt0465142,American Dreamz,2006.0,107,5.5,25431,17000000,16700000
tt0465234,National Treasure: Book of Secrets,2007.0,124,6.5,260442,130000000,459200000
tt0465494,Hitman,2007.0,94,6.2,182571,24000000,99965753
tt0465502,Igor,2008.0,87,5.9,24653,25000000,30700000
tt0465538,Michael Clayton,2007.0,119,7.2,177859,25000000,92991835
tt0465551,Notes on a Scandal,2006.0,92,7.4,86931,15000000,49814392
tt0465580,Push,2009.0,111,6.1,117312,38000000,49678401
tt0465602,Shoot 'Em Up,2007.0,86,6.6,156939,39000000,26800000
tt0466342,Date Movie,2006.0,83,2.8,63133,20000000,85749034
tt0466839,I Could Never Be Your Woman,2007.0,97,6.0,20019,24000000,9576495
tt0466856,ATL,2006.0,105,6.2,12558,20000000,21170563
tt0466909,The Omen,2006.0,110,5.5,64889,25000000,119975084
tt0467110,Underdog,2007.0,84,4.8,23254,25000000,65270477
tt0467200,The Other Boleyn Girl,2008.0,115,6.7,122734,35000000,78269970
tt0467406,Juno,2007.0,96,7.4,560762,7500000,232372681
tt0468569,The Dark Knight,2008.0,152,9.0,2995601,185000000,1004558444
tt0469021,Alan Partridge,2013.0,90,6.9,33440,4000000,9800000
tt0469263,The Astronaut Farmer,2006.0,104,6.3,23541,13000000,11130889
tt0469494,There Will Be Blood,2007.0,158,8.2,665868,25000000,77208711
tt0469641,World Trade Center,2006.0,129,6.0,89365,65000000,163200000
tt0469903,The Express,2008.0,130,7.2,23199,40000000,9793496
tt0470705,Bug,2006.0,102,6.1,39116,4000000,8095658
tt0470752,Ex Machina,2014.0,108,7.7,613959,15000000,36869414
tt0470765,For Your Consideration,2006.0,86,6.3,16510,12000000,5542025
tt0471042,Tower Heist,2011.0,104,6.2,153887,75000000,152930623
tt0472033,9,2009.0,79,7.0,152182,30000000,48428063
tt0472043,Apocalypto,2006.0,139,7.8,342967,40000000,120654337
tt0472062,Charlie Wilson's War,2007.0,102,7.0,127523,75000000,119483446
tt0472071,Death Defying Acts,2007.0,97,5.8,10676,20000000,8380329
tt0472160,Penelope,2006.0,104,6.7,67787,15000000,21156270
tt0473075,Prince of Persia: The Sands of Time,2010.0,116,6.5,310540,200000000,336365676
tt0473360,Goal II: Living the Dream,2007.0,115,5.8,34660,10000000,7864905
tt0473705,State of Play,2009.0,127,7.1,163541,60000000,87800000
tt0475276,United 93,2006.0,111,7.6,113004,15000000,76300000
tt0475290,"Hail, Caesar!",2016.0,106,6.3,146191,22000000,63647656
tt0475355,Pride,2007.0,104,6.3,7046,20000000,7094650
tt0475394,Smokin' Aces,2006.0,108,6.6,154697,17000000,57103895
tt0475998,The Pirates Who Don't Do Anything,2008.0,85,5.6,3189,15000000,13247725
tt0476964,The Brave One,2007.0,122,6.7,64543,70000000,69766619
tt0477080,Unstoppable,2010.0,98,6.8,212861,100000000,167805466
tt0477302,Extremely Loud & Incredibly Close,2011.0,129,6.9,106411,40000000,55200000
tt0477347,Night at the Museum,2006.0,108,6.5,391086,110000000,574480841
tt0477348,No Country for Old Men,2007.0,122,8.2,1112407,25000000,171627166
tt0478087,21,2008.0,123,6.8,272753,35000000,159808370
tt0478134,In the Valley of Elah,2007.0,121,7.2,76227,23000000,29541790
tt0478304,The Tree of Life,2011.0,139,6.8,187449,32000000,54700000
tt0478311,Knocked Up,2007.0,129,6.9,391278,30000000,219900000
tt0478970,Ant-Man,2015.0,117,7.2,746008,130000000,519311965
tt0479143,Rocky Balboa,2006.0,102,7.1,236528,24000000,155929020
tt0479537,Seraphim Falls,2006.0,115,6.6,35586,18000000,1220058
tt0479884,Crank,2006.0,88,6.9,269966,12000000,42900000
tt0479952,Madagascar: Escape 2 Africa,2008.0,89,6.6,257883,150000000,603900354
tt0479968,One Missed Call,2008.0,87,4.0,34638,20000000,45847751
tt0479997,Season of the Witch,2011.0,95,5.4,100242,40000000,91627228
tt0480242,Dan in Real Life,2007.0,98,6.8,108823,25000000,68474305
tt0480249,I Am Legend,2007.0,101,7.2,844460,150000000,585410052
tt0480255,The Losers,2010.0,97,6.2,109011,25000000,23580000
tt0480687,Hall Pass,2011.0,105,5.9,133306,36000000,83200000
tt0481141,No Reservations,2007.0,104,6.3,81045,28000000,92601050
tt0481369,The Number 23,2007.0,98,6.4,216747,30000000,77677553
tt0481499,The Croods,2013.0,98,7.1,240452,135000000,587204668
tt0481536,Harold & Kumar Escape from Guantanamo Bay,2008.0,114,6.5,143872,12000000,43493123
tt0482527,It's a Boy Girl Thing,2006.0,95,6.2,43597,15500000,7385434
tt0482546,Miss Potter,2006.0,88,7.0,32906,30000000,35078241
tt0482571,The Prestige,2006.0,130,8.5,1503146,40000000,109676311
tt0482572,Pride and Glory,2008.0,130,6.6,64522,30000000,31200557
tt0482603,Space Chimps,2008.0,81,4.5,12908,37000000,64762724
tt0483726,Man of the Year,2006.0,115,6.2,36021,20000000,42500000
tt0483756,Nobel Son,2007.0,110,6.1,6233,4000000,550782
tt0485947,Mr. Nobody,2009.0,141,7.7,251118,47000000,2331721
tt0485985,Red Tails,2012.0,125,5.9,37831,58000000,50365377
tt0486551,Beerfest,2006.0,110,6.2,72447,17500000,19179969
tt0486576,Fantastic Four: Rise of the Silver Surfer,2007.0,92,5.6,284911,130000000,301913131
tt0486578,First Sunday,2008.0,96,4.6,12008,20000000,38800000
tt0486583,Fred Claus,2007.0,116,5.7,49419,100000000,97800000
tt0486655,Stardust,2007.0,127,7.6,291164,70000000,137500000
tt0486674,What Just Happened,2008.0,104,5.6,28884,25000000,6673422
tt0486822,Disturbia,2007.0,105,6.8,264114,20000000,117760134
tt0486946,Wild Hogs,2007.0,100,5.9,125442,60000000,253625427
tt0488120,Fracture,2007.0,113,7.2,226184,10000000,91354215
tt0488658,Unaccompanied Minors,2006.0,90,5.4,12751,26000000,21949234
tt0489049,Fanboys,2009.0,90,6.5,62032,3900000,948753
tt0489099,Jumper,2008.0,88,6.1,330313,85000000,222231186
tt0489244,Night of the Living Dead 3D,2006.0,80,3.1,3975,3000000,1657729
tt0489270,Saw III,2006.0,108,6.2,220005,10000000,164874275
tt0489282,Strange Wilderness,2008.0,87,5.2,23128,20000000,7000000
tt0490076,All the Boys Love Mandy Lane,2006.0,90,5.5,35428,750000,1757270
tt0490086,A Prueba De Hombres,2007.0,105,6.2,49230,7500000,8742330
tt0490181,Mutant Chronicles,2008.0,111,5.2,27424,8000000,2131057
tt0490204,Reign Over Me,2007.0,124,7.4,100881,20000000,22222308
tt0490215,Silence,2016.0,161,7.2,126963,46000000,23834809
tt0491152,Something Borrowed,2011.0,112,5.8,66327,35000000,65090821
tt0491175,Suburbicon,2017.0,105,5.8,48433,25000000,12751667
tt0491203,Tulip Fever,2017.0,105,6.2,23634,25000000,9204549
tt0492044,The Haunting in Connecticut,2009.0,92,5.8,66580,10000000,77578320
tt0492389,Furry Vengeance,2010.0,92,3.9,18699,35000000,36236710
tt0492956,The Game Plan,2007.0,110,6.4,102215,22000000,147880543
tt0493405,CHIPS,2017.0,100,6.0,52354,25000000,26800152
tt0493464,Wanted,2008.0,110,6.7,418620,75000000,342463063
tt0494238,Inkheart,2008.0,106,6.1,83721,60000000,62803180
tt0496806,Ocean's Thirteen,2007.0,122,6.9,376009,85000000,311312624
tt0497465,Vicky Cristina Barcelona,2008.0,96,7.1,273888,15000000,96409830
tt0498353,Hostel: Part II,2007.0,94,5.5,98864,10200000,35728183
tt0498380,Letters from Iwo Jima,2006.0,141,7.8,173227,19000000,68673228
tt0498381,Rings,2017.0,102,4.5,44306,25000000,83080890
tt0499448,The Chronicles of Narnia: Prince Caspian,2008.0,150,6.5,231747,225000000,419665568
tt0499549,Avatar,2009.0,162,7.9,1424113,237000000,2923706026
tt0499556,War,2007.0,103,6.2,98863,25000000,40452643
tt0758730,Aliens vs. Predator: Requiem,2007.0,94,4.6,139979,40000000,130290885
tt0758746,Friday the 13th,2009.0,97,5.5,121375,19000000,91509154
tt0758752,Love & Other Drugs,2010.0,112,6.7,234107,30000000,102800000
tt0758758,Into the Wild,2007.0,148,8.1,675993,15000000,56255142
tt0758766,Music and Lyrics,2007.0,104,6.5,109261,40000000,145896422
tt0758774,Body of Lies,2008.0,128,7.0,244321,70000000,113280098
tt0758794,We Are Marshall,2006.0,131,7.1,66202,65000000,43500000
tt0762114,License to Wed,2007.0,91,5.3,41190,35000000,69307224
tt0762121,The Nativity Story,2006.0,101,6.8,12686,35000000,46400000
tt0762125,Planet 51,2009.0,91,6.0,59919,70000000,104945765
tt0763304,Doogal,2006.0,78,2.8,5562,20000000,27450189
tt0765429,American Gangster,2007.0,157,7.8,469506,100000000,266500000
tt0765443,Eastern Promises,2007.0,100,7.6,269558,51500000,56106607
tt0765446,Escape from Planet Earth,2012.0,89,5.8,27373,40000000,74597643
tt0770703,What's Your Number?,2011.0,106,6.0,89533,20000000,30426096
tt0770752,Fool's Gold,2008.0,112,5.7,86704,70000000,111231041
tt0770828,Man of Steel,2013.0,143,7.1,830875,225000000,668045518
tt0775552,Aliens in the Attic,2009.0,86,5.4,25087,45000000,57881056
tt0780504,Drive,2011.0,100,7.8,731709,15000000,78100000
tt0780511,Everybody's Fine,2009.0,99,7.1,64929,21000000,16443609
tt0780516,Flawless,2007.0,108,6.7,27266,20000000,6819587
tt0780521,The Princess and the Frog,2009.0,97,7.2,176019,105000000,270997378
tt0780534,My Mom's New Boyfriend,2008.0,119,5.3,12704,25000000,7926601
tt0780536,In Bruges,2008.0,107,7.9,476873,15000000,34533783
tt0780571,Mr. Brooks,2007.0,120,7.3,160132,20000000,48443734
tt0780622,Teeth,2007.0,94,5.4,48115,2000000,2340110
tt0780653,The Wolfman,2010.0,103,5.8,114899,150000000,140700000
tt0783233,Atonement,2007.0,123,7.8,311767,30000000,131016624
tt0787475,Hot Rod,2007.0,88,6.7,95913,25000000,14353654
tt0790604,Deck the Halls,2006.0,93,5.1,36484,51000000,47231070
tt0790628,The Incredible Burt Wonderstone,2013.0,100,5.9,76895,30000000,27437881
tt0790636,Dallas Buyers Club,2013.0,117,7.9,532799,5000000,55736588
tt0790686,Mirrors,2008.0,110,6.1,116209,35000000,72400000
tt0790712,The Messenger,2009.0,113,7.1,37517,6500000,1595417
tt0790724,Jack Reacher,2012.0,130,7.0,377360,60000000,218300000
tt0790736,R.I.P.D.,2013.0,96,5.6,147537,130000000,61600000
tt0790804,The Comebacks,2007.0,84,4.3,12198,15000000,13500000
tt0791304,Georgia Rule,2007.0,113,5.9,28066,20000000,25000167
tt0795351,Case 39,2009.0,109,6.2,95382,27000000,29000000
tt0795368,Death at a Funeral,2007.0,90,7.3,124143,9000000,46789413
tt0795421,Mamma Mia!,2008.0,108,6.5,288616,52000000,609841637
tt0795461,Scary Movie V,2013.0,86,3.6,79751,20000000,78378744
tt0796366,Star Trek,2009.0,127,7.9,628229,150000000,386839614
tt0796375,You Kill Me,2007.0,93,6.4,19203,4000000,3748295
tt0799934,Be Kind Rewind,2008.0,102,6.4,95280,20000000,30600000
tt0799949,Epic Movie,2007.0,86,2.4,111127,20000000,87238158
tt0800039,Forgetting Sarah Marshall,2008.0,111,7.1,309349,30000000,105173115
tt0800080,The Incredible Hulk,2008.0,112,6.6,540544,150000000,264770996
tt0800240,Deception,2008.0,107,6.0,41575,25000000,18024545
tt0800308,Appaloosa,2008.0,115,6.7,66149,20000000,20211394
tt0800320,Clash of the Titans,2010.0,106,5.8,298177,125000000,493214993
tt0800369,Thor,2011.0,115,7.0,927784,150000000,449326618
tt0803096,Warcraft,2016.0,123,6.7,287877,160000000,433677183
tt0804452,Bratz,2007.0,110,3.1,25239,20000000,26000000
tt0804461,Death Sentence,2007.0,105,6.7,76119,20000000,16974459
tt0804505,Married Life,2007.0,91,6.2,9913,12000000,2888315
tt0804516,P2,2007.0,98,5.9,37754,3500000,7766240
tt0804522,Rendition,2007.0,122,6.8,58948,27500000,24748670
tt0805526,Facing the Giants,2006.0,111,6.5,18581,100000,10307987
tt0805564,Lars and the Real Girl,2007.0,106,7.3,161304,12000000,11293663
tt0805570,The Midnight Meat Train,2008.0,100,6.0,73311,15000000,3533227
tt0806027,Blood: The Last Vampire,2009.0,91,5.3,15419,30000000,5874530
tt0808279,Funny Games,2007.0,111,6.5,106913,15000000,7938872
tt0808399,"New York, I Love You",2008.0,103,6.2,48851,14700000,14600000
tt0808510,Tooth Fairy,2010.0,101,5.0,51241,48000000,112462508
tt0808526,Life During Wartime,2009.0,98,6.4,8032,4500000,744816
tt0810784,Bright Star,2009.0,119,6.9,29170,10000000,14374652
tt0810913,Jack and Jill,2011.0,91,3.3,92773,79000000,149700000
tt0810922,Take Me Home Tonight,2011.0,97,6.3,56654,19000000,6900000
tt0811080,Speed Racer,2008.0,135,6.1,80335,120000000,93900000
tt0811106,The Ten,2007.0,96,4.9,17053,5250000,785528
tt0811138,The Love Guru,2008.0,87,3.8,55838,62000000,40854735
tt0814255,Percy Jackson & the Olympians: The Lightning Thief,2010.0,118,5.9,208444,95000000,226497209
tt0814314,Seven Pounds,2008.0,123,7.6,320212,55000000,168167691
tt0814335,The Stepfather,2009.0,101,5.6,40842,20000000,31198531
tt0815236,She's Out of My League,2010.0,104,6.4,148899,20000000,49800000
tt0815244,Sydney White,2007.0,108,6.2,52358,16500000,13620075
tt0816462,Conan the Barbarian,2011.0,113,5.2,104002,90000000,63523283
tt0816692,Interstellar,2014.0,169,8.7,2310585,165000000,746606706
tt0816711,World War Z,2013.0,116,7.0,748348,200000000,531865000
tt0817177,Flipped,2010.0,90,7.7,101644,14000000,4324817
tt0817230,Valentine's Day,2010.0,125,5.8,127553,52000000,216500000
tt0817538,Drillbit Taylor,2008.0,110,5.7,63183,40000000,32900000
tt0821640,Ghosts of Girlfriends Past,2009.0,100,5.8,96813,37500000,102366815
tt0822847,Priest,2011.0,87,5.7,126334,60000000,78309131
tt0822854,Shooter,2007.0,124,7.1,365092,61000000,95700000
tt0824747,Changeling,2008.0,141,7.7,269978,55000000,113400000
tt0825232,The Bucket List,2007.0,97,7.4,265373,45000000,175400000
tt0829150,Dracula Untold,2014.0,92,6.2,215034,70000000,217124280
tt0829482,Superbad,2007.0,113,7.6,658896,20000000,170800000
tt0830515,Quantum of Solace,2008.0,106,6.5,481443,200000000,589593688
tt0831387,Godzilla,2014.0,123,6.4,452415,160000000,524978362
tt0831887,The Spirit,2008.0,103,4.7,63536,60000000,39031337
tt0837562,Hotel Transylvania,2012.0,91,7.0,294823,85000000,358375603
tt0837563,Pet Sematary,2019.0,100,5.7,101397,21000000,113118226
tt0838221,The Darjeeling Limited,2007.0,91,7.2,222537,16000000,24377151
tt0838232,The Pink Panther 2,2009.0,92,5.6,49814,70000000,75871032
tt0838283,Step Brothers,2008.0,98,6.9,329296,65000000,128100000
tt0839980,Semi-Pro,2008.0,91,5.8,87604,55000000,33500000
tt0840361,The Town,2010.0,125,7.5,428527,37000000,154026136
tt0841046,Walk Hard: The Dewey Cox Story,2007.0,96,6.8,79009,35000000,18317151
tt0842929,Paranoid Park,2007.0,85,6.6,32360,3000000,4545747
tt0844286,The Brothers Bloom,2008.0,114,6.7,53257,20000000,5530764
tt0844471,Cloudy with a Chance of Meatballs,2009.0,90,6.9,269834,100000000,242988466
tt0844479,The Collector,2009.0,90,6.3,75832,3400000,114000000
tt0844708,The Last House on the Left,2009.0,113,6.5,103851,15000000,32721635
tt0844993,Hoodwinked Too! Hood vs. Evil,2011.0,86,4.7,14358,30000000,13500000
tt0848228,The Avengers,2012.0,143,8.0,1499947,220000000,1518815515
tt0848537,Epic,2013.0,102,6.6,111890,100000000,268426634
tt0848557,Diary of the Dead,2007.0,95,5.5,50077,2000000,5540941
tt0850253,Battle in Seattle,2007.0,98,6.6,15356,8000000,908847
tt0852713,The House Bunny,2008.0,97,5.6,92598,25000000,70442940
tt0857295,Timber Falls,2007.0,100,5.2,6597,2600000,677548
tt0858486,Battle for Terra,2007.0,85,6.5,12370,4000000,6101046
tt0859163,The Mummy: Tomb of the Dragon Emperor,2008.0,112,5.2,174920,145000000,403449830
tt0862846,Sunshine Cleaning,2008.0,91,6.8,75139,5000000,16174377
tt0864761,The Duchess,2008.0,110,6.9,88657,17759769,43306325
tt0864835,Mr. Peabody & Sherman,2014.0,92,6.7,80730,145000000,272912430
tt0865556,The Forbidden Kingdom,2008.0,104,6.5,111264,55000000,127906624
tt0866439,Made of Honor,2008.0,101,5.8,77749,40000000,106407672
tt0870111,Frost/Nixon,2008.0,122,7.6,114247,25000000,27426335
tt0870154,Jungle Cruise,2021.0,127,6.6,220066,200000000,220889446
tt0872230,My Soul to Take,2010.0,107,4.8,22071,25000000,21500813
tt0873886,Red State,2011.0,88,6.1,68856,4000000,1104682
tt0876294,Zombie Diaries,2006.0,85,4.0,4903,9300,2000000
tt0878804,The Blind Side,2009.0,129,7.6,372590,29000000,309200000
tt0880578,Untraceable,2008.0,101,6.2,53939,35000000,52659594
tt0884224,"War, Inc.",2008.0,107,5.5,22747,5000000,1296184
tt0884328,The Mist,2007.0,126,7.1,356077,18000000,57470220
tt0884726,Legends of Oz: Dorothy's Return,2013.0,88,4.9,6394,70000000,18662027
tt0887883,Burn After Reading,2008.0,96,7.0,362533,37000000,163700000
tt0889573,The Switch,2010.0,101,6.1,114480,19000000,49830607
tt0889583,Brüno,2009.0,81,5.9,156033,42000000,138805831
tt0890870,Saw IV,2007.0,93,5.9,170450,10000000,139352633
tt0892318,Letters to Juliet,2010.0,105,6.5,109469,30000000,82148538
tt0892769,How to Train Your Dragon,2010.0,98,8.1,836398,165000000,494879471
tt0892782,Monsters vs. Aliens,2009.0,94,6.4,181602,175000000,381509870
tt0892791,Shrek Forever After,2010.0,93,6.3,233627,165000000,752600867
tt0897361,I Know Who Killed Me,2007.0,105,3.6,31468,12000000,9620399
tt0898367,The Road,2009.0,111,7.2,262044,32000000,27635305
tt0900357,Boogeyman 2,2007.0,93,5.0,9234,4500000,1798418
tt0901476,Bride Wars,2009.0,89,5.5,118828,30000000,115375850
tt0903624,The Hobbit: An Unexpected Journey,2012.0,169,7.8,898839,250000000,1021103568
tt0905372,The Thing,2011.0,103,6.2,149821,35000000,31505287
tt0910936,Pineapple Express,2008.0,111,6.9,364072,27000000,101624843
tt0910970,WALL·E,2008.0,98,8.4,1250861,180000000,521311860
tt0914798,The Boy in the Striped Pajamas,2008.0,94,7.7,260331,12500000,20416563
tt0918927,Doubt,2008.0,104,7.5,140792,20000000,50907234
tt0918940,The Legend of Tarzan,2016.0,110,6.2,192757,180000000,356743061
tt0926084,Harry Potter and the Deathly Hallows: Part 1,2010.0,146,7.7,626450,250000000,954305868
tt0926129,Prom Night,2008.0,88,4.0,38871,20000000,14800000
tt0935075,Rabbit Hole,2010.0,91,7.0,52006,5000000,5144717
tt0936501,Taken,2008.0,90,7.7,652247,25000000,226830568
tt0937237,Redacted,2007.0,90,6.1,11452,5000000,782102
tt0938283,The Last Airbender,2010.0,103,4.0,177889,150000000,319713881
tt0938330,Silent Hill: Revelation,2012.0,95,4.9,68355,20000000,55362705
tt0942385,Tropic Thunder,2008.0,107,7.1,464944,92000000,195702811
tt0944835,Salt,2010.0,100,6.5,336406,110000000,293329073
tt0945513,Source Code,2011.0,93,7.5,565062,32000000,147332697
tt0947798,Black Swan,2010.0,108,8.0,854063,13000000,329398046
tt0947810,Green Zone,2010.0,115,6.8,144842,100000000,94882889
tt0948470,The Amazing Spider-Man,2012.0,136,6.9,728178,215000000,757930663
tt0952640,Alvin and the Chipmunks,2007.0,92,5.3,98937,60000000,361366633
tt0955308,Robin Hood,2010.0,140,6.6,289665,200000000,321669741
tt0959337,Revolutionary Road,2008.0,119,7.3,229561,35000000,76000000
tt0960144,You Don't Mess with the Zohan,2008.0,113,5.6,219933,90000000,204313400
tt0960731,Bedtime Stories,2008.0,99,6.0,103434,80000000,212874864
tt0962726,High School Musical 3: Senior Year,2008.0,112,5.0,69711,11000000,252909177
tt0962736,The Young Victoria,2009.0,105,7.2,67973,35000000,29196409
tt0963178,The International,2009.0,118,6.5,102246,50000000,60161391
tt0963794,The Ruins,2008.0,90,5.9,87262,8000000,22818256
tt0963966,The Sorcerer's Apprentice,2010.0,109,6.1,173009,150000000,215300000
tt0964517,The Fighter,2010.0,116,7.8,397571,25000000,129190869
tt0968264,The Conspirator,2010.0,122,6.9,30434,25000000,15478800
tt0970411,City of Ember,2008.0,90,6.4,71279,55000000,17869048
tt0970416,The Day the Earth Stood Still,2008.0,104,5.5,182168,80000000,233093859
tt0970452,Solomon Kane,2009.0,104,6.1,78535,45000000,19700000
tt0974015,Justice League,2017.0,120,6.0,489874,300000000,661326987
tt0974554,Elegy,2008.0,112,6.7,23509,13000000,14894347
tt0974661,17 Again,2009.0,102,6.4,223640,20000000,136300000
tt0975645,Hitchcock,2012.0,98,6.8,80728,15700000,23570541
tt0976051,The Reader,2008.0,124,7.6,267638,32000000,108902486
tt0976238,Old Dogs,2009.0,88,5.3,40121,35000000,96753696
tt0977855,Fair Game,2010.0,108,6.8,51872,22000000,25806953
tt0980970,The Chronicles of Narnia: The Voyage of the Dawn Treader,2010.0,113,6.3,171318,155000000,415686217
tt0981227,Nick and Norah's Infinite Playlist,2008.0,90,6.6,96272,9000000,33600000
tt0983193,The Adventures of Tintin,2011.0,107,7.3,248290,130000000,373993951
tt0983946,Fantasy Island,2020.0,109,4.9,61362,7000000,49500000
tt0985694,Machete,2010.0,105,6.6,206801,10500000,45491656
tt0985699,Valkyrie,2008.0,121,7.1,265683,75000000,200276000
tt0986263,Surrogates,2009.0,89,6.3,182300,80000000,122444772
tt0988045,Sherlock Holmes,2009.0,128,7.6,687422,90000000,524028679
tt0988047,Traitor,2008.0,114,6.9,60002,22000000,23530831
tt0988595,27 Dresses,2008.0,111,6.1,180213,30000000,160300000
tt0989757,Dear John,2010.0,108,6.3,160556,25000000,114977104
tt0990407,The Green Hornet,2011.0,119,5.8,166517,120000000,227817248
tt0993840,Army of the Dead,2021.0,148,5.8,194406,90000000,190700000
tt0993842,Hanna,2011.0,111,6.7,210357,30000000,63782078
tt0993846,The Wolf of Wall Street,2013.0,180,8.2,1667915,100000000,392000000
tt0997047,College Road Trip,2008.0,83,4.3,16952,25000000,51549674
tt10003008,The Rental,2020.0,88,5.7,41044,3500000,4311042
tt1000774,Sex and the City,2008.0,145,5.7,130061,65000000,418800000
tt1001508,He's Just Not That Into You,2009.0,129,6.4,187599,40000000,178866158
tt1001520,The Last Voyage of the Demeter,2023.0,118,6.1,61625,45000000,21600000
tt1001526,Megamind,2010.0,95,7.3,307639,130000000,321885765
tt10016180,The Little Things,2021.0,128,6.3,133765,30000000,29942746
tt10039344,Countdown,2019.0,90,5.4,49271,6500000,48021766
tt10059518,Unhinged,2020.0,90,6.0,82774,33000000,39238300
tt10065694,Antebellum,2020.0,105,5.8,30862,15000000,7060384
tt1007028,Zack and Miri Make a Porno,2008.0,101,6.5,184291,24000000,42105111
tt1007029,The Iron Lady,2011.0,105,6.4,114993,13000000,115890792
tt10098448,Jesus Revolution,2023.0,120,7.1,15370,15000000,52300000
tt1010048,Slumdog Millionaire,2008.0,120,8.0,892940,15000000,378400000
tt10128846,Megalopolis,2024.0,138,4.7,34281,120000000,13857002
tt1013743,Knight and Day,2010.0,109,6.3,216878,117000000,261989769
tt1013752,Fast & Furious,2009.0,107,6.5,321592,85000000,363164265
tt1013753,Milk,2008.0,128,7.5,182349,20000000,54600000
tt1013860,Dylan Dog: Dead of Night,2010.0,107,5.1,15850,20000000,4634062
tt1014759,Alice in Wonderland,2010.0,108,6.4,453070,200000000,1025467110
tt1014763,Child 44,2015.0,137,6.4,77495,50000000,12951093
tt10151854,Shazam! Fury of the Gods,2023.0,130,5.9,134620,125000000,134038006
tt1016075,Fame,2009.0,107,5.0,17134,18000000,77211836
tt10160976,The Nun II,2023.0,110,5.6,69139,38500000,269670590
tt10168670,Bones and All,2022.0,131,6.8,65935,16000000,15234907
tt1017451,The Runaways,2010.0,106,6.5,51708,10000000,2995811
tt1018765,Our Brand Is Crisis,2015.0,107,6.1,23679,28000000,7002261
tt1019452,A Serious Man,2009.0,106,7.0,153844,7000000,31400000
tt1020072,Selma,2014.0,128,7.5,97262,20000000,66787908
tt1020530,Eden Lake,2008.0,91,6.7,101162,12850990,3984669
tt1020558,Centurion,2010.0,97,6.3,87868,12000000,6890432
tt10223460,Marry Me,2022.0,112,6.1,45989,23000000,44000000
tt1022603,500 Days of Summer,2009.0,95,7.7,585580,7500000,60781545
tt1023111,Never Back Down,2008.0,113,6.5,108648,20000000,41627431
tt1023114,The Way Back,2010.0,133,7.3,124417,30000000,24200000
tt1024648,Argo,2012.0,120,7.7,650455,44500000,232300000
tt1024715,Choke,2008.0,92,6.4,34193,3000000,3982459
tt1025100,Gemini Man,2019.0,117,5.7,127276,140000000,173469516
tt10272386,The Father,2020.0,97,8.2,210104,6000000,21029340
tt10276482,Love Again,2023.0,104,5.9,17060,9000000,10000000
tt1027718,Wall Street: Money Never Sleeps,2010.0,133,6.2,108026,70000000,134748021
tt1027862,Swing Vote,2008.0,120,6.1,19858,21000000,17600000
tt1028528,Death Proof,2007.0,127,7.0,322901,25000000,31126421
tt1029360,Poltergeist,2015.0,93,4.9,62996,35000000,95437994
tt10298810,Lightyear,2022.0,105,6.1,129717,200000000,226425420
tt10298840,Strange World,2022.0,102,5.7,48267,180000000,73621640
tt10304142,Amsterdam,2022.0,134,6.1,99770,80000000,31245810
tt10310140,Fatman,2020.0,100,5.9,32025,20000000,1651413
tt10327252,The Forever Purge,2021.0,103,5.4,46126,18000000,76994245
tt1032755,RocknRolla,2008.0,114,7.2,269795,18000000,25740863
tt1032815,"I Love You, Beth Cooper",2009.0,102,5.3,38265,18000000,15300000
tt1033643,What Happens in Vegas,2008.0,99,6.1,191334,35000000,219400000
tt1034032,Gamer,2009.0,95,5.7,141557,50000000,40800000
tt10342730,Spiral,2021.0,93,5.2,72578,20000000,40618920
tt10343028,Armageddon Time,2022.0,114,6.5,17082,15000000,6524886
tt1034303,Defiance,2008.0,137,7.1,158295,32000000,51155219
tt1034314,Iron Sky,2012.0,93,5.9,97415,7500000,10109659
tt1034389,The Eagle,2011.0,114,6.2,75739,25000000,27122040
tt1034415,Suspiria,2018.0,152,6.7,99057,20000000,7900000
tt10362466,After We Collided,2020.0,105,5.1,41240,14000000,47990414
tt10365998,Infinity Pool,2023.0,117,6.0,67014,4500000,5078400
tt10366206,John Wick: Chapter 4,2023.0,169,7.6,370989,90000000,440157245
tt10366460,CODA,2021.0,111,8.0,176470,10000000,1905058
tt1037705,The Book of Eli,2010.0,118,6.8,349811,80000000,157107755
tt1038686,Legion,2010.0,100,5.3,115508,26000000,67900000
tt1038919,The Bounty Hunter,2010.0,110,5.5,136855,40000000,136300000
tt1041829,The Proposal,2009.0,108,6.8,378195,40000000,317400000
tt1043726,The Legend of Hercules,2014.0,99,4.3,56981,70000000,61279452
tt10451852,Nine Days,2020.0,124,6.8,12837,10000000,969204
tt1045658,Silver Linings Playbook,2012.0,122,7.7,757318,21000000,236412453
tt1045772,I Love You Phillip Morris,2009.0,98,6.6,101441,13000000,20768906
tt1045778,Year One,2009.0,97,4.9,105949,60000000,62357900
tt1046163,My Best Friend's Girl,2008.0,101,5.8,47244,20000000,41624687
tt1046997,Miracle at St. Anna,2008.0,160,6.1,19380,45000000,9323833
tt10473036,The Amazing Maurice,2022.0,93,6.2,6123,17000000,21110363
tt1047494,Meet the Browns,2008.0,100,4.5,7448,20000000,41975388
tt10481868,Black Christmas,2019.0,92,3.5,20668,5000000,18529730
tt1049413,Up,2009.0,96,8.3,1172226,175000000,735099082
tt1051906,The Invisible Man,2020.0,124,7.1,269359,7000000,144492724
tt1053424,Repo Men,2010.0,111,6.3,112396,32000000,18409891
tt10545296,The Hunger Games: The Ballad of Songbirds & Snakes,2023.0,157,6.7,154437,100000000,337371917
tt1055292,Life as We Know It,2010.0,114,6.5,141584,38000000,105734416
tt1055369,Transformers: Revenge of the Fallen,2009.0,149,6.0,439806,200000000,836303693
tt1057500,Invictus,2009.0,134,7.3,170776,60000000,122400000
tt1058017,The Invention of Lying,2009.0,100,6.4,153159,18500000,32400000
tt1059786,Eagle Eye,2008.0,118,6.6,197979,80000000,178800000
tt1060277,Cloverfield,2008.0,85,7.0,431850,25000000,170764026
tt10633456,Minari,2020.0,115,7.4,103027,2000000,12900000
tt10638522,Talk to Me,2022.0,95,7.1,178182,4500000,92000000
tt10640346,Babylon,2022.0,189,7.1,191231,78000000,65267446
tt10648342,Thor: Love and Thunder,2022.0,118,6.2,428325,250000000,760900000
tt1065073,Boyhood,2014.0,165,7.9,374410,4000000,48137666
tt10665338,Halloween Kills,2021.0,105,5.5,103287,20000000,133423964
tt10665342,Halloween Ends,2022.0,111,5.0,77779,20000000,104374176
tt1067106,A Christmas Carol,2009.0,96,6.8,135234,200000000,325286646
tt10676048,The Marvels,2023.0,105,5.5,145717,274800000,207089999
tt1068680,Yes Man,2008.0,104,6.8,393140,70000000,223200000
tt10696896,Stillwater,2021.0,139,6.6,61096,20000000,19754272
tt1071875,Ghost Rider: Spirit of Vengeance,2011.0,96,4.3,129777,57000000,132563930
tt1072748,Winchester,2018.0,99,5.5,38023,3500000,44019588
tt1073105,The Descent: Part 2,2009.0,94,5.7,53389,6000200,7048886
tt10731256,Don't Worry Darling,2022.0,123,6.3,162882,35000000,86700000
tt1073498,Meet the Spartans,2008.0,87,2.8,113141,30000000,85897593
tt1074638,Skyfall,2012.0,143,7.8,747855,200000000,1108594176
tt1075417,Race to Witch Mountain,2009.0,98,5.7,64463,50000000,106387141
tt1075747,Jonah Hex,2010.0,81,4.7,63035,47000000,10539000
tt10767052,Next Goal Wins,2023.0,104,6.5,28639,14000000,18062279
tt1077368,Dark Shadows,2012.0,113,6.2,287261,150000000,245527149
tt1078588,My Sister's Keeper,2009.0,109,7.3,100567,30000000,95714875
tt1080016,Ice Age: Dawn of the Dinosaurs,2009.0,94,6.9,273984,90000000,886686817
tt1082807,The Belko Experiment,2016.0,89,6.2,62690,5000000,10166820
tt1082868,Quarantine,2008.0,89,6.0,80092,12000000,40855419
tt1082886,The Wackness,2008.0,99,6.9,31480,6000000,3175469
tt10838180,The Matrix Resurrections,2021.0,148,5.6,291554,190000000,156497322
tt10855768,Missing,2023.0,111,7.1,66752,7000000,45100756
tt1086064,Bill & Ted Face the Music,2020.0,91,5.9,54579,25000000,6274027
tt1086772,Blended,2014.0,117,6.5,150896,40000000,128000000
tt10872600,Spider-Man: No Way Home,2021.0,148,8.2,938873,200000000,1921847111
tt1091191,Lone Survivor,2013.0,121,7.5,314471,40000000,149295601
tt1091722,Adventureland,2009.0,107,6.8,171874,9800000,17200000
tt10919380,Freaky,2020.0,102,6.3,77165,5000000,15100000
tt1092026,Paul,2011.0,104,6.9,272911,40000000,98000000
tt1092633,"The Goods: Live Hard, Sell Hard",2009.0,89,5.7,22916,10000000,15300000
tt1093357,The Darkest Hour,2011.0,89,4.9,64817,30000000,64626786
tt1093908,Confessions of a Shopaholic,2009.0,104,5.9,85160,40000000,108394089
tt1095217,Bad Lieutenant: Port of Call New Orleans,2009.0,122,6.6,82671,25000000,10589102
tt10954600,Ant-Man and the Wasp: Quantumania,2023.0,124,6.0,247573,388369742,476071180
tt10954652,Old,2021.0,108,5.8,174842,18000000,90146510
tt10954718,Dog Man,2025.0,89,6.3,6879,40000000,114192145
tt10954984,Nope,2022.0,130,6.8,295852,68000000,170823080
tt1098327,Dragonball Evolution,2009.0,85,2.5,81028,30000000,58228460
tt1099212,Twilight,2008.0,122,5.3,503479,37000000,393616788
tt1100051,Bereavement,2010.0,103,5.0,8355,2000000,10000000
tt1100089,Foxcatcher,2014.0,134,7.0,152116,24000000,12096300
tt1104001,Tron: Legacy,2010.0,125,6.8,363785,170000000,400062763
tt1104083,Little Ashes,2008.0,112,6.3,9808,2500000,767567
tt1104733,Hamlet 2,2008.0,92,6.3,17616,9000000,4886216
tt11057302,Madame Web,2024.0,116,4.0,99014,80000000,100498764
tt11083552,Wrath of Man,2021.0,119,7.1,221760,40000000,103966489
tt11084896,Spirit Untamed,2021.0,88,5.5,5068,30000000,17635215
tt1111948,Soul Men,2008.0,100,6.4,11980,40000000,12300000
tt11128440,Clerks III,2022.0,100,6.2,20451,7000000,4717597
tt11138512,The Northman,2022.0,137,7.0,276121,70000000,69633110
tt11145118,Creed III,2023.0,116,6.7,99317,75000000,275300000
tt1114740,Paul Blart: Mall Cop,2009.0,91,5.3,120518,26000000,183293131
tt11152168,IF,2024.0,104,6.4,56578,110000000,190309707
tt1119646,The Hangover,2009.0,100,7.7,880228,35000000,469310836
tt11198810,She Said,2022.0,129,7.3,46034,32000000,13900000
tt1120985,Blue Valentine,2010.0,112,7.3,217461,1000000,15440333
tt1121096,Seventh Son,2014.0,102,5.5,81894,95000000,114178613
tt11214590,House of Gucci,2021.0,158,6.6,167486,75000000,153235995
tt1121931,Crank: High Voltage,2009.0,96,6.1,162925,20000000,34600000
tt11240348,The Exorcism,2024.0,95,4.2,11089,22000000,12610418
tt1124035,The Ides of March,2011.0,101,7.1,234897,12500000,76338111
tt11245972,Scream,2022.0,114,6.3,171998,24000000,137743924
tt11252248,Dog,2022.0,101,6.5,49146,20000000,84774243
tt1125849,The Wrestler,2008.0,109,7.9,324772,6000000,44734660
tt1126590,Big Eyes,2014.0,106,7.0,102013,10000000,28900000
tt1126591,Burlesque,2010.0,119,6.4,96039,55000000,89500000
tt1126618,Morning Glory,2010.0,107,6.5,85190,40000000,60040976
tt11271038,Licorice Pizza,2021.0,133,7.1,146686,40000000,33276075
tt1127180,Drag Me to Hell,2009.0,99,6.6,223596,30000000,90810892
tt1127896,Taking Woodstock,2009.0,120,6.7,30329,30000000,9975737
tt11286314,Don't Look Up,2021.0,138,7.2,635174,75000000,791863
tt11291274,The Unbearable Weight of Massive Talent,2022.0,107,7.0,167990,30000000,29116320
tt1129445,Amelia,2009.0,111,5.8,13932,40000000,19643086
tt1130080,The Informant!,2009.0,108,6.5,68559,22000000,41771168
tt11304740,Wish,2023.0,95,5.6,45870,175000000,254997360
tt1130884,Shutter Island,2010.0,138,8.2,1534792,80000000,294804195
tt11315808,Joker: Folie à Deux,2024.0,138,5.2,156193,195000000,206400287
tt1131734,Jennifer's Body,2009.0,102,5.5,160369,16000000,31556061
tt1132626,Saw V,2008.0,92,5.8,142709,10800000,118209778
tt1133985,Green Lantern,2011.0,114,5.5,302516,200000000,219851172
tt1135487,Duplicity,2009.0,125,6.1,52889,60000000,78176181
tt11358390,Renfield,2023.0,93,6.4,110056,65000000,26874347
tt1135985,Sex Drive,2008.0,109,6.5,93704,19000000,18755936
tt11365186,Redeeming Love,2022.0,134,6.7,17258,30000000,9464198
tt1136608,District 9,2009.0,112,7.9,732867,30000000,210888950
tt11389872,Kingdom of the Planet of the Apes,2024.0,145,6.9,149058,160000000,397378150
tt1139328,The Ghost Writer,2010.0,128,7.2,173581,45000000,60300000
tt1139668,The Unborn,2009.0,88,4.7,54019,16000000,76514050
tt1142988,The Ugly Truth,2009.0,96,6.4,235724,38000000,321700000
tt1144884,The Final Destination,2009.0,82,5.1,121084,40000000,186167139
tt11466222,Jackass Forever,2022.0,96,6.8,53305,10000000,80340218
tt1148204,Orphan,2009.0,123,7.0,264749,20000000,77912251
tt1151359,Leaves of Grass,2009.0,105,6.4,28285,9000000,1034214
tt1151922,Miss March,2009.0,90,5.0,22550,6000000,4591629
tt1152398,Beastly,2011.0,86,5.5,80863,17000000,43200000
tt1152836,Public Enemies,2009.0,140,6.9,327227,100000000,214104620
tt1152850,Wendy and Lucy,2008.0,80,7.1,20296,200000,1192655
tt1153706,Dance Flick,2009.0,83,3.6,12998,25000000,31439140
tt1155056,"I Love You, Man",2009.0,105,7.0,221100,41000000,92000000
tt11563598,A Complete Unknown,2024.0,141,7.4,58081,65000000,127117744
tt1156398,Zombieland,2009.0,88,7.5,641915,23600000,102391540
tt11564570,Glass Onion,2022.0,139,7.1,472176,40000000,15000000
tt1160419,Dune: Part One,2021.0,155,8.0,946601,165000000,407573628
tt1161864,The Rite,2011.0,114,6.0,104165,37000000,96047633
tt11703244,The Blackening,2022.0,97,6.0,21830,5000000,16000000
tt1170358,The Hobbit: The Desolation of Smaug,2013.0,161,7.8,728430,250000000,958400000
tt11703710,Downton Abbey: A New Era,2022.0,124,7.4,34367,40000000,92651384
tt1172233,Whip It,2009.0,111,6.9,71271,15000000,16633035
tt1172570,Bronson,2008.0,92,7.0,144368,230000,2300000
tt11729298,American Underdog,2021.0,112,7.1,26117,25000000,26514814
tt1172991,The Company Men,2010.0,104,6.7,49627,15000000,4882577
tt1172998,Hurricane Season,2009.0,102,6.6,3319,143000,1000000
tt1174732,An Education,2009.0,100,7.2,139491,7500000,26100000
tt1175491,W.,2008.0,129,6.3,50742,25100000,29506464
tt1175506,Me and Orson Welles,2008.0,114,6.7,12109,25000000,2336172
tt11762114,Mean Girls,2024.0,112,5.6,36587,36000000,104573204
tt1176740,Away We Go,2009.0,98,7.0,55763,17000000,15779455
tt1179056,A Nightmare on Elm Street,2010.0,95,5.2,110749,35000000,115664037
tt1179069,6 Souls,2010.0,112,6.0,37781,22000000,851517
tt1179258,Chéri,2009.0,86,6.1,11859,23000000,9400000
tt1179891,My Bloody Valentine,2009.0,101,5.4,62683,15000000,102836002
tt1179904,Paranormal Activity,2007.0,86,6.3,263847,215000,193355800
tt1179933,10 Cloverfield Lane,2016.0,103,7.2,369090,15000000,110216998
tt11813216,The Banshees of Inisherin,2022.0,114,7.7,275873,20000000,49300000
tt1182345,Moon,2009.0,97,7.8,384432,5000000,9760104
tt11827628,Memory,2022.0,114,5.7,38849,30000000,13900000
tt11832046,PAW Patrol: The Movie,2021.0,86,6.1,8980,26000000,144327371
tt1183251,Beyond a Reasonable Doubt,2009.0,106,5.8,14182,25000000,4388563
tt11851548,Orphan: First Kill,2022.0,99,5.9,50483,10000000,9572765
tt1185266,Stan Helsing,2009.0,90,3.6,15328,365000,1400000
tt1185416,When in Rome,2010.0,91,5.5,65914,55000000,43042835
tt1185834,Star Wars: The Clone Wars,2008.0,98,5.9,75901,8500000,68282844
tt11858890,The Creator,2023.0,133,6.7,183431,80000000,104272136
tt1186367,Ninja Assassin,2009.0,99,6.3,77256,40000000,61601280
tt1186830,Agora,2009.0,127,7.1,74385,70000000,39457342
tt1187064,Triangle,2009.0,99,6.9,138436,12000000,1594955
tt1189340,The Lincoln Lawyer,2011.0,118,7.3,261176,40000000,85412898
tt1190080,2012,2009.0,158,5.8,408598,200000000,791217826
tt1190617,An American Carol,2008.0,83,4.0,10228,20000000,7000000
tt1192628,Rango,2011.0,107,7.3,303327,135000000,245700000
tt1193138,Up in the Air,2009.0,109,7.4,354493,25000000,166842739
tt1194417,Casino Jack,2010.0,108,6.2,17962,12500000,1083683
tt1195478,The Five-Year Engagement,2012.0,124,6.2,103708,30000000,54169363
tt1196141,Diary of a Wimpy Kid,2010.0,94,6.2,61206,15000000,76196538
tt1197628,Observe and Report,2009.0,86,5.8,66336,18000000,24007324
tt1198138,Obsessed,2009.0,108,5.0,35100,20000000,73830340
tt12003946,Violent Night,2022.0,112,6.7,113281,20000000,75734910
tt1201607,Harry Potter and the Deathly Hallows: Part 2,2011.0,130,8.1,989511,125000000,1341511219
tt12037194,Furiosa: A Mad Max Saga,2024.0,148,7.5,279232,170000000,173775791
tt1204342,The Muppets,2011.0,103,7.1,98662,45000000,165184237
tt1204977,Ouija,2014.0,89,4.5,59807,5000000,103600000
tt1205537,Jack Ryan: Shadow Recruit,2014.0,105,6.2,140291,60000000,135500000
tt1206885,Rambo: Last Blood,2019.0,89,6.1,114533,50000000,91500000
tt1210166,Moneyball,2011.0,133,7.6,483177,50000000,110206216
tt1210819,The Lone Ranger,2013.0,150,6.4,248218,215000000,260500000
tt1211837,Doctor Strange,2016.0,115,7.5,837188,180000000,676343174
tt1211956,Escape Plan,2013.0,115,6.7,263970,50000000,137328301
tt1212428,The Lost City of Z,2016.0,141,6.6,102227,30000000,8574339
tt1212450,Lawless,2012.0,116,7.2,257887,26000000,55404207
tt1213012,Alpha and Omega,2010.0,90,5.1,15615,20000000,50507267
tt1213641,First Man,2018.0,141,7.3,209256,70000000,105713218
tt1213644,Disaster Movie,2008.0,87,1.9,95968,25000000,34816824
tt1213663,The World's End,2013.0,109,6.9,305037,20000000,46100000
tt1216475,Cars 2,2011.0,106,6.2,233201,200000000,559852396
tt1216491,Kill the Messenger,2014.0,112,6.9,49446,5000000,5200000
tt1216492,Leap Year,2010.0,100,6.4,113264,19000000,32686500
tt1217209,Brave,2012.0,93,7.1,459186,185000000,539000000
tt1217613,Battle Los Angeles,2011.0,116,5.7,187207,70000000,211800000
tt1219342,Legend of the Guardians: The Owls of Ga'Hoole,2010.0,97,6.9,89336,80000000,140073390
tt12193804,Whitney Houston: I Wanna Dance with Somebody,2022.0,144,6.6,25358,50000000,59800000
tt1219827,Ghost in the Shell,2017.0,107,6.3,233333,110000000,169801921
tt1220198,The Fourth Kind,2009.0,98,5.9,83874,10000000,47709193
tt1220628,I Hope They Serve Beer in Hell,2009.0,105,5.2,8793,7000000,1429299
tt1220634,Resident Evil: Afterlife,2010.0,96,5.8,182842,60000000,300228084
tt1220888,Henry's Crime,2010.0,108,5.9,21818,12000000,2200000
tt12226632,Big George Foreman,2023.0,129,6.6,11035,32000000,3800000
tt1222817,Zookeeper,2011.0,102,5.2,67134,80000000,169900000
tt12261776,65,2023.0,93,5.4,99045,45000000,60730568
tt1226229,Get Him to the Greek,2010.0,109,6.3,187766,40000000,90029656
tt1226273,Edge of Darkness,2010.0,117,6.6,101262,80000000,81126522
tt1226753,The Debt,2010.0,113,6.8,72797,20000000,45636368
tt1226837,Beautiful Boy,2018.0,120,7.4,112112,25000000,7700000
tt1228705,Iron Man 2,2010.0,124,6.9,897173,200000000,623933331
tt1228987,Let Me In,2010.0,116,7.1,130056,20000000,24145613
tt1229238,Mission: Impossible - Ghost Protocol,2011.0,132,7.4,540582,145000000,694713380
tt1229340,Anchorman 2: The Legend Continues,2013.0,119,6.3,196774,50000000,173700000
tt1229822,Jane Eyre,2011.0,120,7.3,95204,13000000,34710627
tt12299608,Mickey 17,2025.0,137,7.1,42908,118000000,90487032
tt1230215,Not Fade Away,2012.0,112,6.0,5034,20000000,610792
tt1230414,It's Complicated,2009.0,120,6.5,100548,85000000,219103655
tt1231583,Due Date,2010.0,95,6.5,364359,65000000,211800000
tt1231587,Hot Tub Time Machine,2010.0,99,6.4,191136,36000000,64780213
tt1232200,That's My Boy,2012.0,116,5.6,114456,70000000,58100000
tt1232783,Sorority Row,2009.0,101,5.2,33134,12500000,27200000
tt1232829,21 Jump Street,2012.0,109,7.2,619288,42000000,201585328
tt1233227,Saw VI,2009.0,90,6.0,130208,11000000,69752402
tt1233301,Ironclad,2011.0,121,6.1,44310,25000000,5151023
tt1233334,Pariah,2011.0,86,7.2,7754,500000,769552
tt1234548,The Men Who Stare at Goats,2009.0,94,6.2,139630,24000000,68729358
tt1234721,RoboCop,2014.0,117,6.1,243809,120000000,242688965
tt12349832,Cuckoo,2024.0,102,5.7,24971,7000000,6680396
tt1235189,Wild Target,2010.0,98,6.7,41503,8000000,3453043
tt1235522,Broken City,2013.0,109,6.1,84691,56000000,34737199
tt1240982,Your Highness,2011.0,102,5.5,105873,49900000,28013733
tt12412888,Sonic the Hedgehog 2,2022.0,122,6.5,104420,110000000,405421518
tt1242432,I Spit on Your Grave,2010.0,108,6.2,97598,2000000,572809
tt1242460,We Need to Talk About Kevin,2011.0,112,7.4,173694,7000000,10800000
tt1243974,Aloha,2015.0,105,5.4,75526,37000000,26250020
tt1244754,Conviction,2010.0,107,7.2,47176,12500000,11826980
tt1245492,This Is the End,2013.0,107,6.6,443257,32000000,126041322
tt1245526,RED,2010.0,111,7.0,331152,58000000,199006387
tt1250777,Kick-Ass,2010.0,117,7.6,607211,28000000,96188903
tt12536294,Spencer,2021.0,117,6.5,79522,18000000,14000000
tt1253863,300: Rise of an Empire,2014.0,102,6.2,322487,110000000,337580051
tt1253864,Immortals,2011.0,110,6.0,179713,75000000,226904017
tt1255919,Holmes & Watson,2018.0,90,3.9,40574,42000000,40500000
tt12584954,Twisters,2024.0,122,6.5,159482,155000000,370962265
tt1258972,The Man with the Iron Fists,2012.0,95,5.4,64801,15000000,20546518
tt12592252,Songbird,2020.0,84,4.8,12117,2500000,1000000
tt12593682,Bullet Train,2022.0,127,7.3,485602,90000000,239300000
tt1259521,The Cabin in the Woods,2011.0,95,7.0,469511,30000000,71038838
tt1259528,Den of Thieves,2018.0,140,7.0,138592,30000000,80509622
tt1259571,The Twilight Saga: New Moon,2009.0,130,4.8,308976,50000000,709827462
tt1261945,Sex and the City 2,2010.0,146,4.5,86081,100000000,290700000
tt1262416,Scream 4,2011.0,111,6.2,179357,40000000,97231420
tt1262426,Wicked,2024.0,160,7.5,140494,150000000,728145850
tt1266029,Nowhere Boy,2009.0,98,7.1,40000,1500000,6577779
tt1267297,Hercules,2014.0,98,6.0,167728,100000000,244819862
tt1268799,A Very Harold & Kumar Christmas,2011.0,90,6.2,73927,19000000,36192775
tt1270286,To Save a Life,2009.0,120,6.8,5931,500000,3824868
tt1270761,Don't Be Afraid of the Dark,2010.0,99,5.5,51298,25000000,36993168
tt1270797,Venom,2018.0,112,6.6,572527,116000000,856085151
tt1270798,X-Men: First Class,2011.0,131,7.7,743512,160000000,353624124
tt12718300,"Confess, Fletch",2022.0,98,6.4,25495,20000000,500000
tt1272878,2 Guns,2013.0,109,6.7,231188,61000000,131940411
tt1273678,The Spy Next Door,2010.0,94,5.5,48202,28000000,66166000
tt1276104,Looper,2012.0,119,7.4,615196,30000000,47042000
tt1277953,Madagascar 3: Europe's Most Wanted,2012.0,93,6.8,206452,145000000,746921274
tt12789558,Belfast,2021.0,98,7.2,97364,11000000,49158343
tt1279935,Date Night,2010.0,88,6.3,175616,55000000,152300000
tt12801262,Luca,2021.0,95,7.4,207952,200000000,51074773
tt1282140,Easy A,2010.0,92,7.0,429749,8000000,75026327
tt1284575,Bad Teacher,2011.0,92,5.7,216853,20000000,216197492
tt1285009,The Strangers: Prey at Night,2018.0,85,5.3,37684,12500000,31039126
tt1285016,The Social Network,2010.0,120,7.8,785699,40000000,224920315
tt1285309,The Joneses,2009.0,96,6.4,42317,10000000,7022728
tt1288558,Evil Dead,2013.0,91,6.5,205039,17000000,99010045
tt12889404,Cyrano,2021.0,123,6.4,15568,20000000,3000000
tt1289401,Ghostbusters,2016.0,117,6.8,252437,144000000,229147509
tt1291150,Teenage Mutant Ninja Turtles,2014.0,101,5.8,224735,125000000,485004754
tt1291584,Warrior,2011.0,140,8.1,511684,25000000,23300000
tt1292566,How to Be Single,2016.0,110,6.1,96676,38000000,112343513
tt1298644,The Hustle,2019.0,93,5.5,68166,21000000,97400000
tt1298649,The Watch,2012.0,102,5.7,134911,68000000,68267862
tt1298650,Pirates of the Caribbean: On Stranger Tides,2011.0,136,6.6,582867,379000000,1046721266
tt1300851,The Boondock Saints II: All Saints Day,2009.0,118,6.2,67755,8000000,10629321
tt1300854,Iron Man 3,2013.0,130,7.1,926561,200000000,1215577205
tt1302006,The Irishman,2019.0,209,7.8,449883,159000000,968853
tt1302011,Kung Fu Panda 2,2011.0,90,7.3,336226,150000000,665692281
tt13024674,Army of Thieves,2021.0,127,6.4,93336,30000000,46900000
tt1305591,Mars Needs Moms,2011.0,88,5.4,24571,150000000,39000000
tt1306980,50/50,2011.0,100,7.6,347305,8000000,39187783
tt13069986,After We Fell,2021.0,98,4.8,22458,14000000,21753705
tt1307068,Seeking a Friend for the End of the World,2012.0,101,6.7,121069,10000000,9636289
tt1308728,The Happytime Murders,2018.0,91,5.5,31115,40000000,27500000
tt1311067,Halloween II,2009.0,105,4.8,61875,10000000,39421467
tt1313092,Animal Kingdom,2010.0,113,7.2,61781,5000000,1000000
tt1314228,Did You Hear About the Morgans?,2009.0,103,4.9,43557,58000000,85280250
tt1314655,Devil,2010.0,80,6.3,161838,10000000,33583175
tt1315981,A Single Man,2009.0,99,7.5,119941,7000000,25000000
tt13186482,Mufasa: The Lion King,2024.0,118,6.6,46998,200000000,700197856
tt1320239,Burke and Hare,2010.0,91,6.1,21662,10000000,4791599
tt1320244,The Last Exorcism,2010.0,87,5.7,53231,1800000,69400000
tt1320261,Gulliver's Travels,2010.0,85,4.9,75456,112000000,237382724
tt1321509,Death at a Funeral,2010.0,92,5.7,55238,21000000,49050886
tt1321510,In the Heights,2021.0,143,7.2,53999,55000000,43000000
tt1321870,Gangster Squad,2013.0,113,6.7,225730,60000000,105200000
tt1322312,Going the Distance,2010.0,102,6.3,60434,32000000,42045846
tt1323594,Despicable Me,2010.0,95,7.6,606403,69000000,543284256
tt1325004,The Twilight Saga: Eclipse,2010.0,124,5.1,269243,68000000,698491347
tt1327194,The Lucky One,2012.0,101,6.4,115995,25000000,99400000
tt13287846,Napoleon,2023.0,158,6.3,170344,165000000,220597098
tt1331064,Paper Heart,2009.0,88,6.0,8678,1000000,1296971
tt13320622,The Lost City,2022.0,112,6.1,168949,74000000,192907684
tt1333125,Movie 43,2013.0,94,4.4,116041,6000000,32443111
tt13345606,Evil Dead Rise,2023.0,96,6.5,153866,15000000,146700000
tt1335975,47 Ronin,2013.0,128,6.2,174906,175000000,151783839
tt1336608,Rock of Ages,2012.0,123,5.9,82893,75000000,59400000
tt13375076,The Pope's Exorcist,2023.0,103,6.1,95156,18000000,76987621
tt1340094,The Crow,2024.0,111,4.7,32375,50000000,24109036
tt1340138,Terminator Genisys,2015.0,126,6.3,299118,155000000,440603537
tt13405778,Insidious: The Red Door,2023.0,107,5.5,57259,16000000,189086877
tt1340800,Tinker Tailor Soldier Spy,2011.0,127,7.0,218884,30000000,80600000
tt1341167,Four Lions,2010.0,97,7.3,87897,3900000,6200000
tt1341188,How Do You Know,2010.0,121,5.4,56063,120000000,48668907
tt1343092,The Great Gatsby,2013.0,143,7.2,617618,105000000,351040419
tt13433802,A Quiet Place: Day One,2024.0,99,6.3,144751,67000000,261907653
tt1343727,Dredd,2012.0,95,7.1,303343,50000000,41037742
tt1345836,The Dark Knight Rises,2012.0,164,8.4,1899954,250000000,1081041287
tt1351685,Jack the Giant Slayer,2013.0,114,6.3,150434,195000000,197700000
tt13521006,Beau Is Afraid,2023.0,179,6.7,70356,35000000,12337378
tt1352824,Chloe,2009.0,96,6.3,79886,14000000,13657649
tt1355631,The Infiltrator,2016.0,127,7.0,82276,28000000,21011110
tt1355644,Passengers,2016.0,116,7.0,471029,110000000,303144152
tt1355683,Black Mass,2015.0,123,6.8,197396,53000000,99975678
tt13560574,X,2022.0,105,6.5,204970,1000000,15113105
tt1361336,Tom & Jerry,2021.0,101,5.3,41397,50000000,136536687
tt13622970,Moana 2,2024.0,100,6.7,85936,150000000,1056396565
tt13640696,See How They Run,2022.0,98,6.5,69113,40000000,21921551
tt13651794,May December,2023.0,117,6.8,67931,20000000,4232370
tt13655120,I.S.S.,2023.0,95,5.3,12152,13800000,6605079
tt1365519,Tomb Raider,2018.0,119,6.3,233492,94000000,274650803
tt13669038,Women Talking,2022.0,104,6.9,45500,20000000,7589419
tt1371111,Cloud Atlas,2012.0,172,7.4,380235,102000000,130482868
tt1371155,Made in Dagenham,2010.0,113,7.1,16314,7200000,12629471
tt1372686,Coriolanus,2011.0,123,6.1,34100,7700000,1072602
tt1374989,Pride and Prejudice and Zombies,2016.0,108,5.8,62021,28000000,16457494
tt1375666,Inception,2010.0,148,8.8,2662548,160000000,839030630
tt1375670,Grown Ups,2010.0,102,6.0,292349,80000000,271430189
tt1381404,The Company You Keep,2012.0,125,6.4,36428,2000000,20014680
tt13833688,The Whale,2022.0,117,7.6,242221,3000000,55101305
tt13841850,Men,2022.0,100,6.0,72679,6500000,11152071
tt13848804,Journey to Bethlehem,2023.0,99,6.4,3265,6000000,7778330
tt1385826,The Adjustment Bureau,2011.0,106,7.0,276419,50200000,127900000
tt1385867,Cop Out,2010.0,107,5.5,91398,30000000,55600000
tt1386588,The Other Guys,2010.0,107,6.7,297520,100000000,170432927
tt1386697,Suicide Squad,2016.0,123,5.9,738289,175000000,749200054
tt1386703,Total Recall,2012.0,118,6.2,271128,125000000,198800000
tt1389139,When the Bough Breaks,2016.0,107,5.2,8337,10000000,30658387
tt1390411,In the Heart of the Sea,2015.0,122,6.9,154536,100000000,93900000
tt1392170,The Hunger Games,2012.0,142,7.2,1035209,75000000,694394724
tt1392190,Mad Max: Fury Road,2015.0,120,8.1,1157501,150000000,378858340
tt1392214,Prisoners,2013.0,153,8.2,862061,46000000,122126687
tt13923084,Boy Kills World,2023.0,111,6.4,34584,18000000,3139717
tt13923456,Mafia Mamma,2023.0,101,5.4,12658,41000000,3900000
tt13957560,Dumb Money,2023.0,105,6.9,55507,30000000,20703794
tt1396484,It,2017.0,135,7.3,638731,35000000,703000000
tt1397514,Journey 2: The Mysterious Island,2012.0,94,5.7,115808,79000000,355692760
tt1398426,Straight Outta Compton,2015.0,147,7.8,226138,28000000,201634991
tt1399103,Transformers: Dark of the Moon,2011.0,154,6.2,442515,195000000,1123794079
tt1399683,Winter's Bone,2010.0,100,7.1,153961,2000000,13831503
tt1402488,Happy Feet Two,2011.0,100,5.8,49071,130000000,150406466
tt1403865,True Grit,2010.0,110,7.6,365507,38000000,252300000
tt1403981,Remember Me,2010.0,113,7.1,158932,16000000,56000000
tt14060232,Infinite Storm,2022.0,97,5.3,11874,4749917,1707067
tt1408101,Star Trek Into Darkness,2013.0,132,7.7,503106,190000000,467381584
tt1408253,Ride Along,2014.0,99,6.1,126026,25000000,153997819
tt14088510,Tarot,2024.0,92,4.8,30763,8000000,49256239
tt1409024,Men in Black³,2012.0,106,6.8,398799,225000000,624000000
tt14109724,Ticket to Paradise,2022.0,104,6.1,77261,20000000,168800000
tt1411238,No Strings Attached,2011.0,108,6.2,249231,25000000,149200000
tt14114802,The Outfit,2022.0,105,7.2,80379,5000000,4000000
tt1411664,Bucky Larson: Born to Be a Star,2011.0,97,3.3,13173,10000000,2500000
tt1411697,The Hangover Part II,2011.0,102,6.5,552874,80000000,586764305
tt1411704,Hop,2011.0,95,5.4,38524,63000000,183953723
tt1413495,Paranoia,2013.0,106,5.6,39846,35000000,17056265
tt14208870,The Fabelmans,2022.0,151,7.5,126967,40000000,45629909
tt14209916,Cocaine Bear,2023.0,95,5.9,118499,32500000,88314672
tt14230388,Asteroid City,2023.0,105,6.5,129364,25000000,47281670
tt14230458,Poor Things,2023.0,141,7.8,334106,35000000,117607117
tt1424381,Predators,2010.0,107,6.4,251305,40000000,127200000
tt14260836,Better Man,2024.0,135,7.6,21807,110000000,20303745
tt1428538,Hansel & Gretel: Witch Hunters,2013.0,88,6.1,221509,50000000,226349749
tt1430132,The Wolverine,2013.0,126,6.7,509415,120000000,415440673
tt1430607,Arthur Christmas,2011.0,97,7.1,70239,10000000,151300000
tt1430612,Brick Mansions,2014.0,90,5.6,44849,28000000,71416730
tt1430626,The Pirates! Band of Misfits,2012.0,88,6.7,52758,60000000,123054041
tt1431045,Deadpool,2016.0,108,8.0,1197251,58000000,782837347
tt1434435,Mother's Day,2010.0,112,6.2,18900,11000000,863000
tt14362112,Trolls Band Together,2023.0,91,6.0,17780,95000000,207318137
tt1436562,Rio,2011.0,96,6.9,259443,90000000,483866772
tt1438176,Fright Night,2011.0,106,6.4,116416,30000000,41002607
tt1440129,Battleship,2012.0,131,5.8,262434,209000000,303025485
tt14402146,Empire of Light,2022.0,115,6.7,25938,13500000,11395604
tt1440345,This Must Be the Place,2011.0,118,6.7,37820,25000000,11790979
tt14403504,Last Breath,2025.0,93,6.9,3414,23800000,14875844
tt1440728,The American,2010.0,105,6.3,104079,20000000,67900000
tt1441326,Martha Marcy May Marlene,2011.0,102,6.8,56945,1000000,3500000
tt14444726,Tár,2022.0,158,7.4,102550,35000000,29048571
tt1446192,Rise of the Guardians,2012.0,97,7.2,199844,145000000,306941670
tt1446714,Prometheus,2012.0,124,7.0,673786,130000000,403354469
tt1448754,Thanksgiving,2023.0,106,6.2,70116,15000000,46553280
tt1448755,Killer Elite,2011.0,116,6.4,137687,66000000,57777106
tt1449283,Winnie the Pooh,2011.0,63,7.1,29396,30000000,14460000
tt1450321,Filth,2013.0,97,7.0,118835,5000000,9114264
tt14513804,Captain America: Brave New World,2025.0,118,5.9,75784,180000000,388056272
tt1453405,Monsters University,2013.0,104,7.2,406163,200000000,743600000
tt14539740,Godzilla x Kong: The New Empire,2024.0,115,6.1,119076,150000000,571750016
tt1454029,The Help,2011.0,146,8.1,509750,25000000,216600000
tt1454468,Gravity,2013.0,91,7.7,879057,105000000,723192705
tt14549466,Crimes of the Future,2022.0,107,5.8,44044,27000000,4551565
tt1457765,The Haunting in Connecticut 2: Ghosts of Georgia,2013.0,100,5.3,18671,8000000,5127434
tt1457767,The Conjuring,2013.0,112,7.5,580271,13000000,320415166
tt1458175,The Next Three Days,2010.0,133,7.3,211067,30000000,67448651
tt1462041,Dream House,2011.0,92,6.0,70252,50000000,39984400
tt1462764,Indiana Jones and the Dial of Destiny,2023.0,154,6.5,217558,294700000,383963057
tt1464174,"Big Mommas: Like Father, Like Son",2011.0,107,4.5,30289,32000000,82686066
tt1464335,Uncharted,2022.0,116,6.3,279569,120000000,407141258
tt1465522,Tucker and Dale vs Evil,2010.0,89,7.5,200298,5000000,5224938
tt14668630,"Lyle, Lyle, Crocodile",2022.0,106,6.1,16732,50000000,104088441
tt1470023,MacGruber,2010.0,90,5.6,48346,10000000,9322895
tt1470827,Monsters,2010.0,94,6.3,99568,500000,5639730
tt1472584,Max Steel,2016.0,92,4.6,21060,10000000,6272403
tt1473832,Bridget Jones's Baby,2016.0,123,6.4,87268,35000000,211952420
tt1477076,Saw 3D,2010.0,90,5.5,113904,20000000,136151680
tt1477834,Aquaman,2018.0,143,6.8,535490,160000000,1152028393
tt1478964,Attack the Block,2011.0,88,6.7,113290,14350531,3964682
tt1482459,The Lorax,2012.0,86,6.4,135951,70000000,349305397
tt14824600,The Lord of the Rings: The War of the Rohirrim,2024.0,134,6.3,27379,30000000,19958572
tt1483013,Oblivion,2013.0,124,7.0,568506,120000000,286168572
tt14849194,The Holdovers,2023.0,133,7.9,196249,13000000,42513270
tt1485796,The Greatest Showman,2017.0,105,7.5,328296,84000000,459066134
tt14858658,Blink Twice,2024.0,102,6.5,99976,20000000,46393906
tt1486185,Red Riding Hood,2011.0,100,5.4,117453,42000000,89162162
tt1486192,The Raven,2012.0,110,6.4,89229,26000000,29657751
tt1486834,What If,2013.0,98,6.8,82978,11000000,8500000
tt1488555,The Change-Up,2011.0,112,6.3,200468,52000000,75500000
tt1489887,Booksmart,2019.0,102,7.1,135789,6000000,24849029
tt1489889,Central Intelligence,2016.0,107,6.3,224271,50000000,216972543
tt1490017,The Lego Movie,2014.0,100,7.7,399708,60000000,470759687
tt1491044,The Iceman,2012.0,106,6.8,81679,20000000,1969193
tt14948432,Red One,2024.0,123,6.3,137020,250000000,185700759
tt14966898,Late Night with the Devil,2023.0,93,7.0,119873,2000000,15469415
tt1499658,Horrible Bosses,2011.0,98,6.9,477997,35000000,209838559
tt15009428,Argylle,2024.0,139,5.6,91433,200000000,96221061
tt1502397,Bad Boys for Life,2020.0,124,6.5,189324,90000000,426505244
tt1502404,Drive Angry,2011.0,104,5.4,104923,50000000,40909909
tt1502407,Halloween,2018.0,106,6.5,177958,10000000,259939869
tt1502712,Fantastic Four,2015.0,100,4.3,182057,120000000,167977596
tt1504320,The King's Speech,2010.0,118,8.0,719578,15000000,414211549
tt1506999,Haywire,2011.0,93,5.8,91194,23000000,33372606
tt15078804,Problemista,2023.0,104,6.8,8123,12000000,2503154
tt1509767,The Three Musketeers,2011.0,110,5.7,113726,75000000,132274484
tt1512235,Super,2010.0,96,6.7,85087,2500000,1185012
tt1515091,Sherlock Holmes: A Game of Shadows,2011.0,129,7.4,490754,125000000,334615000
tt15153532,Strays,2023.0,93,6.3,34742,46000000,32000000
tt1517260,The Host,2013.0,125,5.8,120008,44000000,63300000
tt1517268,Barbie,2023.0,114,6.8,598954,145000000,1445638421
tt1517451,A Star Is Born,2018.0,136,7.6,434050,36000000,436388866
tt1521197,Anonymous,2011.0,130,6.8,42649,30000000,15395087
tt15239678,Dune: Part Two,2024.0,166,8.5,611472,190000000,714444358
tt1524575,The Vatican Tapes,2015.0,91,4.7,19626,13000000,1784763
tt1524930,Vacation,2015.0,99,6.2,126255,31000000,104400000
tt15255876,Emily the Criminal,2022.0,97,6.7,63307,2000000,2157673
tt15268244,Joy Ride,2023.0,95,6.4,26531,20000000,15800000
tt1527186,Melancholia,2011.0,135,7.1,201453,7400000,15946321
tt1528100,Exodus: Gods and Kings,2014.0,150,6.0,182759,140000000,268031828
tt1528854,Daddy's Home,2015.0,96,6.2,134022,50000000,242786137
tt15314262,The Beekeeper,2024.0,105,6.3,152433,35000000,152720535
tt1532503,Beginners,2010.0,105,7.2,95825,3200000,14311701
tt15325794,Fall,2022.0,107,6.4,120005,3000000,17363261
tt15339456,Marcel the Shell with Shoes On,2021.0,90,7.6,31088,6000000,6909209
tt1535108,Elysium,2013.0,109,6.6,480772,115000000,286140700
tt1535109,Captain Phillips,2013.0,134,7.8,505836,55000000,218791811
tt15352542,The Day the Earth Blew Up: A Looney Tunes Movie,2024.0,91,6.9,1577,15000000,5283343
tt1535438,Hope Springs,2012.0,100,6.3,45166,30000000,114281051
tt1535612,The Son of No One,2011.0,90,5.1,18276,15000000,618425
tt1536044,Paranormal Activity 2,2010.0,91,5.7,112348,3000000,177512032
tt1536537,What Happened to Monday,2017.0,123,6.8,139322,20000000,27975429
tt1538403,The Mortal Instruments: City of Bones,2013.0,130,5.8,140782,60000000,95396573
tt15398776,Oppenheimer,2023.0,180,8.3,864774,100000000,952000000
tt1540011,Blair Witch,2016.0,89,5.0,51388,5000000,45172994
tt1540128,Playing for Keeps,2012.0,105,5.7,31731,35000000,30962335
tt1540133,The Guard,2011.0,96,7.3,98459,6000000,19560274
tt1540767,Apartment 1303 3D,2012.0,85,2.5,6216,5000000,3377891
tt1542344,127 Hours,2010.0,94,7.5,412424,18000000,35700000
tt15474916,Smile,2022.0,115,6.5,210813,17000000,217408513
tt1549572,Another Earth,2011.0,92,6.9,102006,100000,1938783
tt15574270,I Saw the TV Glow,2024.0,100,5.8,34540,10000000,5396508
tt1560220,Zombieland: Double Tap,2019.0,99,6.7,214040,42000000,122800000
tt1560747,The Master,2012.0,138,7.1,191200,32000000,28258060
tt1560985,The Devil Inside,2012.0,83,4.2,38038,1000000,101800000
tt1563738,One Day,2011.0,107,7.0,173997,15000000,59400000
tt1563742,Overboard,2018.0,112,6.0,42511,12000000,91244913
tt1564349,Dolphin Tale,2011.0,113,6.8,26176,37000000,95404397
tt1564367,Just Go with It,2011.0,117,6.4,275968,80000000,214945591
tt1564585,Skyline,2010.0,92,4.5,93207,10500000,66984887
tt15671028,No Hard Feelings,2023.0,103,6.3,190366,45000000,83000000
tt1567609,Get the Gringo,2012.0,96,6.9,112995,35000000,8826837
tt15679400,Knock at the Cabin,2023.0,100,6.1,132630,20000000,54700000
tt1568338,Man on a Ledge,2012.0,102,6.6,160309,42000000,46221189
tt1568346,The Girl with the Dragon Tattoo,2011.0,158,7.8,510912,90000000,232617430
tt1568911,War Horse,2011.0,146,7.2,168921,66000000,177584879
tt1570728,"Crazy, Stupid, Love.",2011.0,118,7.4,588333,50000000,145079584
tt1571222,A Dangerous Method,2011.0,99,6.4,110121,15000000,27462041
tt1571234,Mortal Engines,2018.0,128,6.1,147318,100000000,83869818
tt1572315,Texas Chainsaw,2013.0,92,4.8,58027,20000000,47300000
tt1578275,The Dilemma,2011.0,111,5.3,57591,70000000,67112664
tt15789038,Elemental,2023.0,101,7.0,147541,200000000,496444308
tt15791034,Barbarian,2022.0,102,7.0,217046,4500000,45400000
tt1582507,House at the End of the Street,2012.0,101,5.5,82947,6900000,44287131
tt1583420,Larry Crowne,2011.0,98,6.1,73208,30000000,75055070
tt15837338,PAW Patrol: The Mighty Movie,2023.0,88,5.9,5795,30000000,202231360
tt1586265,What to Expect When You're Expecting,2012.0,110,5.7,76928,40000000,79700000
tt1586752,Machine Gun Preacher,2011.0,129,6.7,69982,30000000,2527904
tt1587310,Maleficent,2014.0,97,6.9,411254,180000000,758539785
tt1588173,Warm Bodies,2013.0,98,6.8,249159,35000000,117000000
tt1588334,"Jeff, Who Lives at Home",2011.0,83,6.4,65979,10000000,4400000
tt1590193,The Commuter,2018.0,104,6.3,129012,30000000,119942387
tt1591095,Insidious,2010.0,103,6.8,351202,1500000,100106454
tt1592525,Lockout,2012.0,95,6.0,102022,20000000,32948113
tt1592873,LOL,2012.0,97,4.4,58985,11000000,10500000
tt1594972,Norm of the North,2016.0,90,3.4,10390,7000000,17062499
tt1596343,Fast Five,2011.0,130,7.3,418568,125000000,626100000
tt1596346,Soul Surfer,2011.0,112,7.0,54258,18000000,47088990
tt1596350,This Means War,2012.0,103,6.3,197036,65000000,156974557
tt1596363,The Big Short,2015.0,130,7.8,506089,28000000,133346506
tt1596365,The Woman in Black,2012.0,95,6.4,196155,32000000,129000000
tt1598778,Contagion,2011.0,106,6.8,322861,60000000,137551594
tt1598822,New Year's Eve,2011.0,118,5.6,91339,56000000,142000000
tt1599348,Safe House,2012.0,115,6.7,243326,85000000,208076205
tt1601913,The Grey,2011.0,117,6.7,268460,25000000,79781695
tt1603257,ATM,2012.0,90,4.7,25972,3000000,921752
tt1605630,American Reunion,2012.0,113,6.7,228357,50000000,234989584
tt1605717,Frank,2014.0,95,6.9,83388,1000000,1897363
tt1605783,Midnight in Paris,2011.0,94,7.6,460049,17000000,151119219
tt1608290,Zoolander 2,2016.0,101,4.7,78671,50000000,56722693
tt1609486,Harold and the Purple Crayon,2024.0,90,5.7,7847,40000000,32227855
tt1611224,Abraham Lincoln: Vampire Hunter,2012.0,105,5.9,164459,69000000,116500000
tt1615065,Savages,2012.0,131,6.4,136525,45000000,82966152
tt1615147,Margin Call,2011.0,107,7.1,151628,3500000,19504039
tt1615160,The Foreigner,2017.0,113,7.0,127418,35000000,145374099
tt1616195,J. Edgar,2011.0,137,6.5,135493,35000000,84606030
tt1617661,Jupiter Ascending,2015.0,127,5.3,197857,176000000,184000000
tt1618442,The Last Witch Hunter,2015.0,106,5.9,112539,90000000,146936910
tt1619029,Jackie,2016.0,100,6.6,85126,9000000,13960394
tt1620680,A Wrinkle in Time,2018.0,109,4.3,48698,103000000,132675864
tt1620935,Bleed for This,2016.0,117,6.8,32123,6000000,6174491
tt1620981,The Addams Family,2019.0,86,5.8,46800,40000000,204394183
tt1621039,Free Birds,2013.0,91,5.8,27119,55000000,110000000
tt1622547,30 Minutes or Less,2011.0,83,6.0,107986,28000000,40500000
tt1622979,Final Destination 5,2011.0,92,5.9,130836,40000000,157887643
tt1623205,Oz the Great and Powerful,2013.0,130,6.3,218020,200000000,491868548
tt16280138,Magic Mike's Last Dance,2023.0,112,5.2,18691,45000000,52000000
tt1628841,Independence Day: Resurgence,2016.0,120,5.2,193889,165000000,389681935
tt1630029,Avatar: The Way of Water,2022.0,192,7.5,529117,460000000,2320250281
tt1631867,Edge of Tomorrow,2014.0,113,7.9,767410,178000000,370541256
tt1632708,Friends with Benefits,2011.0,109,6.5,407287,35000000,149500000
tt1634106,Bloodshot,2020.0,109,5.7,87756,42000000,39861118
tt1634121,Intruders,2011.0,100,5.4,21624,13000000,3012210
tt1634122,Johnny English Reborn,2011.0,101,6.3,144953,45000000,160078586
tt16366836,Venom: The Last Dance,2024.0,110,6.0,106530,120000000,478103649
tt1636826,Project X,2012.0,88,6.7,243940,12000000,102731865
tt1637688,In Time,2011.0,109,6.7,464055,40000000,173900000
tt1637725,Ted,2012.0,106,6.9,679101,50000000,549368315
tt1638355,The Man from U.N.C.L.E.,2015.0,116,7.2,345317,75000000,108100000
tt1639826,Justin and the Knights of Valour,2013.0,90,6.0,6556,22000000,19799759
tt16419074,Air,2023.0,111,7.4,181842,80000000,90100000
tt16426418,Challengers,2024.0,131,7.1,150343,55000000,94182533
tt1645170,The Dictator,2012.0,83,6.5,348604,65000000,179379533
tt1646971,How to Train Your Dragon 2,2014.0,102,7.8,378663,145000000,621537519
tt1646987,Wrath of the Titans,2012.0,99,5.7,198873,150000000,301970083
tt1647668,Million Dollar Arm,2014.0,124,7.0,48528,25000000,38307627
tt1648179,Here Comes the Boom,2012.0,105,6.4,96879,42000000,73100000
tt1648190,The Dark Tower,2017.0,95,5.6,150263,60000000,113231078
tt1649419,The Impossible,2012.0,114,7.5,254444,45000000,198100000
tt1650043,El Diario De Un Chico En Apuros 2: Las Reglas De Rodrick,2011.0,99,6.6,38906,21000000,72526996
tt1650062,Super 8,2011.0,112,7.0,373182,50000000,260100000
tt1650554,Kick-Ass 2,2013.0,103,6.5,294339,28000000,60795985
tt1655420,My Week with Marilyn,2011.0,99,6.9,90550,6400000,35100000
tt1655441,The Age of Adaline,2015.0,112,7.2,218172,25000000,65663276
tt1656186,Stolen,2012.0,96,5.5,46988,35000000,2106557
tt1656190,Safe,2012.0,94,6.5,121204,30000000,40300000
tt1658801,Freeheld,2015.0,103,6.6,13499,7000000,573335
tt1659337,The Perks of Being a Wallflower,2012.0,103,7.9,567523,13000000,33384127
tt1661199,Cinderella,2015.0,105,6.9,196203,95000000,543514353
tt1661275,Their Finest,2016.0,117,6.8,21725,11795877,3603484
tt1661382,Grudge Match,2013.0,113,6.4,63730,40000000,44907260
tt1662293,Nothing Left to Fear,2013.0,100,4.4,5332,3000000,1675381
tt1663202,The Revenant,2015.0,156,8.0,906205,135000000,532950503
tt1663662,Pacific Rim,2013.0,131,6.9,543283,180000000,411000000
tt1666186,Vampires Suck,2010.0,82,3.4,52944,20000000,80547866
tt1666801,The DUFF,2015.0,101,6.4,104289,8500000,43528634
tt1667310,Deadfall,2012.0,95,6.2,41692,12000000,1900000
tt1667353,Mirror Mirror,2012.0,106,5.6,92716,85000000,183018522
tt1667889,Ice Age: Continental Drift,2012.0,88,6.5,233320,95000000,877244782
tt1670345,Now You See Me,2013.0,115,7.2,732561,75000000,351723989
tt1673434,The Twilight Saga: Breaking Dawn - Part 2,2012.0,115,5.6,270708,120000000,829747654
tt1674771,Entourage,2015.0,104,6.5,84158,30000000,49263404
tt1675192,Take Shelter,2011.0,120,7.3,111989,5000000,3741098
tt1677720,Ready Player One,2018.0,140,7.4,512452,175000000,607274134
tt1679335,Trolls,2016.0,92,6.4,96117,125000000,347337803
tt1682180,Stoker,2013.0,99,6.7,116533,12000000,12077441
tt1686821,Vampire Academy,2014.0,104,5.4,57723,30000000,15391979
tt1687901,The Awakening,2011.0,102,6.5,70344,4798235,6879667
tt1690953,Despicable Me 2,2013.0,98,7.3,441525,76000000,970766005
tt1691917,Planes,2013.0,91,5.7,50175,50000000,219788712
tt1694020,The Guilt Trip,2012.0,95,5.8,41123,40000000,41863726
tt1695843,Haunted Mansion,2023.0,123,6.0,47013,157800000,117449790
tt1698641,"Alexander and the Terrible, Horrible, No Good, Very Bad Day",2014.0,81,6.2,47526,28000000,100654149
tt1700841,Sausage Party,2016.0,89,6.1,218014,19000000,140705322
tt1702439,Safe Haven,2013.0,115,6.7,118739,28000000,97600000
tt17024450,The Equalizer 3,2023.0,109,6.8,142394,70000000,191067560
tt1704573,Bernie,2011.0,104,6.8,65378,5000000,9206470
tt1706593,Chronicle,2012.0,84,7.0,269158,15000000,145000000
tt1707386,Les Misérables,2012.0,158,7.5,353294,61000000,442636309
tt1711525,Office Christmas Party,2016.0,105,5.9,91394,45000000,114500000
tt1712261,Triple 9,2016.0,115,6.3,79535,20000000,12600000
tt1713476,The Bay,2012.0,85,5.7,30812,2000000,1581252
tt1714206,The Spectacular Now,2013.0,95,7.0,164983,2500000,6854611
tt1714915,Only Lovers Left Alive,2013.0,123,7.2,111399,7000000,7600000
tt1715336,Anna,2013.0,99,6.4,25810,4357373,1200000
tt1716772,The Inbetweeners,2011.0,97,6.7,88648,4500000,88823111
tt1723121,We're the Millers,2013.0,110,7.0,503684,37000000,270000000
tt1723808,Reagan,2024.0,141,6.2,10664,25000000,30107173
tt1723811,Shame,2011.0,101,7.2,210792,6500000,3909002
tt1724970,Beyond Skyline,2017.0,106,5.3,24117,14000000,992181
tt1726592,Before I Go to Sleep,2014.0,92,6.3,86460,22000000,17669776
tt1726669,Killer Joe,2011.0,102,6.7,85492,10000000,4633668
tt1727388,The Way Way Back,2013.0,103,7.4,159862,4600000,23198652
tt1727776,Scouts Guide to the Zombie Apocalypse,2015.0,93,6.3,57741,15000000,14900000
tt1727824,Bohemian Rhapsody,2018.0,134,7.9,618971,52000000,918355943
tt17279496,Civil War,2024.0,109,7.0,231857,50000000,126542249
tt1731141,Ender's Game,2013.0,114,6.6,259627,110000000,125537191
tt1731697,The Lords of Salem,2012.0,101,5.2,33330,1500000,1165882
tt17351924,Saltburn,2023.0,131,7.0,240914,20000000,21013738
tt1735898,Snow White and the Huntsman,2012.0,127,6.1,308365,170000000,396600000
tt1741243,Pawn Shop Chronicles,2013.0,112,5.9,12373,5000000,1080000
tt1742044,Jersey Boys,2014.0,134,6.8,37616,40000000,67347013
tt1742334,Sabotage,2014.0,109,5.7,67344,35000000,22126842
tt1742650,I Don't Know How She Does It,2011.0,89,5.0,21449,24000000,31410151
tt1745960,Top Gun: Maverick,2022.0,130,8.2,762373,170000000,1488732821
tt1748122,Moonrise Kingdom,2012.0,94,7.8,373254,16000000,68263166
tt17505010,Horizon: An American Saga - Chapter 1,2024.0,181,6.7,38907,50000000,38235702
tt17526714,The Substance,2024.0,141,7.3,278074,17500000,76506196
tt17527468,Bottoms,2023.0,91,6.7,51585,11300000,12976079
tt1754656,The Little Prince,2015.0,108,7.6,68668,64000000,97571250
tt1756851,Twixt,2011.0,88,4.8,12292,7000000,647839
tt1758692,Like Crazy,2011.0,86,6.6,63920,250000,3542353
tt1758795,The To Do List,2013.0,104,5.8,42905,1500000,3566225
tt1758810,The Snowman,2017.0,119,5.2,74946,35000000,43203413
tt1758830,This Is 40,2012.0,134,6.2,154635,35000000,88200000
tt1762399,Walking with Dinosaurs 3D,2013.0,87,5.2,12125,80000000,126500000
tt1764183,Arbitrage,2012.0,107,6.6,56176,12000000,35500000
tt1764234,Killing Them Softly,2012.0,97,6.2,156397,15000000,37930465
tt17663992,Scream VI,2023.0,122,6.4,135718,35000000,168961389
tt1767354,Odd Thomas,2013.0,97,6.8,59218,27000000,1149267
tt1770734,Shadow Dancer,2012.0,101,6.2,13186,6300000,1777709
tt1772240,Apollo 18,2011.0,86,5.2,59040,5000000,25562924
tt1772341,Wreck-It Ralph,2012.0,101,7.7,476596,165000000,471222889
tt1778304,Paranormal Activity 3,2011.0,83,5.8,101815,5000000,207039844
tt1780967,Seberg,2019.0,102,6.0,10789,8000000,592565
tt1781769,Anna Karenina,2012.0,129,6.6,109287,40600000,68929150
tt1781827,Hands of Stone,2016.0,111,6.6,18088,20000000,5000000
tt1790809,Pirates of the Caribbean: Dead Men Tell No Tales,2017.0,129,6.5,362759,230000000,795922298
tt1790864,The Maze Runner,2014.0,113,6.8,531953,34000000,348319861
tt1790885,Zero Dark Thirty,2012.0,157,7.4,328970,40000000,132800000
tt1790886,The Campaign,2012.0,85,6.1,138928,95000000,104907746
tt1791528,Inherent Vice,2014.0,148,6.6,113761,20000000,14710975
tt1798603,Bad Santa 2,2016.0,92,5.6,29964,26000000,24100000
tt1798684,Southpaw,2015.0,124,7.3,267380,30000000,91709827
tt1798709,Her,2013.0,126,8.0,697674,23000000,47351251
tt1800241,American Hustle,2013.0,138,7.2,508549,40000000,251171807
tt1800302,Gold,2016.0,120,6.7,71448,20000000,14880939
tt1801552,Gotti,2018.0,112,4.8,17737,10000000,4343227
tt18079362,80 for Brady,2023.0,98,5.9,13136,28000000,29637811
tt1809398,Unbroken,2014.0,137,7.2,189957,65000000,163400000
tt1815862,After Earth,2013.0,100,4.8,212766,130000000,243843127
tt1817273,The Place Beyond the Pines,2012.0,140,7.3,297669,15000000,47135966
tt1821549,Nebraska,2013.0,115,7.7,125908,12000000,27700000
tt1821658,The Nut Job,2014.0,85,5.7,31126,42000000,122500000
tt1821694,RED 2,2013.0,116,6.6,184649,84000000,148075565
tt1823672,Chappie,2015.0,120,6.8,276630,49000000,104399548
tt1825683,Black Panther,2018.0,134,7.3,867591,200000000,1349926083
tt18259086,Sonic the Hedgehog 3,2024.0,110,6.9,51891,122000000,486018457
tt1826590,About Last Night,2014.0,100,6.0,25499,12500000,49002684
tt18272208,Here,2024.0,104,6.3,17797,40000000,15397270
tt1829012,Passion,2012.0,102,5.3,24773,20000000,713616
tt1833116,The Informer,2019.0,113,6.6,44201,60000000,2927708
tt1837636,Queen of the Desert,2015.0,128,5.7,12936,15000000,1592853
tt1837703,The Fifth Estate,2013.0,128,6.2,43360,28000000,8555008
tt1839492,Ruby Sparks,2012.0,104,7.2,106877,8000000,9368803
tt1840309,Divergent,2014.0,139,6.6,502979,85000000,288885818
tt18412256,Alien: Romulus,2024.0,119,7.1,236877,80000000,350865342
tt1841642,Demonic,2015.0,83,5.3,17030,3000000,3387000
tt1843866,Captain America: The Winter Soldier,2014.0,136,7.7,928252,170000000,714766572
tt1850457,Sisters,2015.0,118,6.0,71301,30000000,105000000
tt1853728,Django Unchained,2012.0,165,8.5,1774566,100000000,425368238
tt1853739,You're Next,2011.0,95,6.6,114675,1000000,14347000
tt1854564,Percy Jackson: Sea of Monsters,2013.0,106,5.7,129979,90000000,199850315
tt1855199,End of Watch,2012.0,109,7.6,279169,7000000,55078146
tt1855325,Resident Evil: Retribution,2012.0,95,5.3,154135,65000000,240159255
tt18559464,My Old Ass,2024.0,89,6.9,37322,3000000,5705895
tt1856080,The Boys in the Boat,2023.0,123,7.0,27044,40000000,54401583
tt1856101,Blade Runner 2049,2017.0,164,8.0,707049,150000000,259239658
tt1859650,To Rome with Love,2012.0,112,6.3,91968,17000000,73200000
tt1860213,Dirty Grandpa,2016.0,102,5.9,137404,11500000,94100000
tt1860353,Turbo,2013.0,96,6.4,117108,135000000,282570682
tt1860357,Deepwater Horizon,2016.0,107,7.1,190239,110000000,121790376
tt1869716,The East,2013.0,116,6.8,53196,6500000,2401510
tt1872181,The Amazing Spider-Man 2,2014.0,142,6.6,559523,200000000,708962323
tt1872194,The Judge,2014.0,141,7.4,212704,40000000,84419388
tt1877830,The Batman,2022.0,176,7.8,861806,185000000,772319315
tt1877832,X-Men: Days of Future Past,2014.0,132,7.9,766802,250000000,747862775
tt1878841,The Darkness,2016.0,92,4.5,17422,4000000,10900000
tt1878870,The Edge of Seventeen,2016.0,104,7.3,145461,9000000,18803648
tt18925334,Pearl,2022.0,103,7.0,136805,1000000,10139416
tt1895587,Spotlight,2015.0,129,8.1,516183,20000000,98690254
tt1896747,Fly Me to the Moon,2024.0,132,6.6,47914,100000000,42247783
tt1905041,Fast & Furious 6,2013.0,130,7.0,426873,160000000,788700000
tt1907668,Flight,2012.0,138,7.3,385543,31000000,161772575
tt1911658,Penguins of Madagascar,2014.0,92,6.6,108025,132000000,373515621
tt1921064,Pompeii,2014.0,105,5.5,119569,100000000,117831631
tt1922612,Glee: The 3D Concert Movie,2011.0,84,5.6,6114,9000000,18700000
tt1922777,Sinister,2012.0,110,6.8,296949,3000000,82515113
tt1924245,Cry Macho,2021.0,104,5.7,35091,33000000,16510734
tt1924429,Trance,2013.0,101,6.9,119213,20000000,24300000
tt1924435,Let's Be Cops,2014.0,104,6.4,141826,17000000,136600000
tt1931435,The Big Wedding,2013.0,89,5.6,52769,35000000,21800000
tt1931533,Seven Psychopaths,2012.0,110,7.1,280171,15000000,33035736
tt1935179,Mud,2012.0,130,7.4,193811,10000000,32613173
tt1935194,Overdrive,2017.0,93,5.4,17166,28210303,11247280
tt19356262,Drive-Away Dolls,2024.0,84,5.4,22830,8000000,7935363
tt1935859,Miss Peregrine's Home for Peculiar Children,2016.0,127,6.7,199616,110000000,296482446
tt1935897,Amityville: The Awakening,2017.0,87,4.8,16070,12000000,8481997
tt1939659,Carrie,2013.0,100,5.8,151805,30000000,84790678
tt1946502,UglyDolls,2019.0,87,5.1,8189,45000000,32500000
tt1950186,Ford v Ferrari,2019.0,152,8.1,515509,97600000,225508210
tt1951181,The Immigrant,2013.0,120,6.6,34466,16000000,5867686
tt1951261,The Hangover Part III,2013.0,100,5.8,346662,103000000,362000072
tt1951264,The Hunger Games: Catching Fire,2013.0,146,7.5,743165,130000000,865011746
tt1951265,The Hunger Games: Mockingjay - Part 1,2014.0,123,6.6,520744,125000000,755356711
tt1951266,The Hunger Games: Mockingjay - Part 2,2015.0,137,6.6,390399,160000000,653428261
tt1956620,Sex Tape,2014.0,94,5.1,120448,40000000,126069509
tt1959490,Noah,2014.0,138,5.8,270927,125000000,362600000
tt1959563,The Hitman's Bodyguard,2017.0,118,6.9,254533,30000000,176586701
tt1961175,American Assassin,2017.0,111,6.2,95775,33000000,67200000
tt19637052,Love Lies Bleeding,2024.0,104,6.6,55531,10000000,12778225
tt1964418,Tomorrowland,2015.0,130,6.4,195147,190000000,209200000
tt1967545,Labor Day,2013.0,111,6.9,54059,18000000,20275812
tt1971325,Automata,2014.0,109,6.0,60427,7000000,6237990
tt1971352,Compliance,2012.0,90,6.4,39185,270000,592116
tt1972571,A Most Wanted Man,2014.0,122,6.7,82237,15000000,31554855
tt1972591,King Arthur: Legend of the Sword,2017.0,126,6.7,239426,175000000,148700000
tt1972779,The Best of Me,2014.0,118,6.7,79182,26000000,35926213
tt1976009,Victor Frankenstein,2015.0,110,6.0,61871,40000000,34200000
tt1979320,Rush,2013.0,123,8.1,530882,38000000,90200000
tt1979376,Toy Story 4,2019.0,100,7.6,294945,175000000,1073841394
tt1979388,The Good Dinosaur,2015.0,93,6.7,132955,175000000,332207671
tt1980209,Pain & Gain,2013.0,129,6.4,235283,25000000,87305549
tt1980929,Begin Again,2013.0,104,7.4,171151,8000000,63500000
tt1981115,Thor: The Dark World,2013.0,112,6.7,747606,170000000,644783140
tt1981128,Geostorm,2017.0,111,5.3,125080,120000000,221600160
tt1981677,Pitch Perfect,2012.0,112,7.1,339130,17000000,115647426
tt1985019,Austenland,2013.0,97,6.3,24470,4900000,2159041
tt1985949,The Angry Birds Movie,2016.0,97,6.3,109783,73000000,349779543
tt1985966,Cloudy with a Chance of Meatballs 2,2013.0,95,6.3,119478,78000000,248384621
tt19890316,What Happens Later,2023.0,103,4.8,4461,3000000,3370345
tt1990314,Robot & Frank,2012.0,89,7.0,66433,2500000,3325038
tt1991245,Chernobyl Diaries,2012.0,86,5.0,69515,1000000,38390020
tt1996264,"For a Good Time, Call...",2012.0,85,6.0,17463,850000,1243961
tt1999890,Hell Fest,2018.0,89,5.5,20509,5500000,18160930
tt2002718,Machete Kills,2013.0,107,5.6,83853,12000000,15000000
tt2005151,War Dogs,2016.0,114,7.1,274653,50000000,86234523
tt2005374,The Frozen Ground,2013.0,105,6.4,70375,27220000,5496951
tt2006295,The 33,2015.0,127,6.9,40581,25000000,24900000
tt2015381,Guardians of the Galaxy,2014.0,121,8.0,1309820,170000000,772776600
tt2016940,Man of Tai Chi,2013.0,105,6.0,41629,25000000,2054941
tt2017038,All Is Lost,2013.0,106,6.9,85233,9000000,6108720
tt20215234,Conclave,2024.0,120,7.4,130241,20000000,104779967
tt20215968,Hit Man,2023.0,115,6.8,112555,8800000,5101673
tt2023453,Diary of a Wimpy Kid: Dog Days,2012.0,94,6.3,31525,22000000,76196538
tt20234774,Wicked Little Letters,2023.0,100,7.0,36477,12600000,27219729
tt2023587,Mama,2013.0,100,6.2,195404,15000000,146428180
tt2024432,Identity Thief,2013.0,111,5.7,143969,35000000,173965010
tt2024469,Non-Stop,2014.0,106,6.9,281546,50000000,222809600
tt2024544,12 Years a Slave,2013.0,134,8.1,761054,20000000,187000000
tt2025690,The Finest Hours,2016.0,117,6.7,72491,80000000,52099090
tt2034139,The Last Exorcism Part II,2013.0,88,4.0,17321,5000000,15200000
tt2039338,Flatliners,2017.0,109,5.2,52358,19000000,45158254
tt2041488,Thunderstruck,2012.0,94,5.1,6082,587211,587211
tt2042568,Inside Llewyn Davis,2013.0,104,7.4,167356,11000000,32935319
tt2049403,Beetlejuice Beetlejuice,2024.0,105,6.7,142872,100000000,451100435
tt2053463,Side Effects,2013.0,106,7.1,200510,30000000,63414135
tt2058673,Point Break,2015.0,114,5.3,67568,105000000,133782481
tt2066051,Rocketman,2019.0,121,7.3,202654,40000000,167300000
tt2076822,Chaos Walking,2021.0,109,5.7,59290,125000000,26508132
tt20768712,Book Club: The Next Chapter,2023.0,107,5.6,8439,20000000,27849137
tt2080374,Steve Jobs,2015.0,122,7.2,182850,30000000,34400000
tt2083355,The Best Man Holiday,2013.0,123,6.6,17393,17000000,71625195
tt2083383,Trouble with the Curve,2012.0,111,6.8,70233,60000000,49000000
tt2084970,The Imitation Game,2014.0,114,8.0,849081,14000000,233555708
tt2088003,Big Game,2014.0,110,5.4,36390,8500000,7500000
tt2091256,Captain Underpants: The First Epic Movie,2017.0,89,6.2,34257,38000000,125427681
tt2093991,Elvis & Nixon,2016.0,86,6.3,15312,5000000,1100000
tt2096672,Dumb and Dumber To,2014.0,109,5.6,149055,40000000,169837010
tt2096673,Inside Out,2015.0,95,8.1,858699,175000000,857611174
tt2101441,Spring Breakers,2012.0,94,5.3,151477,5000000,31700000
tt2103254,Tammy,2014.0,97,4.9,55907,20000000,100500000
tt2103267,Adore,2013.0,112,6.2,37655,16000000,1600000
tt2103281,Dawn of the Planet of the Apes,2014.0,130,7.6,498174,170000000,710644566
tt2106361,Into the Storm,2014.0,89,5.8,72978,50000000,160600000
tt21064584,The Iron Claw,2023.0,132,7.6,102430,15900000,40130232
tt2109184,Paranormal Activity 4,2012.0,88,4.7,71886,5000000,142802657
tt2114504,Woody Woodpecker,2017.0,91,4.2,5538,10000000,15316635
tt21188080,Lisa Frankenstein,2024.0,101,6.1,27621,13400000,9927714
tt2119532,Hacksaw Ridge,2016.0,139,8.1,630622,40000000,175302354
tt2119543,The House with a Clock in Its Walls,2018.0,105,6.1,57259,42000000,131523093
tt2120120,Pixels,2015.0,105,5.6,168429,88000000,244900000
tt21232992,Theater Camp,2023.0,92,6.9,18367,5000000,4400000
tt21235248,Ghostbusters: Frozen Empire,2024.0,115,6.1,92019,100000000,201967521
tt2125435,Beasts of the Southern Wild,2012.0,93,7.2,85811,1800000,21107746
tt21261712,Back to Black,2024.0,122,6.3,26041,30000000,51001975
tt2126235,Collide,2016.0,99,5.7,17741,21500000,6817535
tt2126355,San Andreas,2015.0,114,6.1,265715,110000000,473990832
tt21276958,Babes,2024.0,104,6.3,6123,3700000,3663309
tt2132285,The Bling Ring,2013.0,90,5.6,93919,15000000,19145732
tt2140037,Jane Got a Gun,2015.0,98,5.9,24492,25000000,3771345
tt2140373,Saving Mr. Banks,2013.0,125,7.5,172573,35000000,112544580
tt2140379,Self/less,2015.0,117,6.5,105618,26000000,31807156
tt2140479,The Accountant,2016.0,128,7.3,339734,44000000,155160045
tt2140619,Two Night Stand,2014.0,86,6.3,75111,1645000,868081
tt21454134,The Bikeriders,2023.0,116,6.6,65027,40000000,36110860
tt21692408,Kung Fu Panda 4,2024.0,94,6.3,66496,80000000,548040835
tt2171867,Empire State,2013.0,94,5.2,23443,11000000,3639345
tt2172584,Maps to the Stars,2014.0,111,6.2,43607,15000000,4510000
tt2172934,3 Days to Kill,2014.0,117,6.2,99539,28000000,53260230
tt2177771,The Monuments Men,2014.0,118,6.1,145263,70000000,154984035
tt2179116,The Kings of Summer,2013.0,95,7.1,85823,1500000,1400000
tt2179136,American Sniper,2014.0,133,7.3,547312,58800000,542300000
tt2180411,Into the Woods,2014.0,125,5.9,150592,50000000,212902372
tt21807222,Saw X,2023.0,118,6.6,88253,13000000,125319714
tt21823606,A Real Pain,2024.0,90,7.1,74939,3000000,20581325
tt2183034,Earth to Echo,2014.0,91,5.7,20070,13000000,45300000
tt2184339,The Purge,2013.0,85,5.8,250186,3000000,91266581
tt21867434,BlackBerry,2023.0,120,7.3,54816,5000000,2600000
tt2193215,The Counselor,2013.0,117,5.4,107643,25000000,71009334
tt21942866,Dream Scenario,2023.0,102,6.8,83325,10000000,14114415
tt2194499,About Time,2013.0,123,7.8,409261,12000000,87100449
tt2199571,Run All Night,2015.0,114,6.6,117715,50000000,71561644
tt22022452,Inside Out 2,2024.0,96,7.5,210623,200000000,1698863816
tt2203939,The Other Woman,2014.0,109,6.0,156099,40000000,196800000
tt22041854,Priscilla,2023.0,113,6.5,45954,20000000,30140906
tt22048412,MaXXXine,2024.0,103,6.3,67222,1000000,22057160
tt22050754,The Strangers: Chapter 1,2024.0,91,4.6,22039,8500000,48166448
tt2209764,Transcendence,2014.0,119,6.2,242365,100000000,103039258
tt22173666,Azrael,2024.0,86,5.4,10129,12000000,631272
tt2217859,Louder Than Bombs,2015.0,109,6.6,14539,11000000,1400000
tt2222042,Love and Monsters,2020.0,109,6.9,151781,30000000,1122066
tt2223990,Draft Day,2014.0,110,6.8,69483,25000000,28831145
tt2224026,Home,2015.0,94,6.5,115653,135000000,368871007
tt2226417,Insidious: Chapter 2,2013.0,106,6.6,195060,5000000,161921515
tt2226597,The Mountain Between Us,2017.0,112,6.4,85678,35000000,62832209
tt2230358,Curse of Chucky,2013.0,97,5.6,45584,5000000,3876587
tt2231253,Wild Card,2015.0,92,5.6,62033,30000000,6738764
tt2231461,Rampage,2018.0,107,6.1,192987,120000000,428028233
tt2234155,The Internship,2013.0,119,6.3,219509,58000000,44000000
tt22375054,Strange Darling,2023.0,97,7.1,46982,4000000,3504687
tt2238032,Skiptrace,2016.0,107,5.6,23052,32000000,58500000
tt2239822,Valerian and the City of a Thousand Planets,2017.0,136,6.4,203154,177200000,225973340
tt2239832,Think Like a Man Too,2014.0,106,5.7,23571,24000000,70181428
tt22408160,Kinds of Kindness,2024.0,164,6.5,57692,15000000,16398509
tt2241351,Money Monster,2016.0,98,6.5,108901,27000000,93282604
tt2243537,A Haunted House,2013.0,86,5.0,51808,2500000,60141683
tt2244901,I Give It a Year,2013.0,97,5.7,40016,13000000,29200000
tt2245084,Big Hero 6,2014.0,102,7.8,524900,165000000,657870525
tt2247476,When the Game Stands Tall,2014.0,115,6.6,17220,15000000,30127963
tt2250912,Spider-Man: Homecoming,2017.0,133,7.4,751529,175000000,880166924
tt2261287,Leap!,2016.0,89,6.8,25399,30000000,109573511
tt2262227,The Book of Life,2014.0,95,7.2,80701,50000000,97437106
tt2267968,Kung Fu Panda 3,2016.0,95,7.1,202291,145000000,521170825
tt2267998,Gone Girl,2014.0,149,8.1,1113038,61000000,370890259
tt22687790,A Haunting in Venice,2023.0,103,6.5,129807,60000000,121400000
tt2274648,Hellboy,2019.0,120,5.3,103882,50000000,55065289
tt2277860,Finding Dory,2016.0,97,7.2,317297,200000000,1028600000
tt2278388,The Grand Budapest Hotel,2014.0,99,8.1,920530,30000000,174600318
tt2279373,The SpongeBob Movie: Sponge Out of Water,2015.0,92,6.0,64067,74000000,311594032
tt2281587,Muppets Most Wanted,2014.0,107,6.4,38038,50000000,80400000
tt2283336,Men in Black: International,2019.0,114,5.6,153295,110000000,253890701
tt2283362,Jumanji: Welcome to the Jungle,2017.0,119,7.0,474492,90000000,995339117
tt22866358,The Book of Clarence,2023.0,129,5.7,7126,40000000,6205230
tt2293640,Minions,2015.0,91,6.4,271240,74000000,1159457503
tt2294449,22 Jump Street,2014.0,112,7.0,420496,50000000,331333876
tt2294629,Frozen,2013.0,102,7.4,684422,150000000,1274219009
tt2294677,In a World...,2013.0,93,6.6,33373,1000000,2963902
tt2296777,Sherlock Gnomes,2018.0,86,5.3,14704,59000000,90497778
tt2300975,Jessabelle,2014.0,90,5.4,26517,1000000,23456897
tt2302755,Olympus Has Fallen,2013.0,119,6.5,299224,70000000,170270201
tt2304933,The 5th Wave,2016.0,112,5.2,121000,38000000,109906372
tt2305051,Wild,2014.0,115,7.1,142548,15000000,52501541
tt2309260,The Gallows,2015.0,81,4.2,22066,100000,42964410
tt2310332,The Hobbit: The Battle of the Five Armies,2014.0,144,7.4,593411,250000000,956019788
tt2316204,Alien: Covenant,2017.0,122,6.4,327737,97000000,240891763
tt2318092,Endless Love,2014.0,104,6.2,48354,20000000,34100000
tt2322441,Fifty Shades of Grey,2015.0,125,4.2,344973,40000000,569651467
tt2328678,The King's Daughter,2022.0,98,5.2,6695,40500000,2200000
tt2328900,Mary Queen of Scots,2018.0,124,6.3,57332,25000000,46712809
tt2333804,The Zero Theorem,2013.0,107,6.0,50581,8500000,770706
tt2334649,Fruitvale Station,2013.0,85,7.5,87591,900000,17600000
tt2334873,Blue Jasmine,2013.0,98,7.3,215834,18000000,99200000
tt2334879,White House Down,2013.0,131,6.3,242500,150000000,205366737
tt2345737,The Rover,2014.0,103,6.4,52771,12250000,2510007
tt2345759,The Mummy,2017.0,110,5.4,213244,125000000,409231607
tt23468450,Longlegs,2024.0,101,6.6,177856,10000000,126942386
tt2347285,The Best Christmas Pageant Ever,2024.0,99,6.8,5978,10000000,40236104
tt23558280,Elevation,2024.0,91,5.6,19304,18000000,3300000
tt23561236,American Fiction,2023.0,117,7.5,109367,16000000,22483370
tt2357129,Jobs,2013.0,128,6.0,105327,12000000,42100000
tt2357291,Rio 2,2014.0,101,6.3,105530,103000000,498781117
tt2361317,Live by Night,2016.0,129,6.4,60863,90000000,22700000
tt2361509,The Intern,2015.0,121,7.1,290834,35000000,194564672
tt2368619,The Take,2016.0,92,6.3,52722,20000000,14397593
tt2369135,Need for Speed,2014.0,132,6.4,182135,66000000,203277636
tt2370248,Short Term 12,2013.0,96,7.9,93426,1000000,1645164
tt2377322,Deliver Us from Evil,2014.0,118,6.2,88381,30000000,87937815
tt2378507,The Glass Castle,2017.0,127,7.1,39644,9000000,22088533
tt2379713,Spectre,2015.0,148,6.8,478717,245000000,880707597
tt2380307,Coco,2017.0,105,8.4,641170,175000000,807816196
tt2381111,Brooklyn,2015.0,117,7.5,154452,11000000,62076141
tt2381941,Focus,2015.0,105,6.6,285097,50100000,153962963
tt2381991,The Huntsman: Winter's War,2016.0,114,6.1,123124,115000000,164989338
tt2382320,No Time to Die,2021.0,163,7.3,462680,250000000,774153024
tt2386490,How to Train Your Dragon: The Hidden World,2019.0,104,7.4,161918,129000000,524580592
tt2388715,Oculus,2013.0,104,6.5,144500,5000000,44459951
tt2390283,The Journey Home,2014.0,98,6.0,1028,12758853,3016126
tt2392830,A Quiet Passion,2016.0,125,6.4,6493,8138338,1864266
tt2395427,Avengers: Age of Ultron,2015.0,141,7.3,953713,365000000,1405403694
tt2397461,Clifford the Big Red Dog,2021.0,96,5.9,17893,64000000,107347356
tt2397535,Predestination,2014.0,97,7.4,319891,5500000,4942449
tt2398231,The Homesman,2014.0,122,6.6,37002,16000000,3442853
tt2398241,Smurfs: The Lost Village,2017.0,90,6.0,25620,60000000,197183546
tt2402101,Dark Places,2015.0,113,6.2,48841,20000000,5090852
tt2402157,The November Man,2014.0,108,6.3,71771,15000000,32600000
tt2402927,Carol,2015.0,118,7.3,147855,11800000,40272135
tt2403021,The Green Inferno,2013.0,100,5.4,52042,5000000,12666449
tt2404181,Belle,2013.0,100,7.3,33981,10900000,16500000
tt2404233,Gods of Egypt,2016.0,127,5.4,130310,140000000,150680864
tt2404311,The Family,2013.0,111,6.3,125435,30000000,36894225
tt2404435,The Magnificent Seven,2016.0,132,6.9,236076,90000000,162400000
tt2404463,The Heat,2013.0,117,6.6,184526,43000000,158674180
tt2406566,Atomic Blonde,2017.0,115,6.7,213265,30000000,100014025
tt24176060,Queer,2024.0,137,6.5,17582,53400000,3865730
tt2436386,Project Almanac,2015.0,106,6.4,85868,12000000,33200000
tt2446980,Joy,2015.0,124,6.6,148935,60000000,101134059
tt2452042,The Peanuts Movie,2015.0,88,7.0,51387,99000000,246233113
tt2452150,Respect,2021.0,145,6.6,18639,55000000,31217372
tt2452244,Isn't It Romantic,2019.0,89,5.9,75235,31000000,48800000
tt2452254,Clouds of Sils Maria,2014.0,124,6.7,31871,6600000,1851517
tt24577462,Afraid,2024.0,84,5.2,13220,12000000,12977758
tt2461150,Masterminds,2015.0,95,5.8,62740,25000000,29200000
tt2467046,Left Behind,2014.0,110,3.1,43513,16000000,19682924
tt2473510,Paranormal Activity: The Ghost Dimension,2015.0,88,4.6,31820,10000000,78903124
tt2473602,Get on Up,2014.0,139,6.9,26552,30000000,33448971
tt2473682,Paranormal Activity: The Marked Ones,2014.0,84,5.1,46542,5000000,90894962
tt2488496,Star Wars: Episode VII - The Force Awakens,2015.0,138,7.8,994999,245000000,2068223624
tt2510894,Hotel Transylvania 2,2015.0,89,6.6,151377,80000000,473200000
tt2513074,Billy Lynn's Long Halftime Walk,2016.0,113,6.2,24585,40000000,30930984
tt2515030,Escobar: Paradise Lost,2014.0,120,6.5,23774,17000000,3758328
tt2527336,Star Wars: Episode VIII - The Last Jedi,2017.0,152,6.9,691180,200000000,1332698830
tt2527338,Star Wars: Episode IX - The Rise of Skywalker,2019.0,141,6.4,513401,416000000,1074144248
tt2531344,Blockers,2018.0,102,6.2,89006,21000000,94017294
tt2543164,Arrival,2016.0,116,7.9,810153,47000000,203388186
tt2543472,Wonder,2017.0,113,7.9,187011,20000000,315025930
tt2554274,Crimson Peak,2015.0,119,6.5,162945,55000000,74700000
tt2557478,Pacific Rim: Uprising,2018.0,111,5.6,132081,150000000,290061297
tt2557490,A Million Ways to Die in the West,2014.0,116,6.1,204415,40000000,86400000
tt2562232,Birdman or (The Unexpected Virtue of Ignorance),2014.0,119,7.7,680141,18000000,103215094
tt2567026,Alice Through the Looking Glass,2016.0,113,6.2,127956,170000000,299457024
tt2568862,Going in Style,2017.0,96,6.6,95063,25000000,84618541
tt2582782,Hell or High Water,2016.0,102,7.6,263291,12000000,37600000
tt2582802,Whiplash,2014.0,106,8.5,1060874,3300000,50307484
tt2582846,The Fault in Our Stars,2014.0,126,7.6,413127,14000000,307166834
tt2584384,Jojo Rabbit,2019.0,108,7.9,463260,14000000,82468705
tt2592614,Resident Evil: The Final Chapter,2016.0,107,5.5,104243,40000000,312242626
tt26047818,Anyone But You,2023.0,103,6.1,140429,25000000,214891370
tt2609758,A Madea Christmas,2013.0,100,5.1,7477,25000000,53396635
tt2614684,'71,2014.0,99,7.2,63013,11000000,3200000
tt26237514,Bonhoeffer: Pastor. Spy. Assassin.,2024.0,133,6.3,3333,25000000,12165702
tt2637276,Ted 2,2015.0,115,6.3,245066,68000000,215863606
tt2638144,Ben-Hur,2016.0,123,5.7,48005,100000000,94061311
tt2652118,"Crouching Tiger, Hidden Dragon: Sword of Destiny",2016.0,96,6.1,21303,20000000,38659039
tt26584495,Companion,2025.0,97,7.0,60735,10000000,36499858
tt2660888,Star Trek Beyond,2016.0,122,7.0,263953,185000000,343471816
tt26625693,The Order,2024.0,116,6.8,37180,20000000,1970445
tt2671706,Fences,2016.0,139,7.2,121348,24000000,64400000
tt26736843,The Watchers,2024.0,102,5.7,55017,30000000,51147812
tt2674426,Me Before You,2016.0,110,7.4,307150,20000000,207945075
tt26753003,Trap,2024.0,105,5.8,129158,30000000,82677281
tt26757462,Hellboy: The Crooked Man,2024.0,99,4.5,12089,20000000,2014050
tt2692904,Locke,2013.0,85,7.1,163728,2000000,4635300
tt2704998,Game Night,2018.0,100,6.9,264040,37000000,117501013
tt2709692,The Grinch,2018.0,85,6.4,102918,75000000,508600000
tt2709768,The Secret Life of Pets,2016.0,86,6.5,225968,75000000,875457937
tt27131358,We Live in Time,2024.0,108,7.0,47946,20000000,37182814
tt2713180,Fury,2014.0,134,7.6,573913,68000000,211817906
tt27155038,Ruby Gillman: Teenage Kraken,2023.0,91,5.7,12655,70000000,46247409
tt2717822,Blackhat,2015.0,133,5.5,65789,70000000,17752940
tt2719848,Everest,2015.0,121,7.1,238713,55000000,203427584
tt2720826,Birth of the Dragon,2016.0,95,5.7,9098,31000000,7125027
tt27218960,Y2K,2024.0,91,4.9,9701,15000000,4210306
tt27403986,Juror #2,2024.0,114,7.0,90919,30000000,21418477
tt27489557,Abigail,2024.0,109,6.6,93946,28000000,42791449
tt2752758,Devil's Due,2014.0,89,4.2,18134,7000000,36433975
tt27534307,Speak No Evil,2024.0,110,6.8,91855,15000000,76756109
tt2763304,T2 Trainspotting,2017.0,117,7.1,136707,18000000,41681746
tt27657135,Saturday Night,2024.0,109,6.9,28701,25000000,9802525
tt2771200,Beauty and the Beast,2017.0,129,7.1,344916,160000000,1266115964
tt27714946,The Monkey,2025.0,98,6.4,19500,10000000,56168198
tt2784678,Top Five,2014.0,102,6.4,28073,12000000,26117471
tt2788710,The Interview,2014.0,112,6.5,365469,44000000,12342632
tt2798920,Annihilation,2018.0,115,6.8,376806,40000000,43070915
tt2799166,The Pyramid,2014.0,89,4.6,28050,6500000,16861137
tt28015403,Heretic,2024.0,111,7.0,117809,10000000,51913394
tt2802144,Kingsman: The Secret Service,2014.0,129,7.7,747702,81000000,414351546
tt2820852,Furious 7,2015.0,137,7.1,425155,190000000,1515400000
tt2822672,Rock Dog,2016.0,90,6.0,6219,60000000,23270926
tt2823054,Mike and Dave Need Wedding Dates,2016.0,98,6.0,97712,33000000,77100000
tt28249919,Presence,2024.0,84,6.2,16689,2000000,9284015
tt2828996,A Haunted House 2,2014.0,86,4.7,24373,4000000,25343661
tt2837574,The Old Man & the Gun,2018.0,93,6.7,50733,15800000,11277120
tt2850386,The Croods: A New Age,2020.0,95,6.9,56664,65000000,215905815
tt28607951,Anora,2024.0,139,7.6,146726,6000000,51868503
tt2865120,Ratchet & Clank,2016.0,94,5.5,12105,20000000,8800000
tt2869728,Ride Along 2,2016.0,102,5.9,65075,40000000,124827316
tt2870612,"As Above, So Below",2014.0,93,6.3,121303,5000000,41900000
tt2870756,Magic in the Moonlight,2014.0,97,6.5,72083,16800000,51029361
tt2872718,Nightcrawler,2014.0,117,7.8,632457,8500000,50300000
tt2872750,Shaun the Sheep Movie,2015.0,85,7.3,44982,25000000,106209378
tt2873282,Red Sparrow,2018.0,140,6.6,210228,69000000,151572634
tt2883512,Chef,2014.0,114,7.3,240792,11000000,45967935
tt2884018,Macbeth,2015.0,113,6.6,60487,15000000,16322067
tt2906216,Dungeons & Dragons: Honor Among Thieves,2023.0,134,7.2,255845,151000000,208200000
tt2910814,The Signal,2014.0,97,6.0,70756,4000000,2665322
tt2910904,The Dressmaker,2015.0,119,7.0,68331,11930000,25003426
tt2911666,John Wick,2014.0,101,7.5,773604,20000000,88761661
tt2918436,The Lazarus Effect,2015.0,83,5.2,47281,3300000,64110728
tt29268110,Smile 2,2024.0,127,6.7,96617,28000000,138083280
tt2932536,47 Meters Down,2017.0,89,5.6,62952,5500000,62198461
tt2935476,Far from the Madding Crowd,2015.0,119,7.1,55346,14500000,30300000
tt2935510,Ad Astra,2019.0,123,6.5,268968,87500000,127461872
tt2948356,Zootopia,2016.0,108,8.0,574660,150000000,1023784195
tt2948372,Soul,2020.0,100,8.0,404013,150000000,121977511
tt2953050,Encanto,2021.0,102,7.2,278963,135000000,261289554
tt29603959,Novocaine,2025.0,110,7.0,2913,18000000,10500000
tt29623480,The Wild Robot,2024.0,102,8.2,150824,78000000,331982078
tt2967224,Hot Pursuit,2015.0,87,5.1,55401,35000000,51680201
tt2974918,Alvin and the Chipmunks: The Road Chip,2015.0,92,4.9,23922,90000000,233755553
tt2975578,The Purge: Anarchy,2014.0,103,6.4,167392,9000000,111928365
tt2975590,Batman v Superman: Dawn of Justice,2016.0,151,6.5,768655,250000000,874362803
tt2978462,Dolphin Tale 2,2014.0,107,6.4,10010,36000000,52424533
tt2980516,The Theory of Everything,2014.0,123,7.7,494485,15000000,123726688
tt2980592,The Guest,2014.0,100,6.7,111033,5000000,2700051
tt2980706,Planes: Fire & Rescue,2014.0,83,5.9,20651,50000000,151165787
tt30057084,Babygirl,2024.0,114,6.0,46744,20000000,60934894
tt3014284,The Lego Ninjago Movie,2017.0,101,6.1,31601,70000000,123081555
tt3014866,Criminal,2016.0,113,6.3,72937,31500000,14708696
tt3040964,The Jungle Book,2016.0,106,7.3,298058,175000000,966550600
tt3045616,Mortdecai,2015.0,107,5.5,78327,60000000,47318560
tt3063516,Jackass Presents: Bad Grandpa,2013.0,92,6.5,99273,15000000,151831537
tt3065204,The Conjuring 2,2016.0,134,7.3,316098,40000000,322811702
tt3068194,Love & Friendship,2016.0,90,6.4,26950,3000000,21401949
tt3072482,Hardcore Henry,2015.0,96,6.7,105090,2000000,16810562
tt3076658,Creed,2015.0,133,7.6,319696,37000000,173600000
tt3077214,Suffragette,2015.0,106,6.9,45561,14000000,16002420
tt30788842,Love Hurts,2025.0,83,5.3,7034,18000000,16958671
tt3079380,Spy,2015.0,120,7.0,266647,65000000,235666219
tt3095734,Monster Trucks,2016.0,104,5.7,19634,125000000,64493915
tt30988739,Black Bag,2025.0,93,7.4,4030,50000000,11766000
tt3099498,Tusk,2014.0,102,5.4,67747,3000000,1882074
tt3104988,Crazy Rich Asians,2018.0,120,6.9,199709,30000000,238539198
tt31050020,Once Upon a Deadpool,2018.0,118,7.2,1732,110000000,51349833
tt31064841,Piece by Piece,2024.0,93,6.9,5063,16000000,10591426
tt3110958,Now You See Me 2,2016.0,129,6.4,335150,120000000,334897606
tt31193791,The Last Showgirl,2024.0,88,6.5,8516,2000000,4455671
tt3125324,Beyond the Lights,2014.0,116,6.8,17912,7000000,14600000
tt3127022,The Bookshop,2017.0,113,6.5,18136,5400000,12055868
tt3152592,Scoob!,2020.0,93,5.6,31317,90000000,28600000
tt3152624,Trainwreck,2015.0,125,6.2,144900,35000000,140795793
tt3170832,Room,2015.0,118,8.1,465453,13000000,35401758
tt3172532,The Diary of a Teenage Girl,2015.0,102,6.8,34384,2000000,1477002
tt3183660,Fantastic Beasts and Where to Find Them,2016.0,132,7.2,522762,180000000,809342332
tt3195644,Insidious: Chapter 3,2015.0,97,6.1,123048,10000000,120453155
tt3203606,Trumbo,2015.0,124,7.4,85933,15000000,8235661
tt32063050,Bridget Jones: Mad About the Boy,2025.0,124,6.7,18143,50000000,103679000
tt3215824,Those Who Wish Me Dead,2021.0,100,6.0,75688,20000000,23384502
tt3216348,Incarnate,2016.0,87,5.3,14472,5000000,6341855
tt32221196,One of Them Days,2025.0,97,6.6,7917,14000000,48765616
tt3224458,A Beautiful Day in the Neighborhood,2019.0,109,7.2,91373,25000000,67900000
tt3231054,Risen,2016.0,107,6.3,31650,20000000,46100000
tt3235888,It Follows,2014.0,100,6.8,285080,2300000,23374076
tt32558992,Heart Eyes,2025.0,97,6.2,12704,18000000,31010725
tt3263904,Sully,2016.0,96,7.4,309908,60000000,240800000
tt3268668,Captive,2015.0,97,5.4,7376,2000000,2801508
tt3272066,Reminiscence,2021.0,116,5.9,68630,68000000,18717947
tt3278540,A Nice Girl Like You,2020.0,94,5.2,8167,6100000,769234
tt3280262,Cult of Chucky,2017.0,91,5.3,32010,6500000,2332018
tt3281548,Little Women,2019.0,135,7.8,264643,40000000,216600000
tt3289728,Equals,2015.0,101,6.0,33600,16000000,2084628
tt3289956,The Autopsy of Jane Doe,2016.0,86,6.8,151854,4000000,6170043
tt3291150,The Expendables 4,2023.0,103,4.8,48880,100000000,37917985
tt33034103,Am I Racist?,2024.0,100,6.7,16471,3000000,12311598
tt3315342,Logan,2017.0,137,8.1,882605,97000000,619021436
tt3316948,American Ultra,2015.0,96,6.1,98020,28000000,27100000
tt3319920,Regression,2015.0,106,5.6,43539,20000000,17671101
tt3322364,Concussion,2015.0,123,7.1,102609,35000000,50400000
tt3332064,Pan,2015.0,111,5.7,68247,150000000,128388320
tt3348730,Jigsaw,2017.0,92,5.7,97551,10000000,104223315
tt3381008,The Brothers Grimsby,2016.0,83,6.2,114888,35000000,28000000
tt3385516,X-Men: Apocalypse,2016.0,144,6.8,476922,178000000,543934787
tt3387520,Scary Stories to Tell in the Dark,2019.0,108,6.2,88843,25000000,104545505
tt3387542,The Forest,2016.0,93,4.8,46686,10000000,37608299
tt3393786,Jack Reacher: Never Go Back,2016.0,118,6.2,184044,60000000,162100000
tt3397884,Sicario,2015.0,121,7.7,503851,30000000,84997446
tt3401882,Fist Fight,2017.0,91,5.6,46919,22000000,41087017
tt3402236,Murder on the Orient Express,2017.0,114,6.5,309171,55000000,352800000
tt3411444,Ferdinand,2017.0,108,6.7,67431,111000000,295038508
tt3416532,A Monster Calls,2016.0,108,7.4,96163,43000000,47300000
tt3416742,What We Do in the Shadows,2014.0,86,7.6,207188,1600000,6300000
tt3416828,Ice Age: Collision Course,2016.0,94,5.7,80058,105000000,408579038
tt3427252,The Boogeyman,2023.0,98,5.9,49158,41900000,66978229
tt3447590,Matilda: The Musical,2022.0,117,7.0,30851,25000000,37289659
tt3450958,War for the Planet of the Apes,2017.0,140,7.4,314225,150000000,490719763
tt3460252,The Hateful Eight,2015.0,168,7.8,686890,44000000,155760117
tt3462710,Unforgettable,2017.0,100,5.1,17292,12000000,17800000
tt3464902,The Lobster,2015.0,119,7.1,316680,4000000,15700000
tt3469046,Despicable Me 3,2017.0,89,6.3,167196,80000000,1034800131
tt3470600,Sing,2016.0,108,7.1,201324,75000000,634151679
tt3471098,Maggie's Plan,2015.0,98,6.2,18818,2000000,3400000
tt3480822,Black Widow,2021.0,134,6.6,447394,200000000,379751131
tt3486626,The Nut Job 2: Nutty by Nature,2017.0,91,5.5,7578,40000000,65100000
tt3488710,The Walk,2015.0,123,7.3,138183,35000000,61181942
tt3498820,Captain America: Civil War,2016.0,147,7.8,882556,250000000,1155046416
tt3499096,Race,2016.0,134,7.1,42645,5000000,24804129
tt3501632,Thor: Ragnarok,2017.0,130,7.9,848780,180000000,855301806
tt3513498,The Lego Movie 2: The Second Part,2019.0,107,6.5,80416,99000000,199603202
tt3513500,Chip 'n Dale: Rescue Rangers,2022.0,97,6.9,48798,70000000,623190
tt3513548,Richard Jewell,2019.0,131,7.5,102193,45000000,33900000
tt3521126,The Disaster Artist,2017.0,104,7.3,167875,10000000,29820616
tt3521164,Moana,2016.0,107,7.6,409859,150000000,690860472
tt3530002,The Night Before,2015.0,101,6.4,86422,25000000,52395996
tt3531824,Nerve,2016.0,96,6.5,143530,19000000,85241496
tt3532216,American Made,2017.0,115,7.1,218115,50000000,133511855
tt3544112,Sing Street,2016.0,106,7.9,104092,4000000,13624522
tt3553442,Whiskey Tango Foxtrot,2016.0,112,6.6,58042,35000000,48000000
tt3553976,Captain Fantastic,2016.0,118,7.8,242834,5000000,23123592
tt3554046,Space Jam: A New Legacy,2021.0,115,4.5,83338,150000000,163692228
tt3564472,Girls Trip,2017.0,122,6.2,41652,19000000,140376621
tt3567288,The Visit,2015.0,94,6.3,163051,5000000,98450062
tt3569230,Legend,2015.0,132,6.9,212358,25000000,42972994
tt3605418,Knock Knock,2015.0,99,4.9,109643,10000000,6341684
tt3606752,Cars 3,2017.0,102,6.7,134023,175000000,383925276
tt3606756,Incredibles 2,2018.0,118,7.5,348498,200000000,1242805359
tt3612126,The Grudge,2019.0,94,4.4,30909,10000000,42800000
tt3614530,Jem and the Holograms,2015.0,118,4.2,8482,5000000,2333684
tt3631112,The Girl on the Train,2016.0,112,6.5,204798,45000000,173200000
tt3640424,Allied,2016.0,124,7.1,174755,106000000,119520023
tt3647498,Blood Father,2016.0,88,6.4,69095,13000000,6903033
tt3658772,Misconduct,2016.0,106,5.3,18425,11000000,2049761
tt3659388,The Martian,2015.0,144,8.0,961767,108000000,631058917
tt3682448,Bridge of Spies,2015.0,142,7.6,334993,40000000,165478348
tt3704428,Elvis,2022.0,159,7.3,249124,85000000,288670284
tt3707106,By the Sea,2015.0,122,5.3,23047,10000000,3727746
tt3713166,Unfriended,2014.0,83,5.6,84357,1000000,62900000
tt3715320,Irrational Man,2015.0,95,6.6,68726,11000000,27391084
tt3717252,Underworld: Blood Wars,2016.0,91,5.8,83316,35000000,81093313
tt3717490,Power Rangers,2017.0,124,5.9,116370,105000000,142300000
tt3721936,American Honey,2016.0,163,7.0,48174,3500000,2290649
tt3721964,Gringo,2018.0,111,6.1,32904,10000000,11001627
tt3722234,Gosnell: The Trial of America's Biggest Serial Killer,2018.0,93,6.5,4788,4000000,3679893
tt3731562,Kong: Skull Island,2017.0,118,6.7,361208,185000000,566652812
tt3741700,Godzilla: King of the Monsters,2019.0,132,6.0,218250,170000000,387300138
tt3741834,Lion,2016.0,118,8.0,258343,12000000,140312928
tt3748528,Rogue One: A Star Wars Story,2016.0,133,7.8,709392,200000000,1056057273
tt3758542,Ferrari,2023.0,130,6.4,61475,95000000,39220516
tt3760922,My Big Fat Greek Wedding 2,2016.0,94,6.0,36658,18000000,90632641
tt3766354,The Equalizer 2,2018.0,121,6.7,212841,62000000,190400157
tt3766394,"Hello, My Name Is Doris",2015.0,90,6.6,22716,1000000,14659448
tt3774114,Snowden,2016.0,134,7.3,167637,40000000,37357216
tt3778644,Solo: A Star Wars Story,2018.0,135,6.9,391834,250000000,392952373
tt3783958,La La Land,2016.0,128,8.0,712643,30000000,509183536
tt3794354,Sonic the Hedgehog,2020.0,99,6.5,178317,85000000,319715683
tt3799694,The Nice Guys,2016.0,116,7.4,391421,50000000,71261763
tt3811906,Malignant,2021.0,111,6.2,115941,40000000,34891791
tt3824458,Tangerine,2015.0,88,7.1,39773,100000,925000
tt3829266,The Predator,2018.0,107,5.3,152806,88000000,160542134
tt3829920,Only the Brave,2017.0,134,7.6,82317,38000000,25754775
tt3833480,The Outpost,2019.0,123,6.8,45124,18000000,2133452
tt3850590,Krampus,2015.0,98,6.2,90114,15000000,61800000
tt3859076,Truth,2015.0,125,6.8,21836,9600000,5383097
tt3874544,The Boss Baby,2017.0,97,6.3,148353,125000000,527965936
tt3881784,Stronger,2017.0,119,6.9,51329,30000000,8484418
tt3882082,The Boy,2016.0,97,6.0,105048,10000000,73929392
tt3890160,Baby Driver,2017.0,113,7.5,644857,34000000,226945087
tt3896198,Guardians of the Galaxy Vol. 2,2017.0,136,7.6,788804,200000000,863756051
tt3915174,Puss in Boots: The Last Wish,2022.0,102,7.8,199857,90000000,484700000
tt3920820,Brian Banks,2018.0,99,7.2,10429,10000000,4300000
tt3949660,Teenage Mutant Ninja Turtles: Out of the Shadows,2016.0,112,5.9,102926,135000000,245623848
tt3960412,Popstar: Never Stop Never Stopping,2016.0,87,6.7,70504,20000000,9500000
tt3963816,Marauders,2016.0,107,5.5,24323,15000000,1616004
tt4003440,The House That Jack Built,2018.0,152,6.8,98669,9800000,5566776
tt4005402,Colonia,2015.0,110,7.0,58379,14000000,3621046
tt4009460,Kirk Cameron's Saving Christmas,2014.0,79,1.3,16989,500000,2800000
tt4034228,Manchester by the Sea,2016.0,137,7.8,329759,9000000,79000000
tt4034354,Swiss Army Man,2016.0,97,6.9,136991,3000000,5800000
tt4046784,Maze Runner: The Scorch Trials,2015.0,131,6.3,290215,61000000,312296056
tt4062536,Green Room,2015.0,95,7.0,147338,5000000,3800000
tt4073790,The Darkest Minds,2018.0,104,5.7,38474,34000000,41142379
tt4094724,The Purge: Election Year,2016.0,108,6.0,114687,10000000,118587880
tt4105584,Deep,2017.0,92,4.2,1678,6000000,10972300
tt4106376,American Renegades,2017.0,106,5.5,12097,66190000,2602149
tt4116284,The Lego Batman Movie,2017.0,104,7.3,180959,80000000,311950384
tt4123430,Fantastic Beasts: The Crimes of Grindelwald,2018.0,134,6.5,319807,200000000,654900000
tt4123432,Fantastic Beasts: The Secrets of Dumbledore,2022.0,142,6.2,182505,200000000,407200000
tt4126476,After,2019.0,105,5.3,70790,14000000,69497587
tt4139124,Keanu,2016.0,100,6.2,53567,15000000,20609977
tt4154664,Captain Marvel,2019.0,123,6.8,632916,152000000,1131416446
tt4154756,Avengers: Infinity War,2018.0,149,8.4,1273290,300000000,2052415039
tt4154796,Avengers: Endgame,2019.0,181,8.4,1340334,356000000,2799439100
tt4155534,Animal Crackers,2017.0,105,5.8,4218,17000000,13285512
tt4158096,Free Fire,2016.0,91,6.3,52039,7000000,3719383
tt4178092,The Gift,2015.0,108,7.0,178731,5000000,58978653
tt4183692,Woodlawn,2015.0,123,6.4,8062,12000000,14394097
tt4191054,Strange Magic,2015.0,99,5.8,12798,100000000,13603453
tt4191580,Meet the Blacks,2016.0,94,4.8,38188,900000,9097072
tt4199898,Playmobil: The Movie,2019.0,99,4.9,4948,75000000,1630000
tt4209788,Molly's Game,2017.0,140,7.4,195934,30000000,59284015
tt4216984,Wolf Man,2025.0,103,5.6,22546,25000000,34844931
tt4218572,Widows,2018.0,129,6.8,106470,42000000,73900000
tt4244994,The Last Duel,2021.0,152,7.3,193199,100000000,30552111
tt4263482,The Witch,2015.0,92,7.0,328768,4000000,40423945
tt4276820,The Founder,2016.0,115,7.2,190329,15000000,24121245
tt4287320,The Circle,2017.0,110,5.4,102995,18000000,40651864
tt4302938,Kubo and the Two Strings,2016.0,101,7.7,142229,60000000,76249438
tt4383594,Nine Lives,2016.0,87,5.3,25040,30000000,57814445
tt4385888,20th Century Women,2016.0,119,7.3,50901,7000000,5664764
tt4419684,In the Lost Lands,2025.0,101,5.0,1085,55000000,2663562
tt4425200,John Wick: Chapter 2,2017.0,122,7.4,536026,40000000,171539887
tt4428398,Paws of Fury: The Legend of Hank,2022.0,98,5.8,7071,45000000,42500000
tt4429194,Paris Can Wait,2016.0,92,5.8,10049,5000000,13203541
tt4463894,Shaft,2019.0,111,6.4,60386,30000000,21360215
tt4465564,Fifty Shades Darker,2017.0,118,4.6,116113,55000000,381545846
tt4477536,Fifty Shades Freed,2018.0,105,4.5,78201,55000000,371985018
tt4481414,Gifted,2017.0,101,7.6,149962,7000000,40300000
tt4481514,The House,2017.0,88,5.6,48590,40000000,34200000
tt4495098,Gran Turismo,2023.0,134,7.1,118154,60000000,121700000
tt4513674,Café Society,2016.0,96,6.6,82981,30000000,43763247
tt4513678,Ghostbusters: Afterlife,2021.0,124,7.0,231929,75000000,204334455
tt4520364,Morgan,2016.0,92,5.9,47848,8000000,8810591
tt4520988,Frozen II,2019.0,103,6.8,205581,150000000,1453683476
tt4530422,Overlord,2018.0,110,6.6,110397,38000000,41657844
tt4532826,Robin Hood,2018.0,116,5.3,82947,100000000,86493046
tt4537896,White Boy Rick,2018.0,111,6.5,45768,29000000,26000000
tt4540710,Miss Sloane,2016.0,132,7.5,85603,13000000,9101546
tt4550098,Nocturnal Animals,2016.0,116,7.4,326782,22500000,29300000
tt4555426,Darkest Hour,2017.0,125,7.4,229665,30000000,150847207
tt4560436,Mile 22,2018.0,94,6.1,89656,35000000,66308758
tt4566758,Mulan,2020.0,115,5.8,163073,200000000,69965374
tt4572514,Patriots Day,2016.0,133,7.3,117483,45000000,50548152
tt4575576,Christopher Robin,2018.0,104,7.2,87489,75000000,99138899
tt4589218,Five Nights at Freddy's,2023.0,109,5.4,110175,20000000,297144130
tt4622512,Battle of the Sexes,2017.0,121,6.7,61692,25000000,12638526
tt4624424,Storks,2016.0,87,6.8,69701,70000000,182379278
tt4630562,The Fate of the Furious,2017.0,136,6.6,262791,250000000,1236000000
tt4633694,Spider-Man: Into the Spider-Verse,2018.0,117,8.4,721094,90000000,384298736
tt4649416,Almost Christmas,2016.0,111,6.2,8751,17000000,42580920
tt4649466,Kingsman: The Golden Circle,2017.0,141,6.7,382607,104000000,410902662
tt4651410,Precious Cargo,2016.0,90,4.6,10066,10500000,567064
tt4651466,Joe Bell,2020.0,94,6.2,10097,3500000,1700000
tt4651520,Bad Moms,2016.0,100,6.2,137888,20000000,183936074
tt4667094,Fifty Shades of Black,2016.0,92,3.5,23877,20000000,21164799
tt4682266,The New Mutants,2020.0,94,5.3,95563,67000000,49169594
tt4685762,The Craft: Legacy,2020.0,97,4.6,17641,18000000,2300000
tt4686844,The Death of Stalin,2017.0,107,7.3,119279,13000000,24600000
tt4698684,Hunt for the Wilderpeople,2016.0,101,7.8,147139,2500000,23900000
tt4701182,Bumblebee,2018.0,114,6.7,197602,135000000,467989645
tt4701724,Early Man,2018.0,89,6.1,24583,50000000,53431158
tt4731136,A Cure for Wellness,2016.0,146,6.4,114465,40000000,26620002
tt4761916,Unfriended: Dark Web,2018.0,92,6.0,40667,1000000,16000000
tt4765284,Pitch Perfect 3,2017.0,93,5.8,74444,45000000,185400345
tt4777008,Maleficent: Mistress of Evil,2019.0,119,6.6,124812,185000000,491730089
tt4779682,The Meg,2018.0,113,5.7,216664,150000000,530517320
tt4786282,Lights Out,2016.0,81,6.3,146960,4900000,149368835
tt4799050,Rough Night,2017.0,101,5.2,57252,20000000,45056771
tt4799066,Midnight Sun,2018.0,91,6.6,38116,2800000,27365467
tt4823776,The SpongeBob Movie: Sponge on the Run,2020.0,91,5.9,23487,60000000,4700000
tt4824302,Mother's Day,2016.0,118,5.7,41090,25000000,48782670
tt4824308,God's Not Dead 2,2016.0,120,4.3,13926,5000000,24487848
tt4846232,Good Time,2017.0,102,7.3,146427,2000000,3283369
tt4846340,Hidden Figures,2016.0,127,7.8,271558,25000000,235957472
tt4873118,Guy Ritchie's the Covenant,2023.0,123,7.5,186190,55000000,20000000
tt4877122,The Emoji Movie,2017.0,86,3.4,74924,50000000,216909830
tt4881806,Jurassic World: Fallen Kingdom,2018.0,128,6.1,357806,170000000,1310466296
tt4912910,Mission: Impossible - Fallout,2018.0,147,7.7,392426,178000000,791658205
tt4913966,The Curse of La Llorona,2019.0,93,5.3,60783,9000000,123233739
tt4916630,Just Mercy,2019.0,137,7.6,79623,25000000,50401502
tt4919268,Bad Boys: Ride or Die,2024.0,115,6.5,97744,100000000,404547819
tt4925292,Lady Bird,2017.0,94,7.4,349232,10000000,79000000
tt4950110,I'm Not Ashamed,2016.0,112,5.8,4350,1500000,2082980
tt4960748,Till,2022.0,130,7.2,16699,33000000,11498884
tt4971344,The Sisters Brothers,2018.0,122,6.9,73298,38000000,13143056
tt4972582,Split,2016.0,117,7.3,586397,9000000,278454358
tt4975722,Moonlight,2016.0,111,7.4,340541,4000000,65046687
tt4978420,Borderlands,2024.0,101,4.7,44963,115000000,32978510
tt4998632,Ambulance,2022.0,136,6.1,107034,40000000,52303589
tt5001718,"Everything, Everything",2017.0,96,6.3,43556,10000000,61621140
tt5013056,Dunkirk,2017.0,106,7.8,768519,150000000,527000000
tt5027774,"Three Billboards Outside Ebbing, Missouri",2017.0,115,8.1,578493,15000000,162729321
tt5028340,Mary Poppins Returns,2018.0,130,6.7,97739,130000000,348807090
tt5034838,Godzilla vs. Kong,2021.0,113,6.3,255182,200000000,470116094
tt5040012,Nosferatu,2024.0,132,7.3,177142,50000000,177225075
tt5052448,Get Out,2017.0,104,7.8,751773,4500000,255407969
tt5052474,Sicario: Day of the Soldado,2018.0,122,7.1,177475,35000000,75836683
tt5083738,The Favourite,2018.0,119,7.5,246210,15000000,95918706
tt5090568,Transformers: Rise of the Beasts,2023.0,127,6.0,119754,195000000,441381193
tt5095030,Ant-Man and the Wasp,2018.0,118,7.0,468884,140000000,622674139
tt5108870,Morbius,2022.0,104,5.1,162406,75000000,167635712
tt5109280,Raya and the Last Dragon,2021.0,107,7.3,179422,100000000,130423032
tt5109784,Mother!,2017.0,121,6.6,258232,30000000,44516999
tt5113040,The Secret Life of Pets 2,2019.0,86,6.4,73276,80000000,429434163
tt5113044,Minions: The Rise of Gru,2022.0,87,6.5,97261,85000000,940203765
tt5117670,Peter Rabbit,2018.0,95,6.6,50053,50000000,351266433
tt5140878,Annabelle: Creation,2017.0,109,6.5,158116,15000000,306592201
tt5164214,Ocean's Eight,2018.0,110,6.3,250877,70000000,297718711
tt5164432,"Love, Simon",2018.0,110,7.5,130084,17000000,66316289
tt5177088,The Girl in the Spider's Web,2018.0,115,6.1,53776,43000000,35164920
tt5177114,Young Woman and the Sea,2024.0,129,7.5,16502,40000000,581725
tt5177120,The Ministry of Ungentlemanly Warfare,2024.0,122,6.8,131374,60000000,29715044
tt5198068,Wolfwalkers,2020.0,103,8.0,41410,12000000,1310720
tt5198890,Eileen,2023.0,97,5.9,17071,16000000,1560142
tt5220122,Hotel Transylvania 3: Summer Vacation,2018.0,97,6.3,91578,80000000,528600000
tt5247022,Paterson,2016.0,118,7.3,91765,5000000,2152738
tt5270948,Chappaquiddick,2017.0,106,6.4,15020,34000000,17904202
tt5294550,All the Money in the World,2017.0,132,6.8,93776,50000000,56996304
tt5301662,Marshall,2017.0,118,7.3,27574,12000000,10051659
tt5308322,Happy Death Day,2017.0,96,6.6,174201,4800000,125479266
tt5314190,Sgt. Stubby: An American Hero,2018.0,84,6.9,2701,25000000,4900000
tt5325452,Boo! A Madea Halloween,2016.0,103,4.7,9638,20000000,74827344
tt5340300,Lean on Pete,2017.0,121,7.1,14365,8000000,2400000
tt5360952,The Hurricane Heist,2018.0,103,5.1,23053,35000000,32517248
tt5362988,Wind River,2017.0,107,7.7,294163,11000000,44998252
tt5390504,Detroit,2017.0,143,7.3,57232,34000000,23400000
tt5397194,Anon,2018.0,100,6.1,50059,20000000,1197741
tt5433138,F9: The Fast Saga,2021.0,143,5.2,170171,200000000,726229501
tt5433140,Fast X,2023.0,141,5.7,132407,340000000,704709660
tt5439796,Logan Lucky,2017.0,118,7.0,170032,29000000,48453605
tt5439812,Zola,2020.0,86,6.4,19028,5000000,3500000
tt5442430,Life,2017.0,104,6.6,265722,58000000,100541806
tt5462602,The Big Sick,2017.0,120,7.5,146715,5000000,56303596
tt5463162,Deadpool 2,2018.0,119,7.6,706631,110000000,785896632
tt5503686,Hustlers,2019.0,110,6.3,110174,20000000,157563598
tt5523010,The Nutcracker and the Four Realms,2018.0,99,5.6,38887,120000000,173961069
tt5537002,Killers of the Flower Moon,2023.0,206,7.6,277713,200000000,156922344
tt5563334,The Good Liar,2019.0,109,6.7,51323,10000000,33856058
tt5580036,"I, Tonya",2017.0,119,7.5,251953,11000000,53900000
tt5580266,The Hate U Give,2018.0,133,7.5,41960,23000000,34934009
tt5580390,The Shape of Water,2017.0,123,7.3,458860,19500000,195300000
tt5592248,The Beguiled,2017.0,93,6.3,64564,10500000,27869129
tt5606664,Doctor Sleep,2019.0,152,7.3,230276,45000000,72381712
tt5613484,Mid90s,2018.0,85,7.4,82252,1700000,9303022
tt5638642,The Ritual,2017.0,94,6.3,129792,1000000,1786396
tt5649144,The Florida Project,2017.0,111,7.6,137941,2000000,11303040
tt5657846,Daddy's Home 2,2017.0,100,6.0,87691,69000000,180613180
tt5669936,The Recall,2017.0,90,4.2,9677,5000000,1319566
tt5672290,The First Omen,2024.0,119,6.5,63149,30000000,53992802
tt5688932,Sorry to Bother You,2018.0,112,6.9,91226,3200000,18200000
tt5690360,Slender Man,2018.0,93,3.3,40298,10000000,11817275
tt5691670,Under the Silver Lake,2018.0,139,6.5,55329,8500000,2053469
tt5697572,Cats,2019.0,110,2.8,57392,95000000,77276321
tt5715410,Son of Bigfoot,2017.0,92,6.1,8511,30000000,46372519
tt5715874,The Killing of a Sacred Deer,2017.0,121,7.0,202490,3000000,10700000
tt5719700,Home Again,2017.0,97,5.8,36068,12000000,27020284
tt5719748,Cold Pursuit,2019.0,119,6.2,81521,60000000,76419755
tt5726086,Insidious: The Last Key,2018.0,103,5.7,75359,10000000,172811971
tt5726616,Call Me by Your Name,2017.0,132,7.8,336733,3500000,43143046
tt5727208,Uncut Gems,2019.0,135,7.4,332721,19000000,50023780
tt5734576,The Possession of Hannah Grace,2018.0,86,5.2,27761,9500000,43000000
tt5758778,Skyscraper,2018.0,102,5.8,139408,125000000,292400000
tt5774060,Underwater,2020.0,95,5.9,102638,50000000,40882928
tt5776858,Phantom Thread,2017.0,130,7.4,150882,35000000,47756590
tt5779228,The Garfield Movie,2024.0,101,5.7,23501,60000000,254907482
tt5814060,The Nun,2018.0,96,5.4,180267,22000000,366082797
tt5814534,Spies in Disguise,2019.0,102,6.8,59728,100000000,171616764
tt5816682,Victoria & Abdul,2017.0,111,6.8,39146,22000000,65400000
tt5822536,Paddington in Peru,2024.0,106,6.7,16681,90000000,175614864
tt5822564,The Kitchen,2019.0,102,5.6,23497,38000000,16000000
tt5827916,A Hidden Life,2019.0,174,7.4,29999,9000000,4645140
tt5834262,Hotel Artemis,2018.0,94,6.1,60454,15000000,12371132
tt5834426,Moonfall,2022.0,130,5.2,105933,146000000,67319703
tt5848272,Ralph Breaks the Internet,2018.0,112,7.0,193179,175000000,529323962
tt5867314,The Empty Man,2020.0,137,6.2,43161,16000000,4796993
tt5884052,Pokémon: Detective Pikachu,2019.0,104,6.5,189765,150000000,449762638
tt5884796,Plane,2023.0,107,6.5,90127,25000000,74515586
tt5886046,Escape Room,2019.0,99,6.4,150115,9000000,155712077
tt5918982,Possessor,2020.0,103,6.5,49975,2500000,911000
tt5941692,Miss Bala,2019.0,104,5.8,13596,15000000,15200000
tt5971474,The Little Mermaid,2023.0,135,7.2,164398,297000000,569626289
tt6000478,"Roman J. Israel, Esq.",2017.0,122,6.5,45419,22000000,13025860
tt6003368,Diary of a Wimpy Kid: The Long Haul,2017.0,91,4.3,11705,22000000,40120144
tt6053438,First Reformed,2017.0,113,7.1,64611,3500000,3988612
tt6095472,The Angry Birds Movie 2,2019.0,97,6.4,38299,65000000,137792047
tt6105098,The Lion King,2019.0,118,6.8,280551,260000000,1662020819
tt6133444,The Fire Inside,2024.0,109,6.8,2125,12000000,8104331
tt6133466,The First Purge,2018.0,97,5.2,74938,13000000,137056262
tt6139732,Aladdin,2019.0,128,6.9,300876,183000000,1054300000
tt6141246,The Aeronauts,2019.0,100,6.6,38880,40000000,3485251
tt6143568,The Humanity Bureau,2017.0,95,4.5,12350,6000000,17544173
tt6146586,John Wick: Chapter 3 - Parabellum,2019.0,130,7.4,448832,55000000,326709727
tt6166392,Wonka,2023.0,116,7.0,174162,125000000,632302312
tt6182908,Smallfoot,2018.0,96,6.6,44106,80000000,214115531
tt6189022,Angel Has Fallen,2019.0,121,6.4,116395,40000000,146661977
tt6199572,Capone,2020.0,103,4.7,24096,20600000,858281
tt6205872,Assassination Nation,2018.0,108,6.0,22643,7000000,2900000
tt6212478,American Animals,2018.0,116,7.0,50829,3000000,2847319
tt6225520,The Man Who Invented Christmas,2017.0,104,7.0,20626,17000000,8100000
tt6246322,Don't Breathe 2,2021.0,98,6.0,77026,15000000,53785551
tt6263850,Deadpool & Wolverine,2024.0,128,7.6,478716,200000000,1338073645
tt6264654,Free Guy,2021.0,115,7.1,457648,110000000,331526598
tt6266538,Vice,2018.0,132,7.2,168222,60000000,76100000
tt6288124,"Don't Worry, He Won't Get Far on Foot",2018.0,114,6.8,31979,3500000,4200000
tt6294822,The Post,2017.0,116,7.2,166866,50000000,179769467
tt6306064,Adrift,2018.0,96,6.6,63798,35000000,59945012
tt6320628,Spider-Man: Far from Home,2019.0,129,7.4,590398,160000000,1131927996
tt6324278,Abominable,2019.0,97,7.0,44730,75000000,190304772
tt6334354,The Suicide Squad,2021.0,132,7.2,429448,185000000,168717425
tt6343314,Creed II,2018.0,130,7.1,161381,50000000,214200000
tt6348138,Missing Link,2019.0,93,6.7,29713,100000000,26565710
tt6359956,A Bad Moms Christmas,2017.0,104,5.6,60394,28000000,130560428
tt6394270,Bombshell,2019.0,109,6.8,131185,32000000,61404394
tt6398184,Downton Abbey,2019.0,122,7.4,66449,20000000,194694725
tt6428676,Wonder Park,2019.0,85,5.9,13052,100000000,119559110
tt6443346,Black Adam,2022.0,125,6.2,288939,200000000,393452111
tt6450804,Terminator: Dark Fate,2019.0,128,6.2,202582,185000000,261119292
tt6467266,Sing 2,2021.0,110,7.3,94713,85000000,408402685
tt6475714,Monster Hunter,2020.0,103,5.2,70885,60000000,42145959
tt6491178,Dragged Across Concrete,2018.0,159,6.9,58552,15000000,660132
tt6495056,Migration,2023.0,83,6.6,39265,72000000,298776052
tt6499752,Upgrade,2018.0,100,7.5,220587,5000000,16706680
tt6511932,The Beach Bum,2019.0,95,5.5,25759,5000000,4600000
tt6513120,Fighting with My Family,2019.0,108,7.0,90380,11000000,39055536
tt6521876,Jay and Silent Bob Reboot,2019.0,105,5.6,29323,10000000,1011305
tt6528290,Knights of the Zodiac,2023.0,112,4.4,15911,60000000,7000000
tt6535880,Haunt,2019.0,92,6.3,42482,5000000,2243353
tt6565702,X-Men: Dark Phoenix,2019.0,113,5.7,216701,200000000,252442974
tt6574272,Phoenix Forgotten,2017.0,87,5.4,7311,2800000,3600000
tt6587640,Trolls World Tour,2020.0,91,6.1,30788,90000000,49276818
tt6628394,Bad Times at the El Royale,2018.0,141,7.1,171766,32000000,31882724
tt6644200,A Quiet Place,2018.0,90,7.5,624419,17000000,340955294
tt6663582,The Spy Who Dumped Me,2018.0,117,6.0,84733,40000000,33562069
tt6673612,Dolittle,2020.0,101,5.6,73840,175000000,251410631
tt6710474,Everything Everywhere All at Once,2022.0,139,7.8,574689,25000000,139200000
tt6718170,The Super Mario Bros. Movie,2023.0,92,7.0,263302,100000000,1362000000
tt6723592,Tenet,2020.0,150,7.3,625007,205000000,365304105
tt6760876,Wasp Network,2019.0,127,5.9,12333,10530000,1400000
tt6772950,Truth or Dare,2018.0,100,5.2,69290,3500000,95330493
tt6791350,Guardians of the Galaxy Vol. 3,2023.0,150,7.9,421064,250000000,845600000
tt6803212,Don't Let Go,2019.0,103,6.4,14465,5000000,5300000
tt6806448,Fast & Furious Presents: Hobbs & Shaw,2019.0,137,6.5,246506,200000000,760098996
tt6811018,The Kid Who Would Be King,2019.0,120,6.1,19517,59000000,32140970
tt6820256,Arctic,2018.0,98,6.8,60541,2000000,4100000
tt6823368,Glass,2019.0,129,6.6,290878,20000000,246999039
tt6850820,Peppermint,2018.0,101,6.5,73126,25000000,53918723
tt6857112,Us,2019.0,116,6.8,361617,20000000,256067149
tt6857166,Book Club,2018.0,104,6.1,33703,10000000,78720293
tt6878306,News of the World,2020.0,118,6.8,98234,38000000,12700000
tt6902332,The Marksman,2021.0,108,5.7,45862,23000000,23076711
tt6902676,Guns Akimbo,2019.0,98,6.3,73448,15000000,835102
tt6906292,Retribution,2023.0,91,5.3,25157,20000000,18685751
tt6911608,Mamma Mia! Here We Go Again,2018.0,114,6.6,114699,75000000,395607854
tt6920084,Resident Evil: Welcome to Raccoon City,2021.0,107,5.2,67889,25000000,41914915
tt6921996,Johnny English Strikes Again,2018.0,89,6.2,86848,25000000,158972570
tt6924650,Midway,2019.0,138,6.7,99709,100000000,127400000
tt6932874,The Boss Baby: Family Business,2021.0,107,5.9,24246,82000000,146745280
tt6966692,Green Book,2018.0,130,8.2,626661,23000000,321752656
tt6977338,Good Boys,2019.0,90,6.7,85169,20000000,111037232
tt7008872,Boy Erased,2018.0,115,6.9,45028,15000000,7900000
tt7014006,Eighth Grade,2018.0,93,7.3,84627,2000000,13539709
tt7040874,A Simple Favor,2018.0,117,6.8,174868,20000000,97644617
tt7069210,The Conjuring: The Devil Made Me Do It,2021.0,112,6.3,149172,39000000,206431050
tt7074886,The Front Runner,2018.0,113,6.1,14560,25000000,3300000
tt7083526,Breakthrough,2019.0,116,6.3,11432,14000000,49200000
tt7097896,Venom: Let There Be Carnage,2021.0,97,5.9,284216,110000000,506863592
tt7126948,Wonder Woman 1984,2020.0,151,5.4,299991,200000000,169601036
tt7131622,Once Upon a Time... in Hollywood,2019.0,161,7.6,897644,95000000,392105159
tt7134096,The Rhythm Section,2020.0,109,5.4,20442,50000000,5989583
tt7139936,A Rainy Day in New York,2019.0,92,6.4,55302,25000000,23800000
tt7144666,The Black Phone,2021.0,103,6.9,223385,16000000,161440742
tt7146812,Onward,2020.0,102,7.4,177943,200000000,141940042
tt7153766,Unsane,2018.0,98,6.4,51264,1500000,14293601
tt7158430,Hearts Beat Loud,2018.0,97,6.9,12094,2000000,2115765
tt7160372,The Zone of Interest,2023.0,105,7.3,130908,15000000,52631884
tt7167630,Batman: Gotham by Gaslight,2018.0,78,6.7,19737,1000000,3469151
tt7286456,Joker,2019.0,122,8.3,1593179,55000000,1078958629
tt7322224,Triangle of Sadness,2022.0,147,7.3,200019,15600000,24733572
tt7329656,47 Meters Down: Uncaged,2019.0,90,5.0,32173,12000000,47582563
tt7334528,Uncle Drew,2018.0,103,5.8,16458,19000000,17700000
tt7339248,The Art of Self-Defense,2019.0,104,6.6,42106,1800000,2400000
tt7349662,BlacKkKlansman,2018.0,135,7.5,300558,15000000,93411426
tt7349950,It Chapter Two,2019.0,169,6.5,321172,79000000,473123154
tt7390646,Black and Blue,2019.0,108,6.4,28100,12000000,22741061
tt7424200,Teen Titans GO! To the Movies,2018.0,84,6.7,22609,10000000,52390236
tt7466442,The Bob's Burgers Movie,2022.0,102,7.0,22818,38000000,34148750
tt7504726,The Call of the Wild,2020.0,100,6.7,60745,109000000,111200000
tt7510222,Despicable Me 4,2024.0,94,6.2,61984,100000000,969280910
tt7527682,Out of Darkness,2022.0,88,5.5,7020,1500000,1987281
tt7531096,StarDog and TurboCat,2019.0,90,5.2,2529,2100000,585443
tt7541720,Music,2021.0,107,3.2,9419,16000000,645949
tt7547410,Dora and the Lost City of Gold,2019.0,102,6.1,36757,49000000,120600000
tt7549996,Judy,2019.0,118,6.8,56444,10000000,38981322
tt7599146,Sound of Freedom,2023.0,131,7.6,129200,14500000,250600000
tt7638348,Boss Level,2020.0,100,6.8,84085,45000000,2000000
tt7657566,Death on the Nile,2022.0,127,6.3,199618,90000000,137307235
tt7668870,Searching,2018.0,102,7.6,185869,1000000,75462037
tt7713068,Birds of Prey and the Fantabulous Emancipation of One Harley Quinn,2020.0,109,6.1,272815,75000000,205537933
tt7734218,Stuber,2019.0,93,6.2,52817,16000000,32400000
tt7737786,Greenland,2020.0,119,6.4,144658,34000000,52300000
tt7740496,Nightmare Alley,2021.0,150,7.0,173879,60000000,39629195
tt7740510,Antlers,2021.0,99,5.9,47122,17000000,18867659
tt7784604,Hereditary,2018.0,127,7.3,413942,10000000,87825916
tt7798634,Ready or Not,2019.0,95,6.8,211465,6000000,57600000
tt7888964,Nobody,2021.0,92,7.4,345953,17000000,61779301
tt7958736,Ma,2019.0,99,5.6,65817,5000000,51749995
tt7959026,The Mule,2018.0,116,7.0,159643,50000000,174800000
tt7975244,Jumanji: The Next Level,2019.0,123,6.6,300421,125000000,801693929
tt7984734,The Lighthouse,2019.0,109,7.4,279474,11000000,18262464
tt7985704,Operation Fortune: Ruse de Guerre,2023.0,114,6.3,99043,50000000,37800000
tt8041270,Jurassic World: Dominion,2022.0,147,5.6,220884,165000000,1001978080
tt8079248,Yesterday,2019.0,116,6.8,175251,26000000,154608856
tt8080204,Hypnotic,2023.0,93,5.5,41518,70000000,16014123
tt8085790,Little,2019.0,109,5.5,15455,20000000,17399000
tt8093700,The Woman King,2022.0,135,6.9,78710,50000000,97300000
tt8097030,Turning Red,2022.0,100,6.9,163319,175000000,21328962
tt8110652,Bodies Bodies Bodies,2022.0,94,6.2,82937,3000000,13900000
tt8115900,The Bad Guys,2022.0,100,6.8,66032,80000000,250162278
tt8155288,Happy Death Day 2U,2019.0,100,6.2,90451,9000000,64600152
tt8186318,Overcomer,2019.0,119,6.7,6058,5000000,38026103
tt8242084,My Spy,2020.0,99,6.4,39073,18000000,10200000
tt8244784,The Hunt,2020.0,90,6.6,142089,14000000,10550350
tt8266310,Blinded by the Light,2019.0,118,6.9,27897,8300000,18144644
tt8305852,All My Life,2020.0,91,6.3,6511,25000000,2000000
tt8310486,Miller's Girl,2024.0,93,5.2,22678,4000000,1430985
tt8332922,A Quiet Place Part II,2020.0,97,7.2,300894,55000000,297372261
tt8337290,Absolution,2024.0,112,5.2,7373,30000000,3854594
tt8350360,Annabelle Comes Home,2019.0,106,5.9,92375,27000000,231252591
tt8356942,The 355,2022.0,122,5.6,40541,75000000,55700000
tt8364368,Crawl,2019.0,87,6.1,98350,13500000,91500000
tt8367814,The Gentlemen,2019.0,113,7.8,429614,22000000,115171795
tt8368368,The Apprentice,2024.0,122,7.1,49402,16000000,17279457
tt8368408,Gunpowder Milkshake,2021.0,114,6.1,53598,30000000,1015760
tt8376234,Peter Rabbit 2: The Runaway,2021.0,93,6.2,15616,45000000,153000000
tt8385148,Hitman's Wife's Bodyguard,2021.0,100,6.1,113543,70000000,70060492
tt8404256,Snake Eyes,2021.0,121,5.4,46365,88000000,36964325
tt8406660,Inmate Zero,2020.0,106,4.3,3451,141129,695501
tt8521778,Bob Marley: One Love,2024.0,107,6.2,34084,70000000,180828556
tt8544498,The Way Back,2020.0,108,6.7,54543,23000000,14590514
tt8579674,1917,2019.0,119,8.2,720439,100000000,394638258
tt8589698,Teenage Mutant Ninja Turtles: Mutant Mayhem,2023.0,99,7.2,72326,75000000,180513586
tt8623904,Last Christmas,2019.0,103,6.5,97456,30000000,121600000
tt8633478,Run,2020.0,90,6.7,104011,1700000,5184368
tt8652728,Waves,2019.0,135,7.5,34077,6000000,2576990
tt8663516,Child's Play,2019.0,90,5.7,58383,10000000,44902237
tt8688634,21 Bridges,2019.0,99,6.6,77851,33000000,49900000
tt8695030,The Dead Don't Die,2019.0,104,5.4,95648,11000000,15800000
tt8722346,Queen & Slim,2019.0,132,7.1,35857,20000000,47803176
tt8760708,M3GAN,2022.0,102,6.3,160939,12000000,181796517
tt8772262,Midsommar,2019.0,148,7.1,442582,9000000,48015416
tt8790086,Kraven the Hunter,2024.0,127,5.4,43499,120000000,59184643
tt8847712,The French Dispatch,2021.0,107,7.1,157880,25000000,46333545
tt8864596,Transformers One,2024.0,104,7.6,47206,75000000,128888103
tt8912936,DC League of Super-Pets,2022.0,105,7.0,78482,90000000,203000000
tt8946378,Knives Out,2019.0,130,7.9,811141,40000000,312897920
tt8972256,Greed,2019.0,104,5.8,8684,5500000,1460431
tt8999762,The Brutalist,2024.0,216,7.5,67204,9000000,45151320
tt9024106,Unplanned,2019.0,109,5.5,14933,6000000,21600000
tt9032400,Eternals,2021.0,156,6.2,404435,200000000,402064899
tt9051908,Living,2022.0,102,7.2,36887,10000000,6999027
tt9071322,Dark Waters,2019.0,126,7.6,114562,20000000,13601384
tt9086228,Gretel & Hansel,2020.0,87,5.5,36560,5000000,22304357
tt9100054,The Lost Daughter,2021.0,121,6.7,78220,5000000,703281
tt9114286,Black Panther: Wakanda Forever,2022.0,161,6.6,326716,250000000,859102154
tt9134216,Playing with Fire,2019.0,96,5.2,17098,29900000,69412425
tt9185206,"Are You There God? It's Me, Margaret.",2023.0,106,7.3,33103,30000000,21800000
tt9198364,Three Thousand Years of Longing,2022.0,108,6.7,67700,60000000,20300000
tt9214772,Monkey Man,2024.0,121,6.8,89835,10000000,35271631
tt9214832,Emma.,2020.0,124,6.7,66640,10000000,25200000
tt9218128,Gladiator II,2024.0,148,6.6,215175,310000000,458718000
tt9224104,Meg 2: The Trench,2023.0,116,5.0,91222,129000000,384056482
tt9243804,The Green Knight,2021.0,130,6.6,124996,15000000,18887953
tt9288692,Werewolves Within,2021.0,97,6.0,26958,6500000,937490
tt9340860,Let Him Go,2020.0,113,6.7,37105,21000000,7997460
tt9347730,Candyman,2021.0,91,5.9,79093,25000000,77411570
tt9357050,Dear Evan Hansen,2021.0,137,6.1,19879,27500000,19133454
tt9362722,Spider-Man: Across the Spider-Verse,2023.0,140,8.5,442148,100000000,690897910
tt9362930,Blue Beetle,2023.0,127,5.9,107254,104000000,130788072
tt9376612,Shang-Chi and the Legend of the Ten Rings,2021.0,132,7.3,458806,150000000,432243292
tt9411972,Where the Crawdads Sing,2022.0,125,7.2,144368,24000000,144353965
tt9419056,The Unholy,2021.0,99,5.1,29433,10000000,30800000
tt9419884,Doctor Strange in the Multiverse of Madness,2022.0,126,6.9,509564,200000000,955775804
tt9462944,Treasure,2024.0,111,6.3,1978,2000000,583631
tt9603212,Mission: Impossible - Dead Reckoning Part One,2023.0,163,7.6,280893,291000000,567535383
tt9620288,King Richard,2021.0,144,7.5,145800,50000000,39400000
tt9620292,Promising Young Woman,2020.0,113,7.5,222969,10000000,20379604
tt9639470,Last Night in Soho,2021.0,116,7.0,189524,43000000,22957625
tt9663764,Aquaman and the Lost Kingdom,2023.0,124,5.6,104767,205000000,439381226
tt9664108,Voyagers,2021.0,108,5.5,28676,20000000,4298184
tt9682428,Night Swim,2024.0,98,4.7,26914,15000000,54771241
tt9686708,The King of Staten Island,2020.0,136,7.1,79279,35000000,2200000
tt9731598,Bros,2022.0,115,6.4,37826,22000000,14800000
tt9764362,The Menu,2022.0,107,7.2,446843,35000000,79628200
tt9770150,Nomadland,2020.0,107,7.3,191894,5000000,39458207
tt9777666,The Tomorrow War,2021.0,138,6.6,238902,200000000,14400000
tt9784798,Judas and the Black Messiah,2021.0,126,7.4,94405,26000000,6416063
tt9844522,Escape Room: Tournament of Champions,2021.0,88,5.7,64003,15000000,65774490
tt9848626,Hotel Transylvania 4: Transformania,2022.0,87,6.0,43035,75000000,18500000
