title,subgenres
Captain America: Brave New World,"['action-epic', 'epic-adventure', 'epic-sci-fi', 'superhero-action']"
Gladiator II,"['action-epic', 'epic-adventure', 'epic-drama', 'period-drama', 'sword-and-sandal-action']"
Furiosa: A Mad Max Saga,"['action-epic', 'car-action', 'desert-adventure', 'dystopian-sci-fi']"
Dune: Part Two,"['action-epic', 'desert-adventure', 'epic-drama', 'epic-sci-fi', 'space-sci-fi']"
A Minecraft Movie,"['action-epic', 'epic-adventure', 'epic-fantasy', 'high-concept-comedy', 'survival-adventure']"
Gladiator,"['action-epic', 'epic-adventure', 'epic-drama', 'period-drama', 'sword-and-sandal-action']"
Inception,"['action-epic', 'epic-adventure', 'epic-drama', 'epic-sci-fi', 'psychological-thriller']"
The Electric State,"['action-epic', 'artificial-intelligence-sci-fi', 'dystopian-sci-fi', 'epic-adventure', 'epic-drama', 'epic-sci-fi', 'quest-adventure', 'urban-adventure']"
Borderlands,"['action-epic', 'epic-adventure', 'quest-adventure', 'space-sci-fi']"
Top Gun: Maverick,"['action-epic', 'epic-drama']"
The Dark Knight,"['action-epic', 'epic-drama', 'superhero-action', 'tragedy-drama']"
The Lord of the Rings: The Fellowship of the Ring,"['action-epic', 'epic-adventure', 'epic-drama', 'epic-fantasy', 'quest-adventure', 'sword-and-sorcery-fantasy']"
The Super Mario Bros. Movie,"['action-epic', 'cg-animation', 'epic-adventure', 'epic-fantasy', 'high-concept-comedy', 'quest-adventure', 'slapstick-comedy']"
The Northman,"['action-epic', 'epic-adventure', 'epic-history', 'one-person-army-action', 'period-drama', 'tragedy-drama']"
Mission: Impossible - Dead Reckoning Part One,"['action-epic', 'epic-adventure', 'spy-thriller']"
The Matrix,"['action-epic', 'artificial-intelligence-sci-fi', 'cyberpunk-sci-fi', 'dystopian-sci-fi', 'epic-sci-fi', 'gun-fu-action', 'martial-arts-action']"
The Batman,"['action-epic', 'epic-drama', 'serial-killer-crime', 'superhero-action']"
Black Hawk Down,"['action-epic', 'docudrama', 'epic-drama', 'epic-history', 'epic-war', 'tragedy-drama']"
Mad Max: Fury Road,"['action-epic', 'car-action', 'desert-adventure', 'dystopian-sci-fi', 'epic-adventure', 'epic-drama', 'quest-adventure', 'road-trip-adventure']"
Mortal Kombat II,"['action-epic', 'epic-adventure', 'epic-fantasy', 'epic-sci-fi', 'martial-arts-action']"
The Lord of the Rings: The Return of the King,"['action-epic', 'epic-adventure', 'epic-drama', 'epic-fantasy', 'mountain-adventure', 'quest-adventure', 'sword-and-sorcery-fantasy', 'tragedy-drama']"
Blade Runner 2049,"['action-epic', 'artificial-intelligence-sci-fi', 'cyber-thriller', 'cyberpunk-sci-fi', 'dystopian-sci-fi', 'epic-drama', 'epic-sci-fi']"
Heat,"['action-epic', 'cop-drama', 'epic-drama', 'gangster-crime', 'heist-crime', 'satire-comedy']"
Kingdom of Heaven,"['action-epic', 'epic-drama', 'epic-history', 'epic-war', 'period-drama']"
Top Gun,['action-epic']
John Wick: Chapter 4,"['action-epic', 'gun-fu-action', 'one-person-army-action']"
The Dark Knight Rises,"['action-epic', 'epic-drama', 'superhero-action']"
Terminator 2: Judgment Day,"['action-epic', 'artificial-intelligence-sci-fi', 'cyberpunk-sci-fi', 'dystopian-sci-fi', 'epic-sci-fi', 'time-travel-sci-fi']"
Star Wars: Episode IV - A New Hope,"['action-epic', 'epic-adventure', 'epic-drama', 'epic-fantasy', 'epic-sci-fi', 'quest-adventure', 'space-sci-fi', 'sword-and-sorcery-fantasy']"
Independence Day,"['action-epic', 'alien-invasion-sci-fi-Copy1', 'alien-invasion-sci-fi', 'epic-sci-fi', 'space-sci-fi']"
Braveheart,"['action-epic', 'costume-drama', 'epic-drama', 'epic-war', 'period-drama']"
Fast X,"['action-epic', 'car-action', 'urban-adventure']"
Road House,"['action-epic', 'film-noir', 'one-person-army-action']"
Avatar: The Way of Water,"['action-epic', 'epic-adventure', 'epic-sci-fi', 'sea-adventure']"
Bad Boys: Ride or Die,"['action-epic', 'buddy-comedy', 'buddy-cop-comedy']"
No Time to Die,"['action-epic', 'epic-adventure', 'globetrotting-adventure', 'spy-thriller']"
Batman Begins,"['action-epic', 'epic-drama', 'superhero-action', 'tragedy-drama']"
The Avengers,"['action-epic', 'alien-invasion-sci-fi-Copy1', 'alien-invasion-sci-fi', 'superhero-action', 'superhero-action']"
Rogue One: A Star Wars Story,"['action-epic', 'epic-adventure', 'epic-sci-fi', 'space-sci-fi', 'tragedy-drama']"
Avatar,"['action-epic', 'epic-adventure', 'epic-fantasy', 'epic-sci-fi']"
Solo Leveling: ReAwakening,"['action-epic', 'dark-fantasy', 'one-person-army-action', 'supernatural-fantasy', 'survival-adventure']"
Star Wars: Episode IX - The Rise of Skywalker,"['action-epic', 'dark-fantasy', 'epic-adventure', 'epic-fantasy', 'epic-sci-fi', 'space-sci-fi']"
Guy Ritchie's the Covenant,['action-epic']
The Lord of the Rings: The Two Towers,"['action-epic', 'dark-fantasy', 'epic-adventure', 'epic-drama', 'epic-fantasy', 'quest-adventure', 'sword-and-sorcery-fantasy']"
Transformers,"['action-epic', 'alien-invasion-sci-fi-Copy1', 'alien-invasion-sci-fi', 'epic-sci-fi']"
300,"['action-epic', 'epic-drama', 'sword-and-sandal-action']"
Apocalypto,"['action-epic', 'epic-adventure', 'epic-drama', 'jungle-adventure', 'period-drama']"
Transformers One,"['action-epic', 'cg-animation', 'epic-adventure', 'epic-fantasy', 'epic-sci-fi', 'space-sci-fi']"
Star Wars: Episode I - The Phantom Menace,"['action-epic', 'epic-adventure', 'epic-fantasy', 'epic-sci-fi', 'quest-adventure', 'space-sci-fi']"
Star Wars: Episode III - Revenge of the Sith,"['action-epic', 'dark-fantasy', 'epic-adventure', 'epic-drama', 'epic-fantasy', 'epic-sci-fi', 'space-sci-fi', 'tragedy-drama']"
Rebel Moon - Part One: A Child of Fire,"['action-epic', 'epic-adventure', 'epic-drama', 'epic-fantasy', 'epic-sci-fi', 'space-sci-fi']"
Dunkirk,"['action-epic', 'epic-drama', 'epic-history', 'epic-war', 'period-drama']"
Godzilla x Kong: The New Empire,"['action-epic', 'dinosaur-adventure', 'disaster-action', 'giant-monster-sci-fi', 'globetrotting-adventure', 'supernatural-fantasy']"
The Creator,"['action-epic', 'artificial-intelligence-sci-fi', 'cyberpunk-sci-fi', 'dystopian-sci-fi', 'epic-adventure', 'epic-sci-fi']"
Monkey Man,"['action-epic', 'martial-arts-action', 'one-person-army-action']"
Star Wars: Episode V - The Empire Strikes Back,"['action-epic', 'dark-fantasy', 'epic-adventure', 'epic-drama', 'epic-fantasy', 'epic-sci-fi', 'globetrotting-adventure', 'quest-adventure', 'space-sci-fi', 'sword-and-sorcery-fantasy']"
Napoleon,"['action-epic', 'costume-drama', 'docudrama', 'docudrama', 'epic-drama', 'epic-drama', 'epic-history', 'epic-history', 'epic-war', 'period-drama', 'period-drama']"
Star Wars: Episode VII - The Force Awakens,"['action-epic', 'epic-adventure', 'epic-sci-fi', 'globetrotting-adventure', 'quest-adventure', 'space-sci-fi']"
The Last Duel,"['action-epic', 'costume-drama', 'epic-drama', 'epic-history']"
Shang-Chi and the Legend of the Ten Rings,"['action-epic', 'epic-adventure', 'epic-fantasy', 'kung-fu-action', 'martial-arts-action', 'superhero-action']"
Star Wars: Episode VIII - The Last Jedi,"['action-epic', 'epic-adventure', 'epic-fantasy', 'epic-sci-fi', 'space-sci-fi']"
Zack Snyder's Justice League,"['action-epic', 'superhero-action']"
Mission: Impossible - Fallout,"['action-epic', 'globetrotting-adventure', 'spy-thriller']"
Batman,"['action-epic', 'superhero-action', 'superhero-action', 'tragedy-drama', 'urban-adventure']"
Godzilla Minus One,"['action-epic', 'dinosaur-adventure', 'epic-adventure', 'epic-drama', 'epic-sci-fi', 'giant-monster-sci-fi', 'monster-horror', 'period-drama', 'supernatural-horror', 'tragedy-drama']"
The Last Samurai,"['action-epic', 'period-drama', 'samurai-action', 'sword-and-sandal-action', 'tragedy-drama']"
King Arthur: Legend of the Sword,"['action-epic', 'epic-adventure', 'quest-adventure']"
Aquaman and the Lost Kingdom,"['action-epic', 'superhero-action']"
Star Wars: Episode VI - Return of the Jedi,"['action-epic', 'dark-fantasy', 'epic-adventure', 'epic-drama', 'epic-fantasy', 'epic-sci-fi', 'globetrotting-adventure', 'quest-adventure', 'space-sci-fi', 'sword-and-sorcery-fantasy']"
War of the Worlds,"['action-epic', 'alien-invasion-sci-fi-Copy1', 'alien-invasion-sci-fi-Copy1', 'alien-invasion-sci-fi', 'alien-invasion-sci-fi', 'body-horror', 'disaster-action', 'disaster-action', 'epic-adventure', 'epic-sci-fi', 'giant-monster-sci-fi', 'monster-horror', 'urban-adventure']"
Star Wars: Episode II - Attack of the Clones,"['action-epic', 'epic-adventure', 'epic-fantasy', 'epic-sci-fi', 'space-sci-fi']"
Fast & Furious,"['action-epic', 'car-action']"
Seven Samurai,"['action-epic', 'epic-drama', 'period-drama', 'samurai-action']"
I Am Legend,"['action-epic', 'dystopian-sci-fi', 'survival-adventure', 'zombie-horror']"
Princess Mononoke,"['action-epic', 'dark-fantasy', 'epic-adventure', 'epic-fantasy', 'quest-adventure']"
Sisu,"['action-epic', 'one-person-army-action']"
The Last of the Mohicans,"['action-epic', 'classical-western', 'classical-western', 'epic-romance', 'epic-war', 'period-drama', 'tragedy-drama', 'tragic-romance']"
Daredevil,"['action-epic', 'gun-fu-action', 'martial-arts-action', 'one-person-army-action', 'serial-killer-crime', 'superhero-action']"
F9: The Fast Saga,"['action-epic', 'car-action']"
RRR,"['action-epic', 'epic-drama', 'period-drama']"
The Expendables 4,['action-epic']
The Hobbit: The Battle of the Five Armies,"['action-epic', 'epic-adventure', 'epic-fantasy', 'mountain-adventure', 'quest-adventure', 'sword-and-sorcery-fantasy']"
Fast Five,"['action-epic', 'caper-crime', 'car-action']"
Kill,"['action-epic', 'one-person-army-action']"
The Book of Eli,"['action-epic', 'contemporary-western', 'desert-adventure', 'epic-adventure', 'one-person-army-action', 'quest-adventure', 'road-trip-adventure']"
xXx,"['action-epic', 'globetrotting-adventure', 'spy-thriller']"
The Road Warrior,"['action-epic', 'car-action', 'desert-adventure', 'dystopian-sci-fi', 'epic-adventure', 'epic-drama', 'epic-sci-fi', 'tragedy-drama']"
Robin Hood,"['action-epic', 'epic-drama', 'one-person-army-action', 'period-drama', 'swashbuckler-adventure', 'swashbuckler-adventure']"
"Crouching Tiger, Hidden Dragon","['action-epic', 'epic-adventure', 'epic-drama', 'epic-fantasy', 'epic-romance', 'martial-arts-action', 'period-drama', 'quest-adventure', 'sword-and-sorcery-fantasy', 'wuxia-action']"
Godzilla: King of the Monsters,"['action-epic', 'dark-fantasy', 'dinosaur-adventure', 'disaster-action', 'giant-monster-sci-fi', 'supernatural-fantasy', 'urban-adventure']"
Atlas,"['action-epic', 'artificial-intelligence-sci-fi', 'space-sci-fi', 'superhero-action']"
Akira,"['action-epic', 'cyberpunk-sci-fi', 'cyberpunk-sci-fi', 'dark-fantasy', 'dystopian-sci-fi', 'epic-drama', 'epic-fantasy', 'epic-sci-fi', 'epic-sci-fi', 'political-drama', 'political-thriller', 'supernatural-fantasy']"
Rebel Moon - Part Two: The Scargiver,"['action-epic', 'epic-adventure', 'epic-drama', 'epic-fantasy', 'epic-sci-fi', 'gun-fu-action', 'space-sci-fi']"
300: Rise of an Empire,"['action-epic', 'epic-drama', 'sword-and-sandal-action']"
Fast & Furious 6,"['action-epic', 'car-action']"
Exodus: Gods and Kings,"['action-epic', 'epic-drama', 'epic-fantasy', 'period-drama', 'sword-and-sandal-action']"
The Woman King,"['action-epic', 'epic-history']"
War for the Planet of the Apes,"['action-epic', 'dystopian-sci-fi', 'epic-adventure', 'epic-drama', 'epic-sci-fi']"
Neon Genesis Evangelion: The End of Evangelion,"['action-epic', 'alien-invasion-sci-fi-Copy1', 'alien-invasion-sci-fi', 'cyberpunk-sci-fi', 'dystopian-sci-fi', 'epic-drama', 'epic-sci-fi', 'giant-monster-sci-fi', 'psychological-drama', 'teen-drama', 'tragedy-drama']"
Mad Max Beyond Thunderdome,"['action-epic', 'car-action', 'desert-adventure', 'dystopian-sci-fi', 'one-person-army-action', 'quest-adventure']"
The Last Kingdom: Seven Kings Must Die,['action-epic']
Extraction 3,['action-epic']
Ben-Hur,"['action-epic', 'epic-adventure', 'epic-drama', 'epic-drama', 'epic-romance', 'period-drama', 'sword-and-sandal-action', 'sword-and-sandal-action']"
After Earth,"['action-epic', 'epic-adventure', 'quest-adventure', 'space-sci-fi', 'survival-adventure']"
Godzilla,"['action-epic', 'dinosaur-adventure', 'dinosaur-adventure', 'dinosaur-adventure', 'dinosaur-adventure', 'dinosaur-adventure', 'disaster-action', 'disaster-action', 'disaster-action', 'disaster-action', 'epic-adventure', 'epic-drama', 'epic-sci-fi', 'giant-monster-sci-fi', 'giant-monster-sci-fi', 'giant-monster-sci-fi', 'giant-monster-sci-fi', 'giant-monster-sci-fi', 'monster-horror', 'monster-horror', 'monster-horror', 'political-drama', 'supernatural-horror', 'supernatural-horror', 'supernatural-horror', 'tragedy-drama', 'tragedy-drama', 'tragedy-drama', 'urban-adventure']"
Titan A.E.,"['action-epic', 'alien-invasion-sci-fi-Copy1', 'alien-invasion-sci-fi', 'dystopian-sci-fi', 'epic-sci-fi', 'space-sci-fi']"
The Message,"['action-epic', 'action-epic', 'epic-history', 'epic-history', 'sword-and-sandal-action']"
13 Assassins,"['action-epic', 'epic-drama', 'samurai-action', 'samurai-action']"
The Princess,"['action-epic', 'dark-comedy', 'period-drama']"
Hamburger Hill,"['action-epic', 'tragedy-drama']"
The Transformers: The Movie,"['action-epic', 'alien-invasion-sci-fi-Copy1', 'alien-invasion-sci-fi', 'car-action', 'epic-adventure', 'epic-sci-fi', 'space-sci-fi']"
Sabotage,"['action-epic', 'conspiracy-thriller', 'cop-drama', 'drug-crime', 'heist-crime', 'psychological-thriller', 'spy-thriller']"
In Harm's Way,"['action-epic', 'epic-war']"
Athena,"['action-epic', 'epic-drama', 'psychological-thriller']"
Shershaah,"['action-epic', 'docudrama', 'tragedy-drama']"
Ultraman: Rising,"['action-epic', 'cg-animation', 'giant-monster-sci-fi', 'superhero-action']"
The Hidden Fortress,"['action-epic', 'epic-adventure', 'quest-adventure']"
The Wind and the Lion,"['action-epic', 'desert-adventure', 'epic-adventure', 'epic-drama', 'one-person-army-action', 'period-drama', 'political-drama', 'swashbuckler-adventure']"
Outlaw Johnny Black,"['action-epic', 'epic-western']"
Captain Blood,"['action-epic', 'epic-adventure', 'epic-history', 'epic-romance', 'sea-adventure', 'swashbuckler-adventure', 'swashbuckler-adventure']"
The Big 4,"['action-epic', 'dark-comedy', 'gangster-crime', 'martial-arts-action']"
Carter,['action-epic']
Godzilla: Final Wars,"['action-epic', 'alien-invasion-sci-fi-Copy1', 'alien-invasion-sci-fi', 'dark-fantasy', 'dinosaur-adventure', 'giant-monster-sci-fi', 'globetrotting-adventure', 'martial-arts-action', 'supernatural-fantasy', 'urban-adventure']"
Godzilla vs. Biollante,"['action-epic', 'dark-fantasy', 'dinosaur-adventure', 'disaster-action', 'epic-drama', 'giant-monster-sci-fi', 'monster-horror', 'supernatural-fantasy', 'supernatural-horror', 'tragedy-drama']"
Intolerance,"['action-epic', 'epic-drama', 'epic-history']"
Kingdom,"['action-epic', 'epic-history']"
Saaho,"['action-epic', 'one-person-army-action']"
Steamboy,"['action-epic', 'epic-sci-fi', 'steampunk-sci-fi']"
Kingdom 2: Far and Away,"['action-epic', 'epic-history', 'epic-war']"
Xtreme,"['action-epic', 'dark-comedy']"
Godzilla vs. Destoroyah,"['action-epic', 'dinosaur-adventure', 'disaster-action', 'epic-drama', 'giant-monster-sci-fi', 'monster-horror', 'supernatural-horror', 'tragedy-drama']"
The Sword of Doom,"['action-epic', 'epic-drama', 'samurai-action']"
Godzilla 1985,"['action-epic', 'dinosaur-adventure', 'disaster-action', 'epic-drama', 'epic-sci-fi', 'giant-monster-sci-fi', 'political-drama', 'tragedy-drama']"
Snag,['action-epic']
Godzilla: King of the Monsters!,"['action-epic', 'dinosaur-adventure', 'disaster-action', 'epic-drama', 'epic-sci-fi', 'giant-monster-sci-fi', 'monster-horror', 'supernatural-horror', 'tragedy-drama']"
SSMB29,"['action-epic', 'globetrotting-adventure']"
Testing Movie1,"['action-epic', 'car-action', 'dark-comedy', 'jungle-adventure', 'survival-adventure', 'suspense-mystery', 'teen-drama', 'tragedy-drama']"
Warrior Awang and Master Tok Gajah,"['action-epic', 'epic-adventure', 'epic-drama', 'epic-history', 'martial-arts-action']"
Mojave Diamonds,['action-epic']
The Slave,"['action-epic', 'desert-adventure', 'epic-adventure', 'epic-drama', 'epic-history', 'epic-war', 'period-drama', 'sword-and-sandal-action']"
The Seven Deadly Sins: Grudge of Edinburgh Part 2,"['action-epic', 'epic-adventure', 'epic-fantasy', 'quest-adventure', 'sword-and-sorcery-fantasy']"
Foxtrot Six,"['action-epic', 'dystopian-sci-fi', 'epic-drama', 'epic-sci-fi']"
John Paul Jones,"['action-epic', 'epic-history', 'tragic-romance']"
Malbatt: Misi Bakara,"['action-epic', 'epic-drama', 'epic-history', 'epic-war']"
The Last Guest,"['action-epic', 'cg-animation', 'epic-adventure', 'epic-drama', 'epic-sci-fi', 'epic-war', 'tragedy-drama']"
The Roblox Movie,['action-epic']
Untitled Godzilla Takashi Yamazaki,"['action-epic', 'epic-drama', 'giant-monster-sci-fi', 'monster-horror']"
Ultimate Spider-Man: Origins,"['action-epic', 'epic-adventure', 'superhero-action']"
Mat Kilau,"['action-epic', 'epic-adventure', 'epic-drama', 'epic-history', 'martial-arts-action']"
"500,000","['action-epic', 'epic-adventure', 'epic-drama']"
The Cape,"['action-epic', 'sea-adventure']"
The Varmint and the Nymph,"['action-epic', 'fairy-tale-fantasy']"
Cataclysm Down Under,['action-epic']
The Bob and Friends Movie!: End the Spiral,['action-epic']
"The Prince, the Sister, & the Serpent","['action-epic', 'dark-fantasy', 'epic-adventure', 'epic-fantasy', 'sea-adventure', 'sword-and-sorcery-fantasy']"
Batman: The Darkest Knights,['action-epic']
The Uptown Chronicles: Awakenings,['action-epic']
Angel Denied,['action-epic']
Mickey 17,"['alien-invasion-sci-fi-Copy1', 'alien-invasion-sci-fi', 'dark-comedy', 'space-sci-fi']"
Venom: The Last Dance,"['alien-invasion-sci-fi-Copy1', 'alien-invasion-sci-fi', 'giant-monster-sci-fi', 'road-trip-adventure', 'superhero-action']"
Elevation,"['alien-invasion-sci-fi-Copy1', 'alien-invasion-sci-fi', 'giant-monster-sci-fi', 'survival-adventure']"
Alien,"['alien-invasion-sci-fi-Copy1', 'alien-invasion-sci-fi', 'cyberpunk-sci-fi', 'monster-horror', 'space-sci-fi']"
Arrival,"['alien-invasion-sci-fi-Copy1', 'alien-invasion-sci-fi', 'epic-sci-fi', 'psychological-drama']"
The Thing,"['alien-invasion-sci-fi-Copy1', 'alien-invasion-sci-fi', 'body-horror', 'body-horror', 'monster-horror', 'supernatural-horror', 'tragedy-drama']"
A Quiet Place: Day One,"['alien-invasion-sci-fi-Copy1', 'alien-invasion-sci-fi', 'monster-horror']"
Starship Troopers,"['alien-invasion-sci-fi-Copy1', 'alien-invasion-sci-fi', 'dystopian-sci-fi', 'space-sci-fi']"
The Tomorrow War,"['alien-invasion-sci-fi-Copy1', 'alien-invasion-sci-fi', 'dystopian-sci-fi', 'time-travel-sci-fi']"
Aliens,"['alien-invasion-sci-fi-Copy1', 'alien-invasion-sci-fi', 'cyberpunk-sci-fi', 'monster-horror', 'space-sci-fi', 'survival-adventure', 'tragedy-drama']"
Men in Black,"['alien-invasion-sci-fi-Copy1', 'alien-invasion-sci-fi', 'buddy-comedy', 'buddy-cop-comedy', 'high-concept-comedy', 'urban-adventure']"
Edge of Tomorrow,"['alien-invasion-sci-fi-Copy1', 'alien-invasion-sci-fi', 'dystopian-sci-fi', 'epic-sci-fi', 'time-travel-sci-fi']"
Nope,"['alien-invasion-sci-fi-Copy1', 'alien-invasion-sci-fi', 'monster-horror', 'supernatural-horror']"
Pixels,"['alien-invasion-sci-fi-Copy1', 'alien-invasion-sci-fi', 'farce-comedy', 'high-concept-comedy', 'satire-comedy', 'supernatural-fantasy']"
Annihilation,"['alien-invasion-sci-fi-Copy1', 'alien-invasion-sci-fi', 'body-horror']"
A Quiet Place,"['alien-invasion-sci-fi-Copy1', 'alien-invasion-sci-fi', 'monster-horror']"
Predator,"['alien-invasion-sci-fi-Copy1', 'alien-invasion-sci-fi', 'jungle-adventure', 'monster-horror', 'one-person-army-action', 'slasher-horror', 'survival-adventure']"
Man of Steel,"['alien-invasion-sci-fi-Copy1', 'alien-invasion-sci-fi', 'superhero-action', 'urban-adventure']"
Prey,"['alien-invasion-sci-fi-Copy1', 'alien-invasion-sci-fi', 'monster-horror']"
They Live,"['alien-invasion-sci-fi-Copy1', 'alien-invasion-sci-fi', 'conspiracy-thriller']"
Superman II,"['alien-invasion-sci-fi-Copy1', 'alien-invasion-sci-fi', 'superhero-action', 'urban-adventure']"
Signs,"['alien-invasion-sci-fi-Copy1', 'alien-invasion-sci-fi']"
The 5th Wave,"['alien-invasion-sci-fi-Copy1', 'alien-invasion-sci-fi', 'coming-of-age-drama', 'dystopian-sci-fi', 'survival-adventure']"
Transformers: Rise of the Beasts,"['alien-invasion-sci-fi-Copy1', 'alien-invasion-sci-fi', 'car-action']"
Lilo & Stitch,"['alien-invasion-sci-fi-Copy1', 'alien-invasion-sci-fi', 'buddy-comedy', 'epic-sci-fi', 'space-sci-fi']"
The Faculty,"['alien-invasion-sci-fi-Copy1', 'alien-invasion-sci-fi', 'monster-horror', 'teen-horror']"
Krull,"['alien-invasion-sci-fi-Copy1', 'alien-invasion-sci-fi', 'dark-fantasy', 'sword-and-sorcery-fantasy']"
Independence Day: Resurgence,"['alien-invasion-sci-fi-Copy1', 'alien-invasion-sci-fi', 'epic-adventure']"
Lifeforce,"['alien-invasion-sci-fi-Copy1', 'alien-invasion-sci-fi']"
District 9,"['alien-invasion-sci-fi-Copy1', 'alien-invasion-sci-fi', 'epic-sci-fi', 'political-drama']"
The Predator,"['alien-invasion-sci-fi-Copy1', 'alien-invasion-sci-fi', 'urban-adventure']"
Mars Attacks!,"['alien-invasion-sci-fi-Copy1', 'alien-invasion-sci-fi', 'dark-comedy', 'parody-comedy', 'satire-comedy', 'space-sci-fi']"
The Day the Earth Stood Still,"['alien-invasion-sci-fi-Copy1', 'alien-invasion-sci-fi-Copy1', 'alien-invasion-sci-fi', 'alien-invasion-sci-fi', 'space-sci-fi']"
No One Will Save You,"['alien-invasion-sci-fi-Copy1', 'alien-invasion-sci-fi', 'psychological-thriller']"
Paul,"['alien-invasion-sci-fi-Copy1', 'alien-invasion-sci-fi', 'buddy-comedy', 'road-trip-adventure']"
Transformers: Revenge of the Fallen,"['alien-invasion-sci-fi-Copy1', 'alien-invasion-sci-fi', 'car-action', 'desert-adventure']"
A Quiet Place Part II,"['alien-invasion-sci-fi-Copy1', 'alien-invasion-sci-fi', 'monster-horror', 'supernatural-horror']"
Alien³,"['alien-invasion-sci-fi-Copy1', 'alien-invasion-sci-fi', 'monster-horror', 'space-sci-fi']"
Coneheads,"['alien-invasion-sci-fi-Copy1', 'alien-invasion-sci-fi', 'quirky-comedy']"
Battleship,"['alien-invasion-sci-fi-Copy1', 'alien-invasion-sci-fi']"
Men in Black: International,"['alien-invasion-sci-fi-Copy1', 'alien-invasion-sci-fi', 'buddy-cop-comedy']"
Slither,"['alien-invasion-sci-fi-Copy1', 'alien-invasion-sci-fi', 'body-horror', 'zombie-horror']"
Transformers: Dark of the Moon,"['alien-invasion-sci-fi-Copy1', 'alien-invasion-sci-fi', 'car-action', 'space-sci-fi']"
The Iron Giant,"['alien-invasion-sci-fi-Copy1', 'alien-invasion-sci-fi', 'artificial-intelligence-sci-fi', 'giant-monster-sci-fi', 'high-concept-comedy', 'space-sci-fi']"
Ender's Game,"['alien-invasion-sci-fi-Copy1', 'alien-invasion-sci-fi', 'epic-sci-fi', 'space-sci-fi']"
We Can Be Heroes,"['alien-invasion-sci-fi-Copy1', 'alien-invasion-sci-fi', 'space-sci-fi', 'superhero-action']"
The World's End,"['alien-invasion-sci-fi-Copy1', 'alien-invasion-sci-fi', 'dark-comedy', 'satire-comedy']"
Bumblebee,"['alien-invasion-sci-fi-Copy1', 'alien-invasion-sci-fi', 'car-action', 'teen-adventure', 'urban-adventure']"
Fire in the Sky,"['alien-invasion-sci-fi-Copy1', 'alien-invasion-sci-fi']"
Predator 2,"['alien-invasion-sci-fi-Copy1', 'alien-invasion-sci-fi', 'dystopian-sci-fi', 'monster-horror']"
Invasion of the Body Snatchers,"['alien-invasion-sci-fi-Copy1', 'alien-invasion-sci-fi-Copy1', 'alien-invasion-sci-fi', 'alien-invasion-sci-fi', 'body-horror', 'body-horror']"
Howard the Duck,"['alien-invasion-sci-fi-Copy1', 'alien-invasion-sci-fi', 'dark-comedy', 'superhero-action']"
Cowboys & Aliens,"['alien-invasion-sci-fi-Copy1', 'alien-invasion-sci-fi']"
The Blob,"['alien-invasion-sci-fi-Copy1', 'alien-invasion-sci-fi-Copy1', 'alien-invasion-sci-fi', 'alien-invasion-sci-fi', 'body-horror', 'monster-horror', 'monster-horror']"
Chicken Little,"['alien-invasion-sci-fi-Copy1', 'alien-invasion-sci-fi', 'cg-animation']"
The Invasion,"['alien-invasion-sci-fi-Copy1', 'alien-invasion-sci-fi']"
Evolution,"['alien-invasion-sci-fi-Copy1', 'alien-invasion-sci-fi']"
The Watch,"['alien-invasion-sci-fi-Copy1', 'alien-invasion-sci-fi']"
Voltron,"['alien-invasion-sci-fi-Copy1', 'alien-invasion-sci-fi']"
The Darkest Hour,"['alien-invasion-sci-fi-Copy1', 'alien-invasion-sci-fi', 'survival-adventure']"
Monsters vs. Aliens,"['alien-invasion-sci-fi-Copy1', 'alien-invasion-sci-fi', 'cg-animation', 'giant-monster-sci-fi', 'urban-adventure']"
Monsters,"['alien-invasion-sci-fi-Copy1', 'alien-invasion-sci-fi', 'giant-monster-sci-fi']"
Battle Los Angeles,"['alien-invasion-sci-fi-Copy1', 'alien-invasion-sci-fi', 'urban-adventure']"
The Arrival,"['alien-invasion-sci-fi-Copy1', 'alien-invasion-sci-fi']"
The Host,"['alien-invasion-sci-fi-Copy1', 'alien-invasion-sci-fi', 'giant-monster-sci-fi', 'monster-horror', 'psychological-drama', 'teen-adventure', 'tragedy-drama']"
Penguins of Madagascar,"['alien-invasion-sci-fi-Copy1', 'alien-invasion-sci-fi', 'cg-animation']"
The X Files,"['alien-invasion-sci-fi-Copy1', 'alien-invasion-sci-fi']"
The Andromeda Strain,"['alien-invasion-sci-fi-Copy1', 'alien-invasion-sci-fi']"
Killer Klowns from Outer Space,"['alien-invasion-sci-fi-Copy1', 'alien-invasion-sci-fi', 'b-horror', 'dark-comedy', 'monster-horror', 'parody-comedy', 'space-sci-fi', 'supernatural-horror']"
K-PAX,"['alien-invasion-sci-fi-Copy1', 'alien-invasion-sci-fi', 'medical-drama', 'psychological-drama']"
The Lego Movie 2: The Second Part,"['alien-invasion-sci-fi-Copy1', 'alien-invasion-sci-fi', 'cg-animation', 'dystopian-sci-fi', 'quirky-comedy', 'space-sci-fi']"
Rim of the World,"['alien-invasion-sci-fi-Copy1', 'alien-invasion-sci-fi']"
Attack the Block,"['alien-invasion-sci-fi-Copy1', 'alien-invasion-sci-fi', 'high-concept-comedy', 'teen-comedy', 'urban-adventure']"
Skyline,"['alien-invasion-sci-fi-Copy1', 'alien-invasion-sci-fi']"
Battle Beyond the Stars,"['alien-invasion-sci-fi-Copy1', 'alien-invasion-sci-fi', 'space-sci-fi']"
Jimmy Neutron: Boy Genius,"['alien-invasion-sci-fi-Copy1', 'alien-invasion-sci-fi', 'cg-animation', 'slapstick-comedy', 'space-sci-fi']"
Plan 9 from Outer Space,"['alien-invasion-sci-fi-Copy1', 'alien-invasion-sci-fi', 'b-horror', 'supernatural-horror', 'zombie-horror']"
The Thing from Another World,"['alien-invasion-sci-fi-Copy1', 'alien-invasion-sci-fi', 'monster-horror', 'supernatural-horror']"
The War of the Worlds,"['alien-invasion-sci-fi-Copy1', 'alien-invasion-sci-fi', 'epic-sci-fi']"
Beyond Skyline,"['alien-invasion-sci-fi-Copy1', 'alien-invasion-sci-fi']"
Skyline: Warpath,"['alien-invasion-sci-fi-Copy1', 'alien-invasion-sci-fi', 'martial-arts-action']"
Horror Express,"['alien-invasion-sci-fi-Copy1', 'alien-invasion-sci-fi', 'monster-horror']"
It Came from Outer Space,"['alien-invasion-sci-fi-Copy1', 'alien-invasion-sci-fi']"
Evangelion: 1.0 You Are (Not) Alone,"['alien-invasion-sci-fi-Copy1', 'alien-invasion-sci-fi', 'giant-monster-sci-fi', 'psychological-drama']"
Superman II: The Richard Donner Cut,"['alien-invasion-sci-fi-Copy1', 'alien-invasion-sci-fi', 'superhero-action', 'urban-adventure']"
Teenagers from Outer Space,"['alien-invasion-sci-fi-Copy1', 'alien-invasion-sci-fi', 'b-horror']"
Muppets from Space,"['alien-invasion-sci-fi-Copy1', 'alien-invasion-sci-fi', 'farce-comedy', 'parody-comedy', 'quest-adventure', 'quirky-comedy', 'slapstick-comedy', 'space-sci-fi']"
Aliens in the Attic,"['alien-invasion-sci-fi-Copy1', 'alien-invasion-sci-fi']"
Landscape with Invisible Hand,"['alien-invasion-sci-fi-Copy1', 'alien-invasion-sci-fi', 'space-sci-fi']"
Without Warning,"['alien-invasion-sci-fi-Copy1', 'alien-invasion-sci-fi', 'b-horror']"
Hangar 18,"['alien-invasion-sci-fi-Copy1', 'alien-invasion-sci-fi', 'space-sci-fi']"
The Day of the Triffids,"['alien-invasion-sci-fi-Copy1', 'alien-invasion-sci-fi']"
Earth to Echo,"['alien-invasion-sci-fi-Copy1', 'alien-invasion-sci-fi']"
Invaders from Mars,"['alien-invasion-sci-fi-Copy1', 'alien-invasion-sci-fi-Copy1', 'alien-invasion-sci-fi', 'alien-invasion-sci-fi']"
Buck Rogers in the 25th Century,"['alien-invasion-sci-fi-Copy1', 'alien-invasion-sci-fi', 'dystopian-sci-fi', 'space-sci-fi', 'steampunk-sci-fi', 'time-travel-sci-fi']"
Encounter,"['alien-invasion-sci-fi-Copy1', 'alien-invasion-sci-fi']"
Occupation,"['alien-invasion-sci-fi-Copy1', 'alien-invasion-sci-fi']"
The Deadly Spawn,"['alien-invasion-sci-fi-Copy1', 'alien-invasion-sci-fi', 'body-horror']"
This Island Earth,"['alien-invasion-sci-fi-Copy1', 'alien-invasion-sci-fi', 'space-sci-fi']"
The Green Slime,"['alien-invasion-sci-fi-Copy1', 'alien-invasion-sci-fi']"
Laserblast,"['alien-invasion-sci-fi-Copy1', 'alien-invasion-sci-fi']"
Purple People Eater,"['alien-invasion-sci-fi-Copy1', 'alien-invasion-sci-fi']"
Earth vs. the Flying Saucers,"['alien-invasion-sci-fi-Copy1', 'alien-invasion-sci-fi', 'space-sci-fi', 'supernatural-horror']"
Invasion of Astro-Monster,"['alien-invasion-sci-fi-Copy1', 'alien-invasion-sci-fi', 'dinosaur-adventure', 'giant-monster-sci-fi', 'space-sci-fi']"
Strange Invaders,"['alien-invasion-sci-fi-Copy1', 'alien-invasion-sci-fi']"
Godzilla 2000,"['alien-invasion-sci-fi-Copy1', 'alien-invasion-sci-fi', 'dinosaur-adventure', 'disaster-action', 'giant-monster-sci-fi', 'urban-adventure']"
Godzilla vs. Mechagodzilla,"['alien-invasion-sci-fi-Copy1', 'alien-invasion-sci-fi', 'dinosaur-adventure', 'giant-monster-sci-fi', 'superhero-action', 'supernatural-fantasy']"
Voyage of the Rock Aliens,"['alien-invasion-sci-fi-Copy1', 'alien-invasion-sci-fi', 'parody-comedy', 'rock-musical']"
Quatermass 2,"['alien-invasion-sci-fi-Copy1', 'alien-invasion-sci-fi']"
2001: A Space Travesty,"['alien-invasion-sci-fi-Copy1', 'alien-invasion-sci-fi', 'parody-comedy', 'slapstick-comedy']"
Spaced Invaders,"['alien-invasion-sci-fi-Copy1', 'alien-invasion-sci-fi', 'slapstick-comedy']"
The Alien Factor,"['alien-invasion-sci-fi-Copy1', 'alien-invasion-sci-fi']"
Santa Claus Conquers the Martians,"['alien-invasion-sci-fi-Copy1', 'alien-invasion-sci-fi', 'holiday-comedy', 'holiday-season', 'holiday-season', 'space-sci-fi']"
Ghidorah: The Three-Headed Monster,"['alien-invasion-sci-fi-Copy1', 'alien-invasion-sci-fi', 'dinosaur-adventure', 'giant-monster-sci-fi', 'supernatural-fantasy']"
The Recall,"['alien-invasion-sci-fi-Copy1', 'alien-invasion-sci-fi']"
Seedpeople,"['alien-invasion-sci-fi-Copy1', 'alien-invasion-sci-fi', 'b-horror']"
Angry Video Game Nerd: The Movie,"['alien-invasion-sci-fi-Copy1', 'alien-invasion-sci-fi', 'dark-comedy', 'high-concept-comedy', 'parody-comedy', 'road-trip-adventure', 'satire-comedy']"
Alien Invasion: S.U.M.1,"['alien-invasion-sci-fi-Copy1', 'alien-invasion-sci-fi']"
Destroy All Monsters,"['alien-invasion-sci-fi-Copy1', 'alien-invasion-sci-fi', 'b-action', 'dinosaur-adventure', 'giant-monster-sci-fi', 'globetrotting-adventure']"
Terror of Mechagodzilla,"['alien-invasion-sci-fi-Copy1', 'alien-invasion-sci-fi', 'dinosaur-adventure', 'giant-monster-sci-fi', 'superhero-action', 'supernatural-fantasy']"
Kids vs. Aliens,"['alien-invasion-sci-fi-Copy1', 'alien-invasion-sci-fi']"
51,"['alien-invasion-sci-fi-Copy1', 'alien-invasion-sci-fi', 'b-horror']"
They Came from Beyond Space,"['alien-invasion-sci-fi-Copy1', 'alien-invasion-sci-fi']"
The Man from Planet X,"['alien-invasion-sci-fi-Copy1', 'alien-invasion-sci-fi', 'space-sci-fi']"
Battle in Outer Space,"['alien-invasion-sci-fi-Copy1', 'alien-invasion-sci-fi', 'space-sci-fi']"
Godzilla vs. Gigan,"['alien-invasion-sci-fi-Copy1', 'alien-invasion-sci-fi', 'dinosaur-adventure', 'giant-monster-sci-fi', 'superhero-action']"
Starship Invasions,"['alien-invasion-sci-fi-Copy1', 'alien-invasion-sci-fi']"
The Mysterians,"['alien-invasion-sci-fi-Copy1', 'alien-invasion-sci-fi', 'b-action', 'giant-monster-sci-fi']"
Zone Troopers,"['alien-invasion-sci-fi-Copy1', 'alien-invasion-sci-fi']"
The Day Time Ended,"['alien-invasion-sci-fi-Copy1', 'alien-invasion-sci-fi', 'time-travel-sci-fi']"
Daleks' Invasion Earth 2150 A.D.,"['alien-invasion-sci-fi-Copy1', 'alien-invasion-sci-fi', 'space-sci-fi', 'time-travel-sci-fi']"
Nukie,"['alien-invasion-sci-fi-Copy1', 'alien-invasion-sci-fi']"
Kronos,"['alien-invasion-sci-fi-Copy1', 'alien-invasion-sci-fi']"
The Earth Dies Screaming,"['alien-invasion-sci-fi-Copy1', 'alien-invasion-sci-fi']"
Alien Trespass,"['alien-invasion-sci-fi-Copy1', 'alien-invasion-sci-fi', 'parody-comedy']"
Time Walker,"['alien-invasion-sci-fi-Copy1', 'alien-invasion-sci-fi']"
Frankenstein Meets the Spacemonster,"['alien-invasion-sci-fi-Copy1', 'alien-invasion-sci-fi']"
Hybrid,"['alien-invasion-sci-fi-Copy1', 'alien-invasion-sci-fi']"
Mystery Science Theater 3000: The Movie,"['alien-invasion-sci-fi-Copy1', 'alien-invasion-sci-fi', 'quirky-comedy', 'space-sci-fi']"
Invasion of the Saucer Men,"['alien-invasion-sci-fi-Copy1', 'alien-invasion-sci-fi']"
Killers from Space,"['alien-invasion-sci-fi-Copy1', 'alien-invasion-sci-fi']"
Returner,"['alien-invasion-sci-fi-Copy1', 'alien-invasion-sci-fi']"
The Body Stealers,"['alien-invasion-sci-fi-Copy1', 'alien-invasion-sci-fi']"
War of the Worlds: Annihilation,"['alien-invasion-sci-fi-Copy1', 'alien-invasion-sci-fi']"
Xeno,"['alien-invasion-sci-fi-Copy1', 'alien-invasion-sci-fi']"
Space Amoeba,"['alien-invasion-sci-fi-Copy1', 'alien-invasion-sci-fi', 'giant-monster-sci-fi']"
Blasted,"['alien-invasion-sci-fi-Copy1', 'alien-invasion-sci-fi']"
Star Pilot,"['alien-invasion-sci-fi-Copy1', 'alien-invasion-sci-fi']"
Dogora,"['alien-invasion-sci-fi-Copy1', 'alien-invasion-sci-fi', 'giant-monster-sci-fi', 'monster-horror', 'supernatural-horror']"
Time Runner,"['alien-invasion-sci-fi-Copy1', 'alien-invasion-sci-fi', 'time-travel-sci-fi']"
End of the World,"['alien-invasion-sci-fi-Copy1', 'alien-invasion-sci-fi']"
Dark Breed,"['alien-invasion-sci-fi-Copy1', 'alien-invasion-sci-fi', 'b-horror', 'space-sci-fi']"
Teenage Space Vampires,"['alien-invasion-sci-fi-Copy1', 'alien-invasion-sci-fi']"
Earth Minus Zero,"['alien-invasion-sci-fi-Copy1', 'alien-invasion-sci-fi']"
Attack from Space,"['alien-invasion-sci-fi-Copy1', 'alien-invasion-sci-fi', 'b-action', 'superhero-action']"
Zarkorr! The Invader,"['alien-invasion-sci-fi-Copy1', 'alien-invasion-sci-fi', 'giant-monster-sci-fi']"
Laserhawk,"['alien-invasion-sci-fi-Copy1', 'alien-invasion-sci-fi']"
The Cremators,"['alien-invasion-sci-fi-Copy1', 'alien-invasion-sci-fi']"
Last Man,"['alien-invasion-sci-fi-Copy1', 'alien-invasion-sci-fi']"
Mars Attacks the World,"['alien-invasion-sci-fi-Copy1', 'alien-invasion-sci-fi']"
Kraa! The Sea Monster,"['alien-invasion-sci-fi-Copy1', 'alien-invasion-sci-fi', 'giant-monster-sci-fi']"
Invasion Earth,"['alien-invasion-sci-fi-Copy1', 'alien-invasion-sci-fi']"
Snowfall,"['alien-invasion-sci-fi-Copy1', 'alien-invasion-sci-fi']"
Emergence,"['alien-invasion-sci-fi-Copy1', 'alien-invasion-sci-fi']"
Star Blazers,"['alien-invasion-sci-fi-Copy1', 'alien-invasion-sci-fi']"
Alien Surveillance,"['alien-invasion-sci-fi-Copy1', 'alien-invasion-sci-fi']"
The Fall,"['alien-invasion-sci-fi-Copy1', 'alien-invasion-sci-fi']"
Galaxy Four,"['alien-invasion-sci-fi-Copy1', 'alien-invasion-sci-fi']"
Legend of the Shadowy Ninja: The Ninja Dragon,"['alien-invasion-sci-fi-Copy1', 'alien-invasion-sci-fi']"
Seres,"['alien-invasion-sci-fi-Copy1', 'alien-invasion-sci-fi']"
E.D.F.,"['alien-invasion-sci-fi-Copy1', 'alien-invasion-sci-fi']"
Crab Walkers,"['alien-invasion-sci-fi-Copy1', 'alien-invasion-sci-fi']"
Earthfall,"['alien-invasion-sci-fi-Copy1', 'alien-invasion-sci-fi', 'space-sci-fi']"
Apocalypse Machines,"['alien-invasion-sci-fi-Copy1', 'alien-invasion-sci-fi']"
Miss Universe Saves the Earth,"['alien-invasion-sci-fi-Copy1', 'alien-invasion-sci-fi']"
Revoc,"['alien-invasion-sci-fi-Copy1', 'alien-invasion-sci-fi']"
The Silver,"['alien-invasion-sci-fi-Copy1', 'alien-invasion-sci-fi']"
RNWY: The Motion Picture,"['alien-invasion-sci-fi-Copy1', 'alien-invasion-sci-fi']"
Alien at Large,"['alien-invasion-sci-fi-Copy1', 'alien-invasion-sci-fi']"
Protraction,"['alien-invasion-sci-fi-Copy1', 'alien-invasion-sci-fi']"
Revenge on the Nerds,"['alien-invasion-sci-fi-Copy1', 'alien-invasion-sci-fi']"
Resistance,"['alien-invasion-sci-fi-Copy1', 'alien-invasion-sci-fi']"
The Untitled Jerome Elston Scott Project,"['alien-invasion-sci-fi-Copy1', 'alien-invasion-sci-fi']"
Earth the Final Chapter,"['alien-invasion-sci-fi-Copy1', 'alien-invasion-sci-fi']"
Punks vs Aliens,"['alien-invasion-sci-fi-Copy1', 'alien-invasion-sci-fi']"
Perpetual,"['alien-invasion-sci-fi-Copy1', 'alien-invasion-sci-fi']"
Bright Blue,"['alien-invasion-sci-fi-Copy1', 'alien-invasion-sci-fi']"
The Replacements,['american-football-sport']
Jerry Maguire,"['american-football-sport', 'feel-good-romance', 'romantic-comedy', 'workplace-drama']"
The Longest Yard,"['american-football-sport', 'american-football-sport', 'prison-drama', 'prison-drama']"
Remember the Titans,"['american-football-sport', 'docudrama']"
The Waterboy,"['american-football-sport', 'slapstick-comedy']"
The Blind Side,"['american-football-sport', 'docudrama']"
Varsity Blues,"['american-football-sport', 'teen-drama']"
Rudy,"['american-football-sport', 'coming-of-age-drama', 'docudrama', 'period-drama']"
Friday Night Lights,"['american-football-sport', 'docudrama']"
Underdogs,"['american-football-sport', 'cg-animation', 'soccer-sport']"
Next Goal Wins,"['american-football-sport', 'soccer-sport']"
Little Giants,['american-football-sport']
Draft Day,['american-football-sport']
Blue Crush,"['american-football-sport', 'aquatic-sport', 'coming-of-age-drama']"
Radio,"['american-football-sport', 'docudrama', 'period-drama']"
The Game Plan,['american-football-sport']
Invincible,"['american-football-sport', 'docudrama', 'superhero-action']"
Gridiron Gang,"['american-football-sport', 'true-crime']"
We Are Marshall,"['american-football-sport', 'docudrama']"
Home Team,"['american-football-sport', 'soccer-sport']"
80 for Brady,['american-football-sport']
American Underdog,['american-football-sport']
Heaven Can Wait,"['american-football-sport', 'body-swap-comedy', 'high-concept-comedy', 'supernatural-fantasy']"
Greater,['american-football-sport']
Concussion,['american-football-sport']
Balls Out,['american-football-sport']
The Program,['american-football-sport']
Facing the Giants,['american-football-sport']
12 Mighty Orphans,['american-football-sport']
My All-American,['american-football-sport']
Safety,['american-football-sport']
Semi-Tough,"['american-football-sport', 'buddy-comedy', 'dark-comedy', 'raunchy-comedy', 'satire-comedy']"
23 Blast,['american-football-sport']
The Express,['american-football-sport']
Woodlawn,['american-football-sport']
Brian Banks,['american-football-sport']
When the Game Stands Tall,['american-football-sport']
Air Bud: Golden Receiver,['american-football-sport']
Horse Feathers,"['american-football-sport', 'classic-musical', 'farce-comedy', 'satire-comedy', 'slapstick-comedy']"
Touchback,['american-football-sport']
Gus,"['american-football-sport', 'slapstick-comedy']"
Everybody's All-American,['american-football-sport']
Undefeated,['american-football-sport']
Run the Race,['american-football-sport']
Good News,"['american-football-sport', 'classic-musical', 'pop-musical', 'romantic-comedy']"
Trouble Along the Way,"['american-football-sport', 'satire-comedy']"
Carter High,['american-football-sport']
Hometown Legend,['american-football-sport']
The Last Whistle,['american-football-sport']
Possums,['american-football-sport']
West Point,['american-football-sport']
So This Is College,"['american-football-sport', 'teen-comedy', 'teen-drama', 'teen-romance']"
College Coach,"['american-football-sport', 'teen-drama', 'workplace-drama']"
Harvard Beats Yale 29-29,['american-football-sport']
Crazylegs,['american-football-sport']
Elway,['american-football-sport']
Return to Campus,['american-football-sport']
Traded,['american-football-sport']
The Magician,"['american-football-sport', 'dark-fantasy', 'satire-comedy', 'supernatural-horror']"
Lombardi,['american-football-sport']
Largent,['american-football-sport']
The 12th Man,['american-football-sport']
TNA Wrestling: Slammiversary,['american-football-sport']
The Season aka Rosenbloom,['american-football-sport']
The Many Lives of Nick Buoniconti,['american-football-sport']
NFL '68: The Year of the Game,['american-football-sport']
Bell Rung,['american-football-sport']
First and Goal,['american-football-sport']
AFL-NFL World Championship Game,"['american-football-sport', 'american-football-sport']"
Massapequa,['american-football-sport']
I Am Giant,['american-football-sport']
The Kicker,['american-football-sport']
The Pottsville Maroons,['american-football-sport']
NFL 1967,['american-football-sport']
Hawk,['american-football-sport']
Fritz Pollard,['american-football-sport']
The Safety,['american-football-sport']
The Letter,['american-football-sport']
A Hail Mary,['american-football-sport']
The Boys in the Boat,"['aquatic-sport', 'coming-of-age-drama', 'docudrama']"
Young Woman and the Sea,['aquatic-sport']
Soul Surfer,['aquatic-sport']
Point Break,"['aquatic-sport', 'heist-crime']"
Nyad,"['aquatic-sport', 'docudrama']"
The Big Blue,"['aquatic-sport', 'sea-adventure']"
The Swimmers,"['aquatic-sport', 'docudrama']"
Surf Ninjas,"['aquatic-sport', 'slapstick-comedy']"
Drown,['aquatic-sport']
Chasing Mavericks,['aquatic-sport']
Swimming with Men,['aquatic-sport']
Big Wednesday,"['aquatic-sport', 'coming-of-age-drama', 'period-drama']"
The Novice,"['aquatic-sport', 'psychological-drama']"
Meet the Deedles,"['aquatic-sport', 'buddy-comedy']"
The Endless Summer,['aquatic-sport']
Wind,['aquatic-sport']
Pride,['aquatic-sport']
The Swimmer,['aquatic-sport']
Madison,['aquatic-sport']
Maiden,"['aquatic-sport', 'sea-adventure']"
Riding Giants,['aquatic-sport']
Bethany Hamilton: Unstoppable,['aquatic-sport']
The Endless Summer 2,['aquatic-sport']
Step Into Liquid,['aquatic-sport']
Deep Water,"['aquatic-sport', 'erotic-thriller', 'psychological-drama', 'psychological-thriller']"
Turning Tide,['aquatic-sport']
My Brother's Keeper,['aquatic-sport']
Morning Light,['aquatic-sport']
Backwards,['aquatic-sport']
Diving In,['aquatic-sport']
The Finishers,['aquatic-sport']
Free! Timeless Medley: The Bond,['aquatic-sport']
Girls of Topless Volleyball,['aquatic-sport']
Untitled Charlize Theron/Netflix Project,['aquatic-sport']
Proximity,['aquatic-sport']
Tri,['aquatic-sport']
Billabong Odyssey,['aquatic-sport']
Free! Take your Marks,['aquatic-sport']
Locked in!,['aquatic-sport']
North Shore Wave Warriors,['aquatic-sport']
The Price of Gold,['aquatic-sport']
The Lipton Cup: Introducing Sir Thomas Lipton,['aquatic-sport']
Shui shang chun qiu,['aquatic-sport']
Hot Rod Action,['aquatic-sport']
AquaStar,['aquatic-sport']
"Greg Noll, Lost and Found",['aquatic-sport']
View from a Blue Moon,['aquatic-sport']
Companion,"['artificial-intelligence-sci-fi', 'dark-comedy', 'psychological-thriller']"
The Wild Robot,"['artificial-intelligence-sci-fi', 'cg-animation', 'survival-adventure']"
Subservience,['artificial-intelligence-sci-fi']
Her,['artificial-intelligence-sci-fi']
The Terminator,"['artificial-intelligence-sci-fi', 'cyberpunk-sci-fi', 'dystopian-sci-fi', 'time-travel-sci-fi', 'urban-adventure']"
2001: A Space Odyssey,"['artificial-intelligence-sci-fi', 'epic-adventure', 'epic-drama', 'epic-sci-fi', 'psychological-drama', 'space-sci-fi']"
Blade Runner,"['artificial-intelligence-sci-fi', 'cyber-thriller', 'cyberpunk-sci-fi', 'dystopian-sci-fi']"
Wallace & Gromit: Vengeance Most Fowl,"['artificial-intelligence-sci-fi', 'buddy-comedy', 'farce-comedy', 'slapstick-comedy']"
Free Guy,"['artificial-intelligence-sci-fi', 'high-concept-comedy', 'superhero-action']"
Ex Machina,"['artificial-intelligence-sci-fi', 'psychological-thriller']"
Avengers: Age of Ultron,"['artificial-intelligence-sci-fi', 'superhero-action', 'urban-adventure']"
WALL·E,"['artificial-intelligence-sci-fi', 'cg-animation', 'dystopian-sci-fi', 'epic-adventure', 'space-sci-fi']"
Upgrade,"['artificial-intelligence-sci-fi', 'cyber-thriller', 'cyberpunk-sci-fi', 'dystopian-sci-fi']"
Terminator: Dark Fate,"['artificial-intelligence-sci-fi', 'cyberpunk-sci-fi', 'time-travel-sci-fi']"
Tron: Legacy,"['artificial-intelligence-sci-fi', 'cyberpunk-sci-fi']"
M3GAN,"['artificial-intelligence-sci-fi', 'cyber-thriller', 'slasher-horror']"
A.I. Artificial Intelligence,"['artificial-intelligence-sci-fi', 'epic-sci-fi']"
Y2K,"['artificial-intelligence-sci-fi', 'teen-comedy', 'teen-horror']"
Morgan,"['artificial-intelligence-sci-fi', 'martial-arts-action']"
Big Hero 6,"['artificial-intelligence-sci-fi', 'cg-animation', 'quest-adventure', 'superhero-action']"
"I, Robot","['artificial-intelligence-sci-fi', 'cyber-thriller', 'cyberpunk-sci-fi']"
Ghost in the Shell,"['artificial-intelligence-sci-fi', 'artificial-intelligence-sci-fi', 'cop-drama', 'cyber-thriller', 'cyber-thriller', 'cyberpunk-sci-fi', 'cyberpunk-sci-fi', 'dystopian-sci-fi', 'dystopian-sci-fi', 'police-procedural-crime', 'psychological-drama', 'psychological-thriller', 'superhero-action', 'suspense-mystery']"
Finch,"['artificial-intelligence-sci-fi', 'dystopian-sci-fi', 'road-trip-adventure', 'survival-adventure']"
Afraid,"['artificial-intelligence-sci-fi', 'teen-horror']"
Extinction,"['artificial-intelligence-sci-fi', 'space-sci-fi']"
The Mitchells vs. the Machines,"['artificial-intelligence-sci-fi', 'cg-animation', 'quirky-comedy', 'road-trip-adventure']"
Tron,"['artificial-intelligence-sci-fi', 'cyberpunk-sci-fi', 'superhero-action']"
I Am Mother,['artificial-intelligence-sci-fi']
Transcendence,['artificial-intelligence-sci-fi']
Chappie,"['artificial-intelligence-sci-fi', 'cyber-thriller']"
Flight of the Navigator,"['artificial-intelligence-sci-fi', 'quest-adventure', 'space-sci-fi', 'time-travel-sci-fi']"
Short Circuit,"['artificial-intelligence-sci-fi', 'quirky-comedy']"
Archive,['artificial-intelligence-sci-fi']
2010: The Year We Make Contact,"['artificial-intelligence-sci-fi', 'epic-sci-fi', 'space-sci-fi']"
Virtuosity,"['artificial-intelligence-sci-fi', 'cyber-thriller', 'cyberpunk-sci-fi']"
Bicentennial Man,['artificial-intelligence-sci-fi']
Westworld,"['artificial-intelligence-sci-fi', 'dystopian-sci-fi']"
Automata,"['artificial-intelligence-sci-fi', 'dark-comedy']"
The Stepford Wives,"['artificial-intelligence-sci-fi', 'dark-comedy', 'satire-comedy']"
Wifelike,['artificial-intelligence-sci-fi']
Oxygen,"['artificial-intelligence-sci-fi', 'psychological-drama']"
Ron's Gone Wrong,"['artificial-intelligence-sci-fi', 'cg-animation']"
After Yang,['artificial-intelligence-sci-fi']
I'm Your Man,"['artificial-intelligence-sci-fi', 'romantic-comedy']"
Robots,"['artificial-intelligence-sci-fi', 'cg-animation', 'steampunk-sci-fi']"
S1m0ne,"['artificial-intelligence-sci-fi', 'satire-comedy']"
Astro Boy,"['artificial-intelligence-sci-fi', 'cg-animation', 'slapstick-comedy', 'space-sci-fi', 'superhero-action']"
D.A.R.Y.L.,['artificial-intelligence-sci-fi']
Demon Seed,['artificial-intelligence-sci-fi']
The Machine,"['artificial-intelligence-sci-fi', 'dark-comedy']"
Stealth,"['artificial-intelligence-sci-fi', 'superhero-action']"
Futureworld,"['artificial-intelligence-sci-fi', 'dystopian-sci-fi']"
Halloween III: Season of the Witch,"['artificial-intelligence-sci-fi', 'cyber-thriller', 'supernatural-horror', 'suspense-mystery']"
Looker,"['artificial-intelligence-sci-fi', 'cyberpunk-sci-fi']"
Margaux,"['artificial-intelligence-sci-fi', 'cyber-thriller', 'teen-horror']"
Zoe,['artificial-intelligence-sci-fi']
Singularity,['artificial-intelligence-sci-fi']
Ghost in the Shell 2: Innocence,"['artificial-intelligence-sci-fi', 'cyber-thriller', 'cyberpunk-sci-fi']"
Summer Wars,['artificial-intelligence-sci-fi']
Star Kid,['artificial-intelligence-sci-fi']
The Computer Wore Tennis Shoes,['artificial-intelligence-sci-fi']
Superintelligence,['artificial-intelligence-sci-fi']
Zone 414,"['artificial-intelligence-sci-fi', 'cyberpunk-sci-fi']"
Jung_E,"['artificial-intelligence-sci-fi', 'dystopian-sci-fi']"
Heartbeeps,['artificial-intelligence-sci-fi']
Android,['artificial-intelligence-sci-fi']
We Put the World to Sleep,"['artificial-intelligence-sci-fi', 'cyber-thriller', 'epic-adventure', 'found-footage-horror', 'psychological-drama', 'psychological-thriller', 'quest-adventure', 'road-trip-adventure', 'suspense-mystery']"
Max Winslow and the House of Secrets,['artificial-intelligence-sci-fi']
Terra Willy,"['artificial-intelligence-sci-fi', 'space-sci-fi']"
Godzilla: Tokyo S.O.S.,"['artificial-intelligence-sci-fi', 'dinosaur-adventure', 'giant-monster-sci-fi', 'supernatural-fantasy', 'urban-adventure']"
C.H.O.M.P.S.,['artificial-intelligence-sci-fi']
Fidelity,"['artificial-intelligence-sci-fi', 'coming-of-age-drama', 'psychological-drama']"
Capsule,"['artificial-intelligence-sci-fi', 'space-sci-fi']"
Mothernet,['artificial-intelligence-sci-fi']
Garbage People: The Movie,"['artificial-intelligence-sci-fi', 'disaster-action', 'epic-adventure', 'high-concept-comedy']"
Vulcan's Hammer,['artificial-intelligence-sci-fi']
Red Meat,"['artificial-intelligence-sci-fi', 'cyberpunk-sci-fi', 'dystopian-sci-fi', 'one-person-army-action', 'psychological-drama', 'superhero-action']"
Halfway Home,['artificial-intelligence-sci-fi']
Holograms,['artificial-intelligence-sci-fi']
I Am A.I.,['artificial-intelligence-sci-fi']
APPology - sei dein bestes Ich,['artificial-intelligence-sci-fi']
Echo,['artificial-intelligence-sci-fi']
Darkeye: CyberHunt,['artificial-intelligence-sci-fi']
I-Volution,['artificial-intelligence-sci-fi']
Artificial Rage,['artificial-intelligence-sci-fi']
I Have Dominion,['artificial-intelligence-sci-fi']
Deep Echo,['artificial-intelligence-sci-fi']
Diaspora,['artificial-intelligence-sci-fi']
Sepulchar 7,['artificial-intelligence-sci-fi']
Untitled Artificial Intelligence Courtroom Project,['artificial-intelligence-sci-fi']
[In]fusion,['artificial-intelligence-sci-fi']
Integrating Anna,['artificial-intelligence-sci-fi']
Construct,['artificial-intelligence-sci-fi']
"Human, Anew",['artificial-intelligence-sci-fi']
Android Kunjappan Ver 5.25,['artificial-intelligence-sci-fi']
Laverna,['artificial-intelligence-sci-fi']
Log In,['artificial-intelligence-sci-fi']
The Floating World,"['artificial-intelligence-sci-fi', 'dystopian-sci-fi']"
The Singularity War,['artificial-intelligence-sci-fi']
Replication,['artificial-intelligence-sci-fi']
The Robot Did It,"['artificial-intelligence-sci-fi', 'quirky-comedy']"
Clementine,['artificial-intelligence-sci-fi']
Edifice,['artificial-intelligence-sci-fi']
Wingman,['artificial-intelligence-sci-fi']
Henrik Yde's Auto,['artificial-intelligence-sci-fi']
Sara,['artificial-intelligence-sci-fi']
III,['artificial-intelligence-sci-fi']
Dreamhaus,['artificial-intelligence-sci-fi']
Cras Langley,['artificial-intelligence-sci-fi']
Frozen Soil,['artificial-intelligence-sci-fi']
Hope: A Message from the Future,['artificial-intelligence-sci-fi']
Robot Child,['artificial-intelligence-sci-fi']
Day I See You,['artificial-intelligence-sci-fi']
Machine Language,['artificial-intelligence-sci-fi']
Aware,['artificial-intelligence-sci-fi']
Primordial Code,['artificial-intelligence-sci-fi']
Into the Deep,"['b-action', 'psychological-thriller', 'true-crime']"
Mad Max,"['b-action', 'car-action', 'desert-adventure', 'dystopian-sci-fi']"
Escape from New York,"['b-action', 'dystopian-sci-fi', 'urban-adventure']"
Bloodsport,"['b-action', 'martial-arts-action']"
Death Race 2000,"['b-action', 'car-action', 'dark-comedy', 'dystopian-sci-fi']"
The Toxic Avenger,"['b-action', 'b-horror', 'b-horror', 'body-horror', 'dark-comedy', 'monster-horror', 'satire-comedy', 'splatter-horror', 'splatter-horror', 'superhero-action']"
Kickboxer,"['b-action', 'boxing-sport', 'martial-arts-action']"
Cyborg,['b-action']
Over the Top,['b-action']
Iron Sky,"['b-action', 'space-sci-fi', 'steampunk-sci-fi']"
Saw 3D,"['b-action', 'serial-killer-crime', 'slasher-horror', 'splatter-horror']"
Runaway,"['b-action', 'cyberpunk-sci-fi']"
Assault on Precinct 13,['b-action']
War,['b-action']
Foxy Brown,['b-action']
Lionheart,"['b-action', 'dark-comedy']"
Double Impact,['b-action']
Coffy,"['b-action', 'dark-comedy']"
El Mariachi,"['b-action', 'contemporary-western', 'dark-comedy', 'gun-fu-action']"
Showdown in Little Tokyo,"['b-action', 'martial-arts-action']"
"Faster, Pussycat! Kill! Kill!","['b-action', 'dark-comedy']"
Marked for Death,"['b-action', 'dark-comedy', 'martial-arts-action', 'one-person-army-action']"
Stone Cold,['b-action']
Duchess,['b-action']
Starcrash,"['b-action', 'space-sci-fi']"
Samurai Cop,"['b-action', 'dark-comedy', 'samurai-action']"
Vendetta,"['b-action', 'one-person-army-action']"
Nemesis,"['b-action', 'cyberpunk-sci-fi', 'dystopian-sci-fi', 'gun-fu-action']"
Ruthless,"['b-action', 'film-noir']"
Remo Williams: The Adventure Begins,['b-action']
Missing in Action,"['b-action', 'jungle-adventure', 'one-person-army-action']"
Cosmic Sin,"['b-action', 'space-sci-fi']"
Acts of Vengeance,"['b-action', 'one-person-army-action']"
Miami Connection,"['b-action', 'martial-arts-action']"
Doom: Annihilation,"['b-action', 'b-horror', 'dark-comedy', 'supernatural-horror']"
The 10th Victim,"['b-action', 'dark-comedy', 'dark-romance', 'dystopian-sci-fi', 'satire-comedy']"
Invasion U.S.A.,['b-action']
Skyscraper,"['b-action', 'disaster-action']"
2-Headed Shark Attack,"['b-action', 'b-horror', 'monster-horror']"
To the Limit,['b-action']
Surf Nazis Must Die,['b-action']
Wanted: Dead or Alive,['b-action']
Dolemite,['b-action']
American Siege,['b-action']
Stowaway,"['b-action', 'space-sci-fi']"
Sniper: Reloaded,['b-action']
Sniper: Legacy,['b-action']
Enter the Ninja,['b-action']
Prayer of the Rollerboys,"['b-action', 'dystopian-sci-fi']"
Gymkata,"['b-action', 'dark-comedy']"
Vanquish,['b-action']
The Valley of Gwangi,"['b-action', 'dinosaur-adventure', 'giant-monster-sci-fi']"
The Legend of the 7 Golden Vampires,"['b-action', 'b-horror', 'martial-arts-action', 'vampire-horror']"
Bucktown,['b-action']
Six-String Samurai,"['b-action', 'dystopian-sci-fi', 'one-person-army-action', 'parody-comedy', 'samurai-action']"
Double Trouble,"['b-action', 'buddy-cop-comedy']"
Laser Mission,['b-action']
Alley Cat,['b-action']
10 Minutes Gone,"['b-action', 'heist-crime']"
City Limits,"['b-action', 'dystopian-sci-fi']"
Reptilicus,"['b-action', 'b-horror', 'giant-monster-sci-fi', 'monster-horror']"
Five Elements Ninjas,"['b-action', 'martial-arts-action']"
Hard Kill,['b-action']
Undefeatable,"['b-action', 'martial-arts-action']"
The Keeper,"['b-action', 'one-person-army-action']"
Attack Force,['b-action']
Across the Pacific,"['b-action', 'jungle-adventure', 'one-person-army-action', 'political-drama']"
Instinct to Kill,['b-action']
FDR: American Badass!,['b-action']
Against the Dark,"['b-action', 'b-horror', 'zombie-horror']"
Master of the Flying Guillotine,"['b-action', 'kung-fu-action', 'martial-arts-action']"
The Steel Helmet,"['b-action', 'political-drama']"
Pistol Whipped,['b-action']
Hollywood Cop,['b-action']
Blastfighter,"['b-action', 'one-person-army-action']"
L.A. Wars,['b-action']
Black Samson,['b-action']
The Ambassador,"['b-action', 'political-drama', 'political-thriller', 'spy-thriller']"
Lust for Freedom,['b-action']
Action U.S.A.,['b-action']
The Lion,"['b-action', 'coming-of-age-drama', 'jungle-adventure']"
Gale Force,['b-action']
Black Samurai,"['b-action', 'kung-fu-action', 'martial-arts-action']"
Hurricane Smith,"['b-action', 'film-noir']"
To Boldly Flee,"['b-action', 'epic-sci-fi', 'parody-comedy', 'satire-comedy']"
Shatter,"['b-action', 'martial-arts-action']"
Night of the Warrior,"['b-action', 'martial-arts-action']"
Hostile Forces,"['b-action', 'one-person-army-action']"
Sealed Cargo,"['b-action', 'spy-thriller', 'workplace-drama']"
Raven,['b-action']
Guardian Angel,"['b-action', 'one-person-army-action']"
Maximum Force,['b-action']
Solomon King,['b-action']
Body Armor,['b-action']
Sweet Revenge,"['b-action', 'heist-crime']"
Amityville Uprising,"['b-action', 'b-horror', 'zombie-horror']"
The Other Side,['b-action']
Dark Angels,"['b-action', 'drug-crime', 'epic-drama', 'psychological-drama', 'superhero-action', 'tragedy-drama']"
L.A. Vice,['b-action']
Counterforce,['b-action']
Coldfire,"['b-action', 'conspiracy-thriller']"
The Trigonal: Fight for Justice,"['b-action', 'martial-arts-action']"
Last Run,"['b-action', 'spy-thriller']"
Gambler's Choice,"['b-action', 'film-noir', 'period-drama', 'political-drama', 'tragedy-drama', 'tragic-romance']"
Enchanted Island,"['b-action', 'period-drama', 'steamy-romance', 'survival-adventure']"
Blood Is Thicker,"['b-action', 'contemporary-western', 'survival-adventure']"
Lockdown,['b-action']
"Scratchy, Cage and Tumbleweed","['b-action', 'high-concept-comedy']"
Below the Sea,"['b-action', 'quest-adventure', 'sea-adventure', 'steamy-romance']"
Intercity,"['b-action', 'disaster-action', 'one-person-army-action']"
The Last House on the Left,"['b-horror', 'b-horror', 'gangster-crime', 'serial-killer-crime', 'slasher-horror', 'slasher-horror', 'splatter-horror', 'splatter-horror']"
Piglet,"['b-horror', 'slasher-horror']"
The Texas Chain Saw Massacre,"['b-horror', 'slasher-horror', 'splatter-horror', 'teen-horror']"
Tremors,"['b-horror', 'dark-comedy', 'monster-horror']"
The Blair Witch Project,"['b-horror', 'folk-horror', 'found-footage-horror', 'supernatural-horror', 'tragedy-drama', 'witch-horror']"
The Evil Dead,"['b-horror', 'dark-comedy', 'splatter-horror', 'supernatural-horror', 'teen-horror', 'zombie-horror']"
Halloween,"['b-horror', 'serial-killer-crime', 'slasher-horror', 'slasher-horror', 'slasher-horror', 'teen-horror', 'teen-horror', 'teen-horror']"
Friday the 13th,"['b-horror', 'slasher-horror', 'slasher-horror', 'survival-adventure', 'survival-adventure', 'suspense-mystery', 'suspense-mystery', 'teen-horror', 'teen-horror']"
Dead Alive,"['b-horror', 'body-horror', 'dark-comedy', 'dark-fantasy', 'slapstick-comedy', 'splatter-horror', 'zombie-horror']"
Sleepaway Camp,"['b-horror', 'slasher-horror', 'teen-horror']"
Piranha,"['b-horror', 'jungle-adventure']"
House,"['b-horror', 'dark-comedy', 'dark-fantasy', 'supernatural-horror']"
Night of the Living Dead,"['b-horror', 'supernatural-horror', 'survival-adventure', 'survival-adventure', 'zombie-horror', 'zombie-horror']"
Sting,"['b-horror', 'dark-comedy', 'monster-horror']"
Paranormal Activity,"['b-horror', 'found-footage-horror', 'supernatural-horror']"
Mouse of Horrors,"['b-horror', 'slasher-horror']"
The Slumber Party Massacre,"['b-horror', 'slasher-horror', 'teen-horror']"
The Terror Within,"['b-horror', 'monster-horror']"
Scream Bloody Murder,"['b-horror', 'slasher-horror', 'slasher-horror']"
Friday the 13th Part 2,"['b-horror', 'slasher-horror', 'survival-adventure', 'suspense-mystery', 'teen-horror']"
The Hills Have Eyes,"['b-horror', 'slasher-horror', 'slasher-horror', 'splatter-horror']"
The Burning,"['b-horror', 'dark-comedy', 'slasher-horror', 'teen-horror']"
The Sand,"['b-horror', 'monster-horror']"
The Last Days on Mars,"['b-horror', 'dark-comedy', 'space-sci-fi']"
Night of the Creeps,"['b-horror', 'parody-comedy', 'teen-comedy', 'zombie-horror']"
"Silent Night, Deadly Night","['b-horror', 'holiday-season', 'slasher-horror']"
Open Water,"['b-horror', 'sea-adventure', 'survival-adventure']"
Carnival of Souls,"['b-horror', 'supernatural-horror']"
Life After Beth,"['b-horror', 'dark-comedy', 'dark-fantasy', 'farce-comedy', 'supernatural-fantasy', 'supernatural-horror', 'zombie-horror']"
Eaten Alive,"['b-horror', 'slasher-horror']"
Madman,"['b-horror', 'slasher-horror']"
Manos: The Hands of Fate,"['b-horror', 'folk-horror', 'supernatural-horror']"
Happy Birthday to Me,"['b-horror', 'slasher-horror', 'teen-horror']"
The Little Mermaid,"['b-horror', 'fairy-tale-fantasy', 'fairy-tale-fantasy', 'feel-good-romance', 'feel-good-romance', 'sea-adventure', 'sea-adventure', 'swashbuckler-adventure', 'teen-romance']"
Ghoulies,['b-horror']
The Toxic Avenger Part II,"['b-horror', 'parody-comedy', 'slapstick-comedy', 'superhero-action']"
Antropophagus,"['b-horror', 'slasher-horror']"
Attack of the 50 Foot Woman,"['b-horror', 'giant-monster-sci-fi']"
The Mutilator,"['b-horror', 'dark-comedy', 'slasher-horror', 'teen-horror']"
Mouseboat Massacre,"['b-horror', 'slasher-horror']"
The Raven,"['b-horror', 'b-horror', 'dark-comedy', 'dark-fantasy', 'serial-killer-crime', 'supernatural-fantasy']"
Curse of the Demon,"['b-horror', 'dark-fantasy', 'folk-horror', 'psychological-thriller', 'supernatural-fantasy', 'supernatural-horror', 'suspense-mystery', 'witch-horror']"
The Island of Dr. Moreau,"['b-horror', 'body-horror', 'body-horror', 'dark-fantasy', 'dystopian-sci-fi', 'psychological-thriller']"
The Final Terror,"['b-horror', 'slasher-horror']"
Hell of the Living Dead,"['b-horror', 'zombie-horror']"
The Wasp Woman,"['b-horror', 'body-horror', 'giant-monster-sci-fi', 'monster-horror']"
Slaughterhouse Rock,['b-horror']
Bloody Birthday,"['b-horror', 'slasher-horror']"
Citizen Toxie: The Toxic Avenger IV,"['b-horror', 'dark-comedy', 'parody-comedy', 'satire-comedy', 'slapstick-comedy', 'superhero-action']"
Mirror Mirror,"['b-horror', 'coming-of-age-drama', 'supernatural-horror', 'sword-and-sorcery-fantasy', 'teen-drama', 'tragedy-drama']"
The Illustrated Man,"['b-horror', 'dark-fantasy', 'space-sci-fi', 'tragedy-drama']"
The Brain That Wouldn't Die,"['b-horror', 'body-horror']"
White Dog,"['b-horror', 'psychological-drama', 'splatter-horror', 'tragedy-drama']"
Saturday the 14th,"['b-horror', 'parody-comedy', 'vampire-horror']"
Rats: Night of Terror,['b-horror']
Mosquito,['b-horror']
Creepozoids,['b-horror']
Nightbeast,['b-horror']
Terror Firmer,"['b-horror', 'satire-comedy', 'slapstick-comedy', 'splatter-horror']"
Ben,['b-horror']
Cannibals in the Streets,['b-horror']
The Abominable Snowman,['b-horror']
The Hills Have Eyes Part II,"['b-horror', 'slasher-horror']"
Blood Rage,"['b-horror', 'slasher-horror']"
Blood Feast,"['b-horror', 'slasher-horror']"
The Wizard of Gore,"['b-horror', 'splatter-horror']"
Desert Fiends 2,"['b-horror', 'raunchy-comedy']"
Carnosaur,"['b-horror', 'dark-comedy']"
Mutant,['b-horror']
Dark Ride,"['b-horror', 'slasher-horror', 'teen-horror']"
Who's Watching Oliver,"['b-horror', 'slasher-horror', 'splatter-horror']"
The Haunting of Molly Hartley,"['b-horror', 'coming-of-age-drama', 'supernatural-horror', 'teen-drama', 'teen-horror']"
Two Thousand Maniacs!,"['b-horror', 'slasher-horror']"
Cocaine Shark,['b-horror']
Contamination,"['b-horror', 'body-horror', 'space-sci-fi']"
Shark Attack 3: Megalodon,['b-horror']
Lust of the Vampire,"['b-horror', 'vampire-horror']"
The Ritual,"['b-horror', 'body-horror', 'folk-horror', 'monster-horror', 'slasher-horror']"
Ghoulies II,['b-horror']
Prevenge,"['b-horror', 'dark-comedy', 'raunchy-comedy', 'slasher-horror', 'splatter-horror', 'supernatural-horror']"
Horrors of Spider Island,['b-horror']
The Dead Pit,"['b-horror', 'supernatural-horror']"
Spiders,"['b-horror', 'space-sci-fi']"
The Curse of Humpty Dumpty,['b-horror']
Snow Falls,['b-horror']
Satanic Hispanics,"['b-horror', 'supernatural-horror']"
Warlock: The Armageddon,"['b-horror', 'supernatural-horror', 'witch-horror']"
Final Exam,"['b-horror', 'slasher-horror']"
Monster on the Campus,"['b-horror', 'monster-horror']"
Bigfoot,['b-horror']
The Last Broadcast,"['b-horror', 'found-footage-horror']"
Frightmare,"['b-horror', 'dark-comedy', 'quirky-comedy', 'showbiz-drama', 'slasher-horror', 'slasher-horror', 'supernatural-horror', 'teen-horror']"
Nightmare City,"['b-horror', 'body-horror', 'zombie-horror']"
Doctor X,"['b-horror', 'monster-horror', 'psychological-thriller', 'slapstick-comedy', 'whodunnit-mystery']"
"Hemet, or the Landlady Don't Drink Tea","['b-horror', 'dark-comedy', 'farce-comedy', 'high-concept-comedy', 'political-thriller', 'raunchy-comedy', 'satire-comedy', 'serial-killer-crime', 'slasher-horror', 'zombie-horror']"
Oasis of the Zombies,"['b-horror', 'zombie-horror']"
The Beast of Yucca Flats,['b-horror']
Summer Camp,['b-horror']
The Crawlers,['b-horror']
Cold Ground,"['b-horror', 'found-footage-horror']"
Ghoulies IV,['b-horror']
Warlock III: The End of Innocence,"['b-horror', 'supernatural-horror', 'witch-horror']"
FleshEater,"['b-horror', 'body-horror']"
Antisocial,"['b-horror', 'cyber-thriller', 'zombie-horror']"
The Haunting of Margam Castle,"['b-horror', 'supernatural-horror']"
Hell's Trap,"['b-horror', 'slasher-horror']"
Deep Space,['b-horror']
The Ghastly Ones,['b-horror']
The Beast of Hollow Mountain,"['b-horror', 'giant-monster-sci-fi', 'monster-horror']"
After Death,"['b-horror', 'zombie-horror']"
Wacko,"['b-horror', 'parody-comedy', 'slasher-horror', 'teen-comedy', 'whodunnit-mystery']"
Terror in the Midnight Sun,['b-horror']
Cheerleader Massacre,"['b-horror', 'dark-comedy', 'slasher-horror']"
The Beach Girls and the Monster,['b-horror']
All I Need,['b-horror']
Jaws of Satan,['b-horror']
Trophy Heads,['b-horror']
Attack of the Puppet People,['b-horror']
Trick or Treats,"['b-horror', 'slasher-horror']"
The Killer Eye,"['b-horror', 'parody-comedy']"
The Undead,['b-horror']
Prom Night IV: Deliver Us from Evil,"['b-horror', 'slasher-horror', 'teen-horror']"
The Return of Doctor X,"['b-horror', 'monster-horror', 'supernatural-horror', 'suspense-mystery', 'whodunnit-mystery', 'zombie-horror']"
Midnight,"['b-horror', 'film-noir', 'screwball-comedy', 'slasher-horror', 'teen-horror']"
The Killing Tree,"['b-horror', 'slasher-horror']"
Ax 'Em,"['b-horror', 'slasher-horror', 'teen-horror']"
Nightmare at Noon,"['b-horror', 'zombie-horror']"
Psycho Cop,"['b-horror', 'dark-comedy', 'slasher-horror', 'teen-horror']"
Bluebeard,"['b-horror', 'period-drama', 'psychological-thriller', 'serial-killer-crime', 'true-crime']"
The Forest,"['b-horror', 'slasher-horror', 'supernatural-horror', 'supernatural-horror']"
Land Shark,['b-horror']
Maniac,"['b-horror', 'body-horror', 'serial-killer-crime', 'slasher-horror', 'splatter-horror']"
Feeders,['b-horror']
Night of the Ghouls,['b-horror']
Spiders II: Breeding Ground,['b-horror']
Splatter Farm,"['b-horror', 'slasher-horror']"
Cameron's Closet,"['b-horror', 'dark-fantasy', 'monster-horror', 'supernatural-fantasy', 'supernatural-horror']"
Memorial Valley Massacre,['b-horror']
Fright House,['b-horror']
Chamber of Horrors,"['b-horror', 'psychological-thriller', 'slasher-horror']"
Tale of a Vampire,"['b-horror', 'vampire-horror']"
Varan,"['b-horror', 'giant-monster-sci-fi', 'monster-horror', 'supernatural-horror']"
Amityville Karen,['b-horror']
The Amityville Moon,"['b-horror', 'werewolf-horror']"
Easter Bunny Massacre,"['b-horror', 'slasher-horror', 'teen-horror']"
Sky Monster,"['b-horror', 'monster-horror']"
Scum of the Earth,['b-horror']
Decadent Evil II,['b-horror']
Grindsploitation,['b-horror']
The Maze,['b-horror']
Half Moon,['b-horror']
Friend of the World,"['b-horror', 'body-horror', 'dark-comedy', 'dystopian-sci-fi', 'political-thriller', 'raunchy-comedy', 'satire-comedy', 'zombie-horror']"
Sexy Killer: You'll Die for Her,"['b-horror', 'slapstick-comedy', 'splatter-horror']"
Grim Reaper,"['b-horror', 'supernatural-horror']"
Blood Song,"['b-horror', 'slasher-horror']"
The Stay Awake,"['b-horror', 'supernatural-horror']"
Alone in the Ghost House,['b-horror']
Behind the Walls,['b-horror']
Slay Ride - The Movie,"['b-horror', 'psychological-drama', 'psychological-thriller', 'slasher-horror', 'supernatural-horror']"
Jurassic Shark 3: Seavenge,['b-horror']
House of the Damned,['b-horror']
The Summoning,"['b-horror', 'road-trip-adventure', 'teen-horror']"
The Last House in the Woods,['b-horror']
DarkWolf,"['b-horror', 'werewolf-horror']"
The House in Nightmare Park,"['b-horror', 'parody-comedy', 'quirky-comedy', 'slapstick-comedy']"
Santa Claws,"['b-horror', 'slasher-horror']"
CaterKillar,['b-horror']
Warlock Moon,['b-horror']
The Amityville Harvest,"['b-horror', 'vampire-horror']"
My First Year Off Campus,"['b-horror', 'satire-comedy', 'supernatural-horror', 'teen-drama', 'teen-horror']"
The Love Butcher,"['b-horror', 'slasher-horror']"
Before Someone Gets Hurt,"['b-horror', 'supernatural-horror', 'teen-horror']"
Creature with the Blue Hand,['b-horror']
The Little Girl Who Was Too Fond of Matches,"['b-horror', 'coming-of-age-drama', 'folk-horror', 'period-drama', 'psychological-drama', 'suspense-mystery', 'teen-drama', 'teen-horror']"
Death Toilet,['b-horror']
Torment,"['b-horror', 'dark-comedy', 'psychological-thriller']"
Dance Macabre,"['b-horror', 'slasher-horror']"
Zombies of Mora Tau,['b-horror']
Carnival of Sinners,"['b-horror', 'dark-fantasy', 'supernatural-fantasy', 'supernatural-horror']"
The Black Cat,"['b-horror', 'farce-comedy', 'psychological-drama', 'supernatural-horror', 'tragedy-drama', 'whodunnit-mystery', 'witch-horror']"
Killer Barbys vs. Dracula,['b-horror']
The Frozen Dead,"['b-horror', 'zombie-horror']"
Amityville Cop,['b-horror']
Don't Look in the Cellar,"['b-horror', 'slasher-horror']"
The Campus,['b-horror']
The Chainsaw Sally Show,['b-horror']
Engine Trouble,"['b-horror', 'slasher-horror']"
The Monster Walks,['b-horror']
The Horror of H.P. Lovecraft,['b-horror']
Hell on the Shelf,['b-horror']
Evil Everywhere,"['b-horror', 'satire-comedy']"
Zombie Dawn,['b-horror']
A Warning to the Curious,['b-horror']
Rock 'n' Roll Frankenstein,['b-horror']
The Hated Eight,['b-horror']
The Changing of Ben Moore,['b-horror']
Sister Krampus,"['b-horror', 'holiday-season']"
Amityville Thanksgiving,['b-horror']
Terror House,['b-horror']
Death Toilet 3: Call of Doody,['b-horror']
Death Toilet Number 2,['b-horror']
Harvest of Fear,['b-horror']
Primitive,['b-horror']
The Edge of Reality,['b-horror']
Dweller,['b-horror']
New Ventry: The Movie,['b-horror']
"A happy time of big fins, Rockabilly music and innocent teen love... Until the Martians come. In one night three teenagers have their world turned upside down when threatened by Zombie Beatniks, hopped up on space weed and bent on harvesting earth women for Martian demise. Only our square hero Johnny Keen, with help from his beatnik friend, Maynard, can defeat them. But can Johnny become ""cool"" enough in time to save his girl, Susie, and the day?! Drenched in Rockabilly music and greaser culture, ""Flying Saucer Rock N Roll"" is one swell ride from start to finish.",['b-horror']
Witch Graveyard,['b-horror']
Desperate Souls,['b-horror']
Dead Drunk,['b-horror']
One Last Sunset Redux,['b-horror']
Pajama Nightmare,['b-horror']
Terror Nation,['b-horror']
Z Is for Zombie,['b-horror']
The Sea Fiend,"['b-horror', 'sea-adventure']"
The Four,['b-horror']
Tapes from the Carnival,['b-horror']
The Blood Rage,['b-horror']
The Terror Factor,['b-horror']
Hollow,['b-horror']
Chemical Imbalance,"['b-horror', 'slasher-horror']"
Farmlands,['b-horror']
Lock Your Doors,['b-horror']
The Green-Eyed Monster,['b-horror']
Ghost Trek: Confederate Ghouls,['b-horror']
El diablo del Mar,['b-horror']
Untitled Serie B Project,['b-horror']
Devious Demon,"['b-horror', 'monster-horror', 'psychological-drama', 'supernatural-horror']"
The Last Battleground,['b-horror']
Karen: the B-Horror Movie Drinking Game,['b-horror']
Drag Doll Killer,['b-horror']
Necrophobia,"['b-horror', 'body-horror']"
Doughnut Demons,['b-horror']
El Brazo Grande vs. the Living Dead,['b-horror']
Blood Red Christmas,['b-horror']
Soul Taker,['b-horror']
Three Nights of Halloween,['b-horror']
Dead on Appraisal,['b-horror']
House of Spirits,['b-horror']
A League of Their Own,['baseball-sport']
The Sandlot,"['baseball-sport', 'coming-of-age-drama', 'teen-comedy']"
Major League,['baseball-sport']
Moneyball,"['baseball-sport', 'docudrama']"
42,"['baseball-sport', 'docudrama', 'period-drama']"
Angels in the Outfield,"['baseball-sport', 'high-concept-comedy', 'supernatural-fantasy']"
Field of Dreams,"['baseball-sport', 'supernatural-fantasy']"
You Gotta Believe,['baseball-sport']
The Bad News Bears,"['baseball-sport', 'farce-comedy', 'satire-comedy', 'slapstick-comedy']"
Trouble with the Curve,['baseball-sport']
Rookie of the Year,['baseball-sport']
Bull Durham,"['baseball-sport', 'romantic-comedy']"
The Natural,['baseball-sport']
Hardball,['baseball-sport']
BASEketball,"['baseball-sport', 'basketball-sport', 'buddy-comedy', 'parody-comedy']"
The Rookie,"['baseball-sport', 'dark-comedy', 'police-procedural-crime']"
For Love of the Game,['baseball-sport']
Fever Pitch,"['baseball-sport', 'romantic-comedy']"
Eight Men Out,['baseball-sport']
Little Big League,['baseball-sport']
Major League II,"['baseball-sport', 'slapstick-comedy']"
The Sandlot 2,['baseball-sport']
The Final Season,['baseball-sport']
Bad News Bears,"['baseball-sport', 'farce-comedy']"
Major League: Back to the Minors,['baseball-sport']
Million Dollar Arm,['baseball-sport']
The Pride of the Yankees,['baseball-sport']
The Babe,['baseball-sport']
Damn Yankees,"['baseball-sport', 'feel-good-romance']"
The Sandlot: Heading Home,['baseball-sport']
Air Bud: Seventh Inning Fetch,['baseball-sport']
Cobb,['baseball-sport']
The Bad News Bears in Breaking Training,['baseball-sport']
The Scout,['baseball-sport']
Ed,"['baseball-sport', 'slapstick-comedy']"
Sugar,['baseball-sport']
The Bingo Long Traveling All-Stars & Motor Kings,['baseball-sport']
Mr. 3000,['baseball-sport']
Running the Bases,['baseball-sport']
Amazing Grace and Chuck,"['baseball-sport', 'basketball-sport']"
Undrafted,['baseball-sport']
Talent for the Game,['baseball-sport']
The Stratton Story,['baseball-sport']
Fear Strikes Out,"['baseball-sport', 'psychological-drama']"
Take Me Out to the Ball Game,"['baseball-sport', 'romantic-comedy']"
Mickey,"['baseball-sport', 'slapstick-comedy']"
A Little Inside,['baseball-sport']
Chasing 3000,['baseball-sport']
Blue Skies Again,['baseball-sport']
Pastime,['baseball-sport']
"Say Hey, Willie Mays!",['baseball-sport']
The First of May,['baseball-sport']
Here Come the Tigers,['baseball-sport']
The Life and Times of Hank Greenberg,['baseball-sport']
"Goodbye, Franklin High",['baseball-sport']
Rain Delay,['baseball-sport']
Chappie & Me,['baseball-sport']
Playing with the Enemy,['baseball-sport']
Slugger,['baseball-sport']
My Life as a Diamond,['baseball-sport']
The Ryan Express,['baseball-sport']
Untitled Documentary About the Montreal Expos,['baseball-sport']
Outta Left Field,['baseball-sport']
The Golden Eagle,['baseball-sport']
Northpaw,['baseball-sport']
Little League Charlie,['baseball-sport']
Miracle Ball,['baseball-sport']
Baseball: An Analysis of Motion,['baseball-sport']
Legacy 31,['baseball-sport']
Diamond Mind,['baseball-sport']
Clemente,['baseball-sport']
Effa,['baseball-sport']
Infiltrada en el Diamante,['baseball-sport']
Japanese for Baseball,['baseball-sport']
The Gashouse Gang,['baseball-sport']
Hoosiers,['basketball-sport']
The Basketball Diaries,"['basketball-sport', 'true-crime']"
Air,"['basketball-sport', 'docudrama', 'period-drama']"
Champions,"['basketball-sport', 'basketball-sport']"
Space Jam,"['basketball-sport', 'high-concept-comedy', 'satire-comedy', 'slapstick-comedy', 'space-sci-fi']"
Hustle,"['basketball-sport', 'psychological-drama']"
Coach Carter,"['basketball-sport', 'docudrama']"
Uncle Drew,['basketball-sport']
Love & Basketball,"['basketball-sport', 'feel-good-romance']"
White Men Can't Jump,"['basketball-sport', 'basketball-sport', 'buddy-comedy', 'buddy-comedy']"
Space Jam: A New Legacy,"['basketball-sport', 'cg-animation', 'high-concept-comedy', 'slapstick-comedy', 'space-sci-fi']"
He Got Game,"['basketball-sport', 'coming-of-age-drama', 'teen-drama']"
Glory Road,['basketball-sport']
Air Bud,"['basketball-sport', 'high-concept-comedy', 'slapstick-comedy']"
Like Mike,"['basketball-sport', 'teen-fantasy']"
Semi-Pro,['basketball-sport']
The Sixth Man,"['basketball-sport', 'buddy-comedy']"
The First Slam Dunk,['basketball-sport']
The Way Back,"['basketball-sport', 'desert-adventure', 'globetrotting-adventure', 'survival-adventure']"
Above the Rim,['basketball-sport']
One on One,['basketball-sport']
Sweetwater,"['basketball-sport', 'docudrama']"
Rez Ball,"['basketball-sport', 'coming-of-age-drama']"
Blue Chips,['basketball-sport']
Hoop Dreams,['basketball-sport']
Just Wright,"['basketball-sport', 'feel-good-romance']"
Overcomer,['basketball-sport']
Thunderstruck,"['basketball-sport', 'teen-fantasy']"
Lady Ballers,"['basketball-sport', 'satire-comedy']"
Rise,"['basketball-sport', 'basketball-sport', 'docudrama']"
Juwanna Mann,['basketball-sport']
Tall Story,"['basketball-sport', 'screwball-comedy']"
Rebound,['basketball-sport']
The Hot Flashes,['basketball-sport']
Chang Can Dunk,['basketball-sport']
Stephen Curry: Underrated,['basketball-sport']
High Flying Bird,['basketball-sport']
Hurricane Season,['basketball-sport']
"Drive, He Said",['basketball-sport']
The Fish That Saved Pittsburgh,['basketball-sport']
The Air Up There,['basketball-sport']
Celtic Pride,['basketball-sport']
The Redeem Team,['basketball-sport']
The Winning Season,['basketball-sport']
Amateur,"['basketball-sport', 'quirky-comedy']"
The Mighty Macs,['basketball-sport']
Fast Break,['basketball-sport']
Sunset Park,"['basketball-sport', 'boxing-sport']"
Boogie,"['basketball-sport', 'coming-of-age-drama']"
More Than a Game,['basketball-sport']
"Cornbread, Earl and Me",['basketball-sport']
The World's Greatest Athlete,['basketball-sport']
Coach,['basketball-sport']
Slam Dunk Ernest,['basketball-sport']
Slamma Jamma,['basketball-sport']
Like Mike 2: Streetball,['basketball-sport']
Wolves,"['basketball-sport', 'teen-romance', 'werewolf-horror']"
Believe in Me,"['basketball-sport', 'medical-drama', 'tragedy-drama']"
The Pistol: The Birth of a Legend,['basketball-sport']
Church Ball,['basketball-sport']
Los Domirriqueños,['basketball-sport']
Ping Pong Playa,['basketball-sport']
Disgraced,['basketball-sport']
Linsanity,['basketball-sport']
Home of the Giants,['basketball-sport']
The Harlem Globetrotters,['basketball-sport']
Basketball County: In the Water,['basketball-sport']
Maurie,['basketball-sport']
Heaven Is a Playground,['basketball-sport']
The St. Tammany Miracle,['basketball-sport']
Breaking the Press,['basketball-sport']
The Heart of the Game,['basketball-sport']
Poisoned Match,['basketball-sport']
The Carter Effect,['basketball-sport']
Game Time,['basketball-sport']
Freestyle,"['basketball-sport', 'teen-romance']"
Campus Confessions,['basketball-sport']
On the Shoulders of Giants,['basketball-sport']
The Basketball Fix,"['basketball-sport', 'film-noir']"
Tony Parker: The Final Shot,['basketball-sport']
Vince Carter: Legacy,['basketball-sport']
Gunnin' for That #1 Spot,['basketball-sport']
The Year of the Yao,['basketball-sport']
The Perfect Summer,['basketball-sport']
Jumping for Joy,['basketball-sport']
Streetballers,['basketball-sport']
Streetball: Game Over,['basketball-sport']
Escaping Tomorrow,['basketball-sport']
Guarding Eddy,['basketball-sport']
Spirit of Love: The Mike Glenn Story,['basketball-sport']
MidRange,['basketball-sport']
At All Costs,['basketball-sport']
The Coach,['basketball-sport']
American Citizen,['basketball-sport']
1 Love,['basketball-sport']
Wings to Fly,['basketball-sport']
Quantum Hoops,['basketball-sport']
Pistol Pete: The Redemption of Pete Maravich,['basketball-sport']
Hughes/Rambo: A Texas Basketball Story,['basketball-sport']
Untitled Chris Paul Project,['basketball-sport']
The Throwback,['basketball-sport']
Brooklyn Basketball,['basketball-sport']
Untitled Jerry Tarkanian Project,['basketball-sport']
The Passing Game,['basketball-sport']
A Leap in the Dark,['basketball-sport']
Hoop Soldiers,['basketball-sport']
Untitled Globetrotters vs Lakers Project,['basketball-sport']
Born Different,['basketball-sport']
The White Shadow,['basketball-sport']
Basketball Jones,['basketball-sport']
Rollercoaster Ride,['basketball-sport']
Untitled Oscar Schmidt Biopic,['basketball-sport']
Ballin,['basketball-sport']
2nd Gen,"['basketball-sport', 'buddy-comedy']"
The Merc,['basketball-sport']
Love for the Game,['basketball-sport']
Basketball Don,['basketball-sport']
Washed,['basketball-sport']
Relentless,"['basketball-sport', 'boxing-sport', 'classical-western']"
Like It's Your Last,['basketball-sport']
The Game Ahead,['basketball-sport']
Legal Passion,['basketball-sport']
Late in the Season,['basketball-sport']
In the Paint,['basketball-sport']
Heartland Hoops,['basketball-sport']
The Substance,"['body-horror', 'dark-comedy', 'monster-horror', 'showbiz-drama']"
Wolf Man,"['body-horror', 'werewolf-horror']"
The Human Centipede (First Sequence),"['body-horror', 'splatter-horror']"
28 Days Later,"['body-horror', 'disaster-action', 'dystopian-sci-fi', 'epic-sci-fi', 'monster-horror', 'road-trip-adventure', 'zombie-horror']"
Nightbitch,"['body-horror', 'dark-comedy']"
Infinity Pool,"['body-horror', 'psychological-drama']"
Hellboy: The Crooked Man,"['body-horror', 'folk-horror', 'monster-horror', 'superhero-action', 'supernatural-horror', 'witch-horror', 'zombie-horror']"
The Exorcist,"['body-horror', 'supernatural-horror']"
Tusk,"['body-horror', 'dark-comedy', 'monster-horror', 'tragedy-drama']"
Death Becomes Her,"['body-horror', 'dark-comedy', 'satire-comedy']"
Old,"['body-horror', 'conspiracy-thriller', 'psychological-thriller', 'suspense-mystery']"
Evil Dead Rise,"['body-horror', 'dark-comedy', 'splatter-horror', 'supernatural-horror', 'zombie-horror']"
The Fly,"['body-horror', 'body-horror', 'tragedy-drama']"
Malignant,"['body-horror', 'serial-killer-crime', 'slasher-horror', 'splatter-horror', 'supernatural-horror']"
An American Werewolf in London,"['body-horror', 'buddy-comedy', 'dark-comedy', 'supernatural-horror', 'werewolf-horror', 'werewolf-horror']"
Hellraiser,"['body-horror', 'slasher-horror', 'supernatural-horror', 'supernatural-horror']"
Titane,"['body-horror', 'psychological-thriller', 'supernatural-horror']"
The Cloverfield Paradox,"['body-horror', 'space-sci-fi']"
Teeth,"['body-horror', 'dark-comedy']"
Altered States,['body-horror']
Saw X,"['body-horror', 'splatter-horror']"
Wishmaster,"['body-horror', 'supernatural-horror']"
Overlord,"['body-horror', 'steampunk-sci-fi', 'zombie-horror']"
Lamb,"['body-horror', 'road-trip-adventure', 'tragedy-drama']"
Apostle,"['body-horror', 'dark-fantasy', 'folk-horror', 'psychological-drama', 'psychological-thriller']"
The Taking of Deborah Logan,"['body-horror', 'found-footage-horror']"
Crimes of the Future,"['body-horror', 'dystopian-sci-fi', 'satire-comedy']"
Videodrome,"['body-horror', 'cyber-thriller']"
Cabin Fever,"['body-horror', 'body-horror', 'dark-comedy', 'splatter-horror', 'splatter-horror', 'teen-horror', 'teen-horror']"
Society,"['body-horror', 'dark-comedy', 'satire-comedy']"
Nightbreed,"['body-horror', 'dark-fantasy', 'epic-fantasy', 'monster-horror', 'slasher-horror', 'supernatural-horror']"
Dreamcatcher,['body-horror']
Thinner,['body-horror']
Leviathan,"['body-horror', 'dark-comedy', 'gangster-crime', 'legal-drama', 'tragedy-drama']"
Possessor,"['body-horror', 'cyber-thriller', 'psychological-thriller']"
Raw,"['body-horror', 'coming-of-age-drama']"
The Ruins,['body-horror']
Freaks,"['body-horror', 'showbiz-drama']"
Scanners,"['body-horror', 'conspiracy-thriller', 'tragedy-drama']"
Idle Hands,"['body-horror', 'dark-comedy', 'stoner-comedy', 'teen-horror', 'zombie-horror']"
eXistenZ,"['body-horror', 'cyber-thriller']"
Re-Animator,"['body-horror', 'dark-comedy', 'zombie-horror']"
Antlers,"['body-horror', 'folk-horror', 'monster-horror', 'suspense-mystery']"
Swamp Thing,"['body-horror', 'superhero-action']"
The Shrouds,['body-horror']
Frankenhooker,"['body-horror', 'dark-comedy', 'parody-comedy']"
Clown,"['body-horror', 'supernatural-horror']"
Frankenstein,"['body-horror', 'monster-horror', 'monster-horror', 'tragedy-drama']"
Shell,['body-horror']
The Company of Wolves,"['body-horror', 'dark-comedy', 'dark-fantasy', 'werewolf-horror']"
Sssssss: Silbido De Muerte,"['body-horror', 'tragedy-drama']"
Swallowed,['body-horror']
Basket Case,['body-horror']
The Perfection,['body-horror']
Amityville II: The Possession,"['body-horror', 'supernatural-horror']"
The Cursed,"['body-horror', 'folk-horror', 'supernatural-horror', 'werewolf-horror']"
Rabid,['body-horror']
From Beyond,['body-horror']
Wounds,"['body-horror', 'supernatural-horror']"
Splinter,['body-horror']
Doppelganger,['body-horror']
A Nightmare on Elm Street 2: Freddy's Revenge,"['body-horror', 'slasher-horror', 'supernatural-horror', 'teen-horror']"
A Nightmare on Elm Street 4: The Dream Master,"['body-horror', 'dark-comedy', 'slasher-horror', 'supernatural-horror', 'teen-horror']"
The Brood,['body-horror']
Begotten,['body-horror']
Hellbound: Hellraiser II,['body-horror']
Dr. Jekyll and Mr. Hyde,"['body-horror', 'supernatural-horror']"
Eyes Without a Face,['body-horror']
Deadgirl,['body-horror']
Replace,['body-horror']
Dagon,"['body-horror', 'dark-comedy', 'folk-horror']"
The Last Circus,"['body-horror', 'dark-comedy']"
Bride of Frankenstein,"['body-horror', 'monster-horror', 'tragedy-drama']"
A Nightmare on Elm Street: The Dream Child,"['body-horror', 'dark-comedy', 'dark-fantasy', 'slasher-horror', 'supernatural-fantasy', 'supernatural-horror', 'teen-horror']"
Shivers,['body-horror']
Body Snatchers,['body-horror']
The Wolf Man,"['body-horror', 'monster-horror', 'supernatural-horror', 'tragic-romance', 'werewolf-horror']"
Poltergeist II: The Other Side,"['body-horror', 'supernatural-horror']"
An American Werewolf in Paris,"['body-horror', 'dark-comedy', 'dark-fantasy', 'werewolf-horror']"
Afflicted,"['body-horror', 'found-footage-horror', 'vampire-horror']"
Street Trash,"['body-horror', 'dark-comedy']"
The Fly II,['body-horror']
Brain Damage,"['body-horror', 'dark-comedy']"
Honeymoon,['body-horror']
In My Skin,"['body-horror', 'dark-comedy']"
V/H/S/94,"['body-horror', 'found-footage-horror', 'monster-horror', 'splatter-horror', 'supernatural-horror', 'vampire-horror', 'zombie-horror']"
Midori,['body-horror']
The Thaw,"['body-horror', 'dystopian-sci-fi', 'monster-horror']"
Burial Ground: The Nights of Terror,['body-horror']
The Invisible Man,"['body-horror', 'psychological-thriller', 'supernatural-horror', 'suspense-mystery']"
Helter Skelter,"['body-horror', 'psychological-drama']"
Body Parts,"['body-horror', 'slasher-horror']"
Brainscan,"['body-horror', 'dark-comedy', 'slasher-horror']"
Evil Dead Burn,"['body-horror', 'supernatural-horror', 'zombie-horror']"
Dead Snow 2: Red vs. Dead,"['body-horror', 'zombie-horror']"
Sea Fever,['body-horror']
Bride of Re-Animator,"['body-horror', 'dark-comedy', 'zombie-horror']"
Nightwatch,"['body-horror', 'psychological-drama', 'psychological-thriller', 'psychological-thriller']"
The Hole in the Ground,"['body-horror', 'folk-horror']"
Poltergeist III,"['body-horror', 'supernatural-horror']"
Grave Torture,"['body-horror', 'psychological-drama']"
Xtro,['body-horror']
It's Alive,['body-horror']
Strangeland,['body-horror']
Cabin Fever 2: Spring Fever,"['body-horror', 'dark-comedy', 'splatter-horror', 'teen-horror']"
Ticks,['body-horror']
Island of Lost Souls,"['body-horror', 'film-noir']"
Tiger Stripes,['body-horror']
Little Otik,"['body-horror', 'dark-comedy', 'fairy-tale-fantasy', 'folk-horror', 'monster-horror', 'psychological-thriller', 'satire-comedy', 'splatter-horror', 'tragedy-drama']"
Devil's Due,"['body-horror', 'found-footage-horror']"
The Incredible Melting Man,"['body-horror', 'space-sci-fi']"
One Dark Night,['body-horror']
Infini,['body-horror']
The Rejuvenator,['body-horror']
Spontaneous Combustion,"['body-horror', 'dark-comedy']"
Night of Something Strange,['body-horror']
The Unknown,"['body-horror', 'dark-romance', 'psychological-thriller']"
The Resurrected,['body-horror']
Baby Blood,['body-horror']
One-Eyed Monster,"['body-horror', 'parody-comedy']"
Killer Tongue,"['body-horror', 'dark-comedy']"
Erotic Nights of the Living Dead,['body-horror']
Faust,"['body-horror', 'dark-fantasy', 'period-drama', 'psychological-drama', 'superhero-action', 'supernatural-fantasy', 'supernatural-horror', 'tragedy-drama']"
Beyond the Darkness,"['body-horror', 'slasher-horror']"
Await Further Instructions,['body-horror']
Poison,"['body-horror', 'erotic-thriller']"
The Hands of Orlac,"['body-horror', 'psychological-drama']"
K-12,"['body-horror', 'dark-fantasy', 'pop-musical', 'supernatural-fantasy', 'supernatural-horror', 'teen-fantasy', 'teen-horror', 'witch-horror']"
The Vindicator,"['body-horror', 'superhero-action']"
Tetsuo II: Body Hammer,"['body-horror', 'cyberpunk-sci-fi']"
Bad Milo,"['body-horror', 'dark-comedy']"
Mad Love,"['body-horror', 'period-drama', 'tragic-romance']"
Emesis Blue,"['body-horror', 'cg-animation', 'supernatural-horror', 'zombie-horror']"
The Stylist,['body-horror']
The Cleanse,"['body-horror', 'dark-comedy', 'monster-horror']"
Embryo,['body-horror']
Infection,['body-horror']
Fetus,['body-horror']
Rottweiler,"['body-horror', 'monster-horror']"
Exte: Hair Extensions,['body-horror']
Curse II: The Bite,['body-horror']
The Bat People,['body-horror']
Let Her Out,['body-horror']
The Invisible Woman,"['body-horror', 'period-drama', 'supernatural-horror']"
The Carrier,['body-horror']
Twinsanity,['body-horror']
Susuk,['body-horror']
The Cigarette,['body-horror']
Chemical Peel,['body-horror']
Psychic Experiment,['body-horror']
Shifter,['body-horror']
Wolfblood,['body-horror']
Metamorphosis,['body-horror']
Blood Rush,['body-horror']
The Rental,"['body-horror', 'psychological-drama', 'psychological-thriller', 'suspense-mystery']"
Blue Lake,['body-horror']
Wild Duck,"['body-horror', 'splatter-horror']"
Beginning of the End,"['body-horror', 'slasher-horror']"
Spot Me,['body-horror']
Saya,['body-horror']
17 Again,"['body-swap-comedy', 'feel-good-romance']"
Jumanji: Welcome to the Jungle,"['body-swap-comedy', 'high-concept-comedy', 'jungle-adventure', 'quest-adventure', 'supernatural-fantasy']"
13 Going on 30,"['body-swap-comedy', 'coming-of-age-drama', 'feel-good-romance', 'high-concept-comedy', 'romantic-comedy', 'teen-fantasy']"
The Emperor's New Groove,"['body-swap-comedy', 'buddy-comedy', 'jungle-adventure', 'slapstick-comedy']"
Big,"['body-swap-comedy', 'coming-of-age-drama', 'high-concept-comedy']"
Jumanji: The Next Level,"['body-swap-comedy', 'high-concept-comedy']"
Being John Malkovich,"['body-swap-comedy', 'high-concept-comedy', 'psychological-drama', 'satire-comedy', 'showbiz-drama', 'supernatural-fantasy']"
The Change-Up,['body-swap-comedy']
Freaky Friday,"['body-swap-comedy', 'body-swap-comedy', 'feel-good-romance', 'high-concept-comedy', 'teen-comedy', 'teen-fantasy']"
The Hot Chick,"['body-swap-comedy', 'teen-comedy']"
Freaky,"['body-swap-comedy', 'dark-comedy', 'slasher-horror', 'supernatural-horror', 'teen-comedy', 'teen-horror']"
Porco Rosso,['body-swap-comedy']
The Santa Clause,"['body-swap-comedy', 'high-concept-comedy', 'holiday-comedy', 'holiday-family', 'holiday-season', 'slapstick-comedy']"
Family Switch,['body-swap-comedy']
Dream a Little Dream,['body-swap-comedy']
Little,['body-swap-comedy']
Switch,['body-swap-comedy']
It's a Boy Girl Thing,"['body-swap-comedy', 'teen-comedy']"
Down to Earth,['body-swap-comedy']
Nine Lives,"['body-swap-comedy', 'slasher-horror']"
All of Me,['body-swap-comedy']
The Shaggy Dog,"['body-swap-comedy', 'slapstick-comedy']"
Like Father Like Son,['body-swap-comedy']
18 Again!,['body-swap-comedy']
Vice Versa,['body-swap-comedy']
Prelude to a Kiss,['body-swap-comedy']
Watermelon Man,"['body-swap-comedy', 'dark-comedy']"
Goodbye Charlie,"['body-swap-comedy', 'buddy-comedy', 'farce-comedy', 'screwball-comedy', 'supernatural-fantasy']"
Oh Heavenly Dog,['body-swap-comedy']
"Oh, God! You Devil","['body-swap-comedy', 'dark-comedy']"
Here Comes Mr. Jordan,['body-swap-comedy']
Turnabout,"['body-swap-comedy', 'slapstick-comedy']"
Willy/Milly,['body-swap-comedy']
"I Killed Einstein, Gentlemen","['body-swap-comedy', 'costume-drama', 'cyberpunk-sci-fi', 'dark-comedy', 'dystopian-sci-fi', 'farce-comedy', 'globetrotting-adventure', 'high-concept-comedy', 'parody-comedy', 'period-drama', 'quest-adventure', 'quirky-comedy', 'raunchy-comedy', 'satire-comedy', 'slapstick-comedy', 'spy-thriller', 'steampunk-sci-fi', 'survival-adventure', 'time-travel-sci-fi']"
Aliens Stole My Body,['body-swap-comedy']
Witches' Brew,['body-swap-comedy']
The Ex-Change,['body-swap-comedy']
Million Dollar Baby,"['boxing-sport', 'tragedy-drama']"
Rocky,['boxing-sport']
Warrior,['boxing-sport']
Raging Bull,"['boxing-sport', 'docudrama', 'period-drama']"
Southpaw,['boxing-sport']
Real Steel,['boxing-sport']
The Fighter,"['boxing-sport', 'boxing-sport', 'docudrama']"
Creed,['boxing-sport']
Cinderella Man,"['boxing-sport', 'docudrama', 'period-drama']"
Rocky IV,"['boxing-sport', 'political-drama']"
Creed III,['boxing-sport']
Rocky Balboa,['boxing-sport']
Creed II,['boxing-sport']
The Fire Inside,"['boxing-sport', 'docudrama']"
Rocky III,['boxing-sport']
Undisputed,"['boxing-sport', 'martial-arts-action', 'prison-drama']"
Rocky V,['boxing-sport']
Rocky II,['boxing-sport']
Day of the Fight,['boxing-sport']
Bleed for This,['boxing-sport']
Hands of Stone,['boxing-sport']
A Prayer Before Dawn,"['boxing-sport', 'prison-drama', 'true-crime']"
Grudge Match,"['boxing-sport', 'buddy-comedy']"
Creed IV,['boxing-sport']
The Survivor,"['boxing-sport', 'docudrama', 'period-drama', 'prison-drama', 'psychological-drama']"
When We Were Kings,['boxing-sport']
Sixty Minutes,"['boxing-sport', 'martial-arts-action']"
The Power of One,"['boxing-sport', 'coming-of-age-drama', 'epic-drama']"
The Champ,"['boxing-sport', 'boxing-sport', 'tragedy-drama']"
Yolo,['boxing-sport']
The Harder They Fall,['boxing-sport']
Kickboxer 2: The Road Back,['boxing-sport']
Boxer,"['boxing-sport', 'teen-drama']"
The Great White Hype,"['boxing-sport', 'satire-comedy']"
Requiem for a Heavyweight,['boxing-sport']
Chuck,['boxing-sport']
Golden Boy,['boxing-sport']
The Main Event,"['boxing-sport', 'parody-comedy', 'romantic-comedy']"
Glass Jaw,['boxing-sport']
The Set-Up,"['boxing-sport', 'film-noir', 'gangster-crime', 'tragedy-drama']"
Resurrecting the Champ,['boxing-sport']
The Challenger,['boxing-sport']
Champion,"['boxing-sport', 'film-noir', 'motorsports-sport']"
Jawbone,['boxing-sport']
Battling Butler,"['boxing-sport', 'slapstick-comedy']"
The Bronx Bull,['boxing-sport']
Ring of Fire,"['boxing-sport', 'teen-drama']"
They Made Me a Criminal,['boxing-sport']
The Happiest Day in the Life of Olli Maki,['boxing-sport']
Kid Galahad,"['boxing-sport', 'film-noir']"
Back in the Day,['boxing-sport']
What's My Name: Muhammad Ali,['boxing-sport']
Iron Man,"['boxing-sport', 'epic-sci-fi', 'film-noir', 'superhero-action']"
Beautiful Boxer,['boxing-sport']
The Square Jungle,"['boxing-sport', 'film-noir']"
Mr. Chandramouli,['boxing-sport']
Ricky 1,"['boxing-sport', 'parody-comedy']"
American Kickboxer,['boxing-sport']
Behind the Line: Escape to Dunkirk,['boxing-sport']
Bloodfist II,['boxing-sport']
A Fighting Man,['boxing-sport']
Kickboxing Academy,['boxing-sport']
Facing Ali,['boxing-sport']
The All-American Boy,"['boxing-sport', 'coming-of-age-drama']"
Fist Fighter,['boxing-sport']
Manny,['boxing-sport']
Footlight Serenade,['boxing-sport']
Right Cross,['boxing-sport']
Phantom Punch,['boxing-sport']
Air of Paris,['boxing-sport']
Bad Blonde,"['boxing-sport', 'film-noir']"
Counterpunch,['boxing-sport']
The Prizefighter and the Lady,['boxing-sport']
Ringside Maisie,"['boxing-sport', 'screwball-comedy', 'tragedy-drama']"
The Ring,"['boxing-sport', 'supernatural-horror']"
Bayonet,['boxing-sport']
The Square Ring,['boxing-sport']
Saturday Night,"['boxing-sport', 'docudrama', 'period-drama', 'showbiz-drama']"
The Patent Leather Kid,['boxing-sport']
Kid Kulafu,['boxing-sport']
Untitled Jack Johnson Project,['boxing-sport']
Revenge,"['boxing-sport', 'samurai-action']"
Harder They Fall,['boxing-sport']
Hollywood Stadium Mystery,['boxing-sport']
Shadow Glories,['boxing-sport']
The Miracle,['boxing-sport']
La Bonita,['boxing-sport']
Golden Gloves,['boxing-sport']
Spirit of Youth,['boxing-sport']
Pardon Our Nerve,['boxing-sport']
Young Sánchez,['boxing-sport']
A Son of David,['boxing-sport']
Blinded Fury,['boxing-sport']
Winner Take All,['boxing-sport']
La pelea de mi vida,['boxing-sport']
Go to the Body,['boxing-sport']
Take It from Me,['boxing-sport']
Callejero,['boxing-sport']
Carrying David,['boxing-sport']
The Knockout,['boxing-sport']
The Winner,['boxing-sport']
The Joe Gans-Battling Nelson Fight,['boxing-sport']
300 Yards,['boxing-sport']
The Fighting Gentleman,['boxing-sport']
Katie Taylor vs Amanda Serrano 2,['boxing-sport']
Wildcat Saunders,['boxing-sport']
Rabbit Punch,['boxing-sport']
The Happy Warrior,['boxing-sport']
Untitled Billy Miske Project,['boxing-sport']
Million Dollar Smash-and-Grab,['boxing-sport']
The White Hope,['boxing-sport']
Flying Fists,['boxing-sport']
Traning at Gleason's Gym,['boxing-sport']
Rodney Stone,['boxing-sport']
A Pit-boy's Romance,['boxing-sport']
Nomad,['boxing-sport']
The Pride of the Fancy,['boxing-sport']
The Gay Corinthian,['boxing-sport']
The Heart Punch,['boxing-sport']
The Battling Fool,['boxing-sport']
Hear Me Roar,['boxing-sport']
Won by a Head,['boxing-sport']
Die letzte Runde,['boxing-sport']
History of Boxing,['boxing-sport']
10 Bouts,['boxing-sport']
Boxing: An Analysis of Motion,['boxing-sport']
Untitled Boxing Project,['boxing-sport']
Conquer,['boxing-sport']
Trans Boxer Story,['boxing-sport']
Knockout: The Untold Story of Royce Claxton,['boxing-sport']
Follower of Christ,['boxing-sport']
Conqueror,['boxing-sport']
Left Hook,['boxing-sport']
Major Players: Ray Ray vs the Monster,['boxing-sport']
"Kent, the Fighting Man",['boxing-sport']
Den knallhårda fighten,['boxing-sport']
The Heat,"['boxing-sport', 'buddy-cop-comedy']"
Guard Up,['boxing-sport']
The Years of the Locust,['boxing-sport']
Lord of Boxing,['boxing-sport']
The Third String,['boxing-sport']
Untitled Julio Cesar Chavez Project,['boxing-sport']
Dundee-Criqui Boxing Exhibition,['boxing-sport']
May pasikat ba sa kano?,['boxing-sport']
A Real Pain,['buddy-comedy']
Deadpool & Wolverine,"['buddy-comedy', 'dark-comedy', 'raunchy-comedy', 'superhero-action']"
One of Them Days,['buddy-comedy']
Shrek,"['buddy-comedy', 'cg-animation', 'fairy-tale-fantasy', 'feel-good-romance', 'parody-comedy', 'quest-adventure', 'satire-comedy', 'slapstick-comedy', 'swashbuckler-adventure']"
White Chicks,"['buddy-comedy', 'police-procedural-crime', 'satire-comedy']"
The Big Lebowski,"['buddy-comedy', 'drug-crime', 'satire-comedy', 'stoner-comedy']"
Sonic the Hedgehog,"['buddy-comedy', 'road-trip-adventure', 'slapstick-comedy', 'superhero-action', 'supernatural-fantasy']"
That's My Boy,"['buddy-comedy', 'slapstick-comedy']"
The Blues Brothers,"['buddy-comedy', 'jukebox-musical', 'quest-adventure', 'road-trip-adventure']"
Superbad,"['buddy-comedy', 'dark-comedy', 'raunchy-comedy', 'teen-comedy']"
Toy Story,"['buddy-comedy', 'cg-animation', 'supernatural-fantasy', 'urban-adventure']"
Finding Nemo,"['buddy-comedy', 'cg-animation', 'quest-adventure', 'sea-adventure']"
Napoleon Dynamite,"['buddy-comedy', 'quirky-comedy', 'teen-comedy']"
Zootopia,"['buddy-comedy', 'cg-animation', 'urban-adventure']"
Ferris Bueller's Day Off,"['buddy-comedy', 'satire-comedy', 'teen-comedy']"
The Union,"['buddy-comedy', 'spy-thriller']"
Zombieland,"['buddy-comedy', 'dark-comedy', 'road-trip-adventure', 'zombie-horror']"
3 Idiots,"['buddy-comedy', 'coming-of-age-drama', 'quirky-comedy']"
Ted,"['buddy-comedy', 'high-concept-comedy', 'raunchy-comedy', 'satire-comedy', 'slapstick-comedy']"
The Unbearable Weight of Massive Talent,"['buddy-comedy', 'satire-comedy', 'spy-thriller']"
"Monsters, Inc.","['buddy-comedy', 'cg-animation', 'satire-comedy', 'slapstick-comedy', 'supernatural-fantasy', 'urban-adventure']"
Hot Fuzz,"['buddy-comedy', 'parody-comedy']"
Step Brothers,['buddy-comedy']
Some Like It Hot,"['buddy-comedy', 'farce-comedy', 'satire-comedy', 'screwball-comedy']"
Talladega Nights: The Ballad of Ricky Bobby,"['buddy-comedy', 'motorsports-sport', 'satire-comedy']"
Drive-Away Dolls,"['buddy-comedy', 'quirky-comedy', 'road-trip-adventure']"
Wayne's World,['buddy-comedy']
Dumb and Dumber,"['buddy-comedy', 'farce-comedy', 'road-trip-adventure', 'slapstick-comedy']"
Beverly Hills Cop: Axel F,['buddy-comedy']
Antz,"['buddy-comedy', 'cg-animation']"
Shaun of the Dead,"['buddy-comedy', 'dark-comedy', 'parody-comedy', 'survival-adventure', 'zombie-horror']"
Friday,"['buddy-comedy', 'stoner-comedy']"
Men in Black II,"['buddy-comedy', 'buddy-cop-comedy']"
The Instigators,"['buddy-comedy', 'caper-crime']"
Clerks,"['buddy-comedy', 'satire-comedy']"
Booksmart,"['buddy-comedy', 'coming-of-age-drama', 'teen-comedy']"
Who Framed Roger Rabbit,"['buddy-comedy', 'high-concept-comedy', 'parody-comedy', 'slapstick-comedy']"
Despicable Me 3,"['buddy-comedy', 'cg-animation', 'slapstick-comedy']"
Diary of a Wimpy Kid,"['buddy-comedy', 'cg-animation', 'coming-of-age-drama', 'psychological-drama', 'quirky-comedy', 'teen-comedy', 'teen-drama']"
Hall Pass,"['buddy-comedy', 'raunchy-comedy']"
Role Models,['buddy-comedy']
Shark Tale,"['buddy-comedy', 'cg-animation', 'sea-adventure']"
Wreck-It Ralph,"['buddy-comedy', 'cg-animation', 'high-concept-comedy', 'motorsports-sport', 'quest-adventure', 'urban-adventure']"
Super Mario Bros.,"['buddy-comedy', 'cyberpunk-sci-fi', 'dark-fantasy', 'dinosaur-adventure', 'epic-adventure', 'epic-fantasy', 'epic-sci-fi', 'high-concept-comedy', 'quest-adventure', 'slapstick-comedy', 'supernatural-fantasy', 'urban-adventure']"
Tucker and Dale vs Evil,"['buddy-comedy', 'dark-comedy', 'farce-comedy', 'parody-comedy', 'slasher-horror']"
The Flintstones,"['buddy-comedy', 'slapstick-comedy']"
Tommy Boy,"['buddy-comedy', 'quest-adventure', 'road-trip-adventure', 'slapstick-comedy', 'urban-adventure']"
The Interview,"['buddy-comedy', 'dark-comedy', 'satire-comedy']"
Please Don't Destroy: The Treasure of Foggy Mountain,['buddy-comedy']
Jackpot!,"['buddy-comedy', 'dark-comedy', 'slapstick-comedy']"
City Slickers,"['buddy-comedy', 'contemporary-western', 'high-concept-comedy']"
Sideways,"['buddy-comedy', 'dark-comedy', 'road-trip-adventure']"
Asterix & Obelix: Mission Cleopatra,"['buddy-comedy', 'desert-adventure']"
Grumpy Old Men,['buddy-comedy']
Rush Hour 3,"['buddy-comedy', 'buddy-cop-comedy', 'gun-fu-action', 'martial-arts-action']"
Pokémon: Detective Pikachu,['buddy-comedy']
Anger Management,"['buddy-comedy', 'dark-comedy']"
"Dude, Where's My Car?","['buddy-comedy', 'slapstick-comedy', 'stoner-comedy']"
Twins,"['buddy-comedy', 'high-concept-comedy']"
Ghost World,"['buddy-comedy', 'coming-of-age-drama', 'dark-comedy', 'quirky-comedy', 'teen-comedy', 'teen-drama']"
Harold & Kumar Go to White Castle,"['buddy-comedy', 'raunchy-comedy', 'road-trip-adventure', 'stoner-comedy']"
Ralph Breaks the Internet,"['buddy-comedy', 'cg-animation']"
Due Date,"['buddy-comedy', 'dark-comedy', 'farce-comedy', 'road-trip-adventure']"
"I Love You, Man",['buddy-comedy']
The Road to El Dorado,"['buddy-comedy', 'jungle-adventure', 'swashbuckler-adventure']"
The Odd Couple,['buddy-comedy']
Bill & Ted's Excellent Adventure,"['buddy-comedy', 'quest-adventure', 'teen-adventure', 'teen-comedy', 'time-travel-sci-fi']"
Wild Wild West,"['buddy-comedy', 'buddy-cop-comedy', 'steampunk-sci-fi']"
A Goofy Movie,"['buddy-comedy', 'pop-musical', 'road-trip-adventure', 'slapstick-comedy', 'teen-adventure', 'teen-comedy', 'teen-romance']"
The SpongeBob SquarePants Movie,"['buddy-comedy', 'sea-adventure', 'slapstick-comedy']"
My Blue Heaven,['buddy-comedy']
Dirty Grandpa,"['buddy-comedy', 'raunchy-comedy', 'road-trip-adventure']"
Jay and Silent Bob Strike Back,"['buddy-comedy', 'farce-comedy', 'satire-comedy', 'stoner-comedy']"
Blades of Glory,"['buddy-comedy', 'slapstick-comedy']"
Don't Be a Menace to South Central While Drinking Your Juice in the Hood,"['buddy-comedy', 'dark-comedy', 'parody-comedy', 'slapstick-comedy']"
Captain Underpants: The First Epic Movie,"['buddy-comedy', 'cg-animation', 'farce-comedy', 'high-concept-comedy', 'parody-comedy', 'slapstick-comedy', 'superhero-action', 'urban-adventure']"
Murder Mystery 2,"['buddy-comedy', 'bumbling-detective-mystery', 'cozy-mystery', 'slapstick-comedy']"
Dirty Rotten Scoundrels,"['buddy-comedy', 'caper-crime', 'farce-comedy']"
Strays,['buddy-comedy']
Hunt for the Wilderpeople,"['buddy-comedy', 'coming-of-age-drama', 'quirky-comedy', 'survival-adventure']"
"Planes, Trains & Automobiles","['buddy-comedy', 'buddy-comedy', 'farce-comedy', 'farce-comedy', 'holiday-comedy', 'holiday-comedy', 'holiday-season', 'holiday-season', 'road-trip-adventure', 'road-trip-adventure']"
Bill & Ted Face the Music,"['buddy-comedy', 'quest-adventure', 'time-travel-sci-fi']"
Swiss Army Man,"['buddy-comedy', 'dark-comedy']"
The Producers,"['buddy-comedy', 'farce-comedy', 'pop-musical', 'satire-comedy', 'slapstick-comedy']"
Babes,['buddy-comedy']
The Good Dinosaur,"['buddy-comedy', 'cg-animation', 'dinosaur-adventure', 'quest-adventure']"
The Internship,['buddy-comedy']
Queenpins,"['buddy-comedy', 'dark-comedy', 'true-crime']"
The Do-Over,['buddy-comedy']
Mousehunt,"['buddy-comedy', 'dark-comedy', 'farce-comedy', 'high-concept-comedy', 'holiday-comedy', 'holiday-season', 'slapstick-comedy']"
Sisters,"['buddy-comedy', 'psychological-thriller', 'slasher-horror']"
Jack and Jill,['buddy-comedy']
Stripes,['buddy-comedy']
"See No Evil, Hear No Evil","['buddy-comedy', 'screwball-comedy', 'slapstick-comedy']"
Midnight Run,"['buddy-comedy', 'road-trip-adventure']"
Withnail and I,"['buddy-comedy', 'dark-comedy']"
Daddy's Home,['buddy-comedy']
Me Time,['buddy-comedy']
Life,"['buddy-comedy', 'period-drama', 'space-sci-fi', 'tragedy-drama']"
Grumpier Old Men,['buddy-comedy']
El Diario De Un Chico En Apuros 2: Las Reglas De Rodrick,"['buddy-comedy', 'teen-comedy']"
Throw Momma from the Train,"['buddy-comedy', 'dark-comedy']"
Chip 'n Dale: Rescue Rangers,"['buddy-comedy', 'cg-animation', 'urban-adventure']"
Keanu,['buddy-comedy']
Year One,['buddy-comedy']
Last Flag Flying,['buddy-comedy']
The Man from Toronto,"['buddy-comedy', 'dark-comedy']"
Nothing to Lose,['buddy-comedy']
Dumb and Dumber To,"['buddy-comedy', 'road-trip-adventure', 'slapstick-comedy']"
Clerks III,['buddy-comedy']
The Hustle,"['buddy-comedy', 'caper-crime']"
Spies Like Us,"['buddy-comedy', 'farce-comedy', 'parody-comedy']"
Dog,['buddy-comedy']
Shanghai Noon,"['buddy-comedy', 'martial-arts-action']"
Barb and Star Go to Vista Del Mar,"['buddy-comedy', 'quirky-comedy']"
Yoga Hosers,"['buddy-comedy', 'dark-comedy', 'parody-comedy', 'slapstick-comedy', 'teen-comedy']"
Wayne's World 2,['buddy-comedy']
Hop,['buddy-comedy']
Good Burger,"['buddy-comedy', 'slapstick-comedy']"
The Tuxedo,"['buddy-comedy', 'martial-arts-action']"
They Call Me Trinity,"['buddy-comedy', 'parody-comedy']"
How High,"['buddy-comedy', 'stoner-comedy']"
The Jewel of the Nile,"['buddy-comedy', 'dark-comedy', 'desert-adventure', 'romantic-comedy']"
Gentlemen Prefer Blondes,"['buddy-comedy', 'holiday-romance', 'pop-musical', 'romantic-comedy', 'screwball-comedy']"
My Spy: The Eternal City,"['buddy-comedy', 'spy-thriller']"
Open Season,"['buddy-comedy', 'cg-animation', 'survival-adventure']"
Air America,"['buddy-comedy', 'dark-comedy']"
Clerks II,['buddy-comedy']
Quiz Lady,['buddy-comedy']
Holmes & Watson,"['buddy-comedy', 'bumbling-detective-mystery', 'parody-comedy', 'slapstick-comedy', 'true-crime', 'whodunnit-mystery']"
My Name Is Nobody,['buddy-comedy']
Spies in Disguise,"['buddy-comedy', 'cg-animation', 'superhero-action']"
Dumb and Dumberer: When Harry Met Lloyd,"['buddy-comedy', 'slapstick-comedy']"
Beverly Hills Ninja,"['buddy-comedy', 'farce-comedy', 'martial-arts-action', 'parody-comedy', 'slapstick-comedy']"
Black Sheep,"['buddy-comedy', 'dark-comedy', 'slapstick-comedy']"
Jay and Silent Bob Reboot,['buddy-comedy']
Fire Island,"['buddy-comedy', 'feel-good-romance', 'romantic-comedy', 'slasher-horror']"
My Spy,['buddy-comedy']
Bio-Dome,"['buddy-comedy', 'slapstick-comedy']"
Home on the Range,"['buddy-comedy', 'quest-adventure']"
Bandidas,"['buddy-comedy', 'caper-crime', 'dark-comedy']"
Officer Black Belt,"['buddy-comedy', 'buddy-cop-comedy', 'martial-arts-action']"
The Mighty,"['buddy-comedy', 'coming-of-age-drama', 'quest-adventure', 'superhero-action']"
The Cowboy Way,"['buddy-comedy', 'contemporary-western', 'dark-comedy']"
Kangaroo Jack,"['buddy-comedy', 'gangster-crime']"
The Last Detail,"['buddy-comedy', 'road-trip-adventure']"
The Banger Sisters,"['buddy-comedy', 'screwball-comedy']"
Dick,"['buddy-comedy', 'dark-comedy', 'satire-comedy', 'teen-comedy']"
The Dilemma,"['buddy-comedy', 'dark-comedy']"
The Kid,"['buddy-comedy', 'high-concept-comedy', 'slapstick-comedy']"
The Rugrats Movie,"['buddy-comedy', 'pop-musical', 'quest-adventure', 'survival-adventure', 'urban-adventure']"
Skiptrace,"['buddy-comedy', 'buddy-cop-comedy', 'slapstick-comedy']"
New York Minute,"['buddy-comedy', 'teen-comedy', 'urban-adventure']"
Shanghai Knights,"['buddy-comedy', 'martial-arts-action']"
Bad Trip,"['buddy-comedy', 'dark-comedy', 'road-trip-adventure']"
Beavis and Butt-Head Do America,"['buddy-comedy', 'dark-comedy', 'parody-comedy', 'road-trip-adventure']"
Formula 51,"['buddy-comedy', 'caper-crime', 'dark-comedy']"
Old Dogs,"['buddy-comedy', 'slapstick-comedy']"
Money Talks,['buddy-comedy']
Smoke Signals,"['buddy-comedy', 'coming-of-age-drama', 'quirky-comedy', 'road-trip-adventure']"
Stuck on You,['buddy-comedy']
Thunder Force,"['buddy-comedy', 'superhero-action']"
The Valet,"['buddy-comedy', 'feel-good-romance', 'high-concept-comedy', 'raunchy-comedy']"
Mississippi Grind,['buddy-comedy']
The Week Of,['buddy-comedy']
Silver Streak,['buddy-comedy']
Brannigan,"['buddy-comedy', 'dark-comedy']"
Darlings,"['buddy-comedy', 'dark-comedy']"
Men at Work,"['buddy-comedy', 'slapstick-comedy']"
Animal Crackers,"['buddy-comedy', 'cg-animation', 'classic-musical', 'farce-comedy', 'slapstick-comedy', 'slapstick-comedy']"
Wheels on Meals,"['buddy-comedy', 'martial-arts-action']"
Gone Fishin',"['buddy-comedy', 'slapstick-comedy']"
Marry My Dead Body,['buddy-comedy']
Without a Clue,"['buddy-comedy', 'parody-comedy', 'whodunnit-mystery']"
Class Act,"['buddy-comedy', 'slapstick-comedy']"
Analyze That,['buddy-comedy']
A Life Less Ordinary,"['buddy-comedy', 'dark-comedy', 'satire-comedy']"
"Big Mommas: Like Father, Like Son",['buddy-comedy']
Free Birds,"['buddy-comedy', 'cg-animation', 'time-travel-sci-fi']"
Robot & Frank,"['buddy-comedy', 'caper-crime']"
Firewalker,"['buddy-comedy', 'jungle-adventure']"
Eating Raoul,"['buddy-comedy', 'dark-comedy', 'farce-comedy', 'quirky-comedy']"
Mac & Devin Go to High School,"['buddy-comedy', 'stoner-comedy']"
Clockwatchers,"['buddy-comedy', 'dark-comedy', 'workplace-drama']"
Envy,"['buddy-comedy', 'dark-comedy']"
On the Count of Three,"['buddy-comedy', 'dark-comedy']"
The In-Laws,"['buddy-comedy', 'buddy-comedy', 'caper-crime', 'farce-comedy', 'screwball-comedy', 'spy-thriller', 'spy-thriller']"
Father of the Year,['buddy-comedy']
Missing Link,['buddy-comedy']
Agent Cody Banks 2: Destination London,"['buddy-comedy', 'parody-comedy']"
Ratchet & Clank,"['buddy-comedy', 'cg-animation']"
All About the Benjamins,"['buddy-comedy', 'caper-crime', 'dark-comedy']"
The Fortune Cookie,"['buddy-comedy', 'satire-comedy']"
Fathers' Day,"['buddy-comedy', 'road-trip-adventure']"
Here Today,['buddy-comedy']
All Through the Night,"['buddy-comedy', 'conspiracy-thriller', 'film-noir', 'political-drama', 'spy-thriller']"
Nice Girls,['buddy-comedy']
The Wash,['buddy-comedy']
My Annoying Brother,"['buddy-comedy', 'buddy-comedy']"
The Wackness,"['buddy-comedy', 'coming-of-age-drama', 'stoner-comedy', 'teen-comedy', 'teen-drama', 'teen-romance']"
Wise Guys,"['buddy-comedy', 'dark-comedy']"
The Odd Couple II,"['buddy-comedy', 'road-trip-adventure']"
The Pebble and the Penguin,"['buddy-comedy', 'quest-adventure']"
I Used to Be Famous,['buddy-comedy']
Tom and Jerry: The Movie,"['buddy-comedy', 'slapstick-comedy']"
The First Time,"['buddy-comedy', 'coming-of-age-drama', 'teen-comedy', 'teen-drama']"
Special Correspondents,['buddy-comedy']
The World of Henry Orient,"['buddy-comedy', 'coming-of-age-drama', 'quirky-comedy', 'teen-comedy', 'teen-drama']"
Sons of the Desert,"['buddy-comedy', 'farce-comedy', 'slapstick-comedy']"
The Liability,"['buddy-comedy', 'coming-of-age-drama', 'gangster-crime']"
Outrageous Fortune,['buddy-comedy']
Crime Busters,['buddy-comedy']
Husbands,"['buddy-comedy', 'dark-comedy']"
Real Men,['buddy-comedy']
My Giant,['buddy-comedy']
The Matador,"['buddy-comedy', 'dark-comedy', 'parody-comedy']"
"Jeff, Who Lives at Home","['buddy-comedy', 'quirky-comedy', 'satire-comedy']"
The Festival,"['buddy-comedy', 'slapstick-comedy']"
Freebie and the Bean,"['buddy-comedy', 'buddy-cop-comedy', 'dark-comedy', 'satire-comedy']"
The Man,['buddy-comedy']
The Promotion,"['buddy-comedy', 'satire-comedy']"
Heart Condition,['buddy-comedy']
Troublemakers,['buddy-comedy']
Klown,['buddy-comedy']
"Boeing, Boeing",['buddy-comedy']
College Road Trip,"['buddy-comedy', 'road-trip-adventure', 'satire-comedy', 'slapstick-comedy']"
All Nighter,['buddy-comedy']
Search Party,['buddy-comedy']
The Magic Flute,"['buddy-comedy', 'supernatural-fantasy']"
I Got the Hook Up,['buddy-comedy']
The Rounders,"['buddy-comedy', 'slapstick-comedy']"
The Boss' Wife,['buddy-comedy']
Learning to Drive,['buddy-comedy']
The Janky Promoters,['buddy-comedy']
$,"['buddy-comedy', 'caper-crime', 'quirky-comedy', 'screwball-comedy']"
Miami Supercops,['buddy-comedy']
Mother,"['buddy-comedy', 'psychological-drama', 'psychological-thriller', 'satire-comedy', 'suspense-mystery', 'tragedy-drama', 'whodunnit-mystery']"
The Last Laugh,"['buddy-comedy', 'psychological-drama', 'slasher-horror', 'tragedy-drama', 'workplace-drama']"
Pat and Mike,['buddy-comedy']
Barbarosa,"['buddy-comedy', 'dark-comedy']"
Snoopy Come Home,['buddy-comedy']
It's a Great Feeling,"['buddy-comedy', 'farce-comedy']"
Dream a Little Dream 2,"['buddy-comedy', 'teen-comedy']"
Chill Factor,"['buddy-comedy', 'dark-comedy']"
Get Smart's Bruce and Lloyd Out of Control,['buddy-comedy']
All Is Bright,"['buddy-comedy', 'dark-comedy']"
Pookoo,"['buddy-comedy', 'cg-animation']"
History Is Made at Night,"['buddy-comedy', 'dark-romance']"
Tapeheads,['buddy-comedy']
Who Was That Lady?,"['buddy-comedy', 'farce-comedy']"
Hollow Point,"['buddy-comedy', 'dark-comedy']"
Into the Sun,"['buddy-comedy', 'dark-comedy', 'one-person-army-action', 'samurai-action']"
Your Friend the Rat,"['buddy-comedy', 'cg-animation']"
Love on Delivery,"['buddy-comedy', 'parody-comedy', 'quirky-comedy', 'slapstick-comedy']"
O.C. and Stiggs,"['buddy-comedy', 'satire-comedy', 'teen-comedy']"
The Road to Hong Kong,['buddy-comedy']
Turn the Other Cheek,['buddy-comedy']
Soldier in the Rain,['buddy-comedy']
"Look Out, Officer!","['buddy-comedy', 'high-concept-comedy', 'quirky-comedy', 'slapstick-comedy', 'supernatural-fantasy']"
Safe Men,['buddy-comedy']
Glitch,['buddy-comedy']
The Art of Love,['buddy-comedy']
Gunmen,"['buddy-comedy', 'dark-comedy']"
Road to Rio,['buddy-comedy']
Klown Forever,['buddy-comedy']
Salt and Pepper,['buddy-comedy']
Hit the Deck,"['buddy-comedy', 'feel-good-romance', 'pop-musical']"
Homer and Eddie,['buddy-comedy']
Road to Zanzibar,"['buddy-comedy', 'jungle-adventure']"
South Sea Woman,"['buddy-comedy', 'farce-comedy', 'legal-drama', 'sea-adventure']"
Dick Figures: The Movie,['buddy-comedy']
Pardners,['buddy-comedy']
"Not with My Wife, You Don't!","['buddy-comedy', 'slapstick-comedy']"
The Long Dumb Road,['buddy-comedy']
Fubar: Balls to the Wall,"['buddy-comedy', 'satire-comedy', 'slapstick-comedy']"
Pickleball,"['buddy-comedy', 'quirky-comedy']"
Two Guys from Milwaukee,['buddy-comedy']
The Greeks Had a Word for Them,"['buddy-comedy', 'screwball-comedy']"
Yankee Zulu,"['buddy-comedy', 'slapstick-comedy']"
Puerto Ricans in Paris,['buddy-comedy']
Mad About Men,['buddy-comedy']
Careless,"['buddy-comedy', 'quirky-comedy']"
My Man Adam,['buddy-comedy']
Bounty Hunters,['buddy-comedy']
The Housekeeper's Daughter,"['buddy-comedy', 'film-noir', 'screwball-comedy']"
Tomorrow at Seven,"['buddy-comedy', 'bumbling-detective-mystery', 'psychological-thriller', 'suspense-mystery', 'whodunnit-mystery']"
Bad Boa's,['buddy-comedy']
Two Guys from Texas,['buddy-comedy']
Mr. Robinson Crusoe,"['buddy-comedy', 'sea-adventure', 'survival-adventure', 'swashbuckler-adventure']"
Missing Pieces,"['buddy-comedy', 'bumbling-detective-mystery', 'slapstick-comedy']"
Mrs. O'Malley and Mr. Malone,"['buddy-comedy', 'whodunnit-mystery']"
Three Sailors and a Girl,"['buddy-comedy', 'pop-musical']"
Drop Dead Roses,['buddy-comedy']
Paris Holiday,['buddy-comedy']
So Glad You Came: A Musical,"['buddy-comedy', 'classic-musical']"
One Sunday Afternoon,"['buddy-comedy', 'jukebox-musical', 'period-drama', 'romantic-comedy', 'romantic-comedy']"
Demon Queen Pinball Machine,['buddy-comedy']
Soldiers Three,"['buddy-comedy', 'desert-adventure', 'satire-comedy']"
When in Rome,"['buddy-comedy', 'romantic-comedy']"
The House Across the Street,"['buddy-comedy', 'workplace-drama']"
Girl Missing,['buddy-comedy']
By the Grape of God,['buddy-comedy']
The Photographers,"['buddy-comedy', 'screwball-comedy']"
Everything's Ducky,"['buddy-comedy', 'slapstick-comedy']"
Grand Slam,"['buddy-comedy', 'caper-crime', 'heist-crime', 'satire-comedy']"
The Rules of the Game,"['buddy-comedy', 'satire-comedy', 'teen-comedy']"
Love in the Rough,"['buddy-comedy', 'pop-musical', 'slapstick-comedy']"
Get a Job,"['buddy-comedy', 'raunchy-comedy']"
Dream-Spy,['buddy-comedy']
Master Minds,['buddy-comedy']
Brother Rat and a Baby,"['buddy-comedy', 'farce-comedy']"
Olde Boys,['buddy-comedy']
Sequoia,"['buddy-comedy', 'mountain-adventure', 'survival-adventure']"
Jazz Heaven,"['buddy-comedy', 'showbiz-drama']"
Untitled Buddy Treasure Hunt Project,['buddy-comedy']
Shore Leave,['buddy-comedy']
The Way,['buddy-comedy']
Polis Evo 4,"['buddy-comedy', 'buddy-cop-comedy']"
I Want My Baby Back,['buddy-comedy']
Cacha de Oro,['buddy-comedy']
Two Birds One Stone,['buddy-comedy']
False Roomers,"['buddy-comedy', 'slapstick-comedy']"
Novel Romance,"['buddy-comedy', 'slapstick-comedy']"
The Nice Guys,"['buddy-cop-comedy', 'bumbling-detective-mystery', 'slapstick-comedy']"
The Other Guys,"['buddy-cop-comedy', 'police-procedural-crime']"
Bad Boys,"['buddy-cop-comedy', 'cop-drama']"
Rush Hour,"['buddy-cop-comedy', 'martial-arts-action']"
Beverly Hills Cop,"['buddy-cop-comedy', 'police-procedural-crime']"
21 Jump Street,"['buddy-cop-comedy', 'police-procedural-crime']"
Men in Black³,"['buddy-cop-comedy', 'time-travel-sci-fi']"
Loose Cannons,['buddy-cop-comedy']
The Hitman's Bodyguard,['buddy-cop-comedy']
Central Intelligence,['buddy-cop-comedy']
Bad Boys for Life,"['buddy-cop-comedy', 'cop-drama']"
Rush Hour 2,"['buddy-cop-comedy', 'martial-arts-action']"
The Last Boy Scout,['buddy-cop-comedy']
48 Hrs.,"['buddy-cop-comedy', 'cop-drama']"
Cop Out,['buddy-cop-comedy']
Bad Boys II,"['buddy-cop-comedy', 'cop-drama']"
22 Jump Street,['buddy-cop-comedy']
Spenser Confidential,['buddy-cop-comedy']
Starsky & Hutch,"['buddy-cop-comedy', 'parody-comedy']"
Osmosis Jones,"['buddy-cop-comedy', 'dark-comedy', 'high-concept-comedy', 'police-procedural-crime', 'slapstick-comedy']"
The Spy Who Dumped Me,"['buddy-cop-comedy', 'globetrotting-adventure', 'high-concept-comedy', 'spy-thriller']"
Beverly Hills Cop II,['buddy-cop-comedy']
Tango & Cash,['buddy-cop-comedy']
The Brothers Grimsby,"['buddy-cop-comedy', 'dark-comedy', 'farce-comedy', 'satire-comedy', 'slapstick-comedy']"
2 Guns,['buddy-cop-comedy']
The Guard,['buddy-cop-comedy']
Red Heat,['buddy-cop-comedy']
CHIPS,"['buddy-cop-comedy', 'police-procedural-crime']"
Beverly Hills Cop III,['buddy-cop-comedy']
Running Scared,"['buddy-cop-comedy', 'dark-comedy']"
Shaft,"['buddy-cop-comedy', 'dark-comedy', 'dark-comedy']"
Another 48 Hrs.,['buddy-cop-comedy']
Miss Congeniality 2: Armed & Fabulous,"['buddy-cop-comedy', 'farce-comedy']"
Taxi,"['buddy-cop-comedy', 'slapstick-comedy']"
Bulletproof,['buddy-cop-comedy']
R.I.P.D.,['buddy-cop-comedy']
National Security,"['buddy-cop-comedy', 'slapstick-comedy']"
Let's Be Cops,['buddy-cop-comedy']
The Happytime Murders,"['buddy-cop-comedy', 'dark-comedy']"
The Hard Way,"['buddy-cop-comedy', 'dark-romance']"
Turner & Hooch,['buddy-cop-comedy']
Ride Along,['buddy-cop-comedy']
Loaded Weapon 1,"['buddy-cop-comedy', 'parody-comedy', 'slapstick-comedy']"
Dragnet,"['buddy-cop-comedy', 'film-noir', 'parody-comedy']"
Stuber,['buddy-cop-comedy']
Stakeout,['buddy-cop-comedy']
Hollywood Homicide,['buddy-cop-comedy']
Double Team,['buddy-cop-comedy']
Money Train,"['buddy-cop-comedy', 'caper-crime']"
Ride Along 2,['buddy-cop-comedy']
War on Everyone,"['buddy-cop-comedy', 'dark-comedy']"
K-9,"['buddy-cop-comedy', 'slapstick-comedy']"
I Spy,"['buddy-cop-comedy', 'parody-comedy', 'spy-thriller']"
Showtime,['buddy-cop-comedy']
City Heat,['buddy-cop-comedy']
The Glimmer Man,"['buddy-cop-comedy', 'kung-fu-action', 'serial-killer-crime']"
Downtown,"['buddy-cop-comedy', 'slapstick-comedy']"
Short Time,"['buddy-cop-comedy', 'slapstick-comedy']"
The Takedown,"['buddy-cop-comedy', 'cop-drama']"
Top Dog,"['buddy-cop-comedy', 'slapstick-comedy']"
Collision Course,['buddy-cop-comedy']
"Car 54, Where Are You?",['buddy-cop-comedy']
Cabras da Peste,['buddy-cop-comedy']
Mundo depravados,"['buddy-cop-comedy', 'serial-killer-crime']"
Inspector Gadget,"['bumbling-detective-mystery', 'police-procedural-crime', 'slapstick-comedy', 'superhero-action', 'urban-adventure']"
Scooby-Doo,"['bumbling-detective-mystery', 'slapstick-comedy', 'supernatural-fantasy', 'whodunnit-mystery']"
Ace Ventura: Pet Detective,"['bumbling-detective-mystery', 'farce-comedy', 'slapstick-comedy']"
Kiss Kiss Bang Bang,"['bumbling-detective-mystery', 'dark-comedy', 'satire-comedy']"
Inherent Vice,"['bumbling-detective-mystery', 'dark-comedy', 'period-drama', 'satire-comedy', 'whodunnit-mystery']"
See How They Run,"['bumbling-detective-mystery', 'cozy-mystery', 'whodunnit-mystery']"
Murder Mystery,"['bumbling-detective-mystery', 'cozy-mystery']"
The Pink Panther Strikes Again,"['bumbling-detective-mystery', 'farce-comedy', 'slapstick-comedy']"
The Pink Panther,"['bumbling-detective-mystery', 'caper-crime', 'caper-crime', 'farce-comedy', 'farce-comedy', 'parody-comedy', 'slapstick-comedy', 'slapstick-comedy']"
Murder by Death,"['bumbling-detective-mystery', 'cozy-mystery', 'farce-comedy', 'parody-comedy', 'whodunnit-mystery']"
Date Night,"['bumbling-detective-mystery', 'feel-good-romance']"
Foul Play,"['bumbling-detective-mystery', 'farce-comedy', 'parody-comedy']"
"Confess, Fletch","['bumbling-detective-mystery', 'cozy-mystery']"
Fletch,['bumbling-detective-mystery']
Who's Harry Crumb?,"['bumbling-detective-mystery', 'slapstick-comedy']"
The Kid Detective,"['bumbling-detective-mystery', 'coming-of-age-drama', 'dark-comedy', 'quirky-comedy', 'suspense-mystery']"
A Shot in the Dark,"['bumbling-detective-mystery', 'farce-comedy', 'whodunnit-mystery']"
Revenge of the Pink Panther,"['bumbling-detective-mystery', 'farce-comedy', 'slapstick-comedy']"
That Darn Cat,"['bumbling-detective-mystery', 'slapstick-comedy']"
Fletch Lives,"['bumbling-detective-mystery', 'satire-comedy', 'slapstick-comedy']"
The Pink Panther 2,['bumbling-detective-mystery']
Sherlock Jr.,"['bumbling-detective-mystery', 'farce-comedy', 'feel-good-romance', 'slapstick-comedy']"
The Cheap Detective,"['bumbling-detective-mystery', 'parody-comedy']"
The Private Eyes,"['bumbling-detective-mystery', 'parody-comedy']"
Once Upon a Crime...,"['bumbling-detective-mystery', 'whodunnit-mystery']"
Inspector Clouseau,"['bumbling-detective-mystery', 'caper-crime', 'farce-comedy', 'slapstick-comedy']"
Borderless Fog,"['bumbling-detective-mystery', 'suspense-mystery']"
Mystery Team,"['bumbling-detective-mystery', 'coming-of-age-drama', 'parody-comedy']"
It's a Wonderful World,"['bumbling-detective-mystery', 'satire-comedy', 'screwball-comedy']"
Abbott and Costello Meet Dr. Jekyll and Mr. Hyde,"['bumbling-detective-mystery', 'parody-comedy', 'slapstick-comedy']"
The Falcon and the Co-eds,"['bumbling-detective-mystery', 'film-noir', 'psychological-drama', 'teen-drama', 'whodunnit-mystery']"
Penguin Pool Murder,"['bumbling-detective-mystery', 'screwball-comedy', 'whodunnit-mystery']"
24 Hours with Gaspar,"['bumbling-detective-mystery', 'car-action', 'dystopian-sci-fi', 'martial-arts-action', 'steampunk-sci-fi']"
Torchy Blane in Panama,['bumbling-detective-mystery']
Grand Central Murder,"['bumbling-detective-mystery', 'film-noir', 'suspense-mystery', 'whodunnit-mystery']"
Private Eyes,['bumbling-detective-mystery']
The Gentlemen,"['caper-crime', 'dark-comedy', 'drug-crime', 'gangster-crime']"
Bonnie and Clyde,"['caper-crime', 'tragedy-drama', 'true-crime']"
The Usual Suspects,"['caper-crime', 'gangster-crime', 'heist-crime', 'psychological-drama', 'psychological-thriller', 'suspense-mystery', 'whodunnit-mystery']"
Heartbreakers,"['caper-crime', 'romantic-comedy']"
The Grand Budapest Hotel,"['caper-crime', 'quirky-comedy']"
City of God,"['caper-crime', 'coming-of-age-drama', 'gangster-crime']"
Snatch,"['caper-crime', 'dark-comedy', 'gangster-crime']"
Baby Driver,"['caper-crime', 'car-action']"
Ocean's Eleven,"['caper-crime', 'caper-crime', 'heist-crime']"
Heist,"['caper-crime', 'dark-comedy']"
Catch Me If You Can,"['caper-crime', 'coming-of-age-drama', 'docudrama', 'globetrotting-adventure', 'period-drama', 'true-crime']"
Jackie Brown,"['caper-crime', 'drug-crime']"
"O Brother, Where Art Thou?","['caper-crime', 'dark-comedy', 'epic-adventure', 'period-drama', 'quest-adventure', 'road-trip-adventure', 'satire-comedy']"
Ocean's Eight,"['caper-crime', 'heist-crime']"
Spring Breakers,"['caper-crime', 'coming-of-age-drama', 'dark-comedy', 'drug-crime', 'erotic-thriller', 'teen-drama']"
Now You See Me,"['caper-crime', 'heist-crime']"
Fantastic Mr. Fox,"['caper-crime', 'quirky-comedy']"
The Sting,['caper-crime']
Focus,['caper-crime']
A Fish Called Wanda,"['caper-crime', 'dark-comedy', 'screwball-comedy', 'slapstick-comedy']"
It's a Mad Mad Mad Mad World,"['caper-crime', 'epic-drama', 'globetrotting-adventure', 'road-trip-adventure', 'screwball-comedy', 'slapstick-comedy']"
Logan Lucky,"['caper-crime', 'heist-crime']"
The Italian Job,"['caper-crime', 'caper-crime', 'car-action', 'car-action']"
The Bad Guys,"['caper-crime', 'cg-animation', 'slapstick-comedy']"
Seven Psychopaths,"['caper-crime', 'dark-comedy', 'gangster-crime', 'serial-killer-crime']"
Now You See Me 2,['caper-crime']
Hitman's Wife's Bodyguard,"['caper-crime', 'dark-comedy']"
Army of Thieves,['caper-crime']
Ocean's Twelve,['caper-crime']
Paper Moon,"['caper-crime', 'road-trip-adventure']"
The Thomas Crown Affair,"['caper-crime', 'caper-crime']"
The Bank Job,"['caper-crime', 'heist-crime', 'period-drama', 'true-crime']"
Ocean's Thirteen,['caper-crime']
Going in Style,"['caper-crime', 'caper-crime', 'dark-comedy', 'satire-comedy']"
Pain & Gain,"['caper-crime', 'true-crime']"
Raising Arizona,"['caper-crime', 'slapstick-comedy']"
The Player,"['caper-crime', 'dark-comedy', 'farce-comedy', 'satire-comedy', 'showbiz-drama', 'workplace-drama']"
Shoplifters,"['caper-crime', 'psychological-drama']"
The Good Liar,['caper-crime']
The Getaway,['caper-crime']
The Ladykillers,"['caper-crime', 'caper-crime', 'dark-comedy', 'dark-comedy']"
Out of Sight,"['caper-crime', 'parody-comedy']"
Masterminds,"['caper-crime', 'dark-comedy', 'true-crime']"
Sneakers,"['caper-crime', 'dark-comedy']"
Bottle Rocket,"['caper-crime', 'dark-comedy']"
The Bling Ring,"['caper-crime', 'true-crime']"
Matchstick Men,"['caper-crime', 'dark-comedy']"
Bandits,"['caper-crime', 'dark-comedy']"
Entrapment,['caper-crime']
Headhunters,"['caper-crime', 'dark-comedy']"
The Taking of Pelham One Two Three,"['caper-crime', 'dark-comedy']"
Duplicity,['caper-crime']
The Killing,"['caper-crime', 'film-noir', 'heist-crime', 'psychological-drama', 'psychological-thriller', 'tragedy-drama']"
Tower Heist,['caper-crime']
Overdrive,['caper-crime']
Breathless,"['caper-crime', 'dark-comedy']"
Thunderbolt and Lightfoot,"['caper-crime', 'dark-comedy', 'heist-crime']"
Blue Streak,"['caper-crime', 'slapstick-comedy']"
Man Bites Dog,"['caper-crime', 'dark-comedy', 'mockumentary-comedy', 'satire-comedy', 'serial-killer-crime', 'tragedy-drama']"
Muppets Most Wanted,"['caper-crime', 'globetrotting-adventure', 'quirky-comedy', 'satire-comedy', 'urban-adventure']"
Topkapi,['caper-crime']
The Split,['caper-crime']
Mad Money,"['caper-crime', 'satire-comedy']"
Mortdecai,"['caper-crime', 'slapstick-comedy']"
The Old Man & the Gun,"['caper-crime', 'heist-crime', 'true-crime']"
Quick Change,['caper-crime']
Two Hands,"['caper-crime', 'dark-comedy']"
The Brothers Bloom,['caper-crime']
Gambit,"['caper-crime', 'caper-crime', 'dark-comedy']"
Confidence,['caper-crime']
The Great Muppet Caper,"['caper-crime', 'farce-comedy', 'quirky-comedy']"
How to Steal a Million,['caper-crime']
White Heat,"['caper-crime', 'film-noir']"
Exit Through the Gift Shop,"['caper-crime', 'satire-comedy', 'true-crime']"
Blood for Dust,"['caper-crime', 'drug-crime']"
Catch That Kid,"['caper-crime', 'teen-adventure']"
The Art of the Steal,['caper-crime']
Henry's Crime,"['caper-crime', 'heist-crime']"
Locked Down,['caper-crime']
The Maiden Heist,['caper-crime']
First Sunday,"['caper-crime', 'dark-comedy', 'slapstick-comedy']"
Family Business,['caper-crime']
Dead Heat on a Merry-Go-Round,['caper-crime']
Collide,"['caper-crime', 'car-action', 'dark-comedy']"
The Distinguished Gentleman,"['caper-crime', 'farce-comedy', 'high-concept-comedy', 'satire-comedy']"
Big Deal on Madonna Street,['caper-crime']
Pickpocket,"['caper-crime', 'psychological-drama']"
The Sicilian Clan,['caper-crime']
The Lavender Hill Mob,['caper-crime']
Welcome to Collinwood,"['caper-crime', 'heist-crime']"
A Cop,"['caper-crime', 'heist-crime']"
A Man of Action,"['caper-crime', 'period-drama', 'true-crime']"
Where the Money Is,['caper-crime']
Foolproof,"['caper-crime', 'dark-comedy']"
Buster,['caper-crime']
Criminal,"['caper-crime', 'spy-thriller']"
We're No Angels,"['caper-crime', 'dark-comedy', 'satire-comedy', 'screwball-comedy']"
The Sting II,['caper-crime']
The Hot Rock,['caper-crime']
The Brink's Job,"['caper-crime', 'true-crime']"
Any Number Can Win,['caper-crime']
Odds Against Tomorrow,['caper-crime']
Heroic Losers,['caper-crime']
Firepower,"['caper-crime', 'dark-comedy']"
Steal,['caper-crime']
The Great Texas Dynamite Chase,"['caper-crime', 'parody-comedy', 'satire-comedy']"
Bob le Flambeur,"['caper-crime', 'gangster-crime', 'heist-crime']"
Rough Cut,['caper-crime']
Le deuxième souffle,['caper-crime']
The Swindle,"['caper-crime', 'tragedy-drama']"
Shanghai Surprise,"['caper-crime', 'dark-comedy', 'slapstick-comedy']"
Ordinary Decent Criminal,"['caper-crime', 'dark-comedy']"
After the Fox,"['caper-crime', 'farce-comedy', 'heist-crime', 'parody-comedy', 'satire-comedy', 'screwball-comedy']"
Robbery,"['caper-crime', 'true-crime']"
Nobel Son,"['caper-crime', 'dark-comedy']"
Scorched,['caper-crime']
11 Harrowhouse,"['caper-crime', 'parody-comedy', 'tragedy-drama']"
Cash on Demand,"['caper-crime', 'psychological-drama']"
5 Against the House,"['caper-crime', 'film-noir', 'heist-crime', 'psychological-drama', 'psychological-thriller']"
Pocket Listing,"['caper-crime', 'dark-comedy', 'satire-comedy']"
Judex,"['caper-crime', 'costume-drama', 'gangster-crime', 'period-drama']"
Harry and Walter Go to New York,['caper-crime']
End of a Gun,['caper-crime']
The Biggest Bundle of Them All,['caper-crime']
Bullseye!,"['caper-crime', 'slapstick-comedy']"
Caprice,['caper-crime']
Guns Girls and Gangsters,['caper-crime']
Stark Raving Mad,['caper-crime']
The Pursuit of D.B. Cooper,['caper-crime']
Who's Minding the Mint?,"['caper-crime', 'heist-crime']"
The Hoodlum,"['caper-crime', 'film-noir']"
Crackers,['caper-crime']
The Parole Officer,['caper-crime']
Deadfall,"['caper-crime', 'heist-crime', 'police-procedural-crime', 'psychological-drama', 'psychological-thriller', 'tragedy-drama']"
Silver Bears,['caper-crime']
Cool Breeze,['caper-crime']
7 uomini d'oro,"['caper-crime', 'heist-crime']"
Steelyard Blues,['caper-crime']
Loot,"['caper-crime', 'dark-comedy']"
Lady Ice,['caper-crime']
Stoney,['caper-crime']
Happy End,"['caper-crime', 'dark-comedy', 'dark-comedy', 'farce-comedy', 'high-concept-comedy', 'quirky-comedy', 'serial-killer-crime', 'slapstick-comedy', 'tragedy-drama']"
The Lone Wolf Strikes,['caper-crime']
The Hard Word,"['caper-crime', 'dark-comedy']"
Rip It Off,['caper-crime']
The Brain,"['caper-crime', 'slapstick-comedy']"
Kaleidoscope,['caper-crime']
The Bank Shot,['caper-crime']
Armored Car Robbery,"['caper-crime', 'film-noir']"
Cops and Robbers,"['caper-crime', 'farce-comedy']"
If... Dog... Rabbit,['caper-crime']
Inside Out,"['caper-crime', 'cg-animation', 'coming-of-age-drama']"
The Upper Hand,['caper-crime']
Raffles,"['caper-crime', 'caper-crime']"
They Came to Rob Las Vegas,['caper-crime']
Fiasco in Milan,['caper-crime']
Let's Rob the Bank,"['caper-crime', 'parody-comedy']"
Hot Millions,['caper-crime']
Happy New Year,['caper-crime']
The Happy Thieves,['caper-crime']
Einer frisst den anderen,['caper-crime']
Perfect Friday,"['caper-crime', 'heist-crime']"
The Master Touch,['caper-crime']
"Pizza, Beer, and Cigarettes","['caper-crime', 'gangster-crime', 'heist-crime']"
Art Heist,['caper-crime']
Kangaroo,"['caper-crime', 'period-drama']"
The Rebel Set,['caper-crime']
The Squeeze,['caper-crime']
Action Man,['caper-crime']
Nicotina,['caper-crime']
Duffy,['caper-crime']
Cairo,['caper-crime']
Ultimate Heist,['caper-crime']
Mercy Streets,['caper-crime']
Rotten to the Core,['caper-crime']
3-Way Split,['caper-crime']
Midas Run,['caper-crime']
Snow Job,['caper-crime']
Siberia,['caper-crime']
The Real Thing,['caper-crime']
Cloportes,['caper-crime']
Jack of Diamonds,['caper-crime']
Sophie's Place,['caper-crime']
The Vatican Affair,['caper-crime']
Il ladro della Gioconda,"['caper-crime', 'slapstick-comedy']"
Air Patrol,['caper-crime']
The End of Agent W4C,"['caper-crime', 'farce-comedy', 'heist-crime', 'high-concept-comedy', 'one-person-army-action', 'quest-adventure', 'quirky-comedy', 'satire-comedy', 'slapstick-comedy', 'spy-thriller']"
The Light Touch,"['caper-crime', 'heist-crime', 'quest-adventure']"
Styx,['caper-crime']
The Big Hustle,['caper-crime']
Mister Zehn Prozent - Miezen und Moneten,['caper-crime']
Operazione San Pietro,['caper-crime']
Alias Jimmy Valentine,['caper-crime']
A Nice Little Bank That Should Be Robbed,['caper-crime']
Le paria,['caper-crime']
Rififi in Amsterdam,['caper-crime']
Blueprint for Robbery,['caper-crime']
De overval,['caper-crime']
Come rubare un quintale di diamanti in Russia,['caper-crime']
Golden Chameleon,['caper-crime']
Stöten,['caper-crime']
The Dandy Roll,['caper-crime']
The Frame-Up,['caper-crime']
Between A Rock and A Hard Place,['caper-crime']
Rififi,"['caper-crime', 'heist-crime']"
Mr. Murder Is Dead,['caper-crime']
Inside Dope,['caper-crime']
Drive,"['car-action', 'one-person-army-action']"
Speed,"['car-action', 'motorsports-sport', 'urban-adventure']"
The Fast and the Furious,"['car-action', 'film-noir']"
Death Proof,"['car-action', 'dark-comedy']"
The Fast and the Furious: Tokyo Drift,['car-action']
Fast & Furious Presents: Hobbs & Shaw,"['car-action', 'dark-comedy']"
Back to the Future Part II,"['car-action', 'cyberpunk-sci-fi', 'dystopian-sci-fi', 'epic-adventure', 'high-concept-comedy', 'teen-adventure', 'teen-comedy', 'time-travel-sci-fi', 'urban-adventure']"
2 Fast 2 Furious,['car-action']
Furious 7,['car-action']
Cars 3,"['car-action', 'cg-animation', 'motorsports-sport']"
Gran Turismo,"['car-action', 'motorsports-sport']"
Cars 2,"['car-action', 'cg-animation', 'motorsports-sport', 'spy-thriller']"
Days of Thunder,"['car-action', 'motorsports-sport']"
Unhinged,"['car-action', 'psychological-thriller', 'slasher-horror', 'slasher-horror']"
Gone in 60 Seconds,"['car-action', 'car-action']"
The Fate of the Furious,['car-action']
The Transporter,['car-action']
Need for Speed,"['car-action', 'road-trip-adventure']"
Back to the Future Part III,"['car-action', 'desert-adventure', 'high-concept-comedy', 'steampunk-sci-fi', 'teen-adventure', 'teen-comedy', 'time-travel-sci-fi']"
Breakdown,"['car-action', 'film-noir', 'road-trip-adventure', 'suspense-mystery']"
The Cannonball Run,"['car-action', 'motorsports-sport', 'road-trip-adventure', 'slapstick-comedy']"
Ronin,"['car-action', 'heist-crime', 'samurai-action']"
Smokey and the Bandit,"['car-action', 'road-trip-adventure']"
Bullitt,['car-action']
Speed Racer,"['car-action', 'motorsports-sport']"
Transporter 2,['car-action']
Vanishing Point,"['car-action', 'dark-comedy', 'road-trip-adventure']"
Retribution,['car-action']
Cannonball Run II,"['car-action', 'road-trip-adventure']"
Monster Trucks,"['car-action', 'teen-adventure']"
The Car,['car-action']
The Gumball Rally,"['car-action', 'road-trip-adventure']"
Grand Theft Auto,"['car-action', 'slapstick-comedy']"
The Pinchcliffe Grand Prix,"['car-action', 'motorsports-sport']"
Asphalt Burning,['car-action']
Wheels of Fire,['car-action']
Eat My Dust,"['car-action', 'slapstick-comedy']"
Stealing Raden Saleh,"['car-action', 'heist-crime', 'prison-drama', 'teen-drama']"
Seoul Vibe,['car-action']
13 Bombs,"['car-action', 'one-person-army-action', 'spy-thriller']"
Speedtrap,['car-action']
Motorway,['car-action']
Redline,['car-action']
Nightrider,['car-action']
Flow,"['cg-animation', 'survival-adventure']"
Mufasa: The Lion King,['cg-animation']
Dog Man,"['cg-animation', 'superhero-action']"
Moana 2,"['cg-animation', 'sea-adventure']"
Despicable Me 4,"['cg-animation', 'urban-adventure']"
Inside Out 2,"['cg-animation', 'coming-of-age-drama', 'quest-adventure', 'teen-comedy', 'teen-drama']"
The Lion King,"['cg-animation', 'coming-of-age-drama', 'coming-of-age-drama', 'epic-adventure', 'jungle-adventure']"
Ratatouille,"['cg-animation', 'satire-comedy']"
Spider-Man: Across the Spider-Verse,"['cg-animation', 'superhero-action', 'supernatural-fantasy', 'teen-adventure', 'urban-adventure']"
Shrek Forever After,"['cg-animation', 'fairy-tale-fantasy', 'parody-comedy', 'slapstick-comedy']"
Cars,"['cg-animation', 'motorsports-sport']"
Shrek 2,"['cg-animation', 'fairy-tale-fantasy', 'parody-comedy', 'satire-comedy', 'slapstick-comedy']"
Shrek the Third,"['cg-animation', 'fairy-tale-fantasy', 'parody-comedy', 'slapstick-comedy']"
How to Train Your Dragon,"['cg-animation', 'sword-and-sorcery-fantasy', 'sword-and-sorcery-fantasy', 'teen-adventure', 'teen-fantasy', 'teen-fantasy']"
Moana,"['cg-animation', 'quest-adventure', 'sea-adventure']"
Sing,"['cg-animation', 'jukebox-musical']"
IF,"['cg-animation', 'high-concept-comedy']"
The Incredibles,"['cg-animation', 'superhero-action', 'urban-adventure']"
Spider-Man: Into the Spider-Verse,"['cg-animation', 'superhero-action', 'supernatural-fantasy', 'teen-adventure', 'urban-adventure']"
Puss in Boots: The Last Wish,"['cg-animation', 'fairy-tale-fantasy', 'quest-adventure', 'swashbuckler-adventure']"
Frozen,"['cg-animation', 'fairy-tale-fantasy', 'mountain-adventure', 'pop-musical', 'psychological-thriller', 'survival-adventure']"
Tangled,"['cg-animation', 'fairy-tale-fantasy', 'feel-good-romance', 'pop-musical', 'teen-adventure', 'teen-comedy', 'teen-fantasy', 'teen-romance']"
Up,"['cg-animation', 'coming-of-age-drama', 'globetrotting-adventure']"
Encanto,"['cg-animation', 'pop-musical']"
Despicable Me,"['cg-animation', 'slapstick-comedy', 'urban-adventure']"
Coco,"['cg-animation', 'supernatural-fantasy']"
The King of Kings,['cg-animation']
A Bug's Life,"['cg-animation', 'quest-adventure']"
Sing 2,"['cg-animation', 'jukebox-musical']"
The Garfield Movie,['cg-animation']
Toy Story 3,"['cg-animation', 'supernatural-fantasy', 'urban-adventure']"
Kung Fu Panda,"['cg-animation', 'kung-fu-action', 'martial-arts-action', 'wuxia-action']"
Teenage Mutant Ninja Turtles: Mutant Mayhem,"['cg-animation', 'superhero-action', 'teen-adventure', 'teen-comedy', 'urban-adventure']"
Kung Fu Panda 4,['cg-animation']
Ice Age,"['cg-animation', 'dinosaur-adventure', 'quest-adventure', 'survival-adventure']"
Soul,['cg-animation']
How to Train Your Dragon: The Hidden World,"['cg-animation', 'teen-fantasy']"
Sausage Party,"['cg-animation', 'dark-comedy', 'high-concept-comedy', 'raunchy-comedy']"
Minions,"['cg-animation', 'slapstick-comedy']"
Toy Story 4,"['cg-animation', 'road-trip-adventure', 'supernatural-fantasy', 'urban-adventure']"
Elemental,"['cg-animation', 'urban-adventure']"
Spider-Man: Beyond the Spider-Verse,"['cg-animation', 'superhero-action']"
Brave,"['cg-animation', 'coming-of-age-drama', 'fairy-tale-fantasy', 'quest-adventure', 'sword-and-sorcery-fantasy', 'teen-adventure', 'teen-fantasy']"
The Jungle Book,"['cg-animation', 'jungle-adventure', 'jungle-adventure', 'jungle-adventure', 'jungle-adventure', 'jungle-adventure', 'quest-adventure', 'quest-adventure']"
How to Train Your Dragon 2,"['cg-animation', 'teen-fantasy']"
Madagascar,"['cg-animation', 'jungle-adventure', 'slapstick-comedy']"
Raya and the Last Dragon,"['cg-animation', 'epic-adventure', 'epic-fantasy', 'quest-adventure', 'swashbuckler-adventure']"
Incredibles 2,"['cg-animation', 'superhero-action', 'urban-adventure']"
Toy Story 2,"['cg-animation', 'quest-adventure', 'supernatural-fantasy', 'urban-adventure']"
The Secret Life of Pets,"['cg-animation', 'urban-adventure']"
The Lego Movie,"['cg-animation', 'dystopian-sci-fi', 'globetrotting-adventure', 'quest-adventure', 'quirky-comedy', 'satire-comedy', 'slapstick-comedy']"
Bolt,"['cg-animation', 'urban-adventure']"
Trolls,"['cg-animation', 'jukebox-musical']"
Watchmen: Chapter II,"['cg-animation', 'dystopian-sci-fi']"
Despicable Me 2,"['cg-animation', 'urban-adventure']"
Hotel Transylvania,"['cg-animation', 'dark-fantasy', 'quirky-comedy', 'supernatural-fantasy']"
Happy Feet,"['cg-animation', 'jukebox-musical']"
Trolls Band Together,['cg-animation']
Turning Red,"['cg-animation', 'coming-of-age-drama', 'teen-comedy', 'teen-drama']"
Frozen II,"['cg-animation', 'fairy-tale-fantasy', 'quest-adventure']"
Wish,"['cg-animation', 'fairy-tale-fantasy']"
Luca,"['cg-animation', 'coming-of-age-drama', 'fairy-tale-fantasy', 'sea-adventure']"
The Lego Batman Movie,"['cg-animation', 'parody-comedy', 'quirky-comedy', 'slapstick-comedy', 'superhero-action']"
Spellbound,"['cg-animation', 'film-noir', 'pop-musical', 'psychological-drama', 'psychological-thriller']"
Monsters University,['cg-animation']
9,"['cg-animation', 'dark-fantasy', 'dystopian-sci-fi', 'steampunk-sci-fi']"
Rio,['cg-animation']
Puss in Boots,"['cg-animation', 'classic-musical', 'fairy-tale-fantasy', 'swashbuckler-adventure']"
The Croods,"['cg-animation', 'supernatural-fantasy', 'survival-adventure']"
Finding Dory,"['cg-animation', 'sea-adventure']"
A Sloth Story,['cg-animation']
The Bad Guys 2,"['cg-animation', 'heist-crime']"
Migration,['cg-animation']
Over the Hedge,['cg-animation']
Cloudy with a Chance of Meatballs,"['cg-animation', 'supernatural-fantasy', 'urban-adventure']"
The Lorax,['cg-animation']
Piece by Piece,"['cg-animation', 'jukebox-musical', 'pop-musical']"
Rango,"['cg-animation', 'contemporary-western', 'desert-adventure', 'epic-adventure', 'quirky-comedy', 'slapstick-comedy']"
Mr. Peabody & Sherman,"['cg-animation', 'time-travel-sci-fi']"
Meet the Robinsons,"['cg-animation', 'quest-adventure', 'time-travel-sci-fi']"
Home,"['cg-animation', 'quest-adventure']"
Leo,"['cg-animation', 'satire-comedy']"
Megamind,"['cg-animation', 'superhero-action', 'supernatural-fantasy', 'urban-adventure']"
Kung Fu Panda 2,"['cg-animation', 'kung-fu-action', 'martial-arts-action']"
Minions: The Rise of Gru,['cg-animation']
Dinosaur,"['cg-animation', 'dinosaur-adventure', 'epic-adventure', 'jungle-adventure', 'survival-adventure']"
The Boss Baby,['cg-animation']
The Adventures of Tintin,"['cg-animation', 'epic-adventure', 'globetrotting-adventure', 'quest-adventure', 'swashbuckler-adventure']"
Kung Fu Panda 3,"['cg-animation', 'kung-fu-action', 'martial-arts-action']"
The Emoji Movie,"['cg-animation', 'supernatural-fantasy']"
Epic,['cg-animation']
The Secret Life of Pets 2,['cg-animation']
Ice Age: Collision Course,['cg-animation']
Beowulf,['cg-animation']
Onward,"['cg-animation', 'epic-adventure', 'epic-drama', 'epic-fantasy', 'quest-adventure', 'supernatural-fantasy', 'sword-and-sorcery-fantasy']"
Ice Age: Continental Drift,['cg-animation']
Hoodwinked!,"['cg-animation', 'parody-comedy']"
PAW Patrol: The Mighty Movie,"['cg-animation', 'superhero-action', 'urban-adventure']"
The Angry Birds Movie,['cg-animation']
Hotel Transylvania 4: Transformania,"['cg-animation', 'supernatural-fantasy']"
Luck,['cg-animation']
Nimona,"['cg-animation', 'cyberpunk-sci-fi', 'epic-adventure', 'epic-fantasy', 'quest-adventure', 'sword-and-sorcery-fantasy']"
Ferdinand,['cg-animation']
DC League of Super-Pets,"['cg-animation', 'superhero-action']"
Lightyear,"['cg-animation', 'space-sci-fi', 'superhero-action', 'time-travel-sci-fi']"
Hotel Transylvania 3: Summer Vacation,['cg-animation']
Surf's Up,"['cg-animation', 'mockumentary-comedy', 'satire-comedy']"
Hotel Transylvania 2,"['cg-animation', 'supernatural-fantasy']"
Madagascar: Escape 2 Africa,"['cg-animation', 'slapstick-comedy']"
The SpongeBob Movie: Sponge Out of Water,"['cg-animation', 'sea-adventure']"
Ice Age: The Meltdown,"['cg-animation', 'slapstick-comedy']"
The Grinch,"['cg-animation', 'holiday-comedy', 'holiday-family', 'holiday-season']"
The Angry Birds Movie 2,['cg-animation']
Monster House,"['cg-animation', 'slapstick-comedy']"
Bee Movie,"['cg-animation', 'legal-drama']"
The Sea Beast,"['cg-animation', 'epic-adventure', 'sea-adventure', 'swashbuckler-adventure']"
Planes,['cg-animation']
Ice Age: Dawn of the Dinosaurs,"['cg-animation', 'dinosaur-adventure']"
Flushed Away,"['cg-animation', 'slapstick-comedy']"
Madagascar 3: Europe's Most Wanted,"['cg-animation', 'urban-adventure']"
The Polar Express,"['cg-animation', 'holiday-comedy', 'holiday-family', 'holiday-season']"
PAW Patrol: The Movie,"['cg-animation', 'urban-adventure']"
TMNT,"['cg-animation', 'superhero-action', 'teen-adventure']"
Wish Dragon,"['cg-animation', 'urban-adventure']"
Rise of the Guardians,"['cg-animation', 'holiday-season', 'superhero-action']"
The Croods: A New Age,['cg-animation']
The Book of Life,"['cg-animation', 'jukebox-musical', 'quest-adventure']"
Gnomeo & Juliet,"['cg-animation', 'jukebox-musical']"
Horton Hears a Who!,"['cg-animation', 'jungle-adventure']"
Trolls World Tour,"['cg-animation', 'jukebox-musical']"
Turbo,"['cg-animation', 'motorsports-sport']"
Entergalactic,['cg-animation']
Cloudy with a Chance of Meatballs 2,['cg-animation']
Rio 2,"['cg-animation', 'jungle-adventure']"
Ruby Gillman: Teenage Kraken,"['cg-animation', 'teen-comedy', 'teen-drama', 'teen-romance']"
The Addams Family,"['cg-animation', 'dark-comedy', 'dark-comedy', 'satire-comedy', 'supernatural-fantasy', 'supernatural-fantasy']"
Happy Feet Two,"['cg-animation', 'jukebox-musical']"
New Gods: Nezha Reborn,['cg-animation']
Back to the Outback,['cg-animation']
The Lego Ninjago Movie,"['cg-animation', 'superhero-action']"
Barnyard,['cg-animation']
That Christmas,"['cg-animation', 'holiday-comedy']"
The Boss Baby: Family Business,['cg-animation']
Arthur and the Invisibles,['cg-animation']
Storks,['cg-animation']
The Little Prince,"['cg-animation', 'coming-of-age-drama', 'epic-fantasy', 'globetrotting-adventure']"
Leap!,['cg-animation']
Smurfs: The Lost Village,['cg-animation']
The Wild,['cg-animation']
Vivo,"['cg-animation', 'pop-musical', 'teen-comedy', 'urban-adventure']"
Scoob!,"['cg-animation', 'whodunnit-mystery']"
Tinker Bell,"['cg-animation', 'fairy-tale-fantasy']"
Hitpig,['cg-animation']
The SpongeBob Movie: Sponge on the Run,"['cg-animation', 'quest-adventure', 'road-trip-adventure', 'sea-adventure']"
The Peanuts Movie,"['cg-animation', 'slapstick-comedy']"
Legend of the Guardians: The Owls of Ga'Hoole,['cg-animation']
Strange World,"['cg-animation', 'quest-adventure']"
The Ant Bully,['cg-animation']
UglyDolls,['cg-animation']
The Angry Birds Movie 3,['cg-animation']
The Monkey King,"['cg-animation', 'martial-arts-action']"
Thelma the Unicorn,"['cg-animation', 'pop-musical']"
Abominable,['cg-animation']
The Nut Job,"['cg-animation', 'parody-comedy']"
The Ice Age Adventures of Buck Wild,"['cg-animation', 'dinosaur-adventure']"
Tom & Jerry,"['cg-animation', 'slapstick-comedy']"
A Christmas Carol,"['cg-animation', 'costume-drama', 'dark-fantasy', 'holiday-family', 'holiday-family', 'holiday-family', 'holiday-season', 'holiday-season', 'holiday-season', 'holiday-season', 'holiday-season']"
The Animatrix,"['cg-animation', 'cyberpunk-sci-fi', 'superhero-action']"
Smallfoot,['cg-animation']
Star Wars: The Clone Wars,"['cg-animation', 'space-sci-fi']"
Strange Magic,"['cg-animation', 'fairy-tale-fantasy', 'jukebox-musical']"
Planet 51,"['cg-animation', 'space-sci-fi']"
Final Fantasy: The Spirits Within,['cg-animation']
Sherlock Gnomes,['cg-animation']
Foodfight!,"['cg-animation', 'high-concept-comedy']"
Over the Moon,"['cg-animation', 'supernatural-fantasy']"
Planes: Fire & Rescue,['cg-animation']
Paws of Fury: The Legend of Hank,['cg-animation']
Secret of the Wings,"['cg-animation', 'fairy-tale-fantasy']"
Red Shoes and the Seven Dwarfs,"['cg-animation', 'fairy-tale-fantasy', 'parody-comedy']"
Tinker Bell and the Legend of the NeverBeast,['cg-animation']
Escape from Planet Earth,['cg-animation']
The Tale of Despereaux,"['cg-animation', 'parody-comedy']"
The Star,"['cg-animation', 'desert-adventure', 'holiday-family', 'holiday-season']"
"Miraculous: Ladybug & Cat Noir, the Movie","['cg-animation', 'superhero-action', 'teen-adventure', 'teen-comedy', 'teen-fantasy', 'teen-romance']"
My Little Pony: A New Generation,['cg-animation']
Final Fantasy VII: Advent Children,['cg-animation']
Incredibles 3,"['cg-animation', 'superhero-action']"
Everyone's Hero,['cg-animation']
Mars Needs Moms,"['cg-animation', 'quest-adventure', 'space-sci-fi']"
Valiant,['cg-animation']
A Monster in Paris,['cg-animation']
The Willoughbys,"['cg-animation', 'dark-comedy', 'urban-adventure']"
Barbie as Rapunzel,['cg-animation']
Hoodwinked Too! Hood vs. Evil,['cg-animation']
The Addams Family 2,"['cg-animation', 'road-trip-adventure']"
Spirit Untamed,['cg-animation']
"Batman: The Long Halloween, Part One","['cg-animation', 'superhero-action']"
Son of Bigfoot,['cg-animation']
Teenage Mutant Ninja Turtles 2,"['cg-animation', 'martial-arts-action', 'superhero-action']"
Tinker Bell and the Pirate Fairy,"['cg-animation', 'swashbuckler-adventure']"
Mummies,['cg-animation']
Open Season 2,['cg-animation']
"Ultramarines: A Warhammer 40,000 Movie",['cg-animation']
Playmobil: The Movie,"['cg-animation', 'epic-adventure', 'quest-adventure']"
Rock Dog,['cg-animation']
Igor,"['cg-animation', 'slapstick-comedy', 'steampunk-sci-fi']"
Waltz with Bashir,"['cg-animation', 'docudrama', 'period-drama', 'psychological-drama', 'tragedy-drama']"
The Queen's Corgi,['cg-animation']
The Amazing Maurice,['cg-animation']
Doogal,['cg-animation']
Norm of the North,"['cg-animation', 'slapstick-comedy']"
Where the Dead Go to Die,"['cg-animation', 'splatter-horror']"
Arthur Christmas,"['cg-animation', 'holiday-comedy', 'holiday-family', 'holiday-season']"
Pinocchio: A True Story,['cg-animation']
Madly Madagascar,['cg-animation']
Wonder Park,['cg-animation']
The Nut Job 2: Nutty by Nature,['cg-animation']
Surf's Up 2: WaveMania,['cg-animation']
Rumble,['cg-animation']
Apollo 10½: A Space Age Childhood,"['cg-animation', 'coming-of-age-drama']"
Space Chimps,"['cg-animation', 'space-sci-fi']"
Casper Meets Wendy,"['cg-animation', 'supernatural-fantasy']"
Diary of a Wimpy Kid: Rodrick Rules,['cg-animation']
Tinker Bell and the Lost Treasure,['cg-animation']
A Turtle's Tale: Sammy's Adventures,"['cg-animation', 'sea-adventure']"
Jonah: A VeggieTales Movie,"['cg-animation', 'swashbuckler-adventure']"
The Wild Life,"['cg-animation', 'swashbuckler-adventure']"
Arthur and the Revenge of Maltazard,['cg-animation']
Tinker Bell and the Great Fairy Rescue,['cg-animation']
The Magician's Elephant,['cg-animation']
Justice League x RWBY: Super Heroes and Huntsmen Part One,"['cg-animation', 'teen-fantasy']"
Walking with Dinosaurs 3D,"['cg-animation', 'dinosaur-adventure']"
Resident Evil: Degeneration,"['cg-animation', 'zombie-horror']"
Blame!,"['cg-animation', 'cyberpunk-sci-fi']"
Casper: A Spirited Beginning,"['cg-animation', 'supernatural-fantasy']"
Duck Duck Goose,['cg-animation']
My Neighbors the Yamadas,['cg-animation']
Arthur 3: The War of the Two Worlds,['cg-animation']
The Lego Batman Movie 2,"['cg-animation', 'superhero-action']"
Legends of Oz: Dorothy's Return,['cg-animation']
Alpha and Omega,['cg-animation']
Monster Family,"['cg-animation', 'vampire-horror']"
Happily N'Ever After,"['cg-animation', 'parody-comedy']"
Open Season 3,['cg-animation']
Appleseed,"['cg-animation', 'cyberpunk-sci-fi', 'cyberpunk-sci-fi']"
Ozzy,['cg-animation']
Wish Dragon 2,['cg-animation']
Appleseed Alpha,['cg-animation']
Diary of a Wimpy Kid Christmas: Cabin Fever,"['cg-animation', 'holiday-comedy', 'holiday-family', 'holiday-season']"
Deep Sea,['cg-animation']
Arctic Dogs,['cg-animation']
Delgo,['cg-animation']
Appleseed: Ex Machina,"['cg-animation', 'cyberpunk-sci-fi']"
Rally Road Racers,['cg-animation']
Pierre the Pigeon-Hawk,['cg-animation']
Sgt. Stubby: An American Hero,['cg-animation']
Godzilla: Planet of the Monsters,"['cg-animation', 'giant-monster-sci-fi']"
Battle for Terra,['cg-animation']
Kaena: The Prophecy,['cg-animation']
Warrior King,['cg-animation']
B.O.O.: Bureau of Otherworldly Operations,['cg-animation']
Riley's First Date?,['cg-animation']
Sheep & Wolves,['cg-animation']
Our Drawings,['cg-animation']
Mystery on the Cattle Hill Express,['cg-animation']
Conference of Animals,['cg-animation']
BoBoiBoy: The Movie,"['cg-animation', 'superhero-action']"
The Animatrix: Final Flight of the Osiris,"['cg-animation', 'cyberpunk-sci-fi']"
Godzilla: The Planet Eater,"['cg-animation', 'giant-monster-sci-fi']"
Mickey's Twice Upon a Christmas,"['cg-animation', 'holiday-family', 'holiday-season']"
Burn-E,"['cg-animation', 'slapstick-comedy', 'space-sci-fi']"
Boonie Bears: Guardian Code,['cg-animation']
Dragon Hunters,['cg-animation']
Despicable Me: Minion Madness,"['cg-animation', 'slapstick-comedy']"
Justin and the Knights of Valour,['cg-animation']
Inspector Sun,['cg-animation']
No Time for Nuts,['cg-animation']
The Flight Before Christmas,['cg-animation']
Monster Family 2,"['cg-animation', 'vampire-horror']"
Vexille,['cg-animation']
Godzilla: City on the Edge of Battle,"['cg-animation', 'giant-monster-sci-fi']"
Kozí príbeh,['cg-animation']
Elf Bowling the Movie: The Great North Pole Elf Strike,"['cg-animation', 'holiday-season']"
"Boo, Zino & the Snurks",['cg-animation']
Bright: Samurai Soul,"['cg-animation', 'sword-and-sorcery-fantasy']"
Competition,['cg-animation']
Poupelle of Chimney Town,['cg-animation']
The Big Trip,"['cg-animation', 'road-trip-adventure']"
VeggieTales: Tales from the Crisper,['cg-animation']
StarDog and TurboCat,['cg-animation']
The Swan Princess: A Fairytale Is Born,"['cg-animation', 'fairy-tale-fantasy']"
Expelled from Paradise,['cg-animation']
Mater and the Ghostlight,['cg-animation']
The Missing Lynx,['cg-animation']
Shrek in the Swamp Karaoke Dance Party,['cg-animation']
Mortal Kombat: The Journey Begins,['cg-animation']
The Swan Princess: A Royal Family Tale,['cg-animation']
Garfield's Pet Force,"['cg-animation', 'superhero-action']"
Genesis: Paradise Lost,['cg-animation']
VeggieTales: Larry-Boy and the Rumor Weed,['cg-animation']
Super Rhino,['cg-animation']
"VeggieTales: Rack, Shack & Benny",['cg-animation']
Legend of Kung Fu Rabbit,"['cg-animation', 'martial-arts-action']"
"VeggieTales: Esther, the Girl Who Became Queen",['cg-animation']
Birds of Paradise,['cg-animation']
Mia and Me: The Hero of Centopia,['cg-animation']
The Lunar Chronicles,['cg-animation']
Untitled Peanuts Film,['cg-animation']
Life's a Jungle: Africa's Most Wanted,['cg-animation']
Thor: Legend of the Magical Hammer,['cg-animation']
Impy's Island,['cg-animation']
"Little Brother, Big Trouble: A Christmas Adventure",['cg-animation']
Boog & Elliot's Midnight Bun Run,['cg-animation']
Miraculous - Le film 2,"['cg-animation', 'superhero-action']"
Tekken: Blood Vengeance,['cg-animation']
Boonie Bears: Time Twist,['cg-animation']
The Swan Princess: Christmas,['cg-animation']
Realm of Terracotta,['cg-animation']
Binky Nelson Unpacified,['cg-animation']
"The Swan Princess: Princess Tomorrow, Pirate Today!","['cg-animation', 'swashbuckler-adventure']"
The Nuttiest Nutcracker,['cg-animation']
Casper's Haunted Christmas,"['cg-animation', 'supernatural-fantasy']"
VeggieTales: Josh and the Big Wall,['cg-animation']
VeggieTales: Dave and the Giant Pickle,['cg-animation']
Melody,['cg-animation']
The Swan Princess: A Royal Wedding,['cg-animation']
Alibaba,['cg-animation']
The Swan Princess: Kingdom of Music,['cg-animation']
VeggieTales: Larry-Boy! & the Fib from Outer Space!,['cg-animation']
"VeggieTales: Lyle, the Kindly Viking",['cg-animation']
VeggieTales: Are You My Neighbor?,['cg-animation']
Toto,['cg-animation']
The Swan Princess: Royally Undercover,['cg-animation']
The Goon,['cg-animation']
VeggieTales: King George and the Ducky,['cg-animation']
Forces of Nature,"['cg-animation', 'romantic-comedy']"
The Swan Princess: A Royal Myztery,['cg-animation']
Race,"['cg-animation', 'docudrama']"
Care Bears: Oopsy Does It!,['cg-animation']
Jak and Daxter Trilogy,['cg-animation']
VeggieTales: The End of Silliness? More Really Silly Songs!,['cg-animation']
Lucy Lost,"['cg-animation', 'sea-adventure']"
Snow White: The Mysterious Father,['cg-animation']
Roach Approach: Don't Miss the Boat,['cg-animation']
Thing One and Thing Two,['cg-animation']
Liberated from Paradise,['cg-animation']
Planzet,['cg-animation']
Kancil,"['cg-animation', 'superhero-action']"
Foo,['cg-animation']
Santa Vs. Claus,['cg-animation']
Carolina Ace,['cg-animation']
Wacky Races,['cg-animation']
Untitled Haiti Musical,['cg-animation']
Mechamato Movie 2,"['cg-animation', 'superhero-action']"
Interesting Invention: The Movie,['cg-animation']
Garuda di Dadaku,"['cg-animation', 'soccer-sport']"
The Dalmarian Chronicles,['cg-animation']
Untitled Steve Box/Netflix Project,['cg-animation']
The Great Rabbitini,['cg-animation']
Balloonland the Movie,['cg-animation']
The Wizard of Oz,"['classic-musical', 'epic-adventure', 'epic-fantasy', 'fairy-tale-fantasy', 'quest-adventure', 'slapstick-comedy']"
Willy Wonka & the Chocolate Factory,"['classic-musical', 'supernatural-fantasy']"
The Sound of Music,"['classic-musical', 'epic-drama', 'period-drama']"
Mary Poppins,['classic-musical']
Singin' in the Rain,"['classic-musical', 'feel-good-romance', 'jukebox-musical', 'romantic-comedy', 'satire-comedy']"
Yankee Doodle Dandy,['classic-musical']
Fiddler on the Roof,"['classic-musical', 'tragedy-drama']"
My Fair Lady,['classic-musical']
Oliver!,['classic-musical']
Seven Brides for Seven Brothers,['classic-musical']
Fantasia,['classic-musical']
Gigi,['classic-musical']
Guys and Dolls,"['classic-musical', 'slapstick-comedy']"
Oklahoma!,['classic-musical']
The Music Man,['classic-musical']
Funny Girl,"['classic-musical', 'slapstick-comedy']"
The Little Mermaid 2: Return to the Sea,"['classic-musical', 'coming-of-age-drama', 'fairy-tale-fantasy', 'pop-musical', 'sea-adventure']"
The Great Ziegfeld,['classic-musical']
Calamity Jane,['classic-musical']
The King and I,"['classic-musical', 'period-drama']"
White Christmas,"['classic-musical', 'holiday-comedy', 'holiday-romance', 'holiday-season']"
Camelot,['classic-musical']
A Star Is Born,"['classic-musical', 'epic-romance', 'showbiz-drama', 'tragedy-drama', 'tragic-romance', 'tragic-romance', 'tragic-romance']"
Meet Me in St. Louis,"['classic-musical', 'holiday-family', 'holiday-season']"
An American in Paris,"['classic-musical', 'jukebox-musical']"
Gypsy,['classic-musical']
Thoroughly Modern Millie,"['classic-musical', 'romantic-comedy']"
The Young Girls of Rochefort,['classic-musical']
The Harvey Girls,"['classic-musical', 'classical-western']"
Brigadoon,"['classic-musical', 'classic-musical', 'holiday-romance', 'supernatural-fantasy']"
Top Hat,"['classic-musical', 'romantic-comedy']"
On the Town,"['classic-musical', 'romantic-comedy']"
The Band Wagon,"['classic-musical', 'romantic-comedy']"
Annie Get Your Gun,['classic-musical']
Flower Drum Song,"['classic-musical', 'farce-comedy']"
The Cocoanuts,"['classic-musical', 'farce-comedy', 'romantic-comedy', 'slapstick-comedy']"
Cabin in the Sky,['classic-musical']
Gold Diggers of 1933,"['classic-musical', 'showbiz-drama']"
Footlight Parade,['classic-musical']
Carmen Jones,"['classic-musical', 'tragedy-drama']"
Swing Time,['classic-musical']
Finian's Rainbow,['classic-musical']
Romance on the High Seas,"['classic-musical', 'holiday-romance', 'romantic-comedy']"
Absolute Beginners,"['classic-musical', 'teen-romance']"
"Goodbye, Mr. Chips",['classic-musical']
Tom Thumb,['classic-musical']
Silk Stockings,"['classic-musical', 'romantic-comedy']"
You Were Never Lovelier,['classic-musical']
Till the Clouds Roll By,"['classic-musical', 'jukebox-musical']"
On Moonlight Bay,"['classic-musical', 'romantic-comedy']"
Rhapsody in Blue,"['classic-musical', 'tragic-romance']"
Monkey Business,"['classic-musical', 'farce-comedy', 'screwball-comedy', 'sea-adventure', 'slapstick-comedy']"
Flying Down to Rio,"['classic-musical', 'romantic-comedy']"
Cover Girl,['classic-musical']
Show Boat,['classic-musical']
Bells Are Ringing,"['classic-musical', 'feel-good-romance', 'romantic-comedy']"
The French Line,"['classic-musical', 'holiday-romance']"
Kismet,"['classic-musical', 'fairy-tale-fantasy', 'romantic-comedy']"
Bathing Beauty,['classic-musical']
Girl Crazy,['classic-musical']
Tea for Two,"['classic-musical', 'romantic-comedy']"
Speedway,"['classic-musical', 'romantic-comedy']"
À nous la liberté,"['classic-musical', 'satire-comedy', 'slapstick-comedy']"
The Sky's the Limit,"['classic-musical', 'romantic-comedy']"
Winnie the Pooh: Seasons of Giving,"['classic-musical', 'holiday-comedy', 'holiday-family', 'holiday-season', 'quirky-comedy']"
Easy to Love,"['classic-musical', 'romantic-comedy', 'romantic-comedy']"
Lovely to Look At,"['classic-musical', 'romantic-comedy']"
Maytime,"['classic-musical', 'period-drama']"
Two Weeks with Love,"['classic-musical', 'romantic-comedy', 'teen-drama']"
Flirtation Walk,['classic-musical']
For the Love of Mary,"['classic-musical', 'political-drama', 'pop-musical', 'satire-comedy']"
The Great Waltz,['classic-musical']
Le Million,['classic-musical']
Shipmates Forever,['classic-musical']
Colleen,"['classic-musical', 'feel-good-romance', 'quirky-comedy']"
Seven Sweethearts,['classic-musical']
One Rainy Afternoon,"['classic-musical', 'satire-comedy']"
Excuse My Dust,['classic-musical']
New Moon,['classic-musical']
Der Bettelstudent,"['classic-musical', 'feel-good-romance']"
Stagecoach,"['classical-western', 'classical-western']"
The Magnificent Seven,"['classical-western', 'period-drama']"
The Searchers,"['classical-western', 'desert-adventure', 'epic-drama', 'epic-western', 'quest-adventure']"
How the West Was Won,"['classical-western', 'epic-drama', 'epic-western']"
Yellowstone Kelly,['classical-western']
High Noon,['classical-western']
The Man Who Shot Liberty Valance,['classical-western']
Red River,"['classical-western', 'epic-western']"
Shane,['classical-western']
She Wore a Yellow Ribbon,['classical-western']
The Big Country,"['classical-western', 'epic-drama', 'epic-western']"
Duel at Diablo,['classical-western']
The Alamo,"['classical-western', 'costume-drama', 'desert-adventure', 'epic-history', 'epic-war', 'epic-war', 'epic-western', 'epic-western', 'period-drama']"
My Darling Clementine,['classical-western']
One-Eyed Jacks,['classical-western']
The King and Four Queens,['classical-western']
Paint Your Wagon,['classical-western']
Winchester '73,"['classical-western', 'desert-adventure', 'quest-adventure']"
The Bravados,['classical-western']
The War Wagon,['classical-western']
3:10 to Yuma,"['classical-western', 'period-drama']"
Old Yeller,"['classical-western', 'tragedy-drama']"
Dakota Incident,['classical-western']
Fort Apache,['classical-western']
Mackenna's Gold,"['classical-western', 'desert-adventure', 'survival-adventure']"
The Unforgiven,['classical-western']
Ride the High Country,['classical-western']
The Horse Soldiers,['classical-western']
No Name on the Bullet,['classical-western']
The Westerner,['classical-western']
Vera Cruz,['classical-western']
The Ox-Bow Incident,['classical-western']
Hondo,['classical-western']
Sergeant Rutledge,"['classical-western', 'legal-drama']"
The Silver Whip,['classical-western']
Johnny Guitar,['classical-western']
Bullet for a Badman,['classical-western']
Gunsmoke,['classical-western']
Broken Arrow,"['classical-western', 'dark-comedy']"
Guns of the Magnificent Seven,['classical-western']
River of No Return,['classical-western']
The Last Wagon,['classical-western']
Two Rode Together,['classical-western']
Rio Grande,['classical-western']
Bend of the River,"['classical-western', 'mountain-adventure', 'quest-adventure']"
The Big Trail,['classical-western']
Westward the Women,['classical-western']
Garden of Evil,['classical-western']
The Naked Spur,"['classical-western', 'psychological-drama', 'psychological-thriller']"
100 Rifles,['classical-western']
The Sons of Katie Elder,['classical-western']
Man of the West,"['classical-western', 'period-drama']"
The Saga of Hemp Brown,['classical-western']
The Man from Laramie,['classical-western']
The Gunfighter,['classical-western']
Saddle Tramp,['classical-western']
Cimarron,['classical-western']
Greed,"['classical-western', 'desert-adventure', 'epic-drama', 'epic-western', 'psychological-drama', 'psychological-thriller', 'satire-comedy', 'tragedy-drama']"
Jesse James,['classical-western']
Rio Conchos,['classical-western']
The Tall Men,['classical-western']
Angel and the Badman,['classical-western']
They Died with Their Boots On,['classical-western']
Smoke Signal,['classical-western']
Will Penny,['classical-western']
The Comancheros,['classical-western']
The Way West,['classical-western']
Duel in the Sun,"['classical-western', 'epic-western']"
The Big Trees,"['classical-western', 'epic-western', 'legal-drama', 'period-drama']"
Destry Rides Again,"['classical-western', 'screwball-comedy']"
Dodge City,['classical-western']
Northwest Passage,"['classical-western', 'survival-adventure', 'tragedy-drama']"
Destry,['classical-western']
Love Me Tender,"['classical-western', 'rock-musical']"
The Kentuckian,['classical-western']
Heaven with a Gun,['classical-western']
The Far Country,['classical-western']
The Big Sky,['classical-western']
Wagon Master,['classical-western']
The Tin Star,['classical-western']
Ride Lonesome,['classical-western']
The Last Challenge,['classical-western']
Comanche Station,['classical-western']
Flaming Star,['classical-western']
The Fastest Gun Alive,['classical-western']
Apache,"['classical-western', 'epic-drama', 'one-person-army-action', 'survival-adventure']"
The Spoilers,"['classical-western', 'classical-western', 'classical-western']"
Death of a Gunfighter,['classical-western']
Day of the Evil Gun,"['classical-western', 'quest-adventure']"
3 Godfathers,['classical-western']
They Came to Cordura,['classical-western']
The Lone Ranger,"['classical-western', 'desert-adventure', 'period-drama']"
Night Passage,"['classical-western', 'period-drama']"
Cheyenne Autumn,"['classical-western', 'epic-history']"
Forty Guns,['classical-western']
Pursued,"['classical-western', 'psychological-drama']"
A Man Alone,['classical-western']
The Left Handed Gun,['classical-western']
Santa Fe Trail,['classical-western']
Firecreek,['classical-western']
The Scalphunters,"['classical-western', 'parody-comedy', 'satire-comedy', 'slapstick-comedy']"
The Violent Men,['classical-western']
The Last Command,"['classical-western', 'epic-war', 'political-drama', 'showbiz-drama', 'tragedy-drama', 'tragic-romance']"
7 Men from Now,['classical-western']
The Wind,"['classical-western', 'dark-romance', 'folk-horror', 'psychological-drama', 'psychological-thriller', 'suspense-mystery']"
Run of the Arrow,['classical-western']
The Good Guys and the Bad Guys,['classical-western']
The Last Sunset,['classical-western']
Escape from Fort Bravo,"['classical-western', 'period-drama']"
Only the Valiant,['classical-western']
Rancho Notorious,['classical-western']
The Stranger Wore a Gun,['classical-western']
Yellow Sky,['classical-western']
Unconquered,['classical-western']
Rage at Dawn,['classical-western']
The Paleface,"['classical-western', 'farce-comedy', 'parody-comedy', 'slapstick-comedy']"
The Proud Rebel,['classical-western']
The Furies,['classical-western']
Rawhide,['classical-western']
Jubal,['classical-western']
Seminole,['classical-western']
Decision at Sundown,['classical-western']
Ride a Crooked Trail,['classical-western']
Belle Starr,['classical-western']
The Siege at Red River,['classical-western']
Western Union,['classical-western']
Union Pacific,['classical-western']
Cattle Queen of Montana,['classical-western']
The Gun Hawk,['classical-western']
The Oregon Trail,['classical-western']
Man in the Saddle,['classical-western']
Column South,['classical-western']
Gunman's Walk,['classical-western']
The Rare Breed,"['classical-western', 'epic-western']"
Alias Jesse James,['classical-western']
Man with the Gun,['classical-western']
The Last Frontier,"['classical-western', 'costume-drama']"
Six Black Horses,['classical-western']
Whispering Smith,"['classical-western', 'classical-western']"
North West Mounted Police,['classical-western']
California,['classical-western']
The Indian Fighter,['classical-western']
Track of the Cat,['classical-western']
3 Bad Men,['classical-western']
Stranger on Horseback,"['classical-western', 'legal-drama']"
Station West,"['classical-western', 'heist-crime']"
The Man from Colorado,"['classical-western', 'legal-drama', 'period-drama', 'tragic-romance']"
Alvarez Kelly,['classical-western']
The Glory Guys,['classical-western']
Montana Belle,['classical-western']
Buchanan Rides Alone,"['classical-western', 'period-drama']"
Vengeance Valley,['classical-western']
The Hangman,['classical-western']
War Arrow,['classical-western']
Ramrod,['classical-western']
Broken Lance,['classical-western']
The Lawless Breed,['classical-western']
Dark Command,['classical-western']
The Iron Horse,"['classical-western', 'epic-western']"
Gunfighters,['classical-western']
Son of Paleface,['classical-western']
White Feather,['classical-western']
Walk the Proud Land,['classical-western']
Horizons West,['classical-western']
Silver Lode,['classical-western']
Buffalo Bill,['classical-western']
5 Card Stud,"['classical-western', 'whodunnit-mystery']"
Man Without a Star,['classical-western']
Canyon Passage,"['classical-western', 'epic-drama', 'period-drama']"
The Gunfight at Dodge City,"['classical-western', 'period-drama']"
The Red Pony,['classical-western']
A Thunder of Drums,['classical-western']
The Fighting Kentuckian,['classical-western']
Arizona,"['classical-western', 'epic-drama', 'epic-western', 'period-drama']"
Devil's Doorway,['classical-western']
Saddle the Wind,['classical-western']
Davy Crockett and the River Pirates,"['classical-western', 'slapstick-comedy']"
The Outcasts of Poker Flat,"['classical-western', 'classical-western', 'classical-western']"
Wichita,['classical-western']
The Desperadoes,['classical-western']
Custer of the West,['classical-western']
40 Guns to Apache Pass,['classical-western']
The Lone Hand,['classical-western']
Virginia City,['classical-western']
Bandido!,['classical-western']
Four Faces West,['classical-western']
Many Rivers to Cross,['classical-western']
A Time for Dying,['classical-western']
The Badlanders,['classical-western']
Annie Oakley,['classical-western']
Tennessee's Partner,['classical-western']
The Cimarron Kid,['classical-western']
Tumbleweed,['classical-western']
The Sun Shines Bright,['classical-western']
Last of the Redmen,['classical-western']
Two Flags West,"['classical-western', 'period-drama']"
The Far Horizons,['classical-western']
Tomahawk,['classical-western']
Bullwhip,['classical-western']
San Antonio,['classical-western']
The Return of Frank James,['classical-western']
The Big Land,['classical-western']
Gunpoint,['classical-western']
In Old Arizona,['classical-western']
Ride Clear of Diablo,['classical-western']
Sierra,['classical-western']
Roughshod,['classical-western']
The Nebraskan,['classical-western']
Texas,['classical-western']
Frontier Marshal,['classical-western']
Kit Carson,"['classical-western', 'epic-drama', 'period-drama']"
Savage Pampas,"['classical-western', 'spaghetti-western']"
Ride Beyond Vengeance,['classical-western']
The Light in the Forest,['classical-western']
Posse from Hell,['classical-western']
Trooper Hook,['classical-western']
Lone Star,"['classical-western', 'contemporary-western']"
Dallas,['classical-western']
The Iron Mistress,['classical-western']
Kansas Raiders,['classical-western']
Allegheny Uprising,['classical-western']
The Man Behind the Gun,['classical-western']
Drum Beat,['classical-western']
Run for Cover,['classical-western']
Quantez,['classical-western']
Westbound,['classical-western']
The Plunderers,['classical-western']
The True Story of Jesse James,"['classical-western', 'heist-crime']"
Arrowhead,['classical-western']
To the Last Man,['classical-western']
Pony Express,['classical-western']
Great Day in the Morning,['classical-western']
Albuquerque,['classical-western']
Flame of Barbary Coast,['classical-western']
The Texican,"['classical-western', 'spaghetti-western']"
The Squaw Man,"['classical-western', 'classical-western', 'classical-western']"
Saskatchewan,['classical-western']
Ambush,"['classical-western', 'film-noir']"
The Proud Ones,['classical-western']
These Thousand Hills,['classical-western']
The Kid from Texas,['classical-western']
Red Garters,['classical-western']
Shoot-Out at Medicine Bend,"['classical-western', 'period-drama']"
The Oklahoma Kid,['classical-western']
A Distant Trumpet,['classical-western']
Comanche,['classical-western']
In Old California,['classical-western']
Tonka,['classical-western']
Cattle King,['classical-western']
The Burning Hills,['classical-western']
Seven Ways from Sundown,['classical-western']
Rocky Mountain,['classical-western']
Mohawk,['classical-western']
Dakota,['classical-western']
Black Horse Canyon,['classical-western']
Reprisal!,['classical-western']
The Lone Ranger and the Lost City of Gold,['classical-western']
Chief Crazy Horse,['classical-western']
The Young Land,['classical-western']
The Outcast,['classical-western']
The First Traveling Saleslady,['classical-western']
Three Violent People,['classical-western']
The Savage,['classical-western']
The Fiend Who Walked the West,['classical-western']
Passion,"['classical-western', 'erotic-thriller']"
Cattle Drive,['classical-western']
The Second Greatest Sex,['classical-western']
Montana,['classical-western']
Pony Soldier,['classical-western']
"Westward Ho, the Wagons!",['classical-western']
Branded,"['classical-western', 'conspiracy-thriller', 'desert-adventure']"
Four Guns to the Border,['classical-western']
The Jayhawkers!,['classical-western']
The Plainsman,['classical-western']
The Quick Gun,['classical-western']
Gun Glory,['classical-western']
Rachel and the Stranger,"['classical-western', 'feel-good-romance', 'mountain-adventure', 'period-drama']"
Fury at Furnace Creek,['classical-western']
The Doolins of Oklahoma,['classical-western']
Gunsight Ridge,['classical-western']
Silver River,['classical-western']
Tribute to a Bad Man,['classical-western']
El Paso,['classical-western']
Tombstone: The Town Too Tough to Die,['classical-western']
Trail Street,['classical-western']
Wolf Song,['classical-western']
The Texas Rangers,['classical-western']
The Winning of Barbara Worth,['classical-western']
Utah Blaine,['classical-western']
The Maverick Queen,['classical-western']
Guns of the Timberland,['classical-western']
The Tall Stranger,['classical-western']
Pillars of the Sky,['classical-western']
Way of a Gaucho,['classical-western']
Streets of Laredo,['classical-western']
Gun for a Coward,['classical-western']
Bugles in the Afternoon,['classical-western']
Billy the Kid,"['classical-western', 'classical-western']"
Frenchie,['classical-western']
Thunder Over the Plains,"['classical-western', 'period-drama', 'political-drama']"
Warpath,['classical-western']
The Kansan,['classical-western']
One Foot in Hell,['classical-western']
Black Bart,['classical-western']
Daniel Boone,"['classical-western', 'mountain-adventure', 'quest-adventure', 'road-trip-adventure', 'survival-adventure']"
Denver & Rio Grande,['classical-western']
The Oklahoman,['classical-western']
The Command,"['classical-western', 'disaster-action', 'docudrama', 'psychological-drama', 'sea-adventure', 'tragedy-drama']"
Thunder in the Sun,['classical-western']
Thunderhead: Son of Flicka,"['classical-western', 'coming-of-age-drama', 'teen-drama']"
Belle Starr's Daughter,['classical-western']
Powder River,['classical-western']
Copper Canyon,['classical-western']
Arrow in the Dust,"['classical-western', 'desert-adventure', 'survival-adventure']"
Cheyenne,"['classical-western', 'desert-adventure']"
Rails Into Laramie,['classical-western']
The Long Ride Home,['classical-western']
Cattle Town,['classical-western']
Barricade,['classical-western']
Drango,['classical-western']
The Iroquois Trail,['classical-western']
Back to God's Country,['classical-western']
Jubilee Trail,['classical-western']
Masterson of Kansas,['classical-western']
Fall of the Mohicans,['classical-western']
Black Patch,['classical-western']
Gentle Annie,['classical-western']
Wyoming,['classical-western']
The Great Sioux Uprising,['classical-western']
New Mexico,['classical-western']
The Iron Sheriff,"['classical-western', 'legal-drama', 'whodunnit-mystery']"
The Hard Man,['classical-western']
Sugarfoot,['classical-western']
Flaming Feather,['classical-western']
Gun Belt,['classical-western']
Thunder Trail,['classical-western']
When a Man's a Man,['classical-western']
Raton Pass,"['classical-western', 'period-drama']"
Sutter's Gold,['classical-western']
The Rainbow Trail,['classical-western']
Three Young Texans,['classical-western']
"Cole Younger, Gunfighter",['classical-western']
The Iron Horseman,['classical-western']
Sky High,"['classical-western', 'martial-arts-action', 'superhero-action', 'supernatural-horror', 'teen-comedy']"
Robin Hood of Monterey,['classical-western']
Tennessee's Pardner,['classical-western']
The Enchanted Hill,['classical-western']
Forlorn River,['classical-western']
Law and Order,['classical-western']
Parthenope,['coming-of-age-drama']
The Karate Kid,"['coming-of-age-drama', 'martial-arts-action', 'teen-drama']"
Dazed and Confused,"['coming-of-age-drama', 'stoner-comedy', 'teen-comedy']"
Here,['coming-of-age-drama']
10 Things I Hate About You,"['coming-of-age-drama', 'feel-good-romance', 'romantic-comedy', 'teen-comedy', 'teen-drama', 'teen-romance']"
Good Will Hunting,"['coming-of-age-drama', 'psychological-drama']"
My Old Ass,['coming-of-age-drama']
Call Me by Your Name,"['coming-of-age-drama', 'steamy-romance']"
Spirited Away,"['coming-of-age-drama', 'fairy-tale-fantasy', 'quest-adventure', 'supernatural-fantasy']"
The Breakfast Club,"['coming-of-age-drama', 'teen-comedy', 'teen-drama']"
Stand by Me,"['coming-of-age-drama', 'dark-comedy', 'quest-adventure']"
The Outsiders,"['coming-of-age-drama', 'teen-drama']"
Little Women,"['coming-of-age-drama', 'coming-of-age-drama', 'costume-drama', 'holiday-romance', 'holiday-romance', 'holiday-romance', 'holiday-romance', 'period-drama', 'period-drama', 'teen-drama', 'teen-romance']"
I Saw the TV Glow,['coming-of-age-drama']
Dead Poets Society,"['coming-of-age-drama', 'teen-drama']"
Pearl,"['coming-of-age-drama', 'period-drama', 'psychological-drama', 'psychological-thriller', 'showbiz-drama', 'slasher-horror']"
Almost Famous,"['coming-of-age-drama', 'period-drama', 'road-trip-adventure', 'showbiz-drama']"
Malena,['coming-of-age-drama']
Blue Is the Warmest Colour,"['coming-of-age-drama', 'steamy-romance']"
Into the Wild,"['coming-of-age-drama', 'docudrama', 'road-trip-adventure', 'survival-adventure', 'tragedy-drama']"
The Florida Project,['coming-of-age-drama']
Where the Crawdads Sing,"['coming-of-age-drama', 'legal-thriller', 'suspense-mystery']"
Aftersun,"['coming-of-age-drama', 'teen-drama']"
Pan's Labyrinth,"['coming-of-age-drama', 'dark-fantasy', 'fairy-tale-fantasy', 'period-drama', 'supernatural-fantasy', 'teen-fantasy', 'tragedy-drama']"
The Blue Lagoon,"['coming-of-age-drama', 'survival-adventure', 'survival-adventure', 'teen-drama', 'teen-romance']"
Bird,"['coming-of-age-drama', 'tragedy-drama']"
Jojo Rabbit,"['coming-of-age-drama', 'dark-comedy', 'high-concept-comedy', 'period-drama', 'quirky-comedy', 'satire-comedy']"
American Graffiti,"['coming-of-age-drama', 'teen-comedy', 'teen-drama']"
Moonlight,['coming-of-age-drama']
Thirteen,"['coming-of-age-drama', 'teen-drama']"
Juno,"['coming-of-age-drama', 'quirky-comedy', 'teen-comedy', 'teen-drama']"
E.T. the Extra-Terrestrial,"['coming-of-age-drama', 'space-sci-fi']"
Kids,"['coming-of-age-drama', 'teen-drama', 'tragedy-drama']"
The Fallout,"['coming-of-age-drama', 'teen-drama']"
CODA,['coming-of-age-drama']
Dirty Dancing,"['coming-of-age-drama', 'feel-good-romance', 'teen-romance']"
The Perks of Being a Wallflower,"['coming-of-age-drama', 'psychological-drama', 'teen-drama']"
The Karate Kid Part III,"['coming-of-age-drama', 'teen-drama']"
Dìdi,"['coming-of-age-drama', 'teen-drama']"
What's Eating Gilbert Grape,"['coming-of-age-drama', 'teen-drama', 'tragedy-drama']"
Lady Bird,"['coming-of-age-drama', 'quirky-comedy', 'teen-comedy']"
Little Miss Sunshine,"['coming-of-age-drama', 'dark-comedy', 'road-trip-adventure']"
"Girl, Interrupted","['coming-of-age-drama', 'docudrama', 'medical-drama', 'period-drama', 'psychological-drama', 'tragedy-drama']"
Clueless,"['coming-of-age-drama', 'feel-good-romance', 'romantic-comedy', 'satire-comedy', 'teen-comedy', 'teen-romance']"
The Fabelmans,"['coming-of-age-drama', 'period-drama', 'showbiz-drama', 'teen-drama']"
Emma.,"['coming-of-age-drama', 'costume-drama', 'feel-good-romance', 'period-drama', 'romantic-comedy']"
Bridge to Terabithia,['coming-of-age-drama']
Mulan,"['coming-of-age-drama', 'epic-adventure', 'epic-fantasy', 'martial-arts-action', 'martial-arts-action', 'period-drama', 'pop-musical']"
Lost in Translation,['coming-of-age-drama']
My Girl,['coming-of-age-drama']
The Last Picture Show,"['coming-of-age-drama', 'teen-drama']"
The Girl Next Door,"['coming-of-age-drama', 'psychological-thriller', 'raunchy-comedy', 'romantic-comedy', 'teen-comedy', 'teen-drama', 'teen-romance', 'tragedy-drama', 'true-crime']"
The Worst Person in the World,"['coming-of-age-drama', 'romantic-comedy']"
8 Mile,['coming-of-age-drama']
Footloose,"['coming-of-age-drama', 'teen-drama', 'teen-romance']"
Bones and All,"['coming-of-age-drama', 'road-trip-adventure', 'tragic-romance']"
Licorice Pizza,"['coming-of-age-drama', 'feel-good-romance', 'period-drama', 'showbiz-drama', 'teen-comedy', 'teen-drama', 'teen-romance']"
Wonder,"['coming-of-age-drama', 'jungle-adventure']"
The Graduate,"['coming-of-age-drama', 'romantic-comedy', 'satire-comedy']"
Vision Quest,"['coming-of-age-drama', 'teen-drama', 'teen-romance']"
The Virgin Suicides,"['coming-of-age-drama', 'teen-drama', 'tragedy-drama']"
Moonrise Kingdom,"['coming-of-age-drama', 'feel-good-romance', 'quirky-comedy', 'romantic-comedy', 'teen-romance']"
Cinema Paradiso,['coming-of-age-drama']
Lion,['coming-of-age-drama']
Pretty in Pink,"['coming-of-age-drama', 'romantic-comedy', 'teen-romance']"
Captain Fantastic,"['coming-of-age-drama', 'quirky-comedy', 'road-trip-adventure', 'teen-comedy', 'teen-drama']"
I'm Not There,['coming-of-age-drama']
Mud,"['coming-of-age-drama', 'teen-adventure', 'teen-drama']"
Slumdog Millionaire,"['coming-of-age-drama', 'teen-drama']"
The Spectacular Now,"['coming-of-age-drama', 'teen-drama', 'teen-romance']"
Waves,"['coming-of-age-drama', 'teen-drama', 'teen-romance', 'tragedy-drama']"
Heavenly Creatures,"['coming-of-age-drama', 'docudrama', 'period-drama', 'teen-drama', 'tragedy-drama', 'true-crime']"
Boyz n the Hood,"['coming-of-age-drama', 'teen-drama', 'tragedy-drama']"
Empire Records,"['coming-of-age-drama', 'teen-comedy', 'teen-drama', 'teen-romance', 'workplace-drama']"
The Peanut Butter Falcon,"['coming-of-age-drama', 'quest-adventure', 'quirky-comedy']"
Secondhand Lions,['coming-of-age-drama']
Chaos Walking,"['coming-of-age-drama', 'space-sci-fi', 'survival-adventure', 'teen-adventure', 'teen-fantasy']"
But I'm a Cheerleader,"['coming-of-age-drama', 'dark-comedy', 'feel-good-romance', 'quirky-comedy', 'romantic-comedy', 'satire-comedy', 'teen-comedy', 'teen-drama', 'teen-romance']"
Boyhood,['coming-of-age-drama']
The Fault in Our Stars,"['coming-of-age-drama', 'teen-drama', 'teen-romance', 'tragedy-drama']"
St. Elmo's Fire,['coming-of-age-drama']
Priscilla,"['coming-of-age-drama', 'dark-romance', 'docudrama', 'period-drama', 'showbiz-drama', 'teen-romance']"
Monster,"['coming-of-age-drama', 'psychological-thriller', 'serial-killer-crime', 'suspense-mystery', 'tragedy-drama', 'true-crime']"
Let the Right One In,"['coming-of-age-drama', 'dark-fantasy', 'dark-romance', 'psychological-drama', 'splatter-horror', 'supernatural-fantasy', 'supernatural-horror', 'teen-romance', 'vampire-horror']"
Say Anything,"['coming-of-age-drama', 'romantic-comedy', 'teen-drama', 'teen-romance']"
"Are You There God? It's Me, Margaret.",['coming-of-age-drama']
Eighth Grade,['coming-of-age-drama']
The Tree of Life,['coming-of-age-drama']
Marie Antoinette,"['coming-of-age-drama', 'costume-drama', 'docudrama', 'period-drama', 'teen-drama']"
Mid90s,['coming-of-age-drama']
Belfast,"['coming-of-age-drama', 'period-drama', 'political-drama']"
The Way Way Back,"['coming-of-age-drama', 'teen-comedy', 'teen-drama']"
Picnic at Hanging Rock,"['coming-of-age-drama', 'period-drama', 'teen-drama', 'tragedy-drama']"
Empire of the Sun,['coming-of-age-drama']
Now and Then,['coming-of-age-drama']
Suncoast,['coming-of-age-drama']
Valley Girl,"['coming-of-age-drama', 'jukebox-musical', 'romantic-comedy', 'teen-comedy']"
Beach Rats,"['coming-of-age-drama', 'teen-drama']"
Billy Elliot,"['coming-of-age-drama', 'period-drama', 'showbiz-drama']"
Bend It Like Beckham,"['coming-of-age-drama', 'soccer-sport']"
Humanist Vampire Seeking Consenting Suicidal Person,"['coming-of-age-drama', 'dark-comedy', 'dark-fantasy', 'vampire-horror']"
Raintree County,['coming-of-age-drama']
The Edge of Seventeen,"['coming-of-age-drama', 'teen-comedy', 'teen-drama']"
Return to the Blue Lagoon,"['coming-of-age-drama', 'period-drama', 'survival-adventure', 'teen-romance']"
Good Boys,"['coming-of-age-drama', 'raunchy-comedy']"
Chronicle,"['coming-of-age-drama', 'superhero-action', 'teen-adventure', 'teen-drama']"
Crossroads,"['coming-of-age-drama', 'film-noir', 'road-trip-adventure', 'romantic-comedy', 'teen-comedy', 'teen-drama']"
The Man in the Moon,"['coming-of-age-drama', 'teen-romance']"
Whisper of the Heart,"['coming-of-age-drama', 'teen-drama', 'teen-romance']"
Labor Day,['coming-of-age-drama']
The Sisterhood of the Traveling Pants,"['coming-of-age-drama', 'teen-comedy', 'teen-drama', 'teen-romance']"
Rushmore,"['coming-of-age-drama', 'quirky-comedy', 'teen-comedy']"
Welcome to the Dollhouse,"['coming-of-age-drama', 'dark-comedy', 'satire-comedy', 'teen-comedy', 'teen-drama', 'tragedy-drama']"
The Hate U Give,"['coming-of-age-drama', 'teen-drama']"
Rebel Without a Cause,"['coming-of-age-drama', 'teen-drama']"
My Own Private Idaho,"['coming-of-age-drama', 'road-trip-adventure']"
"Love, Simon","['coming-of-age-drama', 'romantic-comedy', 'teen-comedy', 'teen-drama', 'teen-romance']"
Adventureland,"['coming-of-age-drama', 'teen-comedy', 'teen-romance']"
Sing Street,['coming-of-age-drama']
River's Edge,"['coming-of-age-drama', 'coming-of-age-drama', 'teen-drama', 'teen-drama']"
Boys Don't Cry,"['coming-of-age-drama', 'docudrama', 'tragic-romance', 'true-crime']"
Me and Earl and the Dying Girl,"['coming-of-age-drama', 'dark-comedy']"
Whip It,"['coming-of-age-drama', 'teen-drama']"
Midnight Sun,['coming-of-age-drama']
Vampire Academy,"['coming-of-age-drama', 'supernatural-fantasy', 'vampire-horror']"
A River Runs Through It,"['coming-of-age-drama', 'docudrama', 'period-drama', 'tragedy-drama']"
October Sky,"['coming-of-age-drama', 'docudrama', 'period-drama', 'teen-drama']"
Stick It,"['coming-of-age-drama', 'teen-drama']"
My Friend Dahmer,"['coming-of-age-drama', 'docudrama', 'period-drama', 'teen-drama']"
You Are So Not Invited to My Bat Mitzvah,"['coming-of-age-drama', 'teen-comedy']"
Finding Forrester,['coming-of-age-drama']
Cry Macho,"['coming-of-age-drama', 'contemporary-western', 'road-trip-adventure']"
The Inbetweeners,"['coming-of-age-drama', 'raunchy-comedy', 'teen-comedy']"
Elephant,"['coming-of-age-drama', 'teen-drama', 'tragedy-drama', 'true-crime']"
Wolfwalkers,"['coming-of-age-drama', 'dark-fantasy', 'fairy-tale-fantasy', 'teen-adventure']"
Mermaids,"['coming-of-age-drama', 'teen-comedy']"
Breaking Away,"['coming-of-age-drama', 'teen-drama']"
Reality Bites,"['coming-of-age-drama', 'romantic-comedy']"
The King of Staten Island,"['coming-of-age-drama', 'dark-comedy', 'stoner-comedy', 'tragedy-drama']"
The Squid and the Whale,['coming-of-age-drama']
Peggy Sue Got Married,"['coming-of-age-drama', 'romantic-comedy']"
Rumble Fish,['coming-of-age-drama']
Frances Ha,"['coming-of-age-drama', 'quirky-comedy']"
The Diary of a Teenage Girl,"['coming-of-age-drama', 'teen-comedy', 'teen-drama']"
"Angus, Thongs and Perfect Snogging","['coming-of-age-drama', 'teen-comedy', 'teen-romance']"
Harold and Maude,"['coming-of-age-drama', 'quirky-comedy', 'romantic-comedy']"
The Kite Runner,"['coming-of-age-drama', 'epic-drama', 'psychological-drama']"
Song of the Sea,"['coming-of-age-drama', 'fairy-tale-fantasy', 'quest-adventure', 'sea-adventure']"
"Yes, God, Yes","['coming-of-age-drama', 'raunchy-comedy', 'teen-comedy']"
The Glass Castle,"['coming-of-age-drama', 'docudrama', 'period-drama', 'tragic-romance']"
Christopher Robin,"['coming-of-age-drama', 'period-drama']"
Dead Man,"['coming-of-age-drama', 'dark-comedy', 'dark-fantasy', 'mountain-adventure', 'period-drama', 'psychological-drama', 'quest-adventure', 'supernatural-fantasy']"
Lucas,"['coming-of-age-drama', 'teen-comedy', 'teen-drama', 'teen-romance']"
Igby Goes Down,"['coming-of-age-drama', 'dark-comedy', 'parody-comedy', 'teen-drama']"
The Horse Whisperer,"['coming-of-age-drama', 'contemporary-western', 'psychological-drama', 'teen-drama']"
The Garden of Words,"['coming-of-age-drama', 'teen-drama', 'teen-romance']"
Summer of '42,"['coming-of-age-drama', 'teen-drama', 'teen-romance']"
Dead Presidents,"['coming-of-age-drama', 'dark-comedy', 'true-crime']"
The Runaways,"['coming-of-age-drama', 'docudrama', 'period-drama', 'teen-drama']"
An Education,['coming-of-age-drama']
The Colors Within,"['coming-of-age-drama', 'teen-drama']"
The Tale of The Princess Kaguya,"['coming-of-age-drama', 'fairy-tale-fantasy', 'period-drama', 'teen-drama', 'teen-fantasy', 'tragedy-drama']"
White Bird in a Blizzard,"['coming-of-age-drama', 'period-drama', 'suspense-mystery', 'teen-drama', 'tragedy-drama', 'whodunnit-mystery']"
Over the Edge,['coming-of-age-drama']
Valerie and Her Week of Wonders,"['coming-of-age-drama', 'folk-horror', 'period-drama', 'vampire-horror', 'witch-horror']"
Wildflower,"['coming-of-age-drama', 'quirky-comedy']"
The 400 Blows,"['coming-of-age-drama', 'teen-drama', 'tragedy-drama']"
Little Man Tate,['coming-of-age-drama']
The Kings of Summer,"['coming-of-age-drama', 'survival-adventure', 'teen-adventure', 'teen-comedy', 'teen-drama']"
Wings,"['coming-of-age-drama', 'epic-war']"
Fly Away Home,"['coming-of-age-drama', 'quest-adventure']"
Georgia Rule,"['coming-of-age-drama', 'teen-comedy', 'teen-drama']"
Persepolis,"['coming-of-age-drama', 'docudrama', 'period-drama', 'teen-drama']"
Moxie,"['coming-of-age-drama', 'teen-comedy', 'teen-drama']"
Ivan's Childhood,['coming-of-age-drama']
Boy Erased,"['coming-of-age-drama', 'psychological-drama', 'teen-drama']"
Kes,"['coming-of-age-drama', 'docudrama']"
Armageddon Time,"['coming-of-age-drama', 'period-drama']"
The Devil's Backbone,"['coming-of-age-drama', 'period-drama', 'psychological-thriller', 'spaghetti-western', 'supernatural-horror']"
Extremely Loud & Incredibly Close,"['coming-of-age-drama', 'quest-adventure']"
The Prime of Miss Jean Brodie,"['coming-of-age-drama', 'period-drama', 'teen-drama']"
20th Century Women,['coming-of-age-drama']
John and the Hole,"['coming-of-age-drama', 'psychological-thriller']"
Charlie Bartlett,"['coming-of-age-drama', 'teen-drama', 'teen-romance']"
Arizona Dream,"['coming-of-age-drama', 'dark-comedy', 'psychological-drama', 'quirky-comedy', 'tragedy-drama', 'tragic-romance']"
Beasts of the Southern Wild,"['coming-of-age-drama', 'supernatural-fantasy']"
The Half of It,['coming-of-age-drama']
"Welcome Home, Roxy Carmichael","['coming-of-age-drama', 'satire-comedy', 'teen-comedy', 'teen-drama']"
Giant Little Ones,"['coming-of-age-drama', 'teen-drama']"
Beautiful Thing,"['coming-of-age-drama', 'teen-drama', 'teen-romance']"
Daisies,"['coming-of-age-drama', 'dark-comedy', 'satire-comedy', 'screwball-comedy', 'slapstick-comedy', 'teen-comedy']"
Only Yesterday,['coming-of-age-drama']
Angela's Ashes,['coming-of-age-drama']
Pauline at the Beach,['coming-of-age-drama']
Petite Maman,['coming-of-age-drama']
Rabbit-Proof Fence,"['coming-of-age-drama', 'desert-adventure', 'docudrama', 'period-drama', 'survival-adventure']"
Foxes,"['coming-of-age-drama', 'teen-drama']"
Catherine Called Birdy,['coming-of-age-drama']
Out of the Blue,"['coming-of-age-drama', 'conspiracy-thriller', 'screwball-comedy', 'teen-drama', 'tragedy-drama']"
Black Beauty,"['coming-of-age-drama', 'costume-drama', 'period-drama']"
Summer with Monika,"['coming-of-age-drama', 'holiday-romance', 'teen-romance']"
Uncle Frank,['coming-of-age-drama']
A Part of You,['coming-of-age-drama']
My Life as a Dog,"['coming-of-age-drama', 'dark-comedy', 'period-drama', 'raunchy-comedy', 'satire-comedy']"
The Journey of Natty Gann,"['coming-of-age-drama', 'teen-adventure', 'teen-drama']"
Alfie,"['coming-of-age-drama', 'quirky-comedy']"
Pather Panchali,"['coming-of-age-drama', 'tragedy-drama']"
Blinded by the Light,['coming-of-age-drama']
Never Rarely Sometimes Always,['coming-of-age-drama']
The Boy and the Beast,['coming-of-age-drama']
The Trouble with Angels,"['coming-of-age-drama', 'teen-comedy']"
The Heiress,"['coming-of-age-drama', 'dark-romance', 'psychological-drama']"
Fitting In,['coming-of-age-drama']
Joe Bell,['coming-of-age-drama']
Belle Epoque,"['coming-of-age-drama', 'period-drama', 'political-drama', 'screwball-comedy']"
Paranoid Park,"['coming-of-age-drama', 'teen-drama']"
Alaska,"['coming-of-age-drama', 'mountain-adventure', 'quest-adventure', 'survival-adventure', 'teen-adventure', 'teen-drama']"
The Catholic School,"['coming-of-age-drama', 'teen-drama']"
My Oxford Year,"['coming-of-age-drama', 'teen-drama']"
Shithouse,"['coming-of-age-drama', 'feel-good-romance', 'quirky-comedy']"
"The Tunnel to Summer, the Exit of Goodbyes",['coming-of-age-drama']
Last Summer,['coming-of-age-drama']
Seven Minutes in Heaven,['coming-of-age-drama']
The Human Comedy,"['coming-of-age-drama', 'teen-drama']"
Farha,"['coming-of-age-drama', 'period-drama']"
Lawn Dogs,['coming-of-age-drama']
My Dog Skip,['coming-of-age-drama']
CrissCross,"['coming-of-age-drama', 'teen-drama']"
The Souvenir: Part II,"['coming-of-age-drama', 'tragic-romance', 'workplace-drama']"
Lassie,['coming-of-age-drama']
A Home of Our Own,"['coming-of-age-drama', 'period-drama']"
"Hello, Goodbye and Everything in Between","['coming-of-age-drama', 'feel-good-romance']"
Everybody's Talking About Jamie,"['coming-of-age-drama', 'teen-drama']"
Butterflies Are Free,"['coming-of-age-drama', 'romantic-comedy', 'screwball-comedy']"
The Landlord,"['coming-of-age-drama', 'satire-comedy']"
Tex,"['coming-of-age-drama', 'teen-drama']"
Bonjour Tristesse,['coming-of-age-drama']
Lean on Pete,['coming-of-age-drama']
California Dreaming,"['coming-of-age-drama', 'teen-comedy']"
Earth Mama,"['coming-of-age-drama', 'legal-drama', 'psychological-drama']"
Swinging Safari,"['coming-of-age-drama', 'raunchy-comedy']"
The Governess,"['coming-of-age-drama', 'period-drama', 'tragic-romance']"
Little Wing,['coming-of-age-drama']
Wadjda,['coming-of-age-drama']
Cría Cuervos,"['coming-of-age-drama', 'psychological-drama']"
Crater,"['coming-of-age-drama', 'space-sci-fi', 'survival-adventure', 'teen-adventure', 'teen-drama']"
Not Fade Away,"['coming-of-age-drama', 'period-drama', 'teen-drama']"
Slalom,"['coming-of-age-drama', 'psychological-drama', 'teen-drama']"
"Next Stop, Greenwich Village","['coming-of-age-drama', 'teen-drama']"
The Chosen,"['coming-of-age-drama', 'period-drama', 'teen-drama']"
Sweet Sixteen,"['coming-of-age-drama', 'gangster-crime', 'serial-killer-crime', 'slasher-horror']"
House of D,['coming-of-age-drama']
Mouchette,['coming-of-age-drama']
Love Per Square Foot,"['coming-of-age-drama', 'romantic-comedy']"
Beyond Belief the Movie,['coming-of-age-drama']
Cattle Annie and Little Britches,"['coming-of-age-drama', 'costume-drama', 'period-drama']"
Lassie Come Home,['coming-of-age-drama']
The Groomsmen,['coming-of-age-drama']
Blancanieves,"['coming-of-age-drama', 'dark-fantasy', 'fairy-tale-fantasy', 'period-drama', 'tragedy-drama']"
Sleepwalking,['coming-of-age-drama']
Motorama,"['coming-of-age-drama', 'dark-comedy', 'desert-adventure', 'quest-adventure', 'road-trip-adventure']"
Pelle the Conqueror,"['coming-of-age-drama', 'period-drama']"
Hearts Beat Loud,['coming-of-age-drama']
Indignation,"['coming-of-age-drama', 'period-drama']"
Pariah,"['coming-of-age-drama', 'teen-drama']"
Smithereens,"['coming-of-age-drama', 'teen-drama']"
Our Modern Maidens,"['coming-of-age-drama', 'teen-comedy']"
It Had to Be You,"['coming-of-age-drama', 'romantic-comedy', 'romantic-comedy', 'screwball-comedy']"
Rocks,"['coming-of-age-drama', 'teen-drama']"
All the Little Animals,"['coming-of-age-drama', 'psychological-drama', 'psychological-thriller', 'survival-adventure']"
Another Me,"['coming-of-age-drama', 'teen-drama']"
The Chocolate War,"['coming-of-age-drama', 'dark-comedy', 'teen-drama']"
Girlhood,"['coming-of-age-drama', 'teen-drama']"
Winter in Wartime,['coming-of-age-drama']
The Boys Club,"['coming-of-age-drama', 'epic-drama', 'teen-adventure', 'teen-drama']"
International Velvet,"['coming-of-age-drama', 'epic-drama', 'teen-drama', 'tragedy-drama']"
The Earthling,"['coming-of-age-drama', 'mountain-adventure', 'survival-adventure']"
The Slaughter Rule,['coming-of-age-drama']
The Life Before Her Eyes,"['coming-of-age-drama', 'psychological-drama', 'tragedy-drama']"
1 Mile to You,"['coming-of-age-drama', 'teen-drama', 'teen-romance', 'tragedy-drama']"
Going All the Way,['coming-of-age-drama']
Aparajito,"['coming-of-age-drama', 'tragedy-drama']"
Where the Lilies Bloom,['coming-of-age-drama']
Head Full of Honey,['coming-of-age-drama']
Girlfriends,['coming-of-age-drama']
Lips Like Sugar,['coming-of-age-drama']
The Big Parade,"['coming-of-age-drama', 'epic-drama', 'epic-romance', 'epic-war']"
Metroland,['coming-of-age-drama']
All Together Now,"['coming-of-age-drama', 'teen-drama']"
The in Crowd,"['coming-of-age-drama', 'teen-comedy', 'teen-drama']"
To Save a Life,"['coming-of-age-drama', 'teen-drama']"
Peppermint Soda,"['coming-of-age-drama', 'period-drama', 'satire-comedy', 'teen-comedy', 'teen-drama']"
The Song of Sway Lake,"['coming-of-age-drama', 'teen-drama']"
Guinevere,['coming-of-age-drama']
The Delta,"['coming-of-age-drama', 'teen-drama']"
"Thirteen year old Molly Roth, the eldest of three offspring of Gus and Diana Roth, lives a carefree life as part of the affluent white minority in South Africa. Race is a non-issue for her as although, under apartheid, the Roths largely exist among other white people like them, she feels equally comfortable around the black people in her life, such as their servants and her parents' black friends. Beyond knowing that they are busy in their work, Molly is unaware of the full extent of what her parents do, Gus a leading member of the South African Communist Party and Ruth an anti-apartheid journalist who also secretly works for the underground in support of the outlawed African National Congress. Shortly after Gus quietly escapes the country to evade probable arrest by the government - Molly believing it just a short work related trip - Molly's carefree life starts to unravel when Diana is detained for ninety days under a new law that allows such detention without ever even being charged with a criminal offense. The goal of Diana's interrogators, led by Inspector Muller, is to get her to divulge details especially of the underground, most specifically proverbial ""names"". Beyond missing her mother, Molly begins to resent the anti-apartheid work which has directly and indirectly impacted her life in a negative way, she wanting a mother, not an activist-mother. As the situation with Diana evolves, which includes someone needing to act as caregivers to Molly and her younger sisters while Diana is in detention, Molly gets a broader perspective of her situation under apartheid as she is able to see more of life just outside her protected white enclave, and as she is made aware of what Diana is trying to achieve for society in her work.",['coming-of-age-drama']
Off the Map,"['coming-of-age-drama', 'period-drama']"
35 Shots of Rum,['coming-of-age-drama']
Concrete Night,['coming-of-age-drama']
Billy Boy,"['coming-of-age-drama', 'teen-drama']"
Bambi,['coming-of-age-drama']
Summer of the Monkeys,['coming-of-age-drama']
Rome Adventure,"['coming-of-age-drama', 'holiday-romance']"
Holler,"['coming-of-age-drama', 'teen-drama']"
Dilan 1991,"['coming-of-age-drama', 'feel-good-romance', 'teen-drama', 'teen-romance']"
Wild Boys of the Road,"['coming-of-age-drama', 'road-trip-adventure', 'teen-adventure', 'teen-drama', 'tragedy-drama']"
The Wonderland,['coming-of-age-drama']
Rudy Habibie,"['coming-of-age-drama', 'docudrama', 'feel-good-romance', 'period-drama']"
Bad Seed,"['coming-of-age-drama', 'quirky-comedy']"
Land of Hope,['coming-of-age-drama']
War of the Buttons,['coming-of-age-drama']
Term of Trial,['coming-of-age-drama']
The Young Poisoner's Handbook,"['coming-of-age-drama', 'dark-comedy', 'psychological-drama', 'serial-killer-crime', 'teen-drama', 'true-crime']"
Kim,"['coming-of-age-drama', 'quest-adventure']"
Yellow Rose,['coming-of-age-drama']
Friday Night Plan,['coming-of-age-drama']
Rabbit in the Pit,"['coming-of-age-drama', 'psychological-drama', 'steamy-romance', 'teen-drama', 'teen-romance']"
The Journey Home,"['coming-of-age-drama', 'quest-adventure', 'survival-adventure', 'teen-adventure', 'teen-drama']"
1/1,['coming-of-age-drama']
Dean,['coming-of-age-drama']
Morris from America,['coming-of-age-drama']
Sixteen,"['coming-of-age-drama', 'teen-romance']"
Yosemite,['coming-of-age-drama']
Girl with Green Eyes,['coming-of-age-drama']
Habibie & Ainun 3,"['coming-of-age-drama', 'docudrama', 'feel-good-romance', 'period-drama']"
Dear David,"['coming-of-age-drama', 'supernatural-horror']"
Summering,"['coming-of-age-drama', 'teen-drama']"
The Spanish Gardener,"['coming-of-age-drama', 'psychological-drama']"
A Kid for Two Farthings,['coming-of-age-drama']
Agostino,"['coming-of-age-drama', 'psychological-drama']"
Milea,"['coming-of-age-drama', 'feel-good-romance', 'teen-drama', 'teen-romance']"
The Four Days of Naples,"['coming-of-age-drama', 'epic-war', 'political-drama', 'tragedy-drama']"
The Fruit Machine,"['coming-of-age-drama', 'teen-drama']"
Dilan 1990,"['coming-of-age-drama', 'feel-good-romance', 'teen-drama', 'teen-romance']"
My Friend Flicka,['coming-of-age-drama']
Summer Holiday,"['coming-of-age-drama', 'period-drama']"
Pharaoh's Army,['coming-of-age-drama']
Tom Brown's School Days,"['coming-of-age-drama', 'period-drama', 'teen-drama']"
Neighborhood Watch,"['coming-of-age-drama', 'superhero-action']"
Beautiful and Wild on Ibiza,"['coming-of-age-drama', 'raunchy-comedy', 'teen-comedy', 'teen-drama']"
Adventure in Baltimore,"['coming-of-age-drama', 'period-drama', 'teen-comedy']"
Byron,['coming-of-age-drama']
The Lens Within Me,"['coming-of-age-drama', 'teen-drama']"
I Want You,"['coming-of-age-drama', 'political-drama', 'psychological-drama']"
They Shall Have Music,['coming-of-age-drama']
Sylvie and the Ghost,"['coming-of-age-drama', 'romantic-comedy', 'supernatural-fantasy', 'teen-drama']"
Without a Name,"['coming-of-age-drama', 'psychological-thriller', 'teen-horror']"
Gorky 1: The Childhood of Maxim Gorky,['coming-of-age-drama']
The Age of Consent,"['coming-of-age-drama', 'steamy-romance', 'teen-drama']"
El Extraordinario Hombre Halcón,['coming-of-age-drama']
12 to 21,['coming-of-age-drama']
Gylne ungdom,['coming-of-age-drama']
Láska neláskavá,"['coming-of-age-drama', 'prison-drama', 'teen-drama', 'teen-romance', 'tragedy-drama', 'tragic-romance']"
Beauty's Worth,"['coming-of-age-drama', 'holiday-romance', 'screwball-comedy']"
The Stress of Youth,"['coming-of-age-drama', 'teen-drama', 'teen-romance']"
Joey Witten is a Big Stupid Idiot and I Hate Him,"['coming-of-age-drama', 'road-trip-adventure']"
Malé letní blues,"['coming-of-age-drama', 'teen-drama', 'teen-romance']"
Could You Slow It Down?,['coming-of-age-drama']
8,"['coming-of-age-drama', 'epic-drama', 'period-drama']"
Some Where in Delhi,['coming-of-age-drama']
Castle in the Woods,"['coming-of-age-drama', 'fairy-tale-fantasy', 'teen-adventure']"
Delinquent,"['coming-of-age-drama', 'cop-drama', 'teen-drama', 'tragedy-drama']"
Bitter 17,['coming-of-age-drama']
Out of the Box,['coming-of-age-drama']
Calm After the Storm,['coming-of-age-drama']
Exodus,"['coming-of-age-drama', 'teen-drama']"
Domestic Fowl,"['coming-of-age-drama', 'contemporary-western', 'teen-drama']"
A Magical Mystery Time,"['coming-of-age-drama', 'showbiz-drama']"
"OCD, the Dude, and Me",['coming-of-age-drama']
Instaboys,"['coming-of-age-drama', 'teen-romance']"
World End Economica,"['coming-of-age-drama', 'psychological-drama', 'space-sci-fi']"
Summer,['coming-of-age-drama']
Lítost,"['coming-of-age-drama', 'psychological-drama', 'teen-drama']"
Summer Ends,['coming-of-age-drama']
Bulls on Parade,"['coming-of-age-drama', 'psychological-drama']"
Remembering Yesterday,['coming-of-age-drama']
Conclave,['conspiracy-thriller']
Longlegs,"['conspiracy-thriller', 'psychological-thriller', 'serial-killer-crime', 'supernatural-horror']"
The Conversation,"['conspiracy-thriller', 'psychological-drama', 'psychological-thriller']"
Runaway Jury,"['conspiracy-thriller', 'legal-drama', 'legal-thriller']"
Enemy of the State,"['conspiracy-thriller', 'political-thriller', 'spy-thriller']"
All the President's Men,"['conspiracy-thriller', 'political-drama', 'political-thriller', 'workplace-drama']"
Jack Reacher,"['conspiracy-thriller', 'one-person-army-action']"
Inheritance,"['conspiracy-thriller', 'psychological-drama']"
A Working Man,"['conspiracy-thriller', 'one-person-army-action']"
The Accountant,"['conspiracy-thriller', 'martial-arts-action', 'one-person-army-action']"
Captain America: The Winter Soldier,"['conspiracy-thriller', 'political-thriller', 'superhero-action', 'urban-adventure']"
Snowpiercer,"['conspiracy-thriller', 'dystopian-sci-fi']"
L.A. Confidential,"['conspiracy-thriller', 'cop-drama', 'hardboiled-mystery', 'period-drama', 'police-procedural-crime', 'suspense-mystery', 'whodunnit-mystery']"
The Cabin in the Woods,"['conspiracy-thriller', 'monster-horror', 'slasher-horror', 'supernatural-horror', 'suspense-mystery', 'teen-horror', 'werewolf-horror']"
Absolute Power,"['conspiracy-thriller', 'political-thriller', 'psychological-thriller']"
The Fugitive,"['conspiracy-thriller', 'film-noir', 'political-drama', 'tragedy-drama']"
The Game,"['conspiracy-thriller', 'psychological-drama', 'psychological-thriller', 'suspense-mystery', 'tragedy-drama']"
Amsterdam,"['conspiracy-thriller', 'period-drama']"
Minority Report,"['conspiracy-thriller', 'cyber-thriller', 'cyberpunk-sci-fi', 'dystopian-sci-fi', 'psychological-thriller', 'suspense-mystery']"
Chinatown,"['conspiracy-thriller', 'hardboiled-mystery', 'psychological-drama', 'psychological-thriller', 'tragedy-drama']"
Jack Reacher: Never Go Back,"['conspiracy-thriller', 'one-person-army-action']"
Super 8,['conspiracy-thriller']
The Contractor,"['conspiracy-thriller', 'one-person-army-action', 'political-drama', 'spy-thriller']"
21 Bridges,"['conspiracy-thriller', 'cop-drama', 'one-person-army-action']"
Angel Has Fallen,"['conspiracy-thriller', 'one-person-army-action']"
The Boys from Brazil,['conspiracy-thriller']
Hypnotic,"['conspiracy-thriller', 'psychological-thriller', 'tragedy-drama']"
Hitman,"['conspiracy-thriller', 'globetrotting-adventure']"
The Constant Gardener,"['conspiracy-thriller', 'political-thriller', 'tragedy-drama']"
Gemini Man,['conspiracy-thriller']
The Insider,"['conspiracy-thriller', 'docudrama', 'legal-thriller', 'workplace-drama']"
The A-Team,['conspiracy-thriller']
Body of Lies,"['conspiracy-thriller', 'political-thriller', 'spy-thriller']"
The Manchurian Candidate,"['conspiracy-thriller', 'conspiracy-thriller', 'political-thriller', 'political-thriller', 'psychological-thriller', 'spy-thriller', 'tragedy-drama']"
Blow Out,"['conspiracy-thriller', 'political-thriller']"
Brotherhood of the Wolf,"['conspiracy-thriller', 'martial-arts-action', 'monster-horror', 'quest-adventure', 'werewolf-horror']"
I Came By,['conspiracy-thriller']
Clear and Present Danger,"['conspiracy-thriller', 'political-thriller', 'spy-thriller']"
The Pelican Brief,"['conspiracy-thriller', 'dark-comedy', 'legal-thriller', 'political-thriller']"
Disclosure,['conspiracy-thriller']
Double Jeopardy,"['conspiracy-thriller', 'dark-comedy', 'film-noir', 'legal-thriller', 'suspense-mystery']"
In the Line of Fire,"['conspiracy-thriller', 'political-thriller']"
Those Who Wish Me Dead,"['conspiracy-thriller', 'psychological-drama', 'psychological-thriller']"
The Net,"['conspiracy-thriller', 'cyber-thriller']"
Without Remorse,"['conspiracy-thriller', 'one-person-army-action']"
The Mauritanian,"['conspiracy-thriller', 'legal-drama', 'legal-thriller']"
Last Seen Alive,['conspiracy-thriller']
Jack Ryan: Shadow Recruit,"['conspiracy-thriller', 'spy-thriller']"
The Circle,"['conspiracy-thriller', 'cyber-thriller']"
State of Play,"['conspiracy-thriller', 'police-procedural-crime', 'political-drama', 'political-thriller']"
No Sudden Move,"['conspiracy-thriller', 'heist-crime']"
Capricorn One,"['conspiracy-thriller', 'dark-comedy']"
The 6th Day,"['conspiracy-thriller', 'cyber-thriller']"
Traitor,['conspiracy-thriller']
Money Monster,"['conspiracy-thriller', 'dark-comedy', 'financial-drama', 'political-thriller']"
Red State,['conspiracy-thriller']
Conspiracy Theory,"['conspiracy-thriller', 'dark-comedy', 'political-thriller', 'psychological-thriller']"
Eraser,"['conspiracy-thriller', 'spy-thriller']"
The Man Who Knew Too Much,"['conspiracy-thriller', 'conspiracy-thriller', 'political-thriller', 'political-thriller', 'psychological-thriller', 'spy-thriller', 'suspense-mystery']"
Black and Blue,['conspiracy-thriller']
The Commuter,"['conspiracy-thriller', 'one-person-army-action']"
Panic Carefully,['conspiracy-thriller']
Edge of Darkness,"['conspiracy-thriller', 'dark-comedy', 'political-thriller', 'tragedy-drama']"
Courage Under Fire,['conspiracy-thriller']
The 39 Steps,"['conspiracy-thriller', 'spy-thriller', 'suspense-mystery', 'whodunnit-mystery']"
Kiss of the Dragon,"['conspiracy-thriller', 'martial-arts-action', 'one-person-army-action']"
Snake Eyes,"['conspiracy-thriller', 'martial-arts-action', 'superhero-action']"
Outland,['conspiracy-thriller']
The Peacemaker,"['conspiracy-thriller', 'political-thriller']"
Mighty Joe Young,"['conspiracy-thriller', 'jungle-adventure', 'jungle-adventure', 'showbiz-drama', 'supernatural-fantasy', 'urban-adventure']"
Seven Days in May,"['conspiracy-thriller', 'political-thriller']"
Consenting Adults,['conspiracy-thriller']
Coma,"['conspiracy-thriller', 'medical-drama']"
Lockout,"['conspiracy-thriller', 'dark-comedy', 'one-person-army-action', 'space-sci-fi']"
Paradise Highway,['conspiracy-thriller']
Black Christmas,"['conspiracy-thriller', 'dark-comedy', 'holiday-season', 'holiday-season', 'slasher-horror', 'slasher-horror', 'slasher-horror', 'teen-horror', 'teen-horror', 'whodunnit-mystery']"
The Courier,"['conspiracy-thriller', 'one-person-army-action', 'spy-thriller']"
Brainstorm,"['conspiracy-thriller', 'cyberpunk-sci-fi', 'psychological-drama', 'psychological-thriller']"
Monolith,"['conspiracy-thriller', 'psychological-thriller']"
Anonymous,"['conspiracy-thriller', 'period-drama']"
OtherLife,"['conspiracy-thriller', 'dystopian-sci-fi', 'psychological-drama', 'psychological-thriller', 'suspense-mystery', 'workplace-drama']"
How to Blow Up a Pipeline,['conspiracy-thriller']
Dirty Pretty Things,"['conspiracy-thriller', 'psychological-drama', 'psychological-thriller', 'workplace-drama']"
The Cassandra Crossing,['conspiracy-thriller']
In the Fade,"['conspiracy-thriller', 'legal-thriller', 'tragedy-drama']"
The Black Kaiser,['conspiracy-thriller']
Bent,['conspiracy-thriller']
The Sacrament,"['conspiracy-thriller', 'found-footage-horror']"
Marauders,"['conspiracy-thriller', 'heist-crime']"
Winter Kills,"['conspiracy-thriller', 'dark-comedy', 'political-thriller', 'satire-comedy']"
Executive Action,"['conspiracy-thriller', 'political-drama', 'political-thriller']"
Wander,"['conspiracy-thriller', 'psychological-thriller']"
23 Paces to Baker Street,['conspiracy-thriller']
Kansas City Confidential,"['conspiracy-thriller', 'film-noir', 'heist-crime']"
The Satan Bug,"['conspiracy-thriller', 'dystopian-sci-fi', 'heist-crime', 'psychological-thriller', 'whodunnit-mystery']"
Gasoline Alley,['conspiracy-thriller']
Flashpoint,['conspiracy-thriller']
Chain of Command,"['conspiracy-thriller', 'dark-comedy']"
Conspiracy,['conspiracy-thriller']
Submerged,"['conspiracy-thriller', 'dark-comedy', 'sea-adventure']"
The Independent,"['conspiracy-thriller', 'parody-comedy', 'satire-comedy']"
The Corrupted,['conspiracy-thriller']
The Tall Target,"['conspiracy-thriller', 'police-procedural-crime', 'political-thriller']"
Phantom Detective,['conspiracy-thriller']
Buster's Mal Heart,['conspiracy-thriller']
36 Hours,"['conspiracy-thriller', 'period-drama', 'political-drama', 'political-thriller', 'psychological-drama', 'psychological-thriller', 'spy-thriller']"
Every Last One of Them,['conspiracy-thriller']
The Cry of the Owl,"['conspiracy-thriller', 'psychological-drama']"
Foreign Intrigue,"['conspiracy-thriller', 'political-drama', 'political-thriller', 'spy-thriller', 'suspense-mystery']"
The Escort III,"['conspiracy-thriller', 'erotic-thriller']"
Shadow People,['conspiracy-thriller']
Blind Horizon,"['conspiracy-thriller', 'psychological-thriller']"
Revolver,"['conspiracy-thriller', 'psychological-thriller']"
The Power of Few,['conspiracy-thriller']
The Inferno,['conspiracy-thriller']
Stigma,['conspiracy-thriller']
No Place to Hide,['conspiracy-thriller']
Armed,['conspiracy-thriller']
The Secret of Cuck Island,['conspiracy-thriller']
Pandemic,['conspiracy-thriller']
Brain Twisters,['conspiracy-thriller']
The Underworld Story,"['conspiracy-thriller', 'film-noir', 'legal-drama', 'legal-thriller']"
Pod,"['conspiracy-thriller', 'monster-horror']"
The Double Man,"['conspiracy-thriller', 'spy-thriller', 'suspense-mystery']"
The Fearmakers,"['conspiracy-thriller', 'film-noir', 'political-drama', 'political-thriller', 'psychological-drama', 'psychological-thriller']"
The Way of War,['conspiracy-thriller']
Remote Control,"['conspiracy-thriller', 'parody-comedy']"
The Blonde from Peking,"['conspiracy-thriller', 'spy-thriller']"
Blue Tornado,['conspiracy-thriller']
The Patriot,"['conspiracy-thriller', 'epic-drama', 'epic-war', 'period-drama']"
The Target,['conspiracy-thriller']
How I Spent My Summer Vacation,['conspiracy-thriller']
Dark Souls,['conspiracy-thriller']
Snatchback,['conspiracy-thriller']
Marie Galante,"['conspiracy-thriller', 'holiday-romance', 'political-drama', 'spy-thriller']"
Whispering City,"['conspiracy-thriller', 'political-thriller', 'psychological-thriller']"
Civic Duty,['conspiracy-thriller']
Pattern Recognition,['conspiracy-thriller']
Ignition,['conspiracy-thriller']
Keeping Track,['conspiracy-thriller']
Take the Night,['conspiracy-thriller']
Requiem for a Secret Agent,['conspiracy-thriller']
Nexus,['conspiracy-thriller']
The American,"['conspiracy-thriller', 'spy-thriller']"
30 Below,['conspiracy-thriller']
Deadly Sanctuary,['conspiracy-thriller']
The Last Case of August T. Harrison,['conspiracy-thriller']
Soft Deceit,"['conspiracy-thriller', 'political-thriller', 'psychological-thriller']"
Penrose Affair,['conspiracy-thriller']
Fire Lake,['conspiracy-thriller']
Boomtown,['conspiracy-thriller']
"Já, spravedlnost","['conspiracy-thriller', 'legal-thriller', 'period-drama', 'political-drama', 'political-thriller', 'psychological-drama', 'psychological-thriller', 'survival-adventure', 'tragedy-drama']"
The Ascendants,['conspiracy-thriller']
Umbra,['conspiracy-thriller']
Somacell,['conspiracy-thriller']
Blue Snakes,['conspiracy-thriller']
A Cool Sound from Hell,"['conspiracy-thriller', 'psychological-thriller']"
Containment,['conspiracy-thriller']
The Recount,['conspiracy-thriller']
Project Rapture,['conspiracy-thriller']
Web of Conspiracy,['conspiracy-thriller']
Watchtower,['conspiracy-thriller']
The Osterman Weekend,"['conspiracy-thriller', 'political-thriller', 'spy-thriller']"
Dimensions,['conspiracy-thriller']
A Forest of Mirrors,['conspiracy-thriller']
The Colors of Fire,['conspiracy-thriller']
Invaded,['conspiracy-thriller']
Scarebnb,['conspiracy-thriller']
Titanic Code,['conspiracy-thriller']
Scout,['conspiracy-thriller']
Radar Contact,['conspiracy-thriller']
Human Traffick,['conspiracy-thriller']
The B.E.C.,['conspiracy-thriller']
The Axmann Conspiracy,['conspiracy-thriller']
World's Most Wanted,['conspiracy-thriller']
Unique,['conspiracy-thriller']
The White Curtain,['conspiracy-thriller']
The Psycho,['conspiracy-thriller']
The Diplomat,['conspiracy-thriller']
Three-Nine Steps,['conspiracy-thriller']
Reptilian Gate,['conspiracy-thriller']
Mindgate,['conspiracy-thriller']
Raindrop,['conspiracy-thriller']
Olympic Glory,['conspiracy-thriller']
A Menace Within,['conspiracy-thriller']
Murky,['conspiracy-thriller']
A Guest List,['conspiracy-thriller']
Door to the Moon,['conspiracy-thriller']
Black Box,['conspiracy-thriller']
Bug Eyes,['conspiracy-thriller']
Eyes on You,['conspiracy-thriller']
The Lord's Day,['conspiracy-thriller']
Riders,['conspiracy-thriller']
Haunted by Dr King,['conspiracy-thriller']
Rapacious,['conspiracy-thriller']
Be Careful of What You Know,['conspiracy-thriller']
Malcontent,['conspiracy-thriller']
Headlighting,['conspiracy-thriller']
Unbound,['conspiracy-thriller']
Secondary Effect,['conspiracy-thriller']
The Dark Switch,['conspiracy-thriller']
Rage,"['conspiracy-thriller', 'dark-comedy']"
Frogtown,['conspiracy-thriller']
Beyond the Unforgivable,['conspiracy-thriller']
Invidia,['conspiracy-thriller']
Capitalism! The Musical,"['conspiracy-thriller', 'rock-musical']"
Primary Source,['conspiracy-thriller']
The Knot,['conspiracy-thriller']
Category 6,"['conspiracy-thriller', 'disaster-action']"
Oasis,['conspiracy-thriller']
The Big Bunny,"['conspiracy-thriller', 'political-thriller']"
Gone Viral,['conspiracy-thriller']
Alacatraz Never Dies,['conspiracy-thriller']
Red Station,['conspiracy-thriller']
The Great Indian Rope Trick,['conspiracy-thriller']
Geist,['conspiracy-thriller']
Hum,['conspiracy-thriller']
The Ego and the Id,['conspiracy-thriller']
That's Classified,['conspiracy-thriller']
An Island in the Field,['conspiracy-thriller']
Plague Season,['conspiracy-thriller']
Inquest,['conspiracy-thriller']
No Country for Old Men,"['contemporary-western', 'serial-killer-crime']"
Sicario,"['contemporary-western', 'cop-drama', 'drug-crime']"
Wind River,"['contemporary-western', 'cop-drama', 'tragedy-drama', 'whodunnit-mystery']"
Brokeback Mountain,"['contemporary-western', 'steamy-romance', 'tragedy-drama', 'tragic-romance']"
El Camino,"['contemporary-western', 'psychological-drama', 'psychological-thriller']"
Hell or High Water,"['contemporary-western', 'heist-crime', 'police-procedural-crime', 'tragedy-drama']"
In the Land of Saints and Sinners,"['contemporary-western', 'period-drama', 'political-thriller']"
Near Dark,"['contemporary-western', 'dark-comedy', 'vampire-horror']"
Thelma & Louise,"['contemporary-western', 'road-trip-adventure', 'tragedy-drama']"
The Highwaymen,"['contemporary-western', 'cop-drama', 'period-drama', 'true-crime']"
Desperado,"['contemporary-western', 'drug-crime', 'gun-fu-action', 'one-person-army-action']"
The Mule,"['contemporary-western', 'drug-crime', 'true-crime']"
Day of Reckoning,"['contemporary-western', 'martial-arts-action']"
The Marksman,"['contemporary-western', 'one-person-army-action', 'road-trip-adventure']"
Urban Cowboy,['contemporary-western']
The Last Stand,"['contemporary-western', 'dark-comedy']"
The Forever Purge,['contemporary-western']
Gold,"['contemporary-western', 'jungle-adventure', 'psychological-drama', 'psychological-thriller', 'true-crime']"
Hud,['contemporary-western']
The Misfits,['contemporary-western']
8 Seconds,['contemporary-western']
Bring Me the Head of Alfredo Garcia,"['contemporary-western', 'dark-comedy', 'tragedy-drama']"
Disturbing the Peace,['contemporary-western']
Thunderheart,"['contemporary-western', 'true-crime']"
Extreme Prejudice,"['contemporary-western', 'dark-comedy']"
From Dusk Till Dawn 2: Texas Blood Money,['contemporary-western']
Lone Wolf McQuade,"['contemporary-western', 'dark-comedy', 'martial-arts-action']"
Wanda Nevada,['contemporary-western']
The Three Burials of Melquiades Estrada,['contemporary-western']
Down in the Valley,['contemporary-western']
The Hero,"['contemporary-western', 'soccer-sport']"
Comes a Horseman,['contemporary-western']
Bronco Billy,['contemporary-western']
Junior Bonner,['contemporary-western']
Wild Horses,['contemporary-western']
Montana Story,"['contemporary-western', 'psychological-drama', 'tragedy-drama']"
The Last Movie,['contemporary-western']
Lonely Are the Brave,"['contemporary-western', 'epic-drama', 'prison-drama']"
Gumby: The Movie,"['contemporary-western', 'farce-comedy', 'urban-adventure']"
The Ride,"['contemporary-western', 'teen-drama']"
Borderline,"['contemporary-western', 'film-noir']"
Thar,['contemporary-western']
"Stay Away, Joe","['contemporary-western', 'jukebox-musical', 'rock-musical']"
My Heroes Have Always Been Cowboys,['contemporary-western']
Broken Horses,['contemporary-western']
Red Hill,['contemporary-western']
Man in the Shadow,['contemporary-western']
Filthy Animals,"['contemporary-western', 'dark-comedy']"
The Lusty Men,['contemporary-western']
Jericho,['contemporary-western']
Hearts of the West,['contemporary-western']
F.T.W.,['contemporary-western']
When the Legends Die,['contemporary-western']
Missionary Man,['contemporary-western']
The Escape of Prisoner 614,['contemporary-western']
J W Coop,['contemporary-western']
Melody Ranch,['contemporary-western']
Wooly Boys,['contemporary-western']
Paper Hearts,['contemporary-western']
The Lion and the Horse,['contemporary-western']
The Wild North,"['contemporary-western', 'mountain-adventure', 'survival-adventure']"
Black Market Rustlers,['contemporary-western']
Cowboy Commandos,['contemporary-western']
Floating,['contemporary-western']
Wild Horse Rustlers,['contemporary-western']
Aerial Girl,['contemporary-western']
The French Connection,"['cop-drama', 'drug-crime', 'police-procedural-crime']"
Se7en,"['cop-drama', 'hardboiled-mystery', 'legal-drama', 'police-procedural-crime', 'psychological-drama', 'psychological-thriller', 'serial-killer-crime']"
The Departed,"['cop-drama', 'epic-drama', 'gangster-crime']"
Den of Thieves,"['cop-drama', 'heist-crime']"
Fargo,"['cop-drama', 'dark-comedy', 'police-procedural-crime', 'tragedy-drama']"
Zodiac,"['cop-drama', 'epic-drama', 'police-procedural-crime', 'psychological-thriller', 'serial-killer-crime', 'true-crime', 'whodunnit-mystery']"
End of Watch,"['cop-drama', 'drug-crime', 'police-procedural-crime']"
Training Day,"['cop-drama', 'drug-crime', 'gangster-crime', 'police-procedural-crime', 'tragedy-drama']"
The Untouchables,"['cop-drama', 'gangster-crime', 'period-drama', 'police-procedural-crime']"
The Little Things,"['cop-drama', 'police-procedural-crime', 'psychological-thriller', 'serial-killer-crime', 'suspense-mystery']"
Traffic,"['cop-drama', 'drug-crime', 'satire-comedy']"
BlacKkKlansman,"['cop-drama', 'docudrama', 'period-drama', 'true-crime']"
Kindergarten Cop,"['cop-drama', 'high-concept-comedy']"
Dirty Harry,"['cop-drama', 'police-procedural-crime', 'serial-killer-crime']"
Serpico,"['cop-drama', 'docudrama', 'police-procedural-crime', 'true-crime']"
Ambulance,"['cop-drama', 'heist-crime']"
Cop Land,['cop-drama']
The Guilty,"['cop-drama', 'film-noir', 'legal-thriller', 'whodunnit-mystery']"
Force of Nature: The Dry 2,"['cop-drama', 'police-procedural-crime', 'whodunnit-mystery']"
The Dry,"['cop-drama', 'police-procedural-crime', 'tragedy-drama', 'whodunnit-mystery']"
New Jack City,"['cop-drama', 'dark-comedy', 'drug-crime', 'gangster-crime', 'police-procedural-crime']"
Elite Squad,['cop-drama']
Infernal Affairs,['cop-drama']
Motherless Brooklyn,"['cop-drama', 'period-drama']"
The Take,['cop-drama']
The Hunted,"['cop-drama', 'film-noir', 'police-procedural-crime', 'psychological-drama', 'psychological-thriller', 'serial-killer-crime']"
Blown Away,"['cop-drama', 'dark-comedy', 'psychological-thriller']"
Where the Sidewalk Ends,"['cop-drama', 'film-noir', 'police-procedural-crime']"
Ricochet,['cop-drama']
Someone to Watch Over Me,['cop-drama']
Dark Blue,['cop-drama']
Kathal: A Jackfruit Mystery,"['cop-drama', 'dark-comedy', 'quirky-comedy']"
Infiesto,['cop-drama']
Sooryavanshi,['cop-drama']
Investigation of a Citizen Above Suspicion,"['cop-drama', 'police-procedural-crime', 'political-drama', 'psychological-drama']"
Jennifer 8,"['cop-drama', 'police-procedural-crime', 'serial-killer-crime']"
Singham,"['cop-drama', 'one-person-army-action']"
Boomerang!,"['cop-drama', 'docudrama', 'film-noir', 'legal-drama', 'political-drama', 'true-crime']"
'G' Men,"['cop-drama', 'film-noir', 'police-procedural-crime']"
The Man Who Cheated Himself,"['cop-drama', 'film-noir', 'hardboiled-mystery', 'police-procedural-crime', 'suspense-mystery']"
Conquer: Lahad Datu,"['cop-drama', 'political-drama', 'political-thriller', 'tragedy-drama']"
Wild Is the Wind,['cop-drama']
Let Us Live,"['cop-drama', 'legal-drama', 'police-procedural-crime', 'prison-drama']"
Highway 301,"['cop-drama', 'film-noir', 'heist-crime', 'police-procedural-crime']"
The Tattooed Stranger,"['cop-drama', 'film-noir']"
The Secret Partner,"['cop-drama', 'workplace-drama']"
North of the 210,['cop-drama']
Murder on Diamond Row,"['cop-drama', 'heist-crime', 'whodunnit-mystery']"
Public Hero Number 1,"['cop-drama', 'gangster-crime', 'prison-drama']"
Takluk 2: OP Daulat,"['cop-drama', 'political-drama', 'political-thriller', 'tragedy-drama']"
The Abduction of Lilly Waters,"['cop-drama', 'psychological-thriller']"
Pride & Prejudice,"['costume-drama', 'epic-romance', 'feel-good-romance', 'period-drama']"
Babylon,"['costume-drama', 'period-drama', 'showbiz-drama']"
Amadeus,"['costume-drama', 'epic-drama', 'period-drama', 'tragedy-drama']"
12 Years a Slave,"['costume-drama', 'docudrama', 'epic-drama', 'period-drama', 'tragedy-drama']"
Gangs of New York,"['costume-drama', 'epic-drama', 'gangster-crime', 'period-drama']"
Dances with Wolves,"['costume-drama', 'epic-drama', 'epic-western', 'period-drama']"
Gone with the Wind,"['costume-drama', 'epic-drama', 'epic-romance', 'epic-war', 'period-drama', 'tragic-romance']"
Sense and Sensibility,"['costume-drama', 'period-drama', 'romantic-comedy']"
Virgin Territory,['costume-drama']
The Favourite,"['costume-drama', 'dark-comedy', 'period-drama']"
Barry Lyndon,"['costume-drama', 'dark-comedy', 'epic-drama', 'period-drama']"
Firebrand,"['costume-drama', 'period-drama']"
The Secret Garden,"['costume-drama', 'period-drama']"
Anna Karenina,"['costume-drama', 'epic-romance', 'period-drama', 'period-drama', 'period-drama']"
Downton Abbey,"['costume-drama', 'feel-good-romance', 'period-drama']"
Gettysburg,"['costume-drama', 'epic-drama', 'epic-history', 'epic-war', 'period-drama']"
Mary Queen of Scots,"['costume-drama', 'period-drama']"
Persuasion,"['costume-drama', 'feel-good-romance']"
Master and Commander: The Far Side of the World,"['costume-drama', 'epic-adventure', 'epic-drama', 'epic-war', 'period-drama', 'sea-adventure']"
Elizabeth,"['costume-drama', 'docudrama', 'period-drama']"
Downton Abbey: A New Era,"['costume-drama', 'feel-good-romance', 'period-drama']"
Jane Eyre,"['costume-drama', 'costume-drama', 'period-drama', 'period-drama', 'period-drama']"
The Assassination of Jesse James by the Coward Robert Ford,"['costume-drama', 'epic-drama', 'epic-western', 'period-drama', 'true-crime']"
Open Range,"['costume-drama', 'epic-western', 'period-drama']"
The Other Boleyn Girl,"['costume-drama', 'period-drama']"
Elizabeth: The Golden Age,"['costume-drama', 'docudrama', 'epic-war', 'period-drama']"
Maurice,"['costume-drama', 'steamy-romance']"
Rob Roy,"['costume-drama', 'docudrama', 'epic-adventure', 'epic-history', 'period-drama', 'quest-adventure', 'swashbuckler-adventure']"
Emma,"['costume-drama', 'period-drama', 'romantic-comedy']"
Heaven's Gate,"['costume-drama', 'epic-drama', 'epic-western', 'period-drama']"
Belle,"['costume-drama', 'period-drama', 'teen-drama']"
The Bounty,"['costume-drama', 'epic-history', 'period-drama', 'tragedy-drama']"
The White Ribbon,"['costume-drama', 'period-drama', 'psychological-drama', 'psychological-thriller']"
Tulip Fever,"['costume-drama', 'period-drama']"
The Duchess,"['costume-drama', 'period-drama']"
Les Misérables,"['costume-drama', 'epic-drama', 'epic-drama', 'epic-romance', 'period-drama', 'period-drama', 'period-drama', 'tragedy-drama', 'tragic-romance']"
A Man for All Seasons,"['costume-drama', 'period-drama']"
Mother Mary,"['costume-drama', 'epic-drama']"
Zulu Dawn,"['costume-drama', 'epic-history']"
Mr. Malcolm's List,"['costume-drama', 'feel-good-romance', 'screwball-comedy']"
Waterloo,"['costume-drama', 'docudrama', 'epic-history', 'epic-war', 'period-drama']"
Queen Margot,"['costume-drama', 'dark-romance', 'epic-history', 'period-drama', 'tragedy-drama', 'tragic-romance']"
The Proposition,"['costume-drama', 'costume-drama', 'period-drama', 'tragedy-drama']"
Becoming Jane,"['costume-drama', 'period-drama']"
"Greystoke: The Legend of Tarzan, Lord of the Apes","['costume-drama', 'jungle-adventure', 'period-drama']"
The Young Victoria,"['costume-drama', 'period-drama', 'period-drama']"
Dreams,"['costume-drama', 'dark-fantasy', 'period-drama', 'psychological-drama', 'supernatural-fantasy']"
Gods and Generals,"['costume-drama', 'epic-drama', 'epic-war', 'period-drama']"
Colette,"['costume-drama', 'period-drama']"
Immortal Beloved,"['costume-drama', 'dark-romance', 'docudrama', 'period-drama', 'psychological-drama', 'tragedy-drama', 'tragic-romance']"
The Merchant of Venice,"['costume-drama', 'period-drama']"
Bright Star,"['costume-drama', 'period-drama']"
Love & Friendship,"['costume-drama', 'period-drama']"
Cyrano,"['costume-drama', 'epic-romance', 'period-drama']"
Madame Bovary,"['costume-drama', 'period-drama', 'period-drama', 'tragedy-drama']"
Far from the Madding Crowd,"['costume-drama', 'epic-drama', 'period-drama', 'period-drama', 'tragic-romance']"
A Covenant with Death,"['costume-drama', 'legal-drama']"
Stockholm Bloodbath,['costume-drama']
Beauty and the Beast,"['costume-drama', 'dark-fantasy', 'dark-fantasy', 'dark-fantasy', 'dark-romance', 'epic-fantasy', 'epic-romance', 'fairy-tale-fantasy', 'fairy-tale-fantasy', 'fairy-tale-fantasy', 'fairy-tale-fantasy', 'werewolf-horror']"
Cyrano de Bergerac,"['costume-drama', 'period-drama', 'swashbuckler-adventure']"
Yves Saint Laurent,['costume-drama']
The Last King,"['costume-drama', 'mountain-adventure', 'period-drama', 'sword-and-sandal-action']"
Man of La Mancha,"['costume-drama', 'period-drama', 'quest-adventure']"
Shanghai Express,"['costume-drama', 'film-noir', 'tragic-romance']"
The Front Page,"['costume-drama', 'dark-comedy', 'farce-comedy', 'period-drama', 'romantic-comedy', 'satire-comedy', 'screwball-comedy', 'workplace-drama']"
The Little Princess,['costume-drama']
Mr. & Mrs. Bridge,"['costume-drama', 'period-drama']"
Victoria & Abdul,"['costume-drama', 'docudrama', 'period-drama']"
Mayerling,"['costume-drama', 'period-drama']"
The Hunchback of Notre Dame,"['costume-drama', 'period-drama', 'period-drama']"
The House of Mirth,"['costume-drama', 'period-drama']"
Angels and Insects,"['costume-drama', 'period-drama']"
The Indian Tomb,"['costume-drama', 'period-drama']"
Where Angels Fear to Tread,"['costume-drama', 'period-drama']"
Prince Valiant,"['costume-drama', 'period-drama', 'swashbuckler-adventure', 'swashbuckler-adventure', 'sword-and-sandal-action', 'sword-and-sandal-action', 'sword-and-sorcery-fantasy']"
The Devil and Daniel Webster,"['costume-drama', 'dark-comedy', 'period-drama']"
Dragonwyck,"['costume-drama', 'period-drama']"
Smiles of a Summer Night,['costume-drama']
Sissi - Die junge Kaiserin,['costume-drama']
Reign of Terror,"['costume-drama', 'political-thriller']"
Way Down East,"['costume-drama', 'dark-romance', 'epic-romance', 'period-drama']"
Zarak,['costume-drama']
Sissi - Schicksalsjahre einer Kaiserin,['costume-drama']
Orphans of the Storm,"['costume-drama', 'epic-drama', 'epic-history', 'epic-romance', 'period-drama', 'political-drama']"
Fanfan la Tulipe,"['costume-drama', 'period-drama', 'swashbuckler-adventure']"
Annie Laurie,"['costume-drama', 'epic-adventure', 'epic-drama', 'mountain-adventure', 'period-drama', 'political-drama']"
The Luzhin Defence,"['costume-drama', 'period-drama', 'tragic-romance']"
Swann in Love,"['costume-drama', 'period-drama']"
Dancers,['costume-drama']
Captain Kidd,"['costume-drama', 'swashbuckler-adventure']"
So Long at the Fair,"['costume-drama', 'period-drama']"
The Golden Coach,"['costume-drama', 'period-drama']"
Burning Hearts,"['costume-drama', 'epic-drama', 'epic-history', 'epic-war', 'period-drama']"
The Right Hand Man,"['costume-drama', 'period-drama']"
Royal Tramp,['costume-drama']
American Friends,['costume-drama']
Sexy Susan Sins Again,['costume-drama']
Anne of the Indies,"['costume-drama', 'sea-adventure', 'swashbuckler-adventure']"
The Loves of Carmen,"['costume-drama', 'period-drama', 'tragic-romance']"
Royal Tramp II,['costume-drama']
The Man in Grey,"['costume-drama', 'period-drama', 'tragic-romance']"
Blanche Fury,"['costume-drama', 'period-drama', 'tragic-romance', 'true-crime']"
The Sea Hawk,"['costume-drama', 'period-drama', 'sea-adventure', 'swashbuckler-adventure', 'swashbuckler-adventure']"
Confession of a Child of the Century,['costume-drama']
Across the Wide Missouri,"['costume-drama', 'mountain-adventure']"
Sacrifice,['costume-drama']
Liselotte von der Pfalz,['costume-drama']
Heneral Luna,"['costume-drama', 'epic-history', 'period-drama']"
The Woodlanders,['costume-drama']
Plymouth Adventure,"['costume-drama', 'dark-romance', 'period-drama', 'political-drama', 'quest-adventure', 'sea-adventure']"
One Russian Summer,['costume-drama']
Creation of the Gods III,"['costume-drama', 'epic-fantasy']"
Ludwig II: Glanz und Ende eines Königs,"['costume-drama', 'period-drama']"
Lucy Gallant,['costume-drama']
Dr. Ehrlich's Magic Bullet,"['costume-drama', 'medical-drama']"
That Midnight Kiss,"['costume-drama', 'showbiz-drama']"
Illusions of Sin,['costume-drama']
Jassy,"['costume-drama', 'period-drama']"
Goyo: The Boy General,"['costume-drama', 'epic-history', 'period-drama']"
Martial Universe 1: Immortal Stone of Nirvana,['costume-drama']
The Magic Bow,"['costume-drama', 'period-drama']"
Captain Scarlett,"['costume-drama', 'swashbuckler-adventure']"
When a Man Loves,['costume-drama']
Shine on Harvest Moon,"['costume-drama', 'period-drama', 'showbiz-drama']"
Congress Dances,['costume-drama']
Mask of the Avenger,"['costume-drama', 'swashbuckler-adventure']"
The Fate of Swordsman,"['costume-drama', 'martial-arts-action', 'period-drama', 'supernatural-fantasy']"
Alhambra Decree 1492,"['costume-drama', 'medical-drama', 'period-drama', 'political-drama', 'prison-drama', 'psychological-drama']"
King in Shadow,['costume-drama']
"Ludwig der Zweite, König von Bayern","['costume-drama', 'period-drama']"
Lightning in the Veins,"['costume-drama', 'period-drama']"
Hallin Janne,"['costume-drama', 'period-drama']"
Waltz King,['costume-drama']
The Cross and the Flame,"['costume-drama', 'period-drama']"
Kaivopuiston kaunis Regina,"['costume-drama', 'period-drama']"
Lain mukaan,"['costume-drama', 'period-drama']"
Naiskohtaloita,"['costume-drama', 'period-drama']"
Legend of the Demon Seal,['costume-drama']
Pitkäjärveläiset,"['costume-drama', 'period-drama']"
Helmikuun manifesti,"['costume-drama', 'period-drama']"
This Stitching Will Last,['costume-drama']
En ole kreivitär,"['costume-drama', 'feel-good-romance']"
Lutaru Lalna,['costume-drama']
Kaunis Kaarina,"['costume-drama', 'period-drama']"
Knives Out,"['cozy-mystery', 'satire-comedy', 'whodunnit-mystery']"
Glass Onion,"['cozy-mystery', 'satire-comedy', 'whodunnit-mystery']"
Clue,"['cozy-mystery', 'dark-comedy', 'parody-comedy', 'slapstick-comedy', 'whodunnit-mystery']"
Enola Holmes,"['cozy-mystery', 'teen-adventure', 'teen-drama']"
Death on the Nile,"['cozy-mystery', 'period-drama', 'police-procedural-crime', 'whodunnit-mystery', 'whodunnit-mystery']"
Enola Holmes 2,"['cozy-mystery', 'teen-adventure']"
Charade,"['cozy-mystery', 'romantic-comedy']"
Crooked House,"['cozy-mystery', 'whodunnit-mystery']"
Evil Under the Sun,"['cozy-mystery', 'whodunnit-mystery']"
Appointment with Death,"['cozy-mystery', 'whodunnit-mystery']"
The Thin Man,"['cozy-mystery', 'screwball-comedy', 'whodunnit-mystery']"
Track 29,"['cozy-mystery', 'psychological-drama']"
7 Women and a Murder,"['cozy-mystery', 'whodunnit-mystery']"
Miss Fisher & the Crypt of Tears,['cozy-mystery']
Passion of Mind,['cozy-mystery']
Murder Most Foul,['cozy-mystery']
Lady of Burlesque,['cozy-mystery']
Nancy Drew... Reporter,['cozy-mystery']
The Murderer Lives at Number 21,"['cozy-mystery', 'whodunnit-mystery']"
Beyond Suspicion,"['cozy-mystery', 'psychological-drama']"
Secret of the Blue Room,"['cozy-mystery', 'whodunnit-mystery']"
The Ghost Ship,"['cozy-mystery', 'psychological-drama', 'psychological-thriller', 'suspense-mystery', 'whodunnit-mystery', 'workplace-drama']"
The Case of the Velvet Claws,['cozy-mystery']
Fast and Loose,['cozy-mystery']
The Phantom of Crestwood,"['cozy-mystery', 'serial-killer-crime', 'suspense-mystery', 'whodunnit-mystery']"
The White Cockatoo,"['cozy-mystery', 'whodunnit-mystery']"
Seven Keys to Baldpate,['cozy-mystery']
WarGames,"['cyber-thriller', 'political-drama', 'political-thriller', 'teen-drama']"
In Time,"['cyber-thriller', 'cyberpunk-sci-fi', 'dystopian-sci-fi']"
Spiderhead,"['cyber-thriller', 'psychological-thriller']"
Terminator Genisys,"['cyber-thriller', 'cyberpunk-sci-fi', 'dystopian-sci-fi', 'time-travel-sci-fi']"
Paradise,"['cyber-thriller', 'dystopian-sci-fi']"
Strange Days,"['cyber-thriller', 'cyberpunk-sci-fi']"
Hackers,['cyber-thriller']
The 355,"['cyber-thriller', 'spy-thriller']"
Live Free or Die Hard,"['cyber-thriller', 'one-person-army-action']"
Swordfish,"['cyber-thriller', 'heist-crime']"
Eagle Eye,['cyber-thriller']
Paycheck,['cyber-thriller']
Hot Seat,['cyber-thriller']
Countdown,"['cyber-thriller', 'dark-comedy', 'political-thriller', 'space-sci-fi', 'space-sci-fi', 'space-sci-fi', 'teen-horror']"
In the Shadow of the Moon,"['cyber-thriller', 'time-travel-sci-fi']"
The Girl in the Spider's Web,['cyber-thriller']
The Thirteenth Floor,"['cyber-thriller', 'cyberpunk-sci-fi']"
Reminiscence,"['cyber-thriller', 'psychological-thriller']"
The Girl Who Played with Fire,['cyber-thriller']
Blackhat,['cyber-thriller']
Anon,"['cyber-thriller', 'cyberpunk-sci-fi']"
Unfriended: Dark Web,"['cyber-thriller', 'found-footage-horror', 'slasher-horror', 'supernatural-horror', 'teen-horror']"
Kimi,['cyber-thriller']
The Signal,"['cyber-thriller', 'dark-comedy', 'dystopian-sci-fi']"
Nerve,"['cyber-thriller', 'teen-adventure', 'teen-drama', 'urban-adventure']"
Johnny Mnemonic,"['cyber-thriller', 'cyberpunk-sci-fi']"
Child's Play,"['cyber-thriller', 'dark-comedy', 'slasher-horror', 'slasher-horror', 'supernatural-horror']"
Cam,"['cyber-thriller', 'erotic-thriller', 'psychological-thriller']"
Pulse,"['cyber-thriller', 'psychological-thriller', 'supernatural-horror', 'supernatural-horror', 'teen-horror']"
Profile,"['cyber-thriller', 'political-thriller', 'psychological-thriller', 'spy-thriller']"
The Takeover,['cyber-thriller']
WarGames: The Dead Code,['cyber-thriller']
Ghost in the Machine,"['cyber-thriller', 'dark-comedy', 'slasher-horror', 'supernatural-horror']"
Chatroom,['cyber-thriller']
Takedown,['cyber-thriller']
The Crash,['cyber-thriller']
Vice,"['cyber-thriller', 'dark-comedy', 'dark-comedy', 'political-drama', 'satire-comedy']"
Cryo,"['cyber-thriller', 'cyberpunk-sci-fi', 'suspense-mystery']"
Killer App,['cyber-thriller']
Connie Lynn,['cyber-thriller']
Depositarios,['cyber-thriller']
Citizen Erased,['cyber-thriller']
Ready Player One,"['cyberpunk-sci-fi', 'dystopian-sci-fi', 'quest-adventure', 'teen-adventure']"
Dredd,"['cyberpunk-sci-fi', 'drug-crime', 'dystopian-sci-fi', 'one-person-army-action']"
Looper,"['cyberpunk-sci-fi', 'time-travel-sci-fi']"
RoboCop,"['cyberpunk-sci-fi', 'cyberpunk-sci-fi', 'one-person-army-action', 'superhero-action', 'superhero-action']"
Total Recall,"['cyberpunk-sci-fi', 'cyberpunk-sci-fi', 'one-person-army-action', 'space-sci-fi']"
The Matrix Reloaded,"['cyberpunk-sci-fi', 'dystopian-sci-fi', 'gun-fu-action', 'martial-arts-action']"
Cloud Atlas,"['cyberpunk-sci-fi', 'dystopian-sci-fi', 'epic-sci-fi', 'psychological-drama']"
12 Monkeys,"['cyberpunk-sci-fi', 'dystopian-sci-fi', 'psychological-thriller', 'time-travel-sci-fi']"
Alita: Battle Angel,"['cyberpunk-sci-fi', 'dystopian-sci-fi', 'quest-adventure']"
The Matrix Resurrections,"['cyberpunk-sci-fi', 'martial-arts-action']"
Dark City,"['cyberpunk-sci-fi', 'film-noir']"
Elysium,"['cyberpunk-sci-fi', 'dystopian-sci-fi', 'epic-sci-fi']"
The Matrix Revolutions,"['cyberpunk-sci-fi', 'epic-sci-fi', 'gun-fu-action', 'martial-arts-action', 'superhero-action']"
Logan's Run,"['cyberpunk-sci-fi', 'dystopian-sci-fi']"
Terminator Salvation,"['cyberpunk-sci-fi', 'dystopian-sci-fi']"
RoboCop 2,"['cyberpunk-sci-fi', 'superhero-action']"
The Lawnmower Man,"['cyberpunk-sci-fi', 'tragedy-drama']"
Hardcore Henry,"['cyberpunk-sci-fi', 'dark-comedy', 'dystopian-sci-fi', 'one-person-army-action', 'urban-adventure']"
Æon Flux,"['cyberpunk-sci-fi', 'one-person-army-action', 'superhero-action']"
RoboCop 3,"['cyberpunk-sci-fi', 'superhero-action']"
Surrogates,['cyberpunk-sci-fi']
Jason X,"['cyberpunk-sci-fi', 'slasher-horror', 'space-sci-fi', 'supernatural-horror', 'teen-horror']"
Hardware,"['cyberpunk-sci-fi', 'dark-comedy']"
Chopping Mall,"['cyberpunk-sci-fi', 'dark-comedy', 'teen-horror']"
Repo Men,"['cyberpunk-sci-fi', 'dark-comedy']"
The Zero Theorem,['cyberpunk-sci-fi']
Mute,['cyberpunk-sci-fi']
Space Sweepers,"['cyberpunk-sci-fi', 'dark-comedy', 'dystopian-sci-fi', 'epic-sci-fi', 'space-sci-fi']"
Until the End of the World,"['cyberpunk-sci-fi', 'epic-drama', 'epic-sci-fi']"
Babylon A.D.,['cyberpunk-sci-fi']
Bleeding Steel,"['cyberpunk-sci-fi', 'dark-comedy']"
Metropolis,"['cyberpunk-sci-fi', 'dystopian-sci-fi', 'epic-drama', 'epic-sci-fi', 'steampunk-sci-fi', 'steampunk-sci-fi', 'tragedy-drama']"
Lawnmower Man 2: Beyond Cyberspace,['cyberpunk-sci-fi']
Cypher,['cyberpunk-sci-fi']
Ghost in the Shell 2.0,['cyberpunk-sci-fi']
Bionic,"['cyberpunk-sci-fi', 'dystopian-sci-fi']"
Matrix 5,['cyberpunk-sci-fi']
The Animatrix: The Second Renaissance Part I,['cyberpunk-sci-fi']
Genocidal Organ,['cyberpunk-sci-fi']
Psycho-Pass: The Movie,['cyberpunk-sci-fi']
Ghost in the Shell: The New Movie,['cyberpunk-sci-fi']
Wonderful Days,"['cyberpunk-sci-fi', 'dystopian-sci-fi']"
Psycho-Pass: Providence,"['cyberpunk-sci-fi', 'epic-sci-fi']"
Ghost in the Shell: Stand Alone Complex - The Laughing Man,['cyberpunk-sci-fi']
The Animatrix: The Second Renaissance Part II,['cyberpunk-sci-fi']
Ghost in the Shell: Arise - Border 1: Ghost Pain,['cyberpunk-sci-fi']
Circuitry Man,['cyberpunk-sci-fi']
Hardwired,['cyberpunk-sci-fi']
Armitage III: Poly-Matrix,['cyberpunk-sci-fi']
Megaville,"['cyberpunk-sci-fi', 'dystopian-sci-fi']"
Ghost in the Shell: Arise - Border 3: Ghost Tears,['cyberpunk-sci-fi']
Psycho-Pass: Sinners of the System Case.1 Crime and Punishment,['cyberpunk-sci-fi']
Ghost in the Shell: Arise - Border 2: Ghost Whispers,['cyberpunk-sci-fi']
Ghost in the Shell: Arise - Border 4: Ghost Stands Alone,['cyberpunk-sci-fi']
Emergence 2028,['cyberpunk-sci-fi']
Program,['cyberpunk-sci-fi']
Arcade 2135,"['cyberpunk-sci-fi', 'dystopian-sci-fi', 'teen-drama']"
Aura,['cyberpunk-sci-fi']
The Monkey,"['dark-comedy', 'splatter-horror']"
Anora,"['dark-comedy', 'raunchy-comedy', 'romantic-comedy', 'steamy-romance']"
Heart Eyes,"['dark-comedy', 'slasher-horror', 'splatter-horror', 'whodunnit-mystery']"
Death of a Unicorn,"['dark-comedy', 'monster-horror']"
Pulp Fiction,"['dark-comedy', 'drug-crime', 'gangster-crime']"
The Menu,"['dark-comedy', 'satire-comedy']"
Parasite,"['dark-comedy', 'psychological-thriller', 'tragedy-drama']"
The Banshees of Inisherin,"['dark-comedy', 'period-drama', 'psychological-drama', 'tragedy-drama']"
Poor Things,"['dark-comedy', 'steampunk-sci-fi']"
Riff Raff,['dark-comedy']
Inglourious Basterds,"['dark-comedy', 'period-drama']"
A Different Man,['dark-comedy']
The Wolf of Wall Street,"['dark-comedy', 'docudrama', 'epic-drama', 'financial-drama', 'raunchy-comedy', 'satire-comedy', 'true-crime']"
Everything Everywhere All at Once,"['dark-comedy', 'epic-adventure', 'epic-sci-fi', 'martial-arts-action']"
A Simple Favor,"['dark-comedy', 'psychological-thriller']"
Django Unchained,"['dark-comedy', 'epic-drama', 'epic-western', 'period-drama']"
Abigail,"['dark-comedy', 'monster-horror', 'splatter-horror', 'vampire-horror']"
"Three Billboards Outside Ebbing, Missouri","['dark-comedy', 'satire-comedy']"
Lolita,"['dark-comedy', 'dark-comedy', 'dark-romance', 'dark-romance', 'teen-drama', 'tragedy-drama', 'tragic-romance']"
Idiocracy,"['dark-comedy', 'dystopian-sci-fi', 'high-concept-comedy', 'satire-comedy']"
My Dead Friend Zoe,['dark-comedy']
God Bless America,"['dark-comedy', 'parody-comedy', 'satire-comedy']"
Oldboy,"['dark-comedy', 'one-person-army-action', 'psychological-drama', 'psychological-thriller']"
Beetlejuice Beetlejuice,"['dark-comedy', 'dark-fantasy', 'slapstick-comedy', 'supernatural-fantasy', 'supernatural-horror']"
Kinds of Kindness,"['dark-comedy', 'tragedy-drama']"
Midsommar,"['dark-comedy', 'folk-horror', 'psychological-drama', 'psychological-thriller']"
Triangle of Sadness,"['dark-comedy', 'satire-comedy']"
American Psycho,"['dark-comedy', 'psychological-drama', 'serial-killer-crime', 'slasher-horror', 'workplace-drama']"
The Shining,"['dark-comedy', 'psychological-drama', 'supernatural-horror']"
It's What's Inside,['dark-comedy']
Don't Look Up,"['dark-comedy', 'satire-comedy', 'tragedy-drama']"
Renfield,"['dark-comedy', 'splatter-horror', 'vampire-horror']"
"The Good, the Bad and the Ugly","['dark-comedy', 'desert-adventure', 'epic-adventure', 'epic-drama', 'epic-western', 'period-drama', 'quest-adventure']"
Get Out,"['dark-comedy', 'psychological-thriller', 'supernatural-horror', 'suspense-mystery']"
Saltburn,"['dark-comedy', 'psychological-drama', 'psychological-thriller']"
Psycho,"['dark-comedy', 'psychological-thriller', 'slasher-horror', 'slasher-horror', 'suspense-mystery']"
From Dusk Till Dawn,"['dark-comedy', 'splatter-horror', 'supernatural-horror', 'vampire-horror']"
Secretary,"['dark-comedy', 'romantic-comedy', 'steamy-romance', 'workplace-drama']"
Airplane!,"['dark-comedy', 'farce-comedy', 'parody-comedy', 'satire-comedy', 'slapstick-comedy']"
Once Upon a Time in America,"['dark-comedy', 'epic-drama', 'gangster-crime', 'period-drama']"
The Truman Show,"['dark-comedy', 'high-concept-comedy', 'psychological-drama', 'satire-comedy', 'showbiz-drama']"
Beau Is Afraid,"['dark-comedy', 'psychological-drama', 'quest-adventure', 'tragedy-drama']"
A Clockwork Orange,"['dark-comedy', 'dystopian-sci-fi']"
The Dead Don't Die,"['dark-comedy', 'satire-comedy', 'zombie-horror']"
Full Metal Jacket,"['dark-comedy', 'period-drama']"
Suicide Squad,"['dark-comedy', 'superhero-action']"
Beetlejuice,"['dark-comedy', 'dark-fantasy', 'quirky-comedy', 'slapstick-comedy', 'supernatural-fantasy']"
Trainspotting,"['dark-comedy', 'psychological-drama']"
Scream,"['dark-comedy', 'slasher-horror', 'slasher-horror', 'slasher-horror', 'supernatural-horror', 'suspense-mystery', 'suspense-mystery', 'teen-horror', 'whodunnit-mystery', 'whodunnit-mystery', 'whodunnit-mystery']"
Kneecap,"['dark-comedy', 'docudrama']"
Ready or Not,"['dark-comedy', 'splatter-horror']"
Network,"['dark-comedy', 'workplace-drama']"
Deadpool,"['dark-comedy', 'gun-fu-action', 'raunchy-comedy', 'superhero-action']"
The Big Short,"['dark-comedy', 'docudrama', 'financial-drama', 'satire-comedy', 'workplace-drama']"
The Hunt,"['dark-comedy', 'psychological-drama', 'slasher-horror', 'tragedy-drama']"
Wild at Heart,"['dark-comedy', 'road-trip-adventure']"
The Lobster,"['dark-comedy', 'dark-romance', 'dystopian-sci-fi']"
Get Shorty,"['dark-comedy', 'satire-comedy']"
The Suicide Squad,"['dark-comedy', 'gun-fu-action', 'superhero-action']"
Charlie and the Chocolate Factory,"['dark-comedy', 'supernatural-fantasy', 'teen-fantasy']"
In Bruges,['dark-comedy']
American Fiction,"['dark-comedy', 'high-concept-comedy', 'satire-comedy']"
Jennifer's Body,"['dark-comedy', 'satire-comedy', 'supernatural-horror', 'teen-horror']"
The Boondock Saints,['dark-comedy']
Dream Scenario,"['dark-comedy', 'high-concept-comedy']"
Kick-Ass,"['dark-comedy', 'superhero-action', 'superhero-action', 'teen-comedy']"
Your Monster,"['dark-comedy', 'dark-romance', 'romantic-comedy']"
Deadpool 2,"['dark-comedy', 'gun-fu-action', 'raunchy-comedy', 'superhero-action', 'time-travel-sci-fi']"
Dog Day Afternoon,"['dark-comedy', 'heist-crime', 'true-crime']"
Uncommon Valor,['dark-comedy']
Dr. Strangelove or: How I Learned to Stop Worrying and Love the Bomb,"['dark-comedy', 'farce-comedy', 'political-drama', 'satire-comedy', 'tragedy-drama']"
Con Air,['dark-comedy']
Brazil,"['dark-comedy', 'dystopian-sci-fi', 'epic-sci-fi', 'steampunk-sci-fi']"
Us,"['dark-comedy', 'teen-horror']"
Take Me Home Tonight,"['dark-comedy', 'romantic-comedy']"
The Death of Stalin,"['dark-comedy', 'period-drama', 'satire-comedy']"
Heavyweights,['dark-comedy']
Border,['dark-comedy']
Buffy the Vampire Slayer,"['dark-comedy', 'satire-comedy', 'vampire-horror']"
Four Weddings and a Funeral,"['dark-comedy', 'romantic-comedy', 'satire-comedy']"
Fear and Loathing in Las Vegas,"['dark-comedy', 'desert-adventure', 'psychological-drama', 'road-trip-adventure', 'stoner-comedy', 'urban-adventure']"
Birdman or (The Unexpected Virtue of Ignorance),"['dark-comedy', 'satire-comedy', 'showbiz-drama', 'workplace-drama']"
Cocaine Bear,"['dark-comedy', 'true-crime']"
May December,"['dark-comedy', 'psychological-drama']"
The Rocky Horror Picture Show,"['dark-comedy', 'parody-comedy', 'raunchy-comedy', 'rock-musical', 'supernatural-horror']"
Get Away,['dark-comedy']
RED,['dark-comedy']
Wicked Little Letters,['dark-comedy']
Villains,"['dark-comedy', 'psychological-thriller']"
War Dogs,"['dark-comedy', 'true-crime']"
"Me, Myself & Irene","['dark-comedy', 'slapstick-comedy']"
Do the Right Thing,"['dark-comedy', 'tragedy-drama']"
Zombieland: Double Tap,"['dark-comedy', 'zombie-horror']"
Game Night,"['dark-comedy', 'high-concept-comedy', 'urban-adventure']"
I Am Wrath,"['dark-comedy', 'one-person-army-action']"
Planet Terror,"['dark-comedy', 'splatter-horror', 'zombie-horror']"
What We Do in the Shadows,"['dark-comedy', 'mockumentary-comedy', 'satire-comedy', 'supernatural-horror', 'vampire-horror']"
This Is the End,"['dark-comedy', 'dark-fantasy', 'high-concept-comedy', 'satire-comedy']"
Sister Act 2: Back in the Habit,['dark-comedy']
Sunset Boulevard,"['dark-comedy', 'film-noir', 'psychological-drama', 'showbiz-drama', 'tragedy-drama']"
Brothers,"['dark-comedy', 'prison-drama']"
M*A*S*H,"['dark-comedy', 'satire-comedy']"
Gremlins,"['dark-comedy', 'dark-fantasy', 'holiday-comedy', 'holiday-season', 'monster-horror', 'quirky-comedy', 'supernatural-fantasy', 'supernatural-horror']"
King of New York,"['dark-comedy', 'gangster-crime']"
Sister Act,['dark-comedy']
Heathers,"['dark-comedy', 'satire-comedy', 'serial-killer-crime', 'teen-drama']"
A Series of Unfortunate Events,"['dark-comedy', 'epic-fantasy', 'psychological-drama', 'quirky-comedy']"
Nothing But Trouble,"['dark-comedy', 'high-concept-comedy']"
The Visit,"['dark-comedy', 'found-footage-horror']"
"I, Tonya","['dark-comedy', 'docudrama', 'period-drama']"
After Hours,"['dark-comedy', 'screwball-comedy']"
Horrible Bosses,['dark-comedy']
The Little Hours,"['dark-comedy', 'parody-comedy']"
Gosford Park,"['dark-comedy', 'whodunnit-mystery']"
Kingpin,['dark-comedy']
Gummo,['dark-comedy']
Punch-Drunk Love,"['dark-comedy', 'romantic-comedy']"
Borat,"['dark-comedy', 'mockumentary-comedy', 'satire-comedy']"
Buffalo '66,['dark-comedy']
Bottoms,"['dark-comedy', 'high-concept-comedy', 'raunchy-comedy', 'satire-comedy', 'teen-comedy']"
Dogma,"['dark-comedy', 'satire-comedy']"
Supervixens,['dark-comedy']
Dragged Across Concrete,"['dark-comedy', 'heist-crime', 'police-procedural-crime']"
Pink Flamingos,"['dark-comedy', 'raunchy-comedy']"
Bad Teacher,"['dark-comedy', 'farce-comedy', 'raunchy-comedy']"
Little Shop of Horrors,"['dark-comedy', 'farce-comedy', 'monster-horror', 'pop-musical', 'rock-musical', 'supernatural-horror', 'tragedy-drama']"
Adaptation.,"['dark-comedy', 'high-concept-comedy', 'psychological-drama', 'satire-comedy', 'showbiz-drama']"
Grosse Pointe Blank,"['dark-comedy', 'satire-comedy']"
A Simple Plan,['dark-comedy']
Bodies Bodies Bodies,"['dark-comedy', 'teen-horror']"
Warm Bodies,"['dark-comedy', 'romantic-comedy', 'teen-horror', 'zombie-horror']"
I Care a Lot,['dark-comedy']
Boss Level,"['dark-comedy', 'one-person-army-action', 'time-travel-sci-fi']"
To Die For,"['dark-comedy', 'satire-comedy']"
Lars and the Real Girl,"['dark-comedy', 'dark-romance']"
The Babysitter,"['dark-comedy', 'slasher-horror', 'teen-horror']"
Drop Dead Gorgeous,"['dark-comedy', 'mockumentary-comedy', 'quirky-comedy', 'satire-comedy', 'satire-comedy']"
Lisa Frankenstein,"['dark-comedy', 'dark-romance']"
Jolt,"['dark-comedy', 'one-person-army-action']"
Wild Tales,['dark-comedy']
How I Live Now,['dark-comedy']
The Dressmaker,"['dark-comedy', 'period-drama']"
Violent Night,"['dark-comedy', 'holiday-comedy', 'holiday-season', 'one-person-army-action']"
Birds of Prey and the Fantabulous Emancipation of One Harley Quinn,"['dark-comedy', 'superhero-action']"
Die Hard with a Vengeance,"['dark-comedy', 'one-person-army-action', 'urban-adventure']"
Scream 4,"['dark-comedy', 'slasher-horror', 'suspense-mystery', 'teen-horror', 'whodunnit-mystery']"
Scream 2,"['dark-comedy', 'slasher-horror', 'suspense-mystery', 'teen-horror', 'whodunnit-mystery']"
"The Adventures of Priscilla, Queen of the Desert","['dark-comedy', 'road-trip-adventure']"
RocknRolla,"['dark-comedy', 'gangster-crime']"
Better Off Dead,"['dark-comedy', 'teen-comedy', 'teen-drama']"
Mini's First Time,['dark-comedy']
Team America: World Police,"['dark-comedy', 'parody-comedy', 'satire-comedy']"
Get Smart,"['dark-comedy', 'parody-comedy', 'satire-comedy']"
Young Guns II,['dark-comedy']
Crank,"['dark-comedy', 'one-person-army-action']"
Monty Python's Life of Brian,"['dark-comedy', 'parody-comedy', 'satire-comedy']"
Tammy and the T-Rex,"['dark-comedy', 'parody-comedy', 'teen-comedy']"
The Dirt,"['dark-comedy', 'docudrama']"
Small Soldiers,"['dark-comedy', 'high-concept-comedy', 'urban-adventure']"
"Sex, Lies, and Videotape",['dark-comedy']
Guns Akimbo,['dark-comedy']
The Return of the Living Dead,"['dark-comedy', 'parody-comedy', 'supernatural-horror', 'teen-comedy', 'teen-horror', 'zombie-horror']"
A Nightmare on Elm Street 3: Dream Warriors,"['dark-comedy', 'dark-fantasy', 'slasher-horror', 'supernatural-fantasy', 'supernatural-horror', 'teen-fantasy', 'teen-horror']"
Grindhouse,"['dark-comedy', 'zombie-horror']"
Payback,"['dark-comedy', 'erotic-thriller']"
Una Novia Sin Igual,"['dark-comedy', 'romantic-comedy']"
Weekend at Bernie's,"['dark-comedy', 'high-concept-comedy', 'slapstick-comedy']"
La Cocina,"['dark-comedy', 'psychological-drama']"
Cold Pursuit,"['dark-comedy', 'drug-crime']"
Happy Death Day,"['dark-comedy', 'slasher-horror', 'teen-horror']"
Freddy vs. Jason,"['dark-comedy', 'one-person-army-action', 'slasher-horror', 'splatter-horror', 'supernatural-horror', 'teen-horror']"
High-Rise,['dark-comedy']
Romance,['dark-comedy']
G.I. Jane,['dark-comedy']
Army of Darkness,"['dark-comedy', 'farce-comedy', 'quest-adventure', 'slapstick-comedy', 'supernatural-horror', 'zombie-horror']"
Addams Family Values,"['dark-comedy', 'satire-comedy', 'supernatural-fantasy']"
Rumours,"['dark-comedy', 'political-drama', 'satire-comedy', 'zombie-horror']"
You People,['dark-comedy']
Machete,"['dark-comedy', 'superhero-action']"
Happiness,"['dark-comedy', 'psychological-drama', 'satire-comedy']"
Sorry to Bother You,"['dark-comedy', 'satire-comedy', 'workplace-drama']"
Postal,"['dark-comedy', 'satire-comedy']"
Barton Fink,"['dark-comedy', 'farce-comedy', 'period-drama', 'psychological-drama', 'psychological-thriller', 'satire-comedy', 'showbiz-drama']"
Burn After Reading,"['dark-comedy', 'farce-comedy', 'satire-comedy']"
Blood Simple,['dark-comedy']
The Love Witch,"['dark-comedy', 'supernatural-horror']"
Miracle Mile,"['dark-comedy', 'tragedy-drama']"
Severance,"['dark-comedy', 'slasher-horror']"
The Lair of the White Worm,['dark-comedy']
The Life Aquatic with Steve Zissou,"['dark-comedy', 'quirky-comedy']"
The Aeronauts,"['dark-comedy', 'period-drama']"
The Cable Guy,"['dark-comedy', 'psychological-drama', 'psychological-thriller', 'satire-comedy', 'tragedy-drama']"
Gamer,"['dark-comedy', 'psychological-thriller']"
Naked Lunch,['dark-comedy']
Breaking News in Yuba County,['dark-comedy']
Don't Tell Mom the Babysitter's Dead,['dark-comedy']
Cronos,"['dark-comedy', 'dark-fantasy', 'folk-horror', 'monster-horror', 'supernatural-fantasy', 'supernatural-horror', 'vampire-horror']"
White Noise,"['dark-comedy', 'satire-comedy', 'supernatural-horror']"
Menace II Society,"['dark-comedy', 'teen-drama']"
The Long Kiss Goodnight,"['dark-comedy', 'holiday-season', 'one-person-army-action']"
Silent Running,"['dark-comedy', 'dystopian-sci-fi', 'space-sci-fi']"
Choke,['dark-comedy']
The King of Comedy,"['dark-comedy', 'psychological-drama', 'psychological-thriller', 'satire-comedy']"
Death at a Funeral,"['dark-comedy', 'dark-comedy', 'screwball-comedy', 'slapstick-comedy']"
Midnight Express,"['dark-comedy', 'prison-drama']"
"The Cook, the Thief, His Wife & Her Lover",['dark-comedy']
Happiest Season,"['dark-comedy', 'holiday-comedy', 'holiday-romance', 'holiday-season', 'romantic-comedy']"
Smokin' Aces,['dark-comedy']
"South Park: Bigger, Longer & Uncut","['dark-comedy', 'dark-fantasy', 'farce-comedy', 'mountain-adventure', 'parody-comedy', 'quest-adventure', 'raunchy-comedy', 'satire-comedy']"
You Hurt My Feelings,"['dark-comedy', 'romantic-comedy', 'satire-comedy']"
Inside Llewyn Davis,"['dark-comedy', 'period-drama', 'showbiz-drama', 'tragedy-drama']"
Zombeavers,"['dark-comedy', 'zombie-horror']"
Swingers,['dark-comedy']
Killer Joe,['dark-comedy']
Do Revenge,"['dark-comedy', 'teen-comedy']"
RED 2,['dark-comedy']
The 'Burbs,['dark-comedy']
Seventh Son,"['dark-comedy', 'dark-fantasy']"
Sexy Beast,"['dark-comedy', 'heist-crime']"
Maximum Overdrive,"['dark-comedy', 'supernatural-horror']"
Gunpowder Milkshake,"['dark-comedy', 'one-person-army-action']"
Evil Dead II,"['dark-comedy', 'farce-comedy', 'slapstick-comedy', 'splatter-horror', 'supernatural-horror', 'zombie-horror']"
The Family,"['dark-comedy', 'farce-comedy']"
The Voices,"['dark-comedy', 'serial-killer-crime', 'slasher-horror', 'tragedy-drama']"
The Hangover Part III,"['dark-comedy', 'raunchy-comedy']"
T2 Trainspotting,['dark-comedy']
The Disaster Artist,"['dark-comedy', 'docudrama', 'period-drama', 'showbiz-drama']"
Filth,"['dark-comedy', 'police-procedural-crime']"
Willy's Wonderland,"['dark-comedy', 'splatter-horror', 'supernatural-horror']"
Rent,"['dark-comedy', 'rock-musical']"
Just Like Heaven,"['dark-comedy', 'romantic-comedy']"
"Synecdoche, New York",['dark-comedy']
All That Jazz,"['dark-comedy', 'showbiz-drama', 'tragedy-drama']"
The Good Girl,['dark-comedy']
Very Bad Things,['dark-comedy']
A Boy and His Dog,"['dark-comedy', 'dystopian-sci-fi', 'satire-comedy']"
The Core,"['dark-comedy', 'disaster-action', 'epic-sci-fi']"
Tie Me Up! Tie Me Down!,['dark-comedy']
Interstate 60,"['dark-comedy', 'road-trip-adventure']"
The World According to Garp,['dark-comedy']
The Fisher King,['dark-comedy']
Drive Angry,['dark-comedy']
Heavy Metal,"['dark-comedy', 'dark-fantasy']"
Baby Doll,"['dark-comedy', 'satire-comedy']"
Any Given Sunday,['dark-comedy']
The Last Seduction,"['dark-comedy', 'erotic-thriller', 'steamy-romance']"
Pride and Prejudice and Zombies,"['dark-comedy', 'zombie-horror']"
Dawn of the Dead,"['dark-comedy', 'supernatural-horror', 'supernatural-horror', 'survival-adventure', 'survival-adventure', 'zombie-horror', 'zombie-horror']"
Texas Chainsaw Massacre: The Next Generation,"['dark-comedy', 'satire-comedy', 'slasher-horror']"
Naked Gun 33 1/3: The Final Insult,"['dark-comedy', 'parody-comedy', 'slapstick-comedy']"
Jawbreaker,"['dark-comedy', 'satire-comedy', 'teen-comedy']"
Odd Thomas,['dark-comedy']
Leprechaun,"['dark-comedy', 'satire-comedy']"
The To Do List,"['dark-comedy', 'raunchy-comedy', 'romantic-comedy']"
The Celebration,['dark-comedy']
Ed Wood,"['dark-comedy', 'docudrama', 'period-drama', 'quirky-comedy', 'showbiz-drama']"
Kate,"['dark-comedy', 'gun-fu-action', 'one-person-army-action', 'urban-adventure']"
Sugar & Spice,"['dark-comedy', 'teen-comedy']"
Something Wild,['dark-comedy']
Run Lola Run,['dark-comedy']
Four Rooms,"['dark-comedy', 'satire-comedy']"
Four Lions,"['dark-comedy', 'satire-comedy']"
A Scanner Darkly,['dark-comedy']
Tank Girl,"['dark-comedy', 'dystopian-sci-fi', 'parody-comedy', 'superhero-action']"
Goon,['dark-comedy']
Airplane II: The Sequel,"['dark-comedy', 'farce-comedy', 'parody-comedy', 'slapstick-comedy']"
Thank You for Smoking,"['dark-comedy', 'satire-comedy']"
Universal Soldier,['dark-comedy']
The Whole Nine Yards,['dark-comedy']
Company Business,"['dark-comedy', 'spy-thriller']"
The Babysitter: Killer Queen,"['dark-comedy', 'teen-horror']"
Attack of the Killer Tomatoes!,"['dark-comedy', 'parody-comedy', 'satire-comedy']"
The Rules of Attraction,['dark-comedy']
Super,"['dark-comedy', 'high-concept-comedy', 'raunchy-comedy', 'superhero-action']"
Suburbicon,"['dark-comedy', 'satire-comedy']"
The Rundown,['dark-comedy']
Drugstore Cowboy,"['dark-comedy', 'drug-crime']"
The People Under the Stairs,"['dark-comedy', 'satire-comedy']"
Lords of Chaos,['dark-comedy']
Black Snake Moan,['dark-comedy']
The Frighteners,"['dark-comedy', 'dark-fantasy', 'high-concept-comedy', 'quirky-comedy', 'supernatural-fantasy', 'supernatural-horror']"
"Good Morning, Vietnam","['dark-comedy', 'period-drama']"
Once Upon a Time in Mexico,"['dark-comedy', 'gun-fu-action']"
Fun with Dick and Jane,"['dark-comedy', 'satire-comedy', 'slapstick-comedy']"
A Serious Man,"['dark-comedy', 'period-drama', 'psychological-drama', 'quirky-comedy', 'tragedy-drama']"
London Fields,['dark-comedy']
Wild Card,"['dark-comedy', 'one-person-army-action']"
Juice,['dark-comedy']
Critters,"['dark-comedy', 'monster-horror', 'satire-comedy']"
Spun,['dark-comedy']
Election,"['dark-comedy', 'political-drama', 'satire-comedy', 'teen-comedy']"
The Bucket List,"['dark-comedy', 'road-trip-adventure']"
The Devils,"['dark-comedy', 'period-drama']"
The Losers,"['dark-comedy', 'urban-adventure']"
Force Majeure,"['dark-comedy', 'psychological-drama']"
The Adventures of Baron Munchausen,"['dark-comedy', 'epic-adventure', 'globetrotting-adventure', 'quest-adventure']"
SLC Punk!,['dark-comedy']
Confessions of a Dangerous Mind,"['dark-comedy', 'true-crime']"
The Texas Chainsaw Massacre 2,"['dark-comedy', 'slasher-horror']"
Reindeer Games,"['dark-comedy', 'holiday-season']"
Your Highness,"['dark-comedy', 'farce-comedy', 'parody-comedy', 'satire-comedy', 'stoner-comedy', 'sword-and-sorcery-fantasy']"
The Witches of Eastwick,"['dark-comedy', 'witch-horror']"
Short Cuts,"['dark-comedy', 'satire-comedy', 'tragedy-drama']"
Heartbreak Ridge,['dark-comedy']
Dear Santa,"['dark-comedy', 'dark-fantasy', 'high-concept-comedy', 'holiday-comedy', 'holiday-season']"
High Plains Drifter,"['dark-comedy', 'period-drama', 'psychological-drama']"
Entourage,"['dark-comedy', 'showbiz-drama']"
Three Kings,"['dark-comedy', 'desert-adventure', 'satire-comedy']"
Thirst,"['dark-comedy', 'dark-fantasy', 'dark-romance', 'supernatural-horror', 'vampire-horror']"
Sliding Doors,"['dark-comedy', 'romantic-comedy']"
3 Days to Kill,"['dark-comedy', 'spy-thriller']"
The Belko Experiment,['dark-comedy']
Married to the Mob,['dark-comedy']
Blood Father,['dark-comedy']
Crank: High Voltage,"['dark-comedy', 'one-person-army-action']"
Machete Kills,"['dark-comedy', 'parody-comedy']"
Creepshow,"['dark-comedy', 'tragedy-drama']"
The Simpsons Movie,"['dark-comedy', 'quest-adventure', 'satire-comedy']"
History of the World: Part I,"['dark-comedy', 'parody-comedy', 'slapstick-comedy']"
2 Days in the Valley,"['dark-comedy', 'parody-comedy']"
The Brothers Grimm,"['dark-comedy', 'dark-fantasy', 'fairy-tale-fantasy']"
Ketchup on Waffles,['dark-comedy']
Go,['dark-comedy']
Starman,"['dark-comedy', 'space-sci-fi']"
Lady Vengeance,['dark-comedy']
Spontaneous,"['dark-comedy', 'romantic-comedy', 'teen-horror', 'teen-romance']"
Horns,"['dark-comedy', 'dark-fantasy']"
Americana,['dark-comedy']
Hard Target,"['dark-comedy', 'gun-fu-action']"
The People vs. Larry Flynt,"['dark-comedy', 'legal-drama', 'political-drama', 'showbiz-drama']"
Bernie,"['dark-comedy', 'docudrama', 'true-crime']"
Repo Man,['dark-comedy']
The Purge: Election Year,['dark-comedy']
Arachnophobia,['dark-comedy']
The Crow: City of Angels,"['dark-comedy', 'superhero-action']"
Pretty Poison,['dark-comedy']
Valentine,"['dark-comedy', 'slasher-horror', 'superhero-action']"
The Tenant,"['dark-comedy', 'psychological-thriller']"
Big Trouble,"['dark-comedy', 'parody-comedy', 'parody-comedy']"
Exit to Eden,['dark-comedy']
They Cloned Tyrone,"['dark-comedy', 'satire-comedy']"
Colossal,"['dark-comedy', 'giant-monster-sci-fi']"
Repo! The Genetic Opera,"['dark-comedy', 'rock-musical', 'steampunk-sci-fi']"
Tragedy Girls,"['dark-comedy', 'serial-killer-crime', 'slasher-horror']"
Shoot 'Em Up,"['dark-comedy', 'gun-fu-action']"
Women in Love,"['dark-comedy', 'period-drama']"
Drop Dead Fred,"['dark-comedy', 'slapstick-comedy']"
Killing Them Softly,['dark-comedy']
Airport,"['dark-comedy', 'disaster-action']"
Nowhere Boy,"['dark-comedy', 'docudrama', 'period-drama']"
Kalifornia,"['dark-comedy', 'road-trip-adventure', 'serial-killer-crime']"
Wag the Dog,"['dark-comedy', 'satire-comedy']"
Phantom of the Paradise,['dark-comedy']
Under Siege 2: Dark Territory,"['dark-comedy', 'one-person-army-action']"
Ravenous,"['dark-comedy', 'splatter-horror', 'zombie-horror']"
Carnal Knowledge,['dark-comedy']
The City of Lost Children,"['dark-comedy', 'dark-fantasy', 'dystopian-sci-fi', 'steampunk-sci-fi']"
The Doom Generation,"['dark-comedy', 'satire-comedy', 'teen-comedy', 'teen-drama']"
Catch-22,"['dark-comedy', 'satire-comedy']"
Bad Santa,"['dark-comedy', 'holiday-comedy', 'holiday-season']"
Monty Python's the Meaning of Life,"['dark-comedy', 'parody-comedy', 'satire-comedy']"
About Schmidt,"['dark-comedy', 'road-trip-adventure']"
Vengeance,"['dark-comedy', 'spaghetti-western', 'spaghetti-western', 'suspense-mystery']"
Animal Kingdom,"['dark-comedy', 'tragedy-drama', 'true-crime']"
Dirty Work,"['dark-comedy', 'slapstick-comedy']"
Nowhere,"['dark-comedy', 'survival-adventure']"
The Long Good Friday,['dark-comedy']
Highlander II: The Quickening,"['dark-comedy', 'swashbuckler-adventure']"
Hot Pursuit,['dark-comedy']
Vixen!,['dark-comedy']
Out for Justice,"['dark-comedy', 'one-person-army-action']"
Feast,"['dark-comedy', 'monster-horror']"
Land of the Dead,"['dark-comedy', 'zombie-horror']"
"LaRoy, Texas",['dark-comedy']
Harlem Nights,"['dark-comedy', 'period-drama', 'slapstick-comedy']"
Delicatessen,"['dark-comedy', 'satire-comedy']"
Trick 'r Treat,"['dark-comedy', 'monster-horror', 'slasher-horror', 'supernatural-horror']"
Night of the Demons,"['dark-comedy', 'dark-comedy', 'supernatural-horror', 'supernatural-horror', 'teen-horror', 'teen-horror']"
Freeway,['dark-comedy']
The Benchwarmers,"['dark-comedy', 'slapstick-comedy']"
Friday the 13th: The Final Chapter,"['dark-comedy', 'slasher-horror', 'splatter-horror', 'survival-adventure', 'teen-horror']"
Henry: Portrait of a Serial Killer,"['dark-comedy', 'serial-killer-crime', 'slasher-horror', 'true-crime']"
Romeo Must Die,"['dark-comedy', 'gun-fu-action', 'martial-arts-action']"
This Must Be the Place,"['dark-comedy', 'road-trip-adventure']"
The Prophecy,"['dark-comedy', 'dark-fantasy', 'supernatural-horror']"
Diary of a Mad Black Woman,"['dark-comedy', 'romantic-comedy']"
Bugsy,"['dark-comedy', 'true-crime']"
30 Minutes or Less,['dark-comedy']
"No Retreat, No Surrender","['dark-comedy', 'martial-arts-action']"
Darkman,"['dark-comedy', 'superhero-action', 'superhero-action']"
The Hidden,['dark-comedy']
Beerfest,"['dark-comedy', 'parody-comedy', 'satire-comedy']"
Convoy,['dark-comedy']
Problem Child,"['dark-comedy', 'slapstick-comedy']"
The Double,['dark-comedy']
Coup de Chance,['dark-comedy']
The Ice Pirates,"['dark-comedy', 'parody-comedy', 'slapstick-comedy', 'space-sci-fi']"
Bride of Chucky,"['dark-comedy', 'slasher-horror', 'supernatural-horror', 'teen-horror']"
Bad Lieutenant: Port of Call New Orleans,['dark-comedy']
The Wicker Man,"['dark-comedy', 'folk-horror', 'folk-horror', 'supernatural-horror']"
Fatman,"['dark-comedy', 'holiday-comedy', 'holiday-season']"
Greta,['dark-comedy']
Star Trek IV: The Voyage Home,"['dark-comedy', 'space-sci-fi', 'time-travel-sci-fi']"
The War of the Roses,"['dark-comedy', 'satire-comedy', 'screwball-comedy', 'tragedy-drama', 'tragic-romance']"
Nebraska,"['dark-comedy', 'road-trip-adventure']"
Stand Up Guys,['dark-comedy']
She-Devil,"['dark-comedy', 'satire-comedy']"
The Guns of Navarone,"['dark-comedy', 'epic-war']"
The Two Jakes,['dark-comedy']
Rubber,"['dark-comedy', 'parody-comedy']"
Enemy Mine,['dark-comedy']
White Coats,['dark-comedy']
Billy Lynn's Long Halftime Walk,['dark-comedy']
Creepshow 2,['dark-comedy']
White Fang,['dark-comedy']
Southland Tales,"['dark-comedy', 'satire-comedy']"
Night of the Comet,"['dark-comedy', 'parody-comedy', 'satire-comedy']"
Free Fire,['dark-comedy']
Miami Blues,['dark-comedy']
Coonskin,"['dark-comedy', 'parody-comedy', 'satire-comedy']"
Volver,"['dark-comedy', 'farce-comedy', 'tragedy-drama']"
Help!,"['dark-comedy', 'jukebox-musical', 'rock-musical']"
Red Planet,['dark-comedy']
To Have and Have Not,"['dark-comedy', 'film-noir']"
Reign Over Me,['dark-comedy']
Elizabethtown,"['dark-comedy', 'romantic-comedy']"
Broken Flowers,"['dark-comedy', 'road-trip-adventure']"
Set It Off,"['dark-comedy', 'heist-crime']"
Highway to Hell,"['dark-comedy', 'satire-comedy']"
Bewitched,"['dark-comedy', 'film-noir', 'satire-comedy']"
Breach,"['dark-comedy', 'dystopian-sci-fi', 'monster-horror', 'political-thriller', 'space-sci-fi', 'spy-thriller', 'true-crime']"
Memphis Belle,['dark-comedy']
Three O'Clock High,['dark-comedy']
Jackass: The Movie,['dark-comedy']
Live by Night,"['dark-comedy', 'gangster-crime']"
Man on a Ledge,['dark-comedy']
Ingrid Goes West,['dark-comedy']
The Boondock Saints II: All Saints Day,['dark-comedy']
Studio 666,['dark-comedy']
U Turn,"['dark-comedy', 'psychological-thriller']"
Hotel Artemis,['dark-comedy']
10 to Midnight,"['dark-comedy', 'serial-killer-crime']"
The Dead Pool,"['dark-comedy', 'police-procedural-crime', 'serial-killer-crime']"
Seed of Chucky,"['dark-comedy', 'slasher-horror', 'supernatural-horror']"
Altitude,['dark-comedy']
Rogue,"['dark-comedy', 'psychological-thriller']"
Shallow Grave,['dark-comedy']
Interceptor,['dark-comedy']
Serial Mom,"['dark-comedy', 'parody-comedy', 'satire-comedy', 'serial-killer-crime', 'slapstick-comedy']"
Above the Law,"['dark-comedy', 'martial-arts-action', 'one-person-army-action', 'police-procedural-crime']"
Honest Thief,"['dark-comedy', 'one-person-army-action']"
I Don't Feel at Home in This World Anymore,['dark-comedy']
Skylines,"['dark-comedy', 'dystopian-sci-fi']"
Spirited,"['dark-comedy', 'dark-fantasy', 'fairy-tale-fantasy', 'holiday-comedy', 'holiday-family', 'holiday-season', 'pop-musical']"
Awake,"['dark-comedy', 'dystopian-sci-fi', 'medical-drama', 'psychological-drama', 'psychological-thriller', 'psychological-thriller']"
Raw Deal,"['dark-comedy', 'film-noir', 'gangster-crime']"
Night on Earth,"['dark-comedy', 'quirky-comedy']"
How to Murder Your Wife,"['dark-comedy', 'farce-comedy']"
Sorority Row,"['dark-comedy', 'slasher-horror']"
Self/less,['dark-comedy']
Novocaine,"['dark-comedy', 'one-person-army-action', 'superhero-action']"
Airplane Mode,"['dark-comedy', 'slapstick-comedy']"
American Ultra,"['dark-comedy', 'satire-comedy', 'stoner-comedy']"
Frenzy,"['dark-comedy', 'psychological-thriller']"
The Crow: Salvation,"['dark-comedy', 'superhero-action']"
The Package,"['dark-comedy', 'dark-comedy', 'political-thriller', 'spy-thriller', 'teen-comedy']"
Thursday,['dark-comedy']
Earthquake,"['dark-comedy', 'disaster-action']"
Scrooged,"['dark-comedy', 'dark-fantasy', 'holiday-comedy', 'holiday-romance', 'holiday-season', 'supernatural-fantasy']"
Assassination Nation,"['dark-comedy', 'teen-horror']"
Wild Target,"['dark-comedy', 'farce-comedy', 'gangster-crime', 'screwball-comedy']"
My Stepmother Is an Alien,['dark-comedy']
Chopper,"['dark-comedy', 'true-crime']"
Cemetery Man,"['dark-comedy', 'parody-comedy', 'zombie-horror']"
The Men Who Stare at Goats,"['dark-comedy', 'satire-comedy']"
The Big Wedding,"['dark-comedy', 'farce-comedy']"
Back to Reality,['dark-comedy']
Memories,"['dark-comedy', 'space-sci-fi']"
The Conference,"['dark-comedy', 'slasher-horror']"
What a Way to Go!,"['dark-comedy', 'romantic-comedy', 'satire-comedy']"
Monkeybone,['dark-comedy']
The Ninth Configuration,['dark-comedy']
Wristcutters: A Love Story,['dark-comedy']
Unlawful Entry,"['dark-comedy', 'psychological-thriller']"
The Wolf of Snow Hollow,"['dark-comedy', 'satire-comedy', 'werewolf-horror', 'whodunnit-mystery']"
The Man Who Knew Too Little,"['dark-comedy', 'farce-comedy']"
Boys on the Side,"['dark-comedy', 'road-trip-adventure']"
Police Story,"['dark-comedy', 'martial-arts-action', 'slapstick-comedy']"
The Bonfire of the Vanities,"['dark-comedy', 'satire-comedy']"
Malibu Express,['dark-comedy']
Used Cars,"['dark-comedy', 'satire-comedy']"
American Psycho II: All American Girl,"['dark-comedy', 'slasher-horror']"
Am I Racist?,"['dark-comedy', 'satire-comedy']"
The Fearless Vampire Killers,"['dark-comedy', 'parody-comedy', 'survival-adventure', 'vampire-horror']"
Friday the 13th Part VI: Jason Lives,"['dark-comedy', 'slasher-horror', 'splatter-horror', 'supernatural-horror', 'teen-horror', 'zombie-horror']"
Better Watch Out,"['dark-comedy', 'teen-horror']"
P2,"['dark-comedy', 'psychological-thriller']"
Cousin Bette,"['dark-comedy', 'period-drama', 'satire-comedy']"
The Stuff,['dark-comedy']
Waking Ned Devine,"['dark-comedy', 'farce-comedy', 'high-concept-comedy', 'quirky-comedy']"
What?,['dark-comedy']
North,"['dark-comedy', 'globetrotting-adventure', 'satire-comedy']"
W.,"['dark-comedy', 'docudrama', 'political-drama', 'satire-comedy']"
Bo Burnham: Inside,"['dark-comedy', 'psychological-drama', 'satire-comedy']"
Romance & Cigarettes,"['dark-comedy', 'parody-comedy']"
Evil Toons,"['dark-comedy', 'parody-comedy']"
Trance,"['dark-comedy', 'psychological-thriller']"
Cooties,"['dark-comedy', 'parody-comedy', 'zombie-horror']"
Spookies,"['dark-comedy', 'supernatural-horror']"
Domino,"['dark-comedy', 'true-crime']"
Dark Angel,['dark-comedy']
The Trip,['dark-comedy']
Spanking the Monkey,['dark-comedy']
Vampire's Kiss,['dark-comedy']
Crimes of Passion,"['dark-comedy', 'erotic-thriller', 'steamy-romance']"
Zola,['dark-comedy']
Intolerable Cruelty,"['dark-comedy', 'romantic-comedy', 'satire-comedy']"
The Dentist,"['dark-comedy', 'slasher-horror']"
The Messenger,['dark-comedy']
Problem Child 2,"['dark-comedy', 'slapstick-comedy']"
Trick or Treat,['dark-comedy']
Bardo: False Chronicle of a Handful of Truths,['dark-comedy']
I Hope They Serve Beer in Hell,['dark-comedy']
Ali G Indahouse,"['dark-comedy', 'raunchy-comedy']"
Irrational Man,['dark-comedy']
Tentacles,"['dark-comedy', 'monster-horror']"
The Omega Man,"['dark-comedy', 'dystopian-sci-fi', 'psychological-thriller']"
Sunshine Cleaning,['dark-comedy']
Adam's Apples,['dark-comedy']
Nutty Professor II: The Klumps,"['dark-comedy', 'slapstick-comedy']"
Psycho Beach Party,"['dark-comedy', 'parody-comedy', 'satire-comedy', 'slasher-horror']"
Deathtrap,"['dark-comedy', 'suspense-mystery', 'whodunnit-mystery']"
Split Second,"['dark-comedy', 'film-noir', 'monster-horror', 'serial-killer-crime']"
Cecil B. Demented,"['dark-comedy', 'satire-comedy']"
Slacker,"['dark-comedy', 'satire-comedy']"
The Sugarland Express,['dark-comedy']
Death to Smoochy,"['dark-comedy', 'satire-comedy']"
Torque,['dark-comedy']
Freddy's Dead: The Final Nightmare,"['dark-comedy', 'dark-fantasy', 'slasher-horror', 'supernatural-fantasy', 'supernatural-horror']"
Romeo Is Bleeding,['dark-comedy']
Three Colors: White,"['dark-comedy', 'psychological-drama', 'satire-comedy', 'tragic-romance']"
Stir Crazy,['dark-comedy']
Passed Away,['dark-comedy']
Ruthless People,"['dark-comedy', 'satire-comedy']"
Women on the Verge of a Nervous Breakdown,"['dark-comedy', 'farce-comedy']"
The House,"['dark-comedy', 'farce-comedy']"
Everly,['dark-comedy']
Slumber Party Massacre II,"['dark-comedy', 'rock-musical', 'slasher-horror']"
Observe and Report,"['dark-comedy', 'satire-comedy']"
Rollerball,"['dark-comedy', 'dystopian-sci-fi']"
World's Greatest Dad,"['dark-comedy', 'satire-comedy']"
Not Okay,"['dark-comedy', 'psychological-drama']"
Airport 1975,"['dark-comedy', 'disaster-action']"
Don't Say a Word,"['dark-comedy', 'psychological-drama', 'psychological-thriller']"
The Informant!,"['dark-comedy', 'true-crime']"
Austin Powers 4,['dark-comedy']
The Last of Sheila,"['dark-comedy', 'whodunnit-mystery']"
Triple Threat,"['dark-comedy', 'martial-arts-action']"
Songbird,"['dark-comedy', 'dystopian-sci-fi', 'psychological-thriller']"
I Heart Huckabees,['dark-comedy']
Pretty Maids All in a Row,['dark-comedy']
The Way of the Gun,['dark-comedy']
Irresistible,"['dark-comedy', 'erotic-thriller', 'political-drama', 'satire-comedy']"
Dead End,"['dark-comedy', 'film-noir', 'supernatural-horror']"
Employee of the Month,['dark-comedy']
Rumble in the Bronx,"['dark-comedy', 'kung-fu-action', 'martial-arts-action']"
Sleepaway Camp II: Unhappy Campers,"['dark-comedy', 'parody-comedy', 'slasher-horror', 'teen-horror']"
El Conde,"['dark-comedy', 'satire-comedy']"
The Hotel New Hampshire,"['dark-comedy', 'farce-comedy']"
Death Wish: The Face of Death,['dark-comedy']
The Castle,"['dark-comedy', 'satire-comedy']"
In Order of Disappearance,"['dark-comedy', 'gangster-crime']"
Get the Gringo,['dark-comedy']
Whiskey Tango Foxtrot,['dark-comedy']
The Art of Self-Defense,['dark-comedy']
Female Trouble,"['dark-comedy', 'farce-comedy', 'satire-comedy']"
The Man with Two Brains,"['dark-comedy', 'farce-comedy', 'parody-comedy', 'satire-comedy']"
Visitor Q,"['dark-comedy', 'satire-comedy']"
The Big Feast,"['dark-comedy', 'satire-comedy']"
Pathology,['dark-comedy']
Sudden Death,['dark-comedy']
Surviving the Game,"['dark-comedy', 'survival-adventure']"
Fair Game,"['dark-comedy', 'political-thriller', 'spy-thriller']"
The House of Yes,['dark-comedy']
Bubba Ho-Tep,"['dark-comedy', 'supernatural-horror']"
If....,['dark-comedy']
My Blueberry Nights,['dark-comedy']
The Green Butchers,"['dark-comedy', 'satire-comedy']"
American Renegades,"['dark-comedy', 'heist-crime']"
The Trouble with Harry,"['dark-comedy', 'whodunnit-mystery']"
Man Up,['dark-comedy']
Who Am I?,['dark-comedy']
Let's Go to Prison,['dark-comedy']
Friday the 13th Part VIII: Jason Takes Manhattan,"['dark-comedy', 'slasher-horror', 'supernatural-horror', 'urban-adventure']"
The Little Shop of Horrors,"['dark-comedy', 'farce-comedy', 'monster-horror']"
Dead Heat,"['dark-comedy', 'parody-comedy', 'zombie-horror']"
Drowning Mona,"['dark-comedy', 'farce-comedy', 'whodunnit-mystery']"
Things to Do in Denver When You're Dead,['dark-comedy']
Drowning by Numbers,"['dark-comedy', 'satire-comedy']"
Coffee and Cigarettes,['dark-comedy']
Party Monster,"['dark-comedy', 'docudrama', 'true-crime']"
Away We Go,['dark-comedy']
Class of 1999,['dark-comedy']
Maggie Moore(s),['dark-comedy']
11:14,['dark-comedy']
The Limey,['dark-comedy']
Polyester,"['dark-comedy', 'satire-comedy']"
Detention,"['dark-comedy', 'parody-comedy', 'slasher-horror']"
American Ninja,"['dark-comedy', 'martial-arts-action']"
Motel Hell,"['dark-comedy', 'parody-comedy']"
Dr. Giggles,"['dark-comedy', 'slasher-horror']"
Red Rock West,['dark-comedy']
Pieles,['dark-comedy']
Deuce Bigalow: European Gigolo,"['dark-comedy', 'parody-comedy', 'satire-comedy', 'slapstick-comedy']"
Black Bear,"['dark-comedy', 'psychological-drama']"
Dolls,['dark-comedy']
Going Places,"['dark-comedy', 'dark-comedy', 'satire-comedy']"
Tequila Sunrise,"['dark-comedy', 'drug-crime']"
And Then There Were None,"['dark-comedy', 'whodunnit-mystery']"
The Hunting Party,['dark-comedy']
The Man Without a Past,['dark-comedy']
Exit Wounds,"['dark-comedy', 'martial-arts-action', 'one-person-army-action']"
Last of the Dogmen,['dark-comedy']
Paranoia,"['dark-comedy', 'psychological-drama', 'psychological-thriller', 'steamy-romance', 'tragedy-drama']"
Cherry Falls,"['dark-comedy', 'slasher-horror', 'teen-horror']"
The Crow: Wicked Prayer,"['dark-comedy', 'superhero-action']"
The Freshman,"['dark-comedy', 'parody-comedy']"
Gator,['dark-comedy']
The Exterminating Angel,['dark-comedy']
Teaching Mrs. Tingle,"['dark-comedy', 'teen-comedy']"
White Lightning,['dark-comedy']
Jabberwocky,"['dark-comedy', 'parody-comedy']"
Welcome to Me,"['dark-comedy', 'satire-comedy']"
The House of the Dead,['dark-comedy']
The Russians Are Coming the Russians Are Coming,['dark-comedy']
Memoirs of an Invisible Man,"['dark-comedy', 'high-concept-comedy']"
The Greasy Strangler,"['dark-comedy', 'parody-comedy']"
Stay Tuned,"['dark-comedy', 'high-concept-comedy', 'satire-comedy']"
The Perfect Host,"['dark-comedy', 'psychological-thriller']"
Patient Zero,"['dark-comedy', 'supernatural-horror']"
Kind Hearts and Coronets,"['dark-comedy', 'satire-comedy']"
TerrorVision,"['dark-comedy', 'satire-comedy', 'slapstick-comedy']"
Love Me If You Dare,"['dark-comedy', 'tragedy-drama']"
The Big Hit,['dark-comedy']
Support Your Local Sheriff!,['dark-comedy']
The Abominable Dr. Phibes,['dark-comedy']
The Nine Lives of Fritz the Cat,"['dark-comedy', 'satire-comedy', 'stoner-comedy']"
Gringo,"['dark-comedy', 'drug-crime']"
I Love You to Death,['dark-comedy']
Innocent Blood,['dark-comedy']
Bitch Slap,['dark-comedy']
Inside Man: Most Wanted,['dark-comedy']
Corner Office,['dark-comedy']
The Ref,['dark-comedy']
Hell,"['dark-comedy', 'satire-comedy']"
Zom 100: Bucket List of the Dead,"['dark-comedy', 'supernatural-horror', 'survival-adventure', 'zombie-horror']"
The Weather Man,['dark-comedy']
Pawn Shop Chronicles,['dark-comedy']
Little Evil,['dark-comedy']
Jackass Presents: Bad Grandpa,['dark-comedy']
Jumpin' Jack Flash,['dark-comedy']
Slums of Beverly Hills,['dark-comedy']
"Don't Worry, He Won't Get Far on Foot",['dark-comedy']
The Cremator,"['dark-comedy', 'satire-comedy', 'serial-killer-crime']"
Forbidden Zone,"['dark-comedy', 'parody-comedy', 'satire-comedy', 'slapstick-comedy']"
Suicide Club,['dark-comedy']
Pushing Tin,['dark-comedy']
Dragonfly,"['dark-comedy', 'tragedy-drama']"
Goodbye Uncle Tom,['dark-comedy']
What We Did on Our Holiday,['dark-comedy']
Heavy Metal 2000,['dark-comedy']
Bordello of Blood,"['dark-comedy', 'vampire-horror']"
Mr. Nice Guy,"['dark-comedy', 'martial-arts-action']"
Beat the Devil,['dark-comedy']
Nightmare Sisters,['dark-comedy']
The Marine,['dark-comedy']
Hell Ride,['dark-comedy']
Bedazzled,"['dark-comedy', 'satire-comedy', 'supernatural-fantasy']"
The Party,"['dark-comedy', 'farce-comedy', 'quirky-comedy', 'satire-comedy', 'slapstick-comedy']"
Mr. Majestyk,['dark-comedy']
Moebius,['dark-comedy']
Daydream Nation,['dark-comedy']
Sleepaway Camp III: Teenage Wasteland,"['dark-comedy', 'parody-comedy', 'slasher-horror', 'teen-horror']"
The Hospital,"['dark-comedy', 'medical-drama', 'satire-comedy']"
Riki-Oh: The Story of Ricky,"['dark-comedy', 'martial-arts-action']"
Ice Cream Man,"['dark-comedy', 'slasher-horror']"
Big Game,"['dark-comedy', 'political-thriller', 'survival-adventure']"
Captain Kronos: Vampire Hunter,"['dark-comedy', 'vampire-horror']"
Flirting with Disaster,"['dark-comedy', 'road-trip-adventure']"
South Park: The End of Obesity,"['dark-comedy', 'drug-crime', 'satire-comedy']"
Fierce Creatures,['dark-comedy']
A Bay of Blood,"['dark-comedy', 'psychological-thriller', 'slasher-horror']"
Blue Collar,['dark-comedy']
Mystery Train,"['dark-comedy', 'farce-comedy']"
The Manhattan Project,['dark-comedy']
Home Sweet Hell,['dark-comedy']
Alien Nation,['dark-comedy']
Birthday Girl,"['dark-comedy', 'erotic-thriller']"
Suicide Kings,"['dark-comedy', 'satire-comedy']"
Freaks of Nature,"['dark-comedy', 'parody-comedy', 'satire-comedy', 'vampire-horror']"
Blow the Man Down,['dark-comedy']
Vamp,"['dark-comedy', 'vampire-horror']"
The Invisible Raptor,"['dark-comedy', 'dinosaur-adventure', 'monster-horror']"
New Police Story,"['dark-comedy', 'martial-arts-action', 'tragedy-drama']"
Gorgeous,['dark-comedy']
Keeping Mum,['dark-comedy']
Shock Treatment,"['dark-comedy', 'parody-comedy', 'pop-musical', 'rock-musical', 'satire-comedy']"
French Exit,"['dark-comedy', 'satire-comedy']"
The Day of the Beast,"['dark-comedy', 'supernatural-horror']"
Deadtime Stories,"['dark-comedy', 'folk-horror', 'supernatural-horror', 'werewolf-horror']"
Behind the Mask: The Rise of Leslie Vernon,"['dark-comedy', 'found-footage-horror', 'mockumentary-comedy', 'parody-comedy', 'satire-comedy', 'slasher-horror']"
High Strung,['dark-comedy']
Desayuno De Campeones,"['dark-comedy', 'satire-comedy']"
Tales from the Darkside: The Movie,"['dark-comedy', 'supernatural-horror']"
Damsel,"['dark-comedy', 'dark-fantasy', 'fairy-tale-fantasy']"
Stolen,['dark-comedy']
Drive Thru,"['dark-comedy', 'slasher-horror', 'supernatural-horror']"
Cyborg 2: Glass Shadow,"['dark-comedy', 'martial-arts-action']"
Shakes the Clown,"['dark-comedy', 'satire-comedy']"
Goin' South,['dark-comedy']
The Killer Elite,['dark-comedy']
Swimming with Sharks,"['dark-comedy', 'satire-comedy', 'showbiz-drama']"
Rock & Rule,['dark-comedy']
Operation: Endgame,['dark-comedy']
Below Zero,"['dark-comedy', 'psychological-thriller']"
The Opposite of Sex,"['dark-comedy', 'satire-comedy']"
The Boys in the Band,['dark-comedy']
Dirty Love,"['dark-comedy', 'romantic-comedy', 'satire-comedy']"
Martin,['dark-comedy']
The Last Supper,"['dark-comedy', 'period-drama', 'political-thriller', 'satire-comedy', 'whodunnit-mystery']"
Electra Glide in Blue,['dark-comedy']
Phantasm II,"['dark-comedy', 'supernatural-horror']"
The Last Days of Disco,['dark-comedy']
The Spanish Apartment,['dark-comedy']
Cannibal! The Musical,"['dark-comedy', 'parody-comedy']"
Fahrenheit 9/11,['dark-comedy']
Duplex,"['dark-comedy', 'slapstick-comedy']"
Burying the Ex,['dark-comedy']
Cheerleader Camp,"['dark-comedy', 'slasher-horror', 'teen-horror']"
Action Jackson,"['dark-comedy', 'gun-fu-action']"
The Fourth Protocol,"['dark-comedy', 'spy-thriller']"
Everything You Always Wanted to Know About Sex * But Were Afraid to Ask,"['dark-comedy', 'parody-comedy', 'satire-comedy']"
Willard,['dark-comedy']
The Concorde... Airport '79,['dark-comedy']
Mickey Blue Eyes,"['dark-comedy', 'romantic-comedy', 'satire-comedy']"
The Crazies,['dark-comedy']
Blithe Spirit,"['dark-comedy', 'dark-comedy', 'farce-comedy', 'period-drama', 'screwball-comedy', 'screwball-comedy', 'slapstick-comedy', 'supernatural-fantasy', 'tragic-romance']"
Pumpkin,"['dark-comedy', 'satire-comedy']"
The Private Lives of Pippa Lee,['dark-comedy']
Intermission,['dark-comedy']
Just Before I Go,['dark-comedy']
Pink Cadillac,['dark-comedy']
Furry Vengeance,"['dark-comedy', 'slapstick-comedy']"
I Vitelloni,"['dark-comedy', 'satire-comedy']"
Dirty Mary Crazy Larry,['dark-comedy']
Silent Rage,"['dark-comedy', 'slasher-horror']"
The Magic Christian,"['dark-comedy', 'satire-comedy']"
Theater of Blood,"['dark-comedy', 'slasher-horror']"
High Heels,['dark-comedy']
Mafia!,"['dark-comedy', 'parody-comedy', 'slapstick-comedy']"
The Savages,['dark-comedy']
Wasabi,['dark-comedy']
What Just Happened,"['dark-comedy', 'parody-comedy', 'satire-comedy', 'showbiz-drama']"
Bloody Mama,"['dark-comedy', 'true-crime']"
The Banana Splits Movie,['dark-comedy']
Four Flies on Grey Velvet,['dark-comedy']
Brick Mansions,['dark-comedy']
Kika,['dark-comedy']
Ready or Not Sequel,['dark-comedy']
Bunraku,"['dark-comedy', 'martial-arts-action']"
The Dance of Reality,['dark-comedy']
Ripley's Game,['dark-comedy']
Fire Birds,['dark-comedy']
Knockaround Guys,['dark-comedy']
Submission,['dark-comedy']
Support Your Local Gunfighter,['dark-comedy']
Nurse Betty,"['dark-comedy', 'satire-comedy']"
One Night at McCool's,['dark-comedy']
Other People,['dark-comedy']
Manhattan Murder Mystery,['dark-comedy']
Miss You Already,['dark-comedy']
Nice Dreams,['dark-comedy']
Extra Ordinary,"['dark-comedy', 'slapstick-comedy']"
The Firemen's Ball,"['dark-comedy', 'satire-comedy']"
Creepshow 3,['dark-comedy']
Rare Exports,['dark-comedy']
Deranged,['dark-comedy']
Matador,"['dark-comedy', 'psychological-drama', 'psychological-thriller']"
I Give It a Year,['dark-comedy']
He Never Died,['dark-comedy']
Death Hunt,['dark-comedy']
Perrier's Bounty,['dark-comedy']
The Monster,"['dark-comedy', 'farce-comedy', 'monster-horror', 'slapstick-comedy']"
The Stronghold,"['dark-comedy', 'true-crime']"
Teachers,"['dark-comedy', 'satire-comedy']"
Silent Movie,"['dark-comedy', 'parody-comedy', 'slapstick-comedy']"
Dr. T & the Women,"['dark-comedy', 'medical-drama', 'screwball-comedy']"
Ghosts Can't Do It,"['dark-comedy', 'romantic-comedy']"
America: The Motion Picture,['dark-comedy']
Scent of a Woman,"['dark-comedy', 'epic-drama']"
Weekend at Bernie's II,['dark-comedy']
Urban Legends: Final Cut,"['dark-comedy', 'slasher-horror', 'teen-horror']"
Nick of Time,"['dark-comedy', 'political-thriller', 'psychological-thriller']"
Spartan,"['dark-comedy', 'spy-thriller']"
The Forsaken,"['dark-comedy', 'teen-horror']"
Cadillac Man,['dark-comedy']
Magical Mystery Tour,['dark-comedy']
Death Race 2050,"['dark-comedy', 'satire-comedy', 'slapstick-comedy']"
Jack Frost,"['dark-comedy', 'dark-fantasy', 'high-concept-comedy', 'holiday-comedy', 'holiday-comedy', 'holiday-family', 'holiday-season', 'holiday-season', 'slasher-horror', 'supernatural-horror']"
The Phantom of Liberty,"['dark-comedy', 'satire-comedy']"
Clockwise,"['dark-comedy', 'parody-comedy', 'road-trip-adventure', 'satire-comedy']"
The Ruling Class,"['dark-comedy', 'parody-comedy', 'satire-comedy']"
The Holcroft Covenant,['dark-comedy']
I Wanna Hold Your Hand,['dark-comedy']
Dillinger,"['dark-comedy', 'film-noir', 'period-drama', 'true-crime', 'true-crime']"
Moonlight Mile,"['dark-comedy', 'tragedy-drama']"
Honkytonk Man,['dark-comedy']
In Fabric,['dark-comedy']
The Cottage,"['dark-comedy', 'satire-comedy', 'slasher-horror']"
Kevin & Perry Go Large,['dark-comedy']
A New Leaf,"['dark-comedy', 'farce-comedy', 'romantic-comedy', 'satire-comedy', 'screwball-comedy']"
Buffalo Soldiers,"['dark-comedy', 'satire-comedy']"
Metropolitan,"['dark-comedy', 'romantic-comedy']"
The Coed and the Zombie Stoner,"['dark-comedy', 'parody-comedy', 'slapstick-comedy', 'stoner-comedy']"
Hey Good Lookin',"['dark-comedy', 'satire-comedy']"
Surveillance,['dark-comedy']
The Candy Snatchers,['dark-comedy']
Point Blank,['dark-comedy']
The Foot Fist Way,"['dark-comedy', 'martial-arts-action', 'slapstick-comedy']"
Watchers,"['dark-comedy', 'teen-horror']"
O Lucky Man!,"['dark-comedy', 'epic-drama', 'farce-comedy', 'political-drama', 'satire-comedy']"
The 100 Year-Old Man Who Climbed Out the Window and Disappeared,['dark-comedy']
The Death of Dick Long,"['dark-comedy', 'true-crime']"
Love Stinks,['dark-comedy']
Death Line,['dark-comedy']
Leprechaun 6: Back 2 Tha Hood,"['dark-comedy', 'supernatural-horror']"
The Dish,['dark-comedy']
The Evil Eye,"['dark-comedy', 'slasher-horror']"
Unaccompanied Minors,"['dark-comedy', 'slapstick-comedy']"
Kidulthood,['dark-comedy']
The Americanization of Emily,['dark-comedy']
The Ambulance,['dark-comedy']
A Deadly Invitation,['dark-comedy']
North Sea Hijack,['dark-comedy']
Blood Sucking Freaks,"['dark-comedy', 'satire-comedy']"
Mother's Day,"['dark-comedy', 'feel-good-romance', 'romantic-comedy', 'satire-comedy', 'slasher-horror', 'splatter-horror']"
The Tournament,"['dark-comedy', 'martial-arts-action']"
Dobermann,['dark-comedy']
The Lift,['dark-comedy']
Africa: Blood and Guts,['dark-comedy']
976-EVIL,['dark-comedy']
The Loved One,"['dark-comedy', 'satire-comedy']"
Brain Dead,['dark-comedy']
Two-Minute Warning,"['dark-comedy', 'tragedy-drama']"
Fellini - Satyricon,['dark-comedy']
Silent Night,"['dark-comedy', 'holiday-season', 'one-person-army-action', 'slasher-horror']"
Twin Town,['dark-comedy']
Office Uprising,"['dark-comedy', 'zombie-horror']"
The Last Horror Film,"['dark-comedy', 'satire-comedy', 'slasher-horror']"
The Family Fang,['dark-comedy']
The Hunter,['dark-comedy']
The Angels' Share,"['dark-comedy', 'heist-crime']"
Parents,"['dark-comedy', 'satire-comedy']"
Leprechaun Returns,['dark-comedy']
Pixie,['dark-comedy']
Batman: Assault on Arkham,"['dark-comedy', 'superhero-action']"
The Chumscrubber,['dark-comedy']
Ten Little Indians,"['dark-comedy', 'whodunnit-mystery']"
Head Above Water,['dark-comedy']
Mute Witness,"['dark-comedy', 'slasher-horror']"
Police Story 2,"['dark-comedy', 'martial-arts-action', 'slapstick-comedy']"
To Sleep with Anger,['dark-comedy']
Dylan Dog: Dead of Night,"['dark-comedy', 'vampire-horror']"
Dr. Tarr's Torture Dungeon,['dark-comedy']
Crimes of the Heart,['dark-comedy']
The End,"['dark-comedy', 'slapstick-comedy']"
Home Fries,['dark-comedy']
The Survivors,['dark-comedy']
Our Man in Havana,['dark-comedy']
Strangers with Candy,"['dark-comedy', 'parody-comedy', 'satire-comedy']"
Fred Claus,"['dark-comedy', 'holiday-comedy', 'holiday-season', 'slapstick-comedy']"
Basket Case 2,"['dark-comedy', 'satire-comedy']"
8 ½ Women,['dark-comedy']
Kill Me Three Times,['dark-comedy']
Storytelling,"['dark-comedy', 'satire-comedy']"
Satan's Little Helper,"['dark-comedy', 'satire-comedy', 'slasher-horror', 'supernatural-horror']"
Desert Blue,['dark-comedy']
A Return to Salem's Lot,['dark-comedy']
Multiple Maniacs,"['dark-comedy', 'satire-comedy']"
Cry Uncle,"['dark-comedy', 'parody-comedy', 'satire-comedy']"
An Awfully Big Adventure,"['dark-comedy', 'period-drama']"
I Don't Know How She Does It,['dark-comedy']
Replicant,['dark-comedy']
You Kill Me,['dark-comedy']
A Long Way Down,['dark-comedy']
Lone Star State of Mind,['dark-comedy']
Chi-Raq,"['dark-comedy', 'satire-comedy']"
The Unbelievable Truth,['dark-comedy']
JCVD,['dark-comedy']
Brewster McCloud,['dark-comedy']
Meet the Applegates,"['dark-comedy', 'satire-comedy']"
Triple Dog,"['dark-comedy', 'suspense-mystery', 'whodunnit-mystery']"
Nina Forever,['dark-comedy']
Lucky Numbers,"['dark-comedy', 'true-crime']"
Alan Partridge,"['dark-comedy', 'satire-comedy']"
Telefon,"['dark-comedy', 'political-thriller']"
The Octagon,['dark-comedy']
White Sands,['dark-comedy']
Divorce Italian Style,['dark-comedy']
CB4,"['dark-comedy', 'mockumentary-comedy', 'parody-comedy', 'satire-comedy']"
Precious Cargo,['dark-comedy']
House of the Long Shadows,['dark-comedy']
Alone in the Dark,"['dark-comedy', 'slasher-horror']"
Rumpelstiltskin,['dark-comedy']
Hard Target 2,['dark-comedy']
Blood Diner,"['dark-comedy', 'parody-comedy', 'slapstick-comedy']"
All American Orgy,"['dark-comedy', 'raunchy-comedy']"
Dead in a Week Or Your Money Back,['dark-comedy']
Crimewave,"['dark-comedy', 'parody-comedy', 'slapstick-comedy']"
Big Nothing,['dark-comedy']
Fido,"['dark-comedy', 'parody-comedy', 'satire-comedy', 'zombie-horror']"
Three... Extremes,['dark-comedy']
Sunset,"['dark-comedy', 'satire-comedy']"
Feeling Minnesota,['dark-comedy']
Judas Kiss,['dark-comedy']
"War, Inc.","['dark-comedy', 'satire-comedy']"
Basket Case 3,['dark-comedy']
The Death of Mr. Lazarescu,['dark-comedy']
The Mod Squad,['dark-comedy']
The Accidental Spy,"['dark-comedy', 'parody-comedy', 'slapstick-comedy']"
Freeway II: Confessions of a Trickbaby,['dark-comedy']
Phantasm III: Lord of the Dead,"['dark-comedy', 'supernatural-horror']"
Celine and Julie Go Boating,"['dark-comedy', 'slapstick-comedy']"
My Boyfriend's Back,['dark-comedy']
Eddie Murphy: Raw,"['dark-comedy', 'parody-comedy', 'satire-comedy']"
Burke and Hare,"['dark-comedy', 'satire-comedy', 'true-crime']"
"Monica, O My Darling",['dark-comedy']
Dead Like Me: Life After Death,['dark-comedy']
Kafka,['dark-comedy']
It's All Gone Pete Tong,"['dark-comedy', 'mockumentary-comedy']"
Student Bodies,"['dark-comedy', 'parody-comedy', 'slapstick-comedy', 'teen-horror']"
Killers Anonymous,['dark-comedy']
An Eye for an Eye,"['dark-comedy', 'slasher-horror']"
Eat Locals,['dark-comedy']
L'Age d'Or,"['dark-comedy', 'raunchy-comedy', 'satire-comedy']"
Trailer Park Boys: The Movie,"['dark-comedy', 'stoner-comedy']"
Feast II: Sloppy Seconds,"['dark-comedy', 'monster-horror']"
Beyond Re-Animator,"['dark-comedy', 'zombie-horror']"
Control,"['dark-comedy', 'docudrama', 'period-drama', 'satire-comedy']"
Anguish,"['dark-comedy', 'slasher-horror']"
Fixed,['dark-comedy']
Chastity Bites,['dark-comedy']
The Guilt Trip,"['dark-comedy', 'road-trip-adventure']"
Wedlock,['dark-comedy']
Daddy and Them,['dark-comedy']
Art School Confidential,['dark-comedy']
Hollywood Chainsaw Hookers,['dark-comedy']
Life During Wartime,['dark-comedy']
Return to Sleepaway Camp,"['dark-comedy', 'slasher-horror', 'suspense-mystery']"
Two Girls and a Guy,['dark-comedy']
Stockholm,"['dark-comedy', 'docudrama', 'period-drama', 'true-crime']"
Murphy's Law,['dark-comedy']
Prom Night III: The Last Kiss,"['dark-comedy', 'supernatural-horror', 'teen-horror']"
Extraction,"['dark-comedy', 'gun-fu-action', 'one-person-army-action']"
Pandemonium,"['dark-comedy', 'parody-comedy', 'slapstick-comedy', 'teen-comedy']"
Stewie Griffin: The Untold Story,"['dark-comedy', 'parody-comedy']"
The Butcher Boy,"['dark-comedy', 'satire-comedy']"
The Wicker Tree,"['dark-comedy', 'folk-horror', 'supernatural-horror']"
Arthur Newman,['dark-comedy']
Let's Kill Ward's Wife,['dark-comedy']
Weekend,"['dark-comedy', 'satire-comedy']"
Yaksha: Ruthless Operations,['dark-comedy']
The Acid House,['dark-comedy']
The Ice Harvest,['dark-comedy']
In the Company of Men,"['dark-comedy', 'workplace-drama']"
ExTerminators,['dark-comedy']
Casino Jack,"['dark-comedy', 'true-crime']"
Darling Companion,['dark-comedy']
Serious Moonlight,['dark-comedy']
Stitches,['dark-comedy']
The Vagrant,['dark-comedy']
Bad Kids of Crestview Academy,['dark-comedy']
The Big White,['dark-comedy']
Cosi,['dark-comedy']
The Italian Connection,['dark-comedy']
The Batman vs. Dracula,"['dark-comedy', 'superhero-action']"
Mercenaries,['dark-comedy']
Santa's Slay,"['dark-comedy', 'holiday-comedy', 'holiday-season', 'slasher-horror']"
Of Unknown Origin,['dark-comedy']
Wise Blood,['dark-comedy']
Tough Guys Don't Dance,['dark-comedy']
Turbulence,['dark-comedy']
The Vicious Kind,['dark-comedy']
Fled,['dark-comedy']
Turkey Shoot,"['dark-comedy', 'dystopian-sci-fi']"
Cottage Country,['dark-comedy']
Operation Crossbow,"['dark-comedy', 'epic-war', 'political-drama', 'spy-thriller']"
Hollywood Boulevard,"['dark-comedy', 'parody-comedy']"
See You Up There,['dark-comedy']
Homegrown,"['dark-comedy', 'stoner-comedy']"
Expect No Mercy,['dark-comedy']
Mumford,['dark-comedy']
The Curve,['dark-comedy']
Dollman,"['dark-comedy', 'parody-comedy']"
Wish You Were Here,['dark-comedy']
Barcelona,['dark-comedy']
Mad Dog Time,"['dark-comedy', 'farce-comedy', 'gangster-crime']"
Deal of the Century,"['dark-comedy', 'satire-comedy']"
Mindhorn,"['dark-comedy', 'parody-comedy', 'satire-comedy']"
Slipstream,"['dark-comedy', 'whodunnit-mystery']"
Shopping,['dark-comedy']
The Binge,"['dark-comedy', 'parody-comedy']"
Cleopatra Jones,['dark-comedy']
A Shock to the System,['dark-comedy']
Stealing Harvard,"['dark-comedy', 'slapstick-comedy']"
Another Happy Day,['dark-comedy']
Tormented,"['dark-comedy', 'psychological-thriller', 'slasher-horror']"
Robot Monster,['dark-comedy']
Grand Tour: Disaster in Time,['dark-comedy']
Head of the Family,['dark-comedy']
Goodbye Lover,"['dark-comedy', 'erotic-thriller']"
Six Ways to Sunday,['dark-comedy']
The Silence of the Hams,"['dark-comedy', 'parody-comedy', 'slapstick-comedy']"
Assassination,"['dark-comedy', 'political-thriller', 'samurai-action']"
Take Me,['dark-comedy']
Ca$h,['dark-comedy']
S.F.W.,"['dark-comedy', 'satire-comedy']"
Lost Boys: The Thirst,"['dark-comedy', 'vampire-horror']"
Up Your Teddy Bear,"['dark-comedy', 'slapstick-comedy']"
The Amazing World of Gumball: The Movie,"['dark-comedy', 'slapstick-comedy']"
Sordid Lives,['dark-comedy']
Eliminators,"['dark-comedy', 'martial-arts-action', 'superhero-action']"
Henry Fool,"['dark-comedy', 'satire-comedy']"
Bounty Killer,['dark-comedy']
Last Night,"['dark-comedy', 'satire-comedy']"
Barney Thomson,['dark-comedy']
Bianca,['dark-comedy']
Proof,['dark-comedy']
The Day Shall Come,['dark-comedy']
Green for Danger,['dark-comedy']
Manny & Lo,['dark-comedy']
Pretty Persuasion,"['dark-comedy', 'satire-comedy']"
Surviving Christmas,"['dark-comedy', 'holiday-comedy', 'holiday-romance', 'holiday-season']"
Death to 2021,"['dark-comedy', 'parody-comedy', 'satire-comedy']"
Phantasm IV: Oblivion,['dark-comedy']
The Day the Earth Caught Fire,['dark-comedy']
Tonight She Comes,['dark-comedy']
The Dentist 2,"['dark-comedy', 'slasher-horror']"
The Executioner,"['dark-comedy', 'martial-arts-action', 'satire-comedy']"
Ticker,['dark-comedy']
Monsieur Verdoux,"['dark-comedy', 'serial-killer-crime']"
Hansel & Gretel Get Baked,['dark-comedy']
Play It As It Lays,['dark-comedy']
Undead,"['dark-comedy', 'supernatural-horror']"
Dr. Phibes Rises Again,['dark-comedy']
Simon of the Desert,"['dark-comedy', 'satire-comedy']"
Trailer Park Boys,['dark-comedy']
Ringmaster,['dark-comedy']
The Seduction of Mimi,"['dark-comedy', 'satire-comedy']"
A Pigeon Sat on a Branch Reflecting on Existence,"['dark-comedy', 'satire-comedy', 'workplace-drama']"
Braddock: Missing in Action III,['dark-comedy']
The Final Programme,['dark-comedy']
Your Friends and Neighbors,['dark-comedy']
The Happiness of the Katakuris,['dark-comedy']
Kids in the Hall: Brain Candy,"['dark-comedy', 'satire-comedy']"
Supercop 2,"['dark-comedy', 'slapstick-comedy']"
Killing Cabos,['dark-comedy']
The Comedy of Terrors,"['dark-comedy', 'screwball-comedy']"
What Ever Happened to Aunt Alice?,['dark-comedy']
Money for Nothing,"['dark-comedy', 'true-crime']"
Girl Walks Into a Bar,['dark-comedy']
Pray for Death,['dark-comedy']
Bait,"['dark-comedy', 'film-noir', 'monster-horror', 'supernatural-horror']"
The Horror of Frankenstein,"['dark-comedy', 'monster-horror']"
The Fortune,"['dark-comedy', 'slapstick-comedy']"
Pauly Shore Is Dead,"['dark-comedy', 'mockumentary-comedy']"
Bone,['dark-comedy']
Good Neighbours,['dark-comedy']
It's a Disaster,['dark-comedy']
Potato Dreams of America,['dark-comedy']
Suck,"['dark-comedy', 'slapstick-comedy']"
Red Scorpion,['dark-comedy']
The Baker,['dark-comedy']
Herod's Law,['dark-comedy']
Happy Campers,['dark-comedy']
Love and Human Remains,"['dark-comedy', 'satire-comedy']"
Bitten,['dark-comedy']
The Sensuous Nurse,['dark-comedy']
The Last Remake of Beau Geste,"['dark-comedy', 'parody-comedy', 'slapstick-comedy']"
2 or 3 Things I Know About Her,['dark-comedy']
Little Murders,"['dark-comedy', 'satire-comedy']"
Twenty Bucks,['dark-comedy']
Camouflage,['dark-comedy']
Unfaithfully Yours,"['dark-comedy', 'romantic-comedy', 'screwball-comedy', 'slapstick-comedy']"
The Saddest Music in the World,['dark-comedy']
Fists in the Pocket,['dark-comedy']
Doctor Mordrid,"['dark-comedy', 'dark-fantasy', 'superhero-action']"
Snatchers,"['dark-comedy', 'splatter-horror']"
13: Game of Death,['dark-comedy']
Panic,"['dark-comedy', 'psychological-drama']"
Used People,"['dark-comedy', 'quirky-comedy', 'romantic-comedy', 'satire-comedy']"
Cold Turkey,"['dark-comedy', 'satire-comedy', 'slapstick-comedy']"
Terminal Exposure,['dark-comedy']
Eat the Rich,['dark-comedy']
Apartment Zero,"['dark-comedy', 'psychological-thriller']"
Curdled,"['dark-comedy', 'satire-comedy']"
The Criminal Life of Archibaldo de la Cruz,['dark-comedy']
Shank,['dark-comedy']
Jack Brooks: Monster Slayer,['dark-comedy']
Funny Bones,['dark-comedy']
Drop Squad,"['dark-comedy', 'satire-comedy']"
High Risk,"['dark-comedy', 'gun-fu-action']"
A Force of One,['dark-comedy']
Feast III: The Happy Finish,"['dark-comedy', 'martial-arts-action', 'monster-horror']"
12 Rounds 2: Reloaded,['dark-comedy']
Vulgar,['dark-comedy']
Where's Poppa?,['dark-comedy']
Poor White Trash,['dark-comedy']
Montenegro,['dark-comedy']
Tunnel Vision,"['dark-comedy', 'parody-comedy', 'satire-comedy']"
Run,"['dark-comedy', 'psychological-thriller', 'suspense-mystery']"
An Alan Smithee Film: Burn Hollywood Burn,"['dark-comedy', 'satire-comedy']"
Division III: Football's Finest,['dark-comedy']
Common Wealth,['dark-comedy']
The Dark Backward,['dark-comedy']
Sitcom,['dark-comedy']
Imaginary Heroes,['dark-comedy']
Medusa Deluxe,['dark-comedy']
Kill Buljo: The Movie,"['dark-comedy', 'parody-comedy']"
The Death Wheelers,['dark-comedy']
Jesus Christ Vampire Hunter,"['dark-comedy', 'parody-comedy']"
Intimate Relations,['dark-comedy']
The Cat and the Canary,"['dark-comedy', 'whodunnit-mystery']"
The Shortcut,"['dark-comedy', 'teen-horror']"
How I Won the War,"['dark-comedy', 'farce-comedy', 'satire-comedy']"
Shrunken Heads,['dark-comedy']
The Hitman,['dark-comedy']
Touch of Death,['dark-comedy']
With a Friend Like Harry...,['dark-comedy']
Kenny,"['dark-comedy', 'satire-comedy']"
The Big Bang,"['dark-comedy', 'parody-comedy', 'satire-comedy', 'slapstick-comedy']"
Free Money,['dark-comedy']
Fortress 2: Re-Entry,['dark-comedy']
My Demon Lover,['dark-comedy']
Trouble Man,['dark-comedy']
Boa vs. Python,['dark-comedy']
99 Francs,['dark-comedy']
Comic Book Villains,['dark-comedy']
Splitting Heirs,['dark-comedy']
Full Moon High,"['dark-comedy', 'parody-comedy', 'satire-comedy', 'werewolf-horror']"
Terribly Happy,['dark-comedy']
How Harry Became a Tree,['dark-comedy']
The Green Man,['dark-comedy']
Death in Brunswick,['dark-comedy']
Picking Up the Pieces,['dark-comedy']
From Noon Till Three,['dark-comedy']
Meet the Hollowheads,"['dark-comedy', 'parody-comedy']"
Mondo Trasho,"['dark-comedy', 'satire-comedy']"
Neon Maniacs,['dark-comedy']
Little Witches,['dark-comedy']
Bad,['dark-comedy']
"This World, Then the Fireworks",['dark-comedy']
Scenes from the Class Struggle in Beverly Hills,"['dark-comedy', 'satire-comedy']"
Dead Shack,"['dark-comedy', 'zombie-horror']"
The Tripper,"['dark-comedy', 'slasher-horror', 'stoner-comedy']"
Psycho Cop Returns,"['dark-comedy', 'slasher-horror']"
Faithful,['dark-comedy']
Cyber Tracker,['dark-comedy']
Hammett,"['dark-comedy', 'hardboiled-mystery']"
Aqua Teen Forever: Plantasm,['dark-comedy']
Burke & Hare,['dark-comedy']
Red Is the Color of,['dark-comedy']
Renegades,['dark-comedy']
Horror Hospital,['dark-comedy']
Trigun: Badlands Rumble,['dark-comedy']
Blood Theatre,"['dark-comedy', 'parody-comedy', 'slasher-horror', 'supernatural-horror']"
Lord Love a Duck,"['dark-comedy', 'satire-comedy']"
Retroactive,['dark-comedy']
Foolish Wives,['dark-comedy']
The Perfect Dictatorship,"['dark-comedy', 'satire-comedy']"
The Original Kings of Comedy,"['dark-comedy', 'parody-comedy', 'satire-comedy']"
The Bed Sitting Room,"['dark-comedy', 'satire-comedy']"
Psychos in Love,['dark-comedy']
Bad Girls from Valley High,"['dark-comedy', 'slapstick-comedy']"
Violent Night 2,['dark-comedy']
No Such Thing,['dark-comedy']
Extreme Ops,['dark-comedy']
Pass the Ammo,"['dark-comedy', 'satire-comedy']"
Baxter,['dark-comedy']
Funny Man,"['dark-comedy', 'supernatural-horror']"
Big Bully,"['dark-comedy', 'slapstick-comedy']"
Whoever Slew Auntie Roo?,['dark-comedy']
"Enemies, A Love Story",['dark-comedy']
No Way to Treat a Lady,"['dark-comedy', 'psychological-thriller']"
"Average Height, Average Build",['dark-comedy']
Suburban Mayhem,['dark-comedy']
Wilbur Wants to Kill Himself,['dark-comedy']
Girls Will Be Girls,"['dark-comedy', 'farce-comedy', 'parody-comedy', 'satire-comedy']"
Grand Theft Parsons,['dark-comedy']
The Asian Connection,['dark-comedy']
Laal Rang,"['dark-comedy', 'true-crime']"
The Honey Pot,"['dark-comedy', 'suspense-mystery', 'whodunnit-mystery']"
It's A Wonderful Binge,['dark-comedy']
Even Dwarfs Started Small,['dark-comedy']
Frisk,['dark-comedy']
The Good Student,['dark-comedy']
Trash Fire,['dark-comedy']
Stripped to Kill 2: Live Girls,['dark-comedy']
Ted & Venus,['dark-comedy']
Stardom,['dark-comedy']
Three in the Attic,['dark-comedy']
Disorganized Crime,['dark-comedy']
Hard Core Logo,"['dark-comedy', 'satire-comedy']"
Jinxed!,['dark-comedy']
Death by Hanging,"['dark-comedy', 'satire-comedy']"
My New Partner,['dark-comedy']
Testosterone,['dark-comedy']
Critical Care,"['dark-comedy', 'medical-drama', 'satire-comedy']"
Die Laughing,['dark-comedy']
The Birthday Party,['dark-comedy']
The Chairman,['dark-comedy']
Dedication,['dark-comedy']
Penn & Teller Get Killed,['dark-comedy']
Venicephrenia,"['dark-comedy', 'slasher-horror']"
Double Whammy,['dark-comedy']
Nobody's Baby,['dark-comedy']
Odd Obsession,['dark-comedy']
Black Thunder,['dark-comedy']
Dragon Eyes,['dark-comedy']
A Gorgeous Girl Like Me,['dark-comedy']
Something for Everyone,['dark-comedy']
Susan's Plan,['dark-comedy']
"Little Fish, Strange Pond","['dark-comedy', 'satire-comedy']"
Terror Tract,['dark-comedy']
Angels Over Broadway,['dark-comedy']
Angel,['dark-comedy']
Curse of the Pink Panties,['dark-comedy']
Coldblooded,['dark-comedy']
A Pain in the Ass,['dark-comedy']
The Condemned 2,['dark-comedy']
The Cutter,['dark-comedy']
The Anniversary,['dark-comedy']
Thin Ice,"['dark-comedy', 'heist-crime', 'screwball-comedy', 'workplace-drama']"
Ali's Wedding,['dark-comedy']
Thunder in Paradise,['dark-comedy']
Trailer Park Boys: Countdown to Liquor Day,"['dark-comedy', 'mockumentary-comedy', 'stoner-comedy']"
B. Monkey,['dark-comedy']
Birds of America,['dark-comedy']
The Myth of Fingerprints,['dark-comedy']
The Corpse Grinders,['dark-comedy']
People in the Walls,['dark-comedy']
Union City,['dark-comedy']
Evil Aliens,['dark-comedy']
Sweatshop,['dark-comedy']
Jagame Thandhiram,['dark-comedy']
Best Man Down,['dark-comedy']
Cyborg Cop,['dark-comedy']
Britannia Hospital,"['dark-comedy', 'satire-comedy']"
The Bodyguard from Beijing,"['dark-comedy', 'gun-fu-action']"
A Night to Remember,"['dark-comedy', 'parody-comedy', 'period-drama', 'tragedy-drama']"
Two Heads Creek,['dark-comedy']
The Taking of Beverly Hills,['dark-comedy']
Gangsta Rap: The Glockumentary,"['dark-comedy', 'parody-comedy']"
Bad Girls,"['dark-comedy', 'satire-comedy']"
One in the Chamber,['dark-comedy']
Onlyfangs,"['dark-comedy', 'vampire-horror']"
The Filth and the Fury,['dark-comedy']
The Ghost Train,['dark-comedy']
Kyûketsu Shôjo tai Shôjo Furanken,"['dark-comedy', 'parody-comedy', 'satire-comedy', 'supernatural-horror']"
Dead Fish,['dark-comedy']
Private Pérez,['dark-comedy']
Some Guy Who Kills People,['dark-comedy']
Last Life in the Universe,['dark-comedy']
Fruit of Paradise,['dark-comedy']
"Arrivederci, Baby!","['dark-comedy', 'slapstick-comedy']"
Sibling Rivalry,['dark-comedy']
Mischief Night,"['dark-comedy', 'teen-horror']"
Katt Williams: The Pimp Chronicles Pt. 1,['dark-comedy']
Stars of Eger,['dark-comedy']
Hawks,['dark-comedy']
Portnoy's Complaint,"['dark-comedy', 'satire-comedy']"
Jerry and Tom,['dark-comedy']
Newly Single,['dark-comedy']
A Deal Is a Deal,['dark-comedy']
Weirdsville,"['dark-comedy', 'stoner-comedy']"
Macunaima,"['dark-comedy', 'satire-comedy']"
Cuba,['dark-comedy']
A Fistful of Fingers,"['dark-comedy', 'parody-comedy', 'slapstick-comedy']"
Red Sun Rising,"['dark-comedy', 'kung-fu-action']"
Entertaining Mr Sloane,['dark-comedy']
Kabluey,"['dark-comedy', 'satire-comedy']"
Up from the Depths,"['dark-comedy', 'parody-comedy']"
Video Violence,"['dark-comedy', 'slasher-horror']"
The Girl with a Pistol,['dark-comedy']
Scandalous,['dark-comedy']
Duck! The Carbine High Massacre,"['dark-comedy', 'satire-comedy']"
Mistress,"['dark-comedy', 'satire-comedy']"
Office Killer,['dark-comedy']
Buba,['dark-comedy']
Jersey Shore Massacre,"['dark-comedy', 'slasher-horror', 'teen-horror']"
Evil Breed: The Legend of Samhain,"['dark-comedy', 'supernatural-horror']"
Who Is Harry Kellerman and Why Is He Saying Those Terrible Things About Me?,['dark-comedy']
Hammersmith Is Out,['dark-comedy']
The Gong Show Movie,['dark-comedy']
No Contest,['dark-comedy']
Beware: Children at Play,['dark-comedy']
Skeleton of Mrs. Morales,['dark-comedy']
Tony Manero,['dark-comedy']
Highway 61,['dark-comedy']
The Virgin Soldiers,['dark-comedy']
Down Terrace,['dark-comedy']
The Motive,['dark-comedy']
Bad Kids Go to Hell,['dark-comedy']
The Secret Lives of Dentists,['dark-comedy']
"Manson, My Name Is Evil","['dark-comedy', 'satire-comedy', 'true-crime']"
A Better Way to Die,['dark-comedy']
Hellbenders,['dark-comedy']
Bizarre,"['dark-comedy', 'slapstick-comedy']"
The Pleasures of the Flesh,['dark-comedy']
Blast,['dark-comedy']
Dirty Deeds,"['dark-comedy', 'true-crime']"
Blood and Concrete,['dark-comedy']
Thunder and Lightning,['dark-comedy']
Surrender Dorothy,['dark-comedy']
Sorry for Your Loss,['dark-comedy']
The Revengers' Comedies,"['dark-comedy', 'satire-comedy']"
Heaven,['dark-comedy']
The Student Teachers,['dark-comedy']
Last Holiday,['dark-comedy']
Morgan!,"['dark-comedy', 'satire-comedy', 'slapstick-comedy']"
Beverly Hills Vamp,"['dark-comedy', 'parody-comedy']"
The McKenzie Break,['dark-comedy']
Richard Pryor: Live on the Sunset Strip,['dark-comedy']
Midnight Ride,['dark-comedy']
Seven Stages to Achieve Eternal Bliss,['dark-comedy']
The Pornographers,"['dark-comedy', 'satire-comedy']"
Idiot's Delight,"['dark-comedy', 'dark-romance', 'epic-romance', 'romantic-comedy', 'screwball-comedy']"
Out of the Dark,"['dark-comedy', 'slapstick-comedy', 'slasher-horror', 'supernatural-horror']"
The House of Flowers: The Movie,['dark-comedy']
El cochecito,['dark-comedy']
AK vs AK,['dark-comedy']
Dr. Otto and the Riddle of the Gloom Beam,"['dark-comedy', 'satire-comedy']"
Mr. Mike's Mondo Video,"['dark-comedy', 'parody-comedy', 'satire-comedy']"
Never Gonna Snow Again,"['dark-comedy', 'satire-comedy']"
Getting In,"['dark-comedy', 'satire-comedy']"
The Weekend Murders,"['dark-comedy', 'parody-comedy']"
Wish You Were Dead,"['dark-comedy', 'screwball-comedy']"
"King, Queen, Knave",['dark-comedy']
Rulers of the City,['dark-comedy']
Out Cold,"['dark-comedy', 'slapstick-comedy']"
Rabies,"['dark-comedy', 'slasher-horror']"
End of the Road,"['dark-comedy', 'film-noir', 'satire-comedy', 'suspense-mystery', 'whodunnit-mystery']"
Rubin and Ed,['dark-comedy']
Children of the Revolution,"['dark-comedy', 'satire-comedy']"
Who Killed Bambi?,['dark-comedy']
Wave of Crimes,['dark-comedy']
Death Racers,"['dark-comedy', 'dystopian-sci-fi']"
Soldier Boyz,['dark-comedy']
It Couldn't Happen Here,['dark-comedy']
Siblings,['dark-comedy']
The Mad Butcher,"['dark-comedy', 'serial-killer-crime', 'slasher-horror']"
The New Age,"['dark-comedy', 'satire-comedy']"
Arsenic and Old Lace,"['dark-comedy', 'farce-comedy', 'screwball-comedy']"
The Naked Man,['dark-comedy']
Ro.Go.Pa.G.,"['dark-comedy', 'satire-comedy']"
Thunder Run,['dark-comedy']
Future Shock,['dark-comedy']
American Crude,['dark-comedy']
Pups,['dark-comedy']
The Murderer,['dark-comedy']
Tough and Deadly,['dark-comedy']
The Last Horror Movie,"['dark-comedy', 'found-footage-horror']"
The House of God,['dark-comedy']
The Undertaker's Wedding,['dark-comedy']
The Gazebo,['dark-comedy']
Natural Selection,['dark-comedy']
Dear Dead Delilah,"['dark-comedy', 'slasher-horror']"
Blood Dolls,['dark-comedy']
Tiger on Beat,"['dark-comedy', 'gun-fu-action']"
The Sea,['dark-comedy']
Lucky Stiff,"['dark-comedy', 'slapstick-comedy']"
Callan,['dark-comedy']
Your Past Is Showing,"['dark-comedy', 'satire-comedy']"
Misfits,"['dark-comedy', 'holiday-comedy', 'holiday-season', 'quirky-comedy']"
For Roseanna,['dark-comedy']
Punch,['dark-comedy']
How to Be a Serial Killer,['dark-comedy']
Happy Times,['dark-comedy']
Professionals for a Massacre,['dark-comedy']
Getting Away with Murder,['dark-comedy']
The Amazing Dr. Clitterhouse,"['dark-comedy', 'heist-crime', 'medical-drama', 'police-procedural-crime', 'psychological-drama']"
Roommate Wanted,['dark-comedy']
A Severed Head,['dark-comedy']
Angel's Dance,['dark-comedy']
I Love My Mum,['dark-comedy']
Kevin Hart: I'm a Grown Little Man,"['dark-comedy', 'parody-comedy']"
Prague Nights,"['dark-comedy', 'supernatural-horror']"
Viva Italia!,"['dark-comedy', 'satire-comedy']"
Zombie Women of Satan,['dark-comedy']
"Oh Dad, Poor Dad, Mamma's Hung You in the Closet and I'm Feelin' So Sad","['dark-comedy', 'slapstick-comedy']"
"Alfredo, Alfredo",['dark-comedy']
Deathrow Gameshow,"['dark-comedy', 'satire-comedy']"
Eat and Run,"['dark-comedy', 'satire-comedy', 'slapstick-comedy']"
The Point Men,['dark-comedy']
Kill!,"['dark-comedy', 'parody-comedy', 'samurai-action']"
Initials SG,['dark-comedy']
Nosferatu,"['dark-fantasy', 'supernatural-horror', 'vampire-horror']"
The Lord of the Rings: The War of the Rohirrim,"['dark-fantasy', 'epic-adventure', 'epic-fantasy', 'sword-and-sorcery-fantasy']"
The Crow,"['dark-fantasy', 'dark-fantasy', 'dark-romance', 'serial-killer-crime', 'serial-killer-crime', 'superhero-action', 'superhero-action', 'supernatural-fantasy', 'supernatural-horror', 'supernatural-horror', 'tragedy-drama', 'tragic-romance']"
In the Lost Lands,"['dark-fantasy', 'supernatural-fantasy']"
Nosferatu: A Symphony of Horror,"['dark-fantasy', 'supernatural-horror', 'vampire-horror']"
The Witch,"['dark-fantasy', 'folk-horror', 'folk-horror', 'period-drama', 'supernatural-horror', 'witch-horror']"
Bram Stoker's Dracula,"['dark-fantasy', 'dark-romance', 'supernatural-fantasy', 'supernatural-horror', 'vampire-horror']"
Twilight,"['dark-fantasy', 'teen-drama', 'teen-fantasy', 'teen-romance']"
The Witcher: Sirens of the Deep,['dark-fantasy']
Harry Potter and the Deathly Hallows: Part 2,"['dark-fantasy', 'epic-fantasy', 'teen-adventure', 'teen-fantasy']"
Reign of Fire,['dark-fantasy']
The Shape of Water,"['dark-fantasy', 'dark-romance', 'fairy-tale-fantasy']"
Sleepy Hollow,"['dark-fantasy', 'slasher-horror', 'supernatural-horror']"
Doctor Strange in the Multiverse of Madness,"['dark-fantasy', 'superhero-action']"
Underworld,"['dark-fantasy', 'film-noir', 'psychological-drama', 'supernatural-fantasy']"
Interview with the Vampire,"['dark-fantasy', 'supernatural-fantasy', 'supernatural-horror', 'tragedy-drama', 'vampire-horror']"
Alice in Wonderland,"['dark-fantasy', 'fairy-tale-fantasy']"
Harry Potter and the Deathly Hallows: Part 1,"['dark-fantasy', 'supernatural-fantasy', 'sword-and-sorcery-fantasy', 'teen-adventure', 'teen-fantasy']"
Doctor Sleep,"['dark-fantasy', 'supernatural-fantasy']"
Labyrinth,"['dark-fantasy', 'epic-adventure', 'epic-fantasy', 'fairy-tale-fantasy', 'quest-adventure', 'sword-and-sorcery-fantasy', 'teen-fantasy']"
Masters of the Universe,"['dark-fantasy', 'superhero-action', 'sword-and-sorcery-fantasy']"
Highlander,"['dark-fantasy', 'epic-fantasy', 'one-person-army-action', 'supernatural-fantasy', 'swashbuckler-adventure']"
Miss Peregrine's Home for Peculiar Children,"['dark-fantasy', 'supernatural-fantasy', 'teen-adventure']"
It Chapter Two,"['dark-fantasy', 'monster-horror', 'supernatural-horror']"
Fantastic Beasts: The Secrets of Dumbledore,"['dark-fantasy', 'quest-adventure', 'supernatural-fantasy', 'sword-and-sorcery-fantasy']"
Mortal Kombat,"['dark-fantasy', 'dark-fantasy', 'martial-arts-action', 'martial-arts-action', 'supernatural-fantasy', 'supernatural-fantasy']"
Maleficent,"['dark-fantasy', 'fairy-tale-fantasy', 'sword-and-sorcery-fantasy']"
Legend,"['dark-fantasy', 'docudrama', 'epic-adventure', 'epic-fantasy', 'fairy-tale-fantasy', 'gangster-crime', 'sword-and-sorcery-fantasy', 'true-crime']"
Willow,"['dark-fantasy', 'epic-adventure', 'epic-drama', 'epic-fantasy', 'quest-adventure', 'sword-and-sorcery-fantasy']"
Conan the Barbarian,"['dark-fantasy', 'epic-fantasy', 'sword-and-sandal-action', 'sword-and-sandal-action', 'sword-and-sorcery-fantasy', 'sword-and-sorcery-fantasy']"
Thor: The Dark World,"['dark-fantasy', 'quest-adventure', 'superhero-action']"
The Dark Tower,['dark-fantasy']
Coraline,"['dark-fantasy', 'supernatural-fantasy']"
Warcraft,"['dark-fantasy', 'epic-fantasy']"
The Last Voyage of the Demeter,"['dark-fantasy', 'supernatural-horror', 'vampire-horror']"
Edward Scissorhands,"['dark-fantasy', 'dark-romance', 'fairy-tale-fantasy', 'holiday-season']"
Batman Returns,"['dark-fantasy', 'holiday-season', 'superhero-action', 'supernatural-fantasy']"
Hansel & Gretel: Witch Hunters,"['dark-fantasy', 'fairy-tale-fantasy']"
Mortal Engines,"['dark-fantasy', 'dystopian-sci-fi', 'epic-fantasy', 'epic-sci-fi', 'steampunk-sci-fi']"
Hellboy,"['dark-fantasy', 'dark-fantasy', 'steampunk-sci-fi', 'superhero-action', 'superhero-action']"
Dark Shadows,"['dark-fantasy', 'vampire-horror']"
Ghost Rider,"['dark-fantasy', 'superhero-action', 'supernatural-fantasy']"
The Last Witch Hunter,['dark-fantasy']
Return to Oz,"['dark-fantasy', 'quest-adventure']"
Maleficent: Mistress of Evil,"['dark-fantasy', 'fairy-tale-fantasy']"
Gretel & Hansel,"['dark-fantasy', 'fairy-tale-fantasy', 'folk-horror', 'witch-horror']"
Fallen,"['dark-fantasy', 'serial-killer-crime', 'teen-fantasy']"
Hocus Pocus,"['dark-fantasy', 'fairy-tale-fantasy', 'teen-comedy', 'teen-fantasy']"
Guillermo del Toro's Pinocchio,"['dark-fantasy', 'fairy-tale-fantasy']"
Dracula Untold,"['dark-fantasy', 'supernatural-horror', 'vampire-horror']"
Teen Wolf: The Movie,"['dark-fantasy', 'dark-romance', 'teen-drama', 'teen-fantasy', 'teen-horror', 'teen-romance', 'werewolf-horror']"
Only Lovers Left Alive,"['dark-fantasy', 'dark-romance']"
Death Note,"['dark-fantasy', 'serial-killer-crime', 'supernatural-horror', 'teen-horror']"
The Witches,"['dark-fantasy', 'supernatural-fantasy', 'supernatural-horror']"
The Wolfman,"['dark-fantasy', 'werewolf-horror']"
The Witcher: Nightmare of the Wolf,"['dark-fantasy', 'sword-and-sorcery-fantasy']"
Underworld: Blood Wars,['dark-fantasy']
Abraham Lincoln: Vampire Hunter,"['dark-fantasy', 'vampire-horror']"
The Keep,['dark-fantasy']
The Nightmare Before Christmas,"['dark-fantasy', 'holiday-family', 'holiday-season', 'supernatural-fantasy']"
The Huntsman: Winter's War,"['dark-fantasy', 'fairy-tale-fantasy']"
Cool World,['dark-fantasy']
Monster Hunter,['dark-fantasy']
Corpse Bride,['dark-fantasy']
Time Bandits,"['dark-fantasy', 'epic-fantasy', 'farce-comedy', 'globetrotting-adventure', 'quest-adventure', 'satire-comedy', 'steampunk-sci-fi', 'time-travel-sci-fi']"
Ladyhawke,"['dark-fantasy', 'sword-and-sorcery-fantasy']"
The Dark Crystal,"['dark-fantasy', 'epic-adventure', 'epic-fantasy']"
The Golden Compass,"['dark-fantasy', 'epic-fantasy']"
Vampire Hunter D: Bloodlust,"['dark-fantasy', 'one-person-army-action', 'quest-adventure', 'vampire-horror']"
Mad God,"['dark-fantasy', 'dystopian-sci-fi']"
Let Me In,['dark-fantasy']
The Lord of the Rings,"['dark-fantasy', 'epic-adventure', 'sword-and-sorcery-fantasy']"
Conan the Destroyer,"['dark-fantasy', 'epic-fantasy', 'sword-and-sorcery-fantasy']"
The Black Cauldron,"['dark-fantasy', 'quest-adventure']"
The Secret of NIMH,['dark-fantasy']
A Monster Calls,['dark-fantasy']
Tale of Tales,"['dark-fantasy', 'fairy-tale-fantasy']"
The Sword and the Sorcerer,"['dark-fantasy', 'supernatural-fantasy', 'sword-and-sorcery-fantasy']"
The Last Unicorn,"['dark-fantasy', 'epic-adventure', 'epic-drama', 'epic-fantasy']"
Dracula 2000,"['dark-fantasy', 'supernatural-horror', 'vampire-horror']"
Fire and Ice,"['dark-fantasy', 'sword-and-sorcery-fantasy']"
Dracula,"['dark-fantasy', 'dark-fantasy', 'dark-romance', 'supernatural-horror', 'supernatural-horror', 'vampire-horror', 'vampire-horror']"
Demon Slayer: Kimetsu no Yaiba - The Movie: Mugen Train,"['dark-fantasy', 'superhero-action', 'supernatural-fantasy', 'sword-and-sorcery-fantasy']"
Häxan,"['dark-fantasy', 'folk-horror', 'supernatural-fantasy', 'supernatural-horror', 'witch-horror']"
Deathstalker,"['dark-fantasy', 'sword-and-sorcery-fantasy']"
Lady in the Water,['dark-fantasy']
Mortal Kombat: Annihilation,"['dark-fantasy', 'martial-arts-action', 'supernatural-fantasy']"
Krampus,"['dark-fantasy', 'holiday-season', 'supernatural-horror']"
The House with a Clock in Its Walls,"['dark-fantasy', 'steampunk-sci-fi']"
Wizards,['dark-fantasy']
Dragonslayer,"['dark-fantasy', 'sword-and-sorcery-fantasy']"
7 Guardians of the Tomb,"['dark-fantasy', 'monster-horror']"
BloodRayne,"['dark-fantasy', 'superhero-action', 'vampire-horror']"
New Nightmare,"['dark-fantasy', 'psychological-thriller', 'slasher-horror', 'supernatural-fantasy', 'supernatural-horror']"
Poohniverse: Monsters Assemble,"['dark-fantasy', 'monster-horror', 'slasher-horror']"
Mortal,"['dark-fantasy', 'superhero-action']"
Mirrormask,"['dark-fantasy', 'teen-fantasy']"
The Mummy,"['dark-fantasy', 'desert-adventure', 'globetrotting-adventure', 'quest-adventure', 'supernatural-fantasy', 'supernatural-horror', 'supernatural-horror']"
The Last Wave,"['dark-fantasy', 'legal-drama']"
Something Wicked This Way Comes,['dark-fantasy']
Viy,"['dark-fantasy', 'folk-horror']"
Conquest,['dark-fantasy']
Night Watch,"['dark-fantasy', 'vampire-horror']"
Blacula,"['dark-fantasy', 'dark-romance', 'vampire-horror']"
Snow White: A Tale of Terror,"['dark-fantasy', 'witch-horror']"
Demon Slayer: Kimetsu No Yaiba - To the Swordsmith Village,"['dark-fantasy', 'supernatural-fantasy']"
Vampire in Brooklyn,"['dark-fantasy', 'dark-romance', 'vampire-horror']"
Tideland,['dark-fantasy']
Highlander: Endgame,"['dark-fantasy', 'swashbuckler-adventure']"
Diary of the Dead,"['dark-fantasy', 'found-footage-horror', 'zombie-horror']"
Vampyr,"['dark-fantasy', 'supernatural-horror', 'vampire-horror']"
Mortal Kombat Legends: Scorpion's Revenge,"['dark-fantasy', 'martial-arts-action']"
Justice League Dark,"['dark-fantasy', 'superhero-action']"
Highlander: The Final Dimension,['dark-fantasy']
Made in Abyss: Dawn of the Deep Soul,['dark-fantasy']
Hideaway,"['dark-fantasy', 'psychological-thriller', 'slasher-horror']"
Dracula's Daughter,"['dark-fantasy', 'supernatural-horror', 'vampire-horror']"
Ganja & Hess,"['dark-fantasy', 'dark-romance']"
Demon Slayer: Kimetsu No Yaiba - To the Hashira Training,"['dark-fantasy', 'supernatural-fantasy']"
Taste the Blood of Dracula,"['dark-fantasy', 'vampire-horror']"
Drácula,"['dark-fantasy', 'supernatural-horror', 'vampire-horror']"
Day Watch,"['dark-fantasy', 'vampire-horror']"
Dracula Has Risen from the Grave,"['dark-fantasy', 'vampire-horror']"
Highlander: The Search for Vengeance,['dark-fantasy']
Frankenstein Meets the Wolf Man,"['dark-fantasy', 'monster-horror', 'supernatural-fantasy', 'supernatural-horror', 'werewolf-horror']"
Werewolf of London,"['dark-fantasy', 'werewolf-horror']"
Death Takes a Holiday,"['dark-fantasy', 'dark-romance', 'psychological-drama', 'supernatural-fantasy']"
House of Dracula,"['dark-fantasy', 'monster-horror', 'supernatural-horror', 'vampire-horror', 'werewolf-horror']"
The Buried Giant,"['dark-fantasy', 'fairy-tale-fantasy', 'quest-adventure', 'tragedy-drama']"
"Gamera, the Guardian of the Universe","['dark-fantasy', 'giant-monster-sci-fi', 'monster-horror', 'supernatural-fantasy', 'supernatural-horror']"
Son of Dracula,"['dark-fantasy', 'dark-fantasy', 'supernatural-horror', 'vampire-horror']"
Awakening Sleeping Beauty,"['dark-fantasy', 'dark-romance']"
Hellbound,"['dark-fantasy', 'supernatural-horror']"
Good Manners,"['dark-fantasy', 'werewolf-horror']"
Black Butler: Book of the Atlantic,"['dark-fantasy', 'supernatural-fantasy']"
Young Hercules,"['dark-fantasy', 'superhero-action']"
The Lord Protector,['dark-fantasy']
Night Has a Thousand Eyes,"['dark-fantasy', 'film-noir', 'supernatural-fantasy', 'supernatural-horror']"
Carol for Another Christmas,"['dark-fantasy', 'political-drama']"
Return of the Dark,['dark-fantasy']
Made in Abyss: Wandering Twilight,['dark-fantasy']
The Minion,['dark-fantasy']
The Devil's Envoys,"['dark-fantasy', 'fairy-tale-fantasy', 'period-drama', 'supernatural-fantasy', 'sword-and-sorcery-fantasy', 'tragedy-drama']"
The Prophecy: Forsaken,['dark-fantasy']
Day-Dream,['dark-fantasy']
Legend of the Red Reaper,['dark-fantasy']
Dead Aim,"['dark-fantasy', 'spaghetti-western']"
Ice from the Sun,['dark-fantasy']
Cowboys Vs. Vampires,['dark-fantasy']
Garo: Divine Flame,"['dark-fantasy', 'superhero-action']"
The Thief of Always,['dark-fantasy']
Monster Pabrik Rambut,"['dark-fantasy', 'monster-horror', 'supernatural-fantasy', 'supernatural-horror']"
Debajo de la Cama,['dark-fantasy']
Red Emerald,['dark-fantasy']
The Mystic Tales of Nikolas Winter,['dark-fantasy']
Gorgon,['dark-fantasy']
The Gorge,"['dark-romance', 'monster-horror', 'survival-adventure']"
Eternal Sunshine of the Spotless Mind,"['dark-romance', 'psychological-drama']"
Love Lies Bleeding,"['dark-romance', 'drug-crime', 'erotic-thriller']"
Cruel Intentions,"['dark-romance', 'psychological-drama', 'steamy-romance', 'teen-drama', 'teen-romance']"
True Romance,"['dark-romance', 'drug-crime']"
Little Children,"['dark-romance', 'psychological-drama']"
Unfaithful,"['dark-romance', 'erotic-thriller', 'steamy-romance']"
Indecent Proposal,"['dark-romance', 'steamy-romance']"
King Kong,"['dark-romance', 'dinosaur-adventure', 'dinosaur-adventure', 'dinosaur-adventure', 'epic-adventure', 'epic-adventure', 'globetrotting-adventure', 'globetrotting-adventure', 'jungle-adventure', 'jungle-adventure', 'jungle-adventure', 'monster-horror', 'monster-horror', 'tragedy-drama', 'urban-adventure', 'urban-adventure', 'urban-adventure']"
In the Mood for Love,"['dark-romance', 'tragic-romance']"
The Secret in Their Eyes,"['dark-romance', 'erotic-thriller', 'legal-thriller', 'period-drama', 'psychological-drama', 'psychological-thriller', 'suspense-mystery', 'tragedy-drama', 'whodunnit-mystery']"
Natural Born Killers,"['dark-romance', 'serial-killer-crime']"
Leaving Las Vegas,"['dark-romance', 'psychological-drama', 'steamy-romance', 'tragedy-drama', 'tragic-romance']"
The Dead Thing,"['dark-romance', 'psychological-drama', 'steamy-romance', 'whodunnit-mystery', 'workplace-drama']"
Mr. Nobody,['dark-romance']
Killing Me Softly,"['dark-romance', 'erotic-thriller', 'steamy-romance']"
Body Heat,"['dark-romance', 'erotic-thriller', 'steamy-romance', 'tragedy-drama']"
Crimson Peak,"['dark-romance', 'supernatural-horror', 'suspense-mystery']"
Love Story,"['dark-romance', 'tragedy-drama', 'tragic-romance']"
Gaslight,"['dark-romance', 'psychological-drama', 'psychological-thriller', 'psychological-thriller', 'suspense-mystery']"
Original Sin,"['dark-romance', 'erotic-thriller', 'period-drama', 'psychological-drama', 'steamy-romance']"
Bitter Moon,"['dark-romance', 'erotic-thriller']"
Dangerous Liaisons,"['dark-romance', 'epic-romance', 'period-drama', 'psychological-drama', 'steamy-romance', 'teen-drama', 'teen-romance', 'tragedy-drama', 'tragic-romance']"
Rebecca,"['dark-romance', 'dark-romance', 'psychological-drama', 'psychological-thriller', 'psychological-thriller', 'suspense-mystery']"
Damage,['dark-romance']
Notes on a Scandal,['dark-romance']
Girls on Film,"['dark-romance', 'psychological-drama', 'steamy-romance']"
Halloween Ends,"['dark-romance', 'slasher-horror']"
Lady Macbeth,['dark-romance']
Three Colors: Blue,"['dark-romance', 'psychological-drama', 'tragedy-drama']"
Head-On,"['dark-romance', 'psychological-drama', 'tragedy-drama']"
Seeking a Friend for the End of the World,"['dark-romance', 'road-trip-adventure']"
Three Colors: Red,"['dark-romance', 'psychological-drama', 'tragedy-drama']"
Sid and Nancy,"['dark-romance', 'docudrama']"
Wolf,"['dark-romance', 'psychological-drama', 'psychological-thriller', 'werewolf-horror']"
The Exception,['dark-romance']
The One I Love,"['dark-romance', 'high-concept-comedy', 'psychological-drama', 'suspense-mystery']"
Sunrise,"['dark-romance', 'psychological-drama']"
Wuthering Heights,['dark-romance']
Perdita Durango,"['dark-romance', 'tragic-romance']"
Raise the Red Lantern,"['dark-romance', 'period-drama', 'tragedy-drama']"
Random Hearts,"['dark-romance', 'suspense-mystery', 'tragedy-drama']"
Equals,['dark-romance']
Human Desire,"['dark-romance', 'film-noir', 'film-noir']"
Faithless,['dark-romance']
Broken Embraces,"['dark-romance', 'epic-drama', 'tragedy-drama', 'tragic-romance']"
Asylum,"['dark-romance', 'supernatural-horror']"
Read My Lips,"['dark-romance', 'psychological-thriller']"
Phantom of the Opera,['dark-romance']
Loves of a Blonde,['dark-romance']
Orpheus,"['dark-romance', 'tragedy-drama']"
Of Human Bondage,"['dark-romance', 'film-noir', 'medical-drama', 'medical-drama', 'period-drama', 'tragedy-drama', 'tragic-romance']"
Love and a .45,['dark-romance']
Married Life,"['dark-romance', 'period-drama']"
The Girl in the Red Velvet Swing,"['dark-romance', 'period-drama', 'steamy-romance', 'tragic-romance', 'true-crime']"
L'Atalante,"['dark-romance', 'feel-good-romance', 'romantic-comedy', 'satire-comedy']"
Dot the I,"['dark-romance', 'psychological-drama', 'psychological-thriller']"
The Phantom of the Opera,"['dark-romance', 'pop-musical', 'tragedy-drama', 'tragic-romance']"
Petulia,"['dark-romance', 'psychological-drama', 'tragic-romance']"
Lightning Strikes Twice,"['dark-romance', 'film-noir', 'psychological-drama', 'whodunnit-mystery']"
Lovers: A True Story,['dark-romance']
Within Our Gates,"['dark-romance', 'feel-good-romance', 'political-drama']"
Blood and Sand,"['dark-romance', 'period-drama', 'tragedy-drama', 'tragic-romance']"
Before It Had a Name,"['dark-romance', 'tragedy-drama']"
God's Gift to Women,"['dark-romance', 'tragic-romance']"
Serenade,['dark-romance']
Hard Luck Love Song,['dark-romance']
The Mysterious Dr. Fu Manchu,['dark-romance']
She Had to Say Yes,['dark-romance']
"Edward, My Son",['dark-romance']
Living on Velvet,['dark-romance']
Smilin' Through,"['dark-romance', 'epic-romance']"
Law of the Tropics,['dark-romance']
Lovers Courageous,['dark-romance']
Green Door,['dark-romance']
Dune: Part One,"['desert-adventure', 'epic-sci-fi', 'space-sci-fi']"
Dune,"['desert-adventure', 'epic-sci-fi', 'space-sci-fi']"
Raiders of the Lost Ark,"['desert-adventure', 'epic-adventure', 'globetrotting-adventure', 'quest-adventure']"
Once Upon a Time in the West,"['desert-adventure', 'epic-drama', 'epic-western', 'spaghetti-western']"
Holes,"['desert-adventure', 'satire-comedy', 'teen-adventure', 'teen-drama']"
Indiana Jones and the Last Crusade,"['desert-adventure', 'epic-adventure', 'globetrotting-adventure', 'quest-adventure']"
Aladdin,"['desert-adventure', 'desert-adventure', 'epic-adventure', 'fairy-tale-fantasy', 'fairy-tale-fantasy', 'feel-good-romance', 'pop-musical', 'pop-musical']"
The Extraordinary Adventures of Adèle Blanc-Sec,"['desert-adventure', 'globetrotting-adventure', 'quest-adventure']"
Lawrence of Arabia,"['desert-adventure', 'epic-adventure', 'epic-drama', 'epic-war', 'tragedy-drama']"
Stargate,"['desert-adventure', 'space-sci-fi']"
The English Patient,"['desert-adventure', 'epic-romance', 'period-drama', 'steamy-romance', 'tragedy-drama', 'tragic-romance']"
The Mummy Returns,"['desert-adventure', 'supernatural-fantasy']"
Gods of Egypt,"['desert-adventure', 'epic-fantasy', 'supernatural-fantasy', 'sword-and-sandal-action']"
The Ten Commandments,"['desert-adventure', 'epic-adventure', 'epic-drama']"
The Prince of Egypt,"['desert-adventure', 'epic-adventure']"
Cleopatra,"['desert-adventure', 'docudrama', 'epic-history']"
Prince of Persia: The Sands of Time,"['desert-adventure', 'swashbuckler-adventure', 'sword-and-sandal-action']"
Bite the Bullet,"['desert-adventure', 'epic-adventure', 'period-drama']"
The Mummy: Tomb of the Dragon Emperor,"['desert-adventure', 'martial-arts-action', 'supernatural-fantasy', 'supernatural-horror']"
The Scorpion King,['desert-adventure']
Sahara,"['desert-adventure', 'desert-adventure', 'globetrotting-adventure']"
Geronimo: An American Legend,"['desert-adventure', 'epic-western']"
The Rescuers Down Under,"['desert-adventure', 'globetrotting-adventure', 'mountain-adventure', 'quest-adventure']"
The Gods Must Be Crazy,['desert-adventure']
Hidalgo,"['desert-adventure', 'epic-western', 'period-drama']"
Hidden Strike,"['desert-adventure', 'martial-arts-action']"
Flight of the Phoenix,"['desert-adventure', 'psychological-drama', 'survival-adventure']"
An American Tail: Fievel Goes West,['desert-adventure']
Queen of the Desert,"['desert-adventure', 'period-drama']"
Tracks,['desert-adventure']
The Sheltering Sky,['desert-adventure']
Gerry,"['desert-adventure', 'survival-adventure']"
The Thief and the Cobbler,"['desert-adventure', 'quest-adventure', 'swashbuckler-adventure']"
Lawman,['desert-adventure']
Sodom and Gomorrah,"['desert-adventure', 'epic-history']"
A Far Off Place,"['desert-adventure', 'survival-adventure']"
Ulzana's Raid,"['desert-adventure', 'quest-adventure']"
Ice Cold in Alex,['desert-adventure']
Metalstorm: The Destruction of Jared-Syn,['desert-adventure']
El Norte,"['desert-adventure', 'quest-adventure', 'survival-adventure', 'urban-adventure']"
Legend of the Lost,"['desert-adventure', 'quest-adventure']"
The Hired Gun,['desert-adventure']
The Four Feathers,"['desert-adventure', 'epic-adventure', 'epic-romance', 'epic-romance', 'epic-war', 'period-drama', 'period-drama', 'quest-adventure']"
Battletruck,"['desert-adventure', 'dystopian-sci-fi']"
The Adventures of Prince Achmed,"['desert-adventure', 'epic-adventure', 'epic-drama', 'epic-fantasy', 'epic-romance', 'period-drama', 'sword-and-sorcery-fantasy', 'tragedy-drama']"
The Thief of Bagdad,"['desert-adventure', 'epic-adventure', 'epic-fantasy', 'epic-romance', 'quest-adventure', 'supernatural-fantasy', 'swashbuckler-adventure', 'sword-and-sorcery-fantasy']"
Abbott and Costello Meet the Mummy,"['desert-adventure', 'screwball-comedy', 'slapstick-comedy']"
Sphinx,"['desert-adventure', 'quest-adventure']"
Dirkie,['desert-adventure']
The Touch,"['desert-adventure', 'martial-arts-action']"
The Young Black Stallion,['desert-adventure']
Safari 3000,"['desert-adventure', 'motorsports-sport']"
Tarzan's Desert Mystery,"['desert-adventure', 'quest-adventure']"
The Desert of Forbidden Art,['desert-adventure']
Something New,"['desert-adventure', 'romantic-comedy', 'survival-adventure']"
Desert Pursuit,"['desert-adventure', 'quest-adventure']"
Jurassic Park,"['dinosaur-adventure', 'jungle-adventure']"
Jurassic World: Dominion,"['dinosaur-adventure', 'globetrotting-adventure']"
Jurassic World,"['dinosaur-adventure', 'jungle-adventure']"
The Lost World: Jurassic Park,"['dinosaur-adventure', 'jungle-adventure']"
Jurassic World: Fallen Kingdom,['dinosaur-adventure']
Jurassic Park III,"['dinosaur-adventure', 'jungle-adventure']"
65,"['dinosaur-adventure', 'survival-adventure']"
Godzilla vs. Kong,"['dinosaur-adventure', 'disaster-action', 'giant-monster-sci-fi']"
The Land Before Time,"['dinosaur-adventure', 'quest-adventure', 'survival-adventure']"
Journey to the Center of the Earth,"['dinosaur-adventure', 'quest-adventure']"
Land of the Lost,['dinosaur-adventure']
"10,000 BC","['dinosaur-adventure', 'period-drama']"
We're Back! A Dinosaur's Story,"['dinosaur-adventure', 'time-travel-sci-fi', 'urban-adventure']"
When Dinosaurs Ruled the Earth,['dinosaur-adventure']
Barney's Great Adventure,['dinosaur-adventure']
The People That Time Forgot,"['dinosaur-adventure', 'dystopian-sci-fi']"
The Lost World,"['dinosaur-adventure', 'dinosaur-adventure', 'dinosaur-adventure', 'jungle-adventure', 'jungle-adventure', 'quest-adventure', 'quest-adventure']"
One of Our Dinosaurs Is Missing,['dinosaur-adventure']
Baby: Secret of the Lost Legend,"['dinosaur-adventure', 'jungle-adventure']"
The Land That Time Forgot,['dinosaur-adventure']
King Kong vs. Godzilla,"['dinosaur-adventure', 'dinosaur-adventure', 'disaster-action', 'disaster-action', 'giant-monster-sci-fi', 'giant-monster-sci-fi', 'parody-comedy', 'parody-comedy', 'quirky-comedy', 'quirky-comedy', 'satire-comedy', 'satire-comedy', 'slapstick-comedy', 'slapstick-comedy', 'supernatural-fantasy', 'supernatural-fantasy', 'urban-adventure', 'urban-adventure']"
100 Million BC,['dinosaur-adventure']
Prehysteria!,['dinosaur-adventure']
Primitive War,['dinosaur-adventure']
The Land Before Time II: The Great Valley Adventure,['dinosaur-adventure']
Mothra vs. Godzilla,"['dinosaur-adventure', 'giant-monster-sci-fi', 'globetrotting-adventure', 'supernatural-fantasy']"
The Dinosaur Project,"['dinosaur-adventure', 'found-footage-horror']"
Son of Godzilla,"['dinosaur-adventure', 'giant-monster-sci-fi', 'jungle-adventure', 'quirky-comedy', 'slapstick-comedy', 'supernatural-fantasy']"
Godzilla vs. Mechagodzilla II,"['dinosaur-adventure', 'disaster-action', 'giant-monster-sci-fi', 'urban-adventure']"
Godzilla Raids Again,"['dinosaur-adventure', 'disaster-action', 'giant-monster-sci-fi', 'monster-horror', 'supernatural-horror']"
Godzilla vs. Megalon,"['dinosaur-adventure', 'giant-monster-sci-fi', 'superhero-action']"
"Ebirah, Horror of the Deep","['dinosaur-adventure', 'giant-monster-sci-fi', 'sea-adventure', 'supernatural-fantasy']"
All Monsters Attack,"['dinosaur-adventure', 'supernatural-fantasy']"
The Land Unknown,['dinosaur-adventure']
Adventures in Dinosaur City,['dinosaur-adventure']
The Land Before Time V: The Mysterious Island,"['dinosaur-adventure', 'quest-adventure']"
The Land Before Time IV: Journey Through the Mists,"['dinosaur-adventure', 'quest-adventure']"
Godzilla vs. Hedorah,"['dinosaur-adventure', 'disaster-action', 'giant-monster-sci-fi', 'superhero-action']"
Lost Continent,['dinosaur-adventure']
The Crater Lake Monster,['dinosaur-adventure']
A Journey to the Beginning of Time,['dinosaur-adventure']
The Land Before Time III: The Time of the Great Giving,"['dinosaur-adventure', 'jungle-adventure', 'period-drama', 'pop-musical', 'quest-adventure']"
The Adventures of Jurassic Pet,['dinosaur-adventure']
Return to the Lost World,['dinosaur-adventure']
Dino Dana: The Movie,['dinosaur-adventure']
The Land Before Time XI: Invasion of the Tinysauruses,['dinosaur-adventure']
Dinosaur Hotel,['dinosaur-adventure']
Jurassic Hunt,['dinosaur-adventure']
Doraemon the Movie: Nobita's Dinosaur,['dinosaur-adventure']
The Adventures of Jurassic Pet: The Lost Secret,['dinosaur-adventure']
Dinosaur Train: Adventure Island,['dinosaur-adventure']
Back to the Jurassic,['dinosaur-adventure']
Prehysteria! 2,['dinosaur-adventure']
Rise of the Dinosaurs,"['dinosaur-adventure', 'jungle-adventure']"
The Mighty Kong,"['dinosaur-adventure', 'jungle-adventure']"
Prehysteria! 3,['dinosaur-adventure']
Unknown Island,"['dinosaur-adventure', 'giant-monster-sci-fi']"
Dinocroc,['dinosaur-adventure']
The Little Penguin Pororo's Dinosaur Island Adventure,['dinosaur-adventure']
Anak ng bulkan,['dinosaur-adventure']
My Jurassic Place,['dinosaur-adventure']
Samson,"['dinosaur-adventure', 'superhero-action']"
The Cretaceous City,['dinosaur-adventure']
Adventure at the Center of the Earth,['dinosaur-adventure']
The Practical Man's Guide to Raising Dragons,['dinosaur-adventure']
Punks vs Dinosaurs,['dinosaur-adventure']
Titanic,"['disaster-action', 'epic-drama', 'epic-romance', 'period-drama', 'period-drama', 'tragedy-drama', 'tragedy-drama', 'tragic-romance', 'tragic-romance']"
Twisters,['disaster-action']
The Poseidon Adventure,"['disaster-action', 'survival-adventure']"
Armageddon,"['disaster-action', 'space-sci-fi']"
Twister,"['disaster-action', 'survival-adventure']"
The Day After Tomorrow,"['disaster-action', 'survival-adventure']"
The Impossible,"['disaster-action', 'tragedy-drama']"
Die Hard,"['disaster-action', 'holiday-season', 'one-person-army-action']"
Greenland,['disaster-action']
2012,"['disaster-action', 'survival-adventure']"
Cloverfield,"['disaster-action', 'found-footage-horror', 'giant-monster-sci-fi', 'monster-horror', 'supernatural-horror']"
World War Z,"['disaster-action', 'globetrotting-adventure', 'zombie-horror']"
Deepwater Horizon,"['disaster-action', 'docudrama', 'tragedy-drama']"
San Andreas,"['disaster-action', 'urban-adventure']"
Deep Impact,"['disaster-action', 'space-sci-fi']"
Knowing,"['disaster-action', 'suspense-mystery', 'tragedy-drama']"
Moonfall,['disaster-action']
Only the Brave,"['disaster-action', 'docudrama']"
Gravity,"['disaster-action', 'epic-sci-fi', 'space-sci-fi', 'survival-adventure']"
Geostorm,['disaster-action']
Thirteen Lives,"['disaster-action', 'docudrama', 'survival-adventure']"
Sully,"['disaster-action', 'docudrama']"
Underwater,"['disaster-action', 'psychological-thriller', 'sea-adventure']"
No Way Up,"['disaster-action', 'survival-adventure']"
Contagion,['disaster-action']
Unstoppable,"['disaster-action', 'docudrama']"
Outbreak,['disaster-action']
Pompeii,"['disaster-action', 'epic-drama', 'epic-romance', 'sword-and-sandal-action']"
The Towering Inferno,['disaster-action']
Poseidon,"['disaster-action', 'sea-adventure', 'survival-adventure']"
The Perfect Storm,"['disaster-action', 'docudrama', 'sea-adventure', 'survival-adventure']"
Disaster Movie,"['disaster-action', 'parody-comedy', 'raunchy-comedy', 'superhero-action']"
Crawl,"['disaster-action', 'monster-horror']"
Dante's Peak,"['disaster-action', 'mountain-adventure', 'survival-adventure', 'tragedy-drama']"
Volcano,['disaster-action']
Continental Split,['disaster-action']
The Finest Hours,['disaster-action']
The Wave,['disaster-action']
Into the Storm,['disaster-action']
Adrift,"['disaster-action', 'sea-adventure', 'survival-adventure']"
Juggernaut,"['disaster-action', 'psychological-thriller']"
The Burning Sea,['disaster-action']
Badland Hunters,"['disaster-action', 'dystopian-sci-fi', 'gun-fu-action', 'tragedy-drama']"
The 33,"['disaster-action', 'docudrama', 'survival-adventure']"
Airport '77,['disaster-action']
World Trade Center,"['disaster-action', 'docudrama']"
The Quake,['disaster-action']
The Wolf's Call,"['disaster-action', 'political-thriller']"
Meteor,"['disaster-action', 'space-sci-fi']"
The Hurricane Heist,['disaster-action']
Supercell,['disaster-action']
Virus,['disaster-action']
The Swarm,['disaster-action']
9/11,['disaster-action']
Zero Hour!,"['disaster-action', 'survival-adventure']"
Pandora,['disaster-action']
Aftershock,['disaster-action']
2012: Ice Age,['disaster-action']
Avalanche,['disaster-action']
2012: Doomsday,"['disaster-action', 'space-sci-fi']"
The Devil at 4 O'Clock,['disaster-action']
Rodan,"['disaster-action', 'giant-monster-sci-fi']"
LA Apocalypse,['disaster-action']
10.0 Earthquake,['disaster-action']
The Final Storm,['disaster-action']
Post Impact,['disaster-action']
Cold Zone,['disaster-action']
Asteroid-a-Geddon,['disaster-action']
Deluge,['disaster-action']
Submersion of Japan,['disaster-action']
Bullet Train Explosion,['disaster-action']
The Great Flood,['disaster-action']
Storm War,['disaster-action']
The Crowded Sky,"['disaster-action', 'survival-adventure']"
Gorath,"['disaster-action', 'epic-drama', 'epic-sci-fi', 'space-sci-fi']"
China Sky,"['disaster-action', 'medical-drama']"
Gigantis: The Fire Monster,"['disaster-action', 'giant-monster-sci-fi', 'monster-horror', 'supernatural-horror']"
Everybody's Hobby,"['disaster-action', 'mountain-adventure', 'screwball-comedy']"
The Plush 101 Movie,"['disaster-action', 'epic-adventure', 'slapstick-comedy', 'teen-comedy']"
Skyscraper on an Uninhabited Island 2,['disaster-action']
Love Driven,['disaster-action']
A Complete Unknown,"['docudrama', 'period-drama']"
I'm Still Here,"['docudrama', 'mockumentary-comedy', 'period-drama', 'political-drama']"
September 5,"['docudrama', 'period-drama', 'tragedy-drama']"
The Apprentice,"['docudrama', 'period-drama']"
Oppenheimer,"['docudrama', 'epic-drama', 'epic-history', 'period-drama', 'psychological-drama']"
Better Man,"['docudrama', 'psychological-drama']"
Schindler's List,"['docudrama', 'epic-drama', 'epic-history', 'period-drama', 'prison-drama', 'tragedy-drama']"
Warfare,"['docudrama', 'epic-war']"
Goodfellas,"['docudrama', 'gangster-crime', 'true-crime']"
The Pianist,"['docudrama', 'epic-drama', 'epic-war', 'period-drama', 'tragedy-drama']"
Lee,"['docudrama', 'epic-drama', 'epic-history', 'epic-war', 'period-drama']"
Hit Man,"['docudrama', 'romantic-comedy']"
Green Book,"['docudrama', 'period-drama', 'road-trip-adventure']"
The Theory of Everything,"['docudrama', 'medical-drama']"
The Irishman,"['docudrama', 'epic-drama', 'gangster-crime', 'period-drama', 'true-crime']"
The Social Network,"['docudrama', 'epic-drama', 'legal-drama']"
Hidden Figures,['docudrama']
Chariots of Fire,"['docudrama', 'period-drama']"
Hacksaw Ridge,"['docudrama', 'epic-drama', 'epic-war', 'period-drama']"
The Iron Claw,"['docudrama', 'tragedy-drama']"
The Intouchables,['docudrama']
Casino,"['docudrama', 'epic-drama', 'gangster-crime', 'true-crime']"
A Beautiful Mind,"['docudrama', 'period-drama', 'psychological-drama']"
Beautiful Boy,['docudrama']
Bohemian Rhapsody,"['docudrama', 'period-drama', 'showbiz-drama']"
Sound of Freedom,"['docudrama', 'true-crime']"
Downfall,"['docudrama', 'political-drama', 'tragedy-drama']"
Miracle,['docudrama']
Ford v Ferrari,"['docudrama', 'motorsports-sport', 'period-drama']"
Zero Dark Thirty,"['docudrama', 'political-drama', 'political-thriller']"
Spotlight,"['docudrama', 'legal-drama', 'period-drama', 'true-crime', 'workplace-drama']"
Erin Brockovich,"['docudrama', 'legal-drama', 'workplace-drama']"
Society of the Snow,"['docudrama', 'mountain-adventure', 'survival-adventure']"
American Sniper,['docudrama']
The Founder,"['docudrama', 'financial-drama', 'period-drama', 'workplace-drama']"
American Gangster,"['docudrama', 'drug-crime', 'gangster-crime', 'period-drama', 'true-crime']"
The Aviator,"['docudrama', 'epic-drama', 'period-drama']"
Gandhi,"['docudrama', 'epic-drama', 'period-drama']"
The Elephant Man,"['docudrama', 'period-drama', 'tragedy-drama']"
Flight,"['docudrama', 'psychological-drama']"
Dallas Buyers Club,"['docudrama', 'medical-drama', 'period-drama']"
Walk the Line,"['docudrama', 'period-drama', 'tragic-romance']"
Malcolm X,"['docudrama', 'epic-drama', 'period-drama', 'political-drama']"
Argo,"['docudrama', 'period-drama', 'political-drama', 'political-thriller']"
Lincoln,"['docudrama', 'period-drama', 'political-drama']"
Respect,['docudrama']
The Two Popes,['docudrama']
Elvis,"['docudrama', 'epic-drama', 'period-drama', 'showbiz-drama']"
Escape from Pretoria,"['docudrama', 'prison-drama', 'true-crime']"
The Straight Story,"['docudrama', 'road-trip-adventure']"
Bombshell,"['docudrama', 'satire-comedy', 'screwball-comedy', 'workplace-drama']"
Straight Outta Compton,"['docudrama', 'period-drama', 'showbiz-drama']"
One Life,"['docudrama', 'period-drama']"
Rush,"['docudrama', 'motorsports-sport', 'period-drama']"
The Post,"['docudrama', 'period-drama', 'political-drama', 'political-thriller']"
Reagan,['docudrama']
Molly's Game,"['docudrama', 'legal-drama', 'true-crime']"
She Said,"['docudrama', 'workplace-drama']"
Unbroken,"['docudrama', 'epic-war', 'period-drama', 'prison-drama']"
Lone Survivor,"['docudrama', 'one-person-army-action']"
Public Enemies,"['docudrama', 'gangster-crime', 'period-drama', 'true-crime', 'true-crime']"
Back to Black,['docudrama']
Rocketman,"['docudrama', 'pop-musical', 'rock-musical']"
Maestro,['docudrama']
Ferrari,"['docudrama', 'motorsports-sport']"
127 Hours,"['docudrama', 'psychological-drama', 'survival-adventure']"
Tetris,['docudrama']
Everest,"['docudrama', 'mountain-adventure', 'survival-adventure']"
The Last Emperor,"['docudrama', 'epic-history', 'period-drama']"
House of Gucci,"['docudrama', 'legal-drama', 'psychological-drama', 'tragedy-drama', 'true-crime']"
Dark Waters,"['docudrama', 'film-noir', 'legal-drama']"
Harriet,"['docudrama', 'period-drama']"
Pain Hustlers,"['docudrama', 'drug-crime', 'true-crime']"
Breaking,"['docudrama', 'true-crime']"
Blow,"['docudrama', 'drug-crime', 'tragedy-drama', 'true-crime']"
Donnie Brasco,"['docudrama', 'gangster-crime', 'true-crime']"
First Man,"['docudrama', 'period-drama', 'tragedy-drama']"
Dumb Money,"['docudrama', 'financial-drama']"
An American Crime,"['docudrama', 'period-drama', 'tragedy-drama', 'true-crime']"
The Trial of the Chicago 7,"['docudrama', 'legal-drama', 'political-drama']"
In the Name of the Father,"['docudrama', 'legal-drama', 'period-drama', 'prison-drama', 'tragedy-drama', 'true-crime']"
All the Money in the World,"['docudrama', 'financial-drama', 'period-drama', 'true-crime']"
"Extremely Wicked, Shockingly Evil and Vile","['docudrama', 'period-drama', 'serial-killer-crime', 'true-crime', 'whodunnit-mystery']"
Captain Phillips,"['docudrama', 'true-crime']"
The Greatest Beer Run Ever,"['docudrama', 'period-drama']"
Minari,['docudrama']
The Doors,"['docudrama', 'period-drama']"
Judy,"['docudrama', 'period-drama']"
Wild,"['docudrama', 'mountain-adventure', 'period-drama', 'road-trip-adventure']"
Capote,"['docudrama', 'period-drama', 'true-crime']"
A Beautiful Day in the Neighborhood,['docudrama']
Whitney Houston: I Wanna Dance with Somebody,"['docudrama', 'showbiz-drama']"
Reality,"['docudrama', 'legal-drama']"
Stronger,['docudrama']
Richard Jewell,"['docudrama', 'true-crime']"
Changeling,"['docudrama', 'period-drama', 'true-crime']"
Bob Marley: One Love,['docudrama']
BlackBerry,"['docudrama', 'financial-drama', 'period-drama', 'workplace-drama']"
Frida,"['docudrama', 'period-drama']"
Spencer,"['docudrama', 'psychological-drama']"
Hotel Rwanda,"['docudrama', 'epic-drama']"
Charlie Wilson's War,"['docudrama', 'political-drama', 'satire-comedy']"
"tick, tick... BOOM!","['docudrama', 'pop-musical']"
King Richard,['docudrama']
The Long Game,['docudrama']
The Lost City of Z,"['docudrama', 'epic-adventure', 'epic-drama', 'jungle-adventure', 'period-drama']"
Scoop,['docudrama']
Mank,"['docudrama', 'period-drama', 'showbiz-drama']"
Ray,"['docudrama', 'period-drama', 'tragedy-drama']"
The Motorcycle Diaries,"['docudrama', 'period-drama', 'road-trip-adventure']"
Ip Man,"['docudrama', 'kung-fu-action', 'martial-arts-action', 'period-drama']"
Alive,"['docudrama', 'mountain-adventure', 'period-drama', 'survival-adventure', 'tragedy-drama', 'zombie-horror']"
Joy,"['docudrama', 'medical-drama', 'period-drama', 'workplace-drama']"
Patch Adams,"['docudrama', 'medical-drama']"
Steve Jobs,['docudrama']
Man on the Moon,"['docudrama', 'showbiz-drama']"
The Iron Lady,['docudrama']
Lamborghini: The Man Behind the Legend,['docudrama']
Fighting with My Family,['docudrama']
Jesus Revolution,['docudrama']
The Outpost,['docudrama']
Lords of Dogtown,"['docudrama', 'period-drama']"
Selma,"['docudrama', 'period-drama']"
The Burial,"['docudrama', 'legal-drama']"
Boston Strangler,"['docudrama', 'serial-killer-crime', 'true-crime']"
The Hurricane,"['docudrama', 'political-drama']"
The Great Debaters,"['docudrama', 'period-drama']"
Big George Foreman,['docudrama']
Amistad,"['docudrama', 'period-drama']"
Born on the Fourth of July,"['docudrama', 'epic-drama']"
Judas and the Black Messiah,"['docudrama', 'period-drama', 'political-drama']"
United 93,"['docudrama', 'tragedy-drama']"
Foxcatcher,"['docudrama', 'period-drama']"
Saving Mr. Banks,"['docudrama', 'period-drama', 'showbiz-drama']"
Flamin' Hot,['docudrama']
Chaplin,"['docudrama', 'period-drama', 'showbiz-drama']"
At Eternity's Gate,"['docudrama', 'period-drama']"
Milk,"['docudrama', 'period-drama', 'political-drama']"
Jobs,['docudrama']
Invictus,['docudrama']
Dahmer,"['docudrama', 'serial-killer-crime', 'slasher-horror', 'true-crime']"
J. Edgar,"['docudrama', 'period-drama', 'political-drama']"
Marshall,"['docudrama', 'legal-drama', 'period-drama', 'true-crime']"
Maharaj,"['docudrama', 'legal-drama', 'legal-thriller', 'period-drama']"
Ali,['docudrama']
Thirteen Days,"['docudrama', 'period-drama', 'political-drama', 'political-thriller']"
Mary Shelley,['docudrama']
The Walk,"['docudrama', 'docudrama', 'period-drama']"
Miss Potter,"['docudrama', 'period-drama']"
Red Tails,['docudrama']
El Cid,"['docudrama', 'epic-history', 'epic-war']"
Michael Collins,['docudrama']
Frost/Nixon,"['docudrama', 'political-drama']"
La Vie En Rose,"['docudrama', 'period-drama']"
Escape from Germany,"['docudrama', 'period-drama']"
The Best of Enemies,['docudrama']
Till,"['docudrama', 'period-drama']"
Mommie Dearest,"['docudrama', 'psychological-drama', 'showbiz-drama']"
The Battle of Algiers,"['docudrama', 'political-drama']"
22 July,"['docudrama', 'tragedy-drama', 'true-crime']"
Battle of the Sexes,"['docudrama', 'period-drama']"
Sergio,['docudrama']
Nixon,"['docudrama', 'epic-drama', 'political-drama']"
Rustin,"['docudrama', 'political-drama']"
Basquiat,['docudrama']
The Queen,"['docudrama', 'political-drama']"
The Duke,"['docudrama', 'true-crime']"
Andrei Rublev,"['docudrama', 'period-drama']"
Pollock,"['docudrama', 'period-drama', 'tragedy-drama']"
The Diving Bell and the Butterfly,"['docudrama', 'medical-drama']"
A Civil Action,"['docudrama', 'legal-drama']"
Fearless,"['docudrama', 'kung-fu-action', 'martial-arts-action']"
Antwone Fisher,['docudrama']
"Love, Kennedy","['docudrama', 'tragedy-drama']"
The Sea Inside,"['docudrama', 'psychological-drama']"
Dolemite Is My Name,"['docudrama', 'period-drama', 'showbiz-drama']"
The Greatest Game Ever Played,"['docudrama', 'period-drama']"
Can You Ever Forgive Me?,"['docudrama', 'period-drama', 'true-crime']"
The St. Valentine's Day Massacre,"['docudrama', 'true-crime']"
Bloody Sunday,"['docudrama', 'period-drama']"
United,"['docudrama', 'soccer-sport']"
The Beautiful Game,"['docudrama', 'soccer-sport']"
Bad Education,"['docudrama', 'true-crime', 'workplace-drama']"
The Diary of Anne Frank,['docudrama']
The Damned United,"['docudrama', 'soccer-sport']"
Karla,"['docudrama', 'psychological-thriller', 'serial-killer-crime', 'true-crime']"
A Beautiful Life,['docudrama']
The Notorious Bettie Page,"['docudrama', 'period-drama', 'showbiz-drama']"
The Imposter,"['docudrama', 'psychological-drama', 'psychological-thriller', 'tragedy-drama', 'true-crime']"
Shirley,"['docudrama', 'political-drama']"
Battleship Potemkin,"['docudrama', 'epic-history', 'epic-war', 'period-drama']"
Gorillas in the Mist,"['docudrama', 'jungle-adventure']"
Get on Up,['docudrama']
Golda,"['docudrama', 'political-drama']"
Infamous,"['docudrama', 'period-drama', 'true-crime']"
Asoka,"['docudrama', 'epic-war', 'period-drama']"
Benediction,"['docudrama', 'epic-war']"
Ghosts of Mississippi,"['docudrama', 'legal-drama']"
Song Sung Blue,"['docudrama', 'pop-musical']"
"A chronicle of the incidents that took place under the leadership of Mrs. Indira Gandhi, one of the most powerful women in Indian history.","['docudrama', 'period-drama', 'political-drama']"
Dersu Uzala,"['docudrama', 'period-drama']"
Confessions of a Brazilian Call Girl,['docudrama']
Dolphin Tale,['docudrama']
Goya's Ghosts,"['docudrama', 'period-drama']"
The Front Runner,"['docudrama', 'political-drama']"
The Agony and the Ecstasy,"['docudrama', 'epic-history', 'period-drama']"
The United States vs. Billie Holiday,['docudrama']
Cromwell,"['docudrama', 'epic-history', 'period-drama']"
Pele: Birth of a Legend,"['docudrama', 'soccer-sport']"
Gigi & Nate,['docudrama']
I'm Not Ashamed,"['docudrama', 'period-drama', 'teen-drama']"
Mesrine: Killer Instinct,"['docudrama', 'true-crime']"
Little Ashes,"['docudrama', 'period-drama']"
Sanju,"['docudrama', 'showbiz-drama']"
Lust for Life,['docudrama']
The Silent Twins,['docudrama']
Mesrine: Public Enemy No. 1,"['docudrama', 'true-crime']"
The Pirates of Somalia,['docudrama']
Chapter 27,"['docudrama', 'period-drama', 'true-crime']"
Alexander the Great,"['docudrama', 'epic-history', 'sword-and-sandal-action']"
Alexander Nevsky,['docudrama']
Amar Singh Chamkila,"['docudrama', 'political-drama']"
I Dreamed of Africa,['docudrama']
Swiped,['docudrama']
Borg vs. McEnroe,"['docudrama', 'period-drama']"
I Shot Andy Warhol,['docudrama']
Call Northside 777,"['docudrama', 'film-noir']"
Creation,['docudrama']
Hitler: The Last Ten Days,['docudrama']
Patty Hearst,['docudrama']
Blaze,['docudrama']
Real Life,"['docudrama', 'high-concept-comedy', 'parody-comedy', 'satire-comedy']"
Young Winston,"['docudrama', 'period-drama']"
Dolphin Tale 2,['docudrama']
JT LeRoy,['docudrama']
"Ivan the Terrible, Part I",['docudrama']
Nanook of the North,['docudrama']
17 Miracles,"['docudrama', 'period-drama']"
The Lost Honor of Katharina Blum,"['docudrama', 'heist-crime', 'political-drama']"
Beautiful Rebel,['docudrama']
The Journey,"['docudrama', 'political-drama', 'political-drama', 'tragedy-drama']"
Broad Peak,"['docudrama', 'epic-drama', 'mountain-adventure']"
Houdini,['docudrama']
Silverton Siege,"['docudrama', 'heist-crime', 'true-crime']"
Hannibal,"['docudrama', 'psychological-drama', 'psychological-thriller', 'serial-killer-crime', 'sword-and-sandal-action']"
The St. Louis Bank Robbery,['docudrama']
Attila,['docudrama']
Tom & Viv,"['docudrama', 'period-drama', 'tragic-romance']"
Habibie & Ainun,"['docudrama', 'feel-good-romance', 'period-drama', 'political-drama']"
Paskal,"['docudrama', 'sea-adventure']"
October (Ten Days that Shook the World),['docudrama']
Teenage Sex Report,['docudrama']
The Fighting Preacher,"['docudrama', 'period-drama']"
Black Like Me,['docudrama']
Christmas as Usual,"['docudrama', 'romantic-comedy']"
Tortured for Christ,['docudrama']
Battle for Haditha,['docudrama']
Saladin,"['docudrama', 'epic-history', 'sword-and-sandal-action']"
Dear Mr. Gacy,"['docudrama', 'psychological-thriller', 'true-crime']"
Kamikaze Hearts,['docudrama']
Lefter: The Story of the Ordinarius,"['docudrama', 'soccer-sport']"
The Phenix City Story,"['docudrama', 'film-noir', 'true-crime']"
The Sparring Partner,['docudrama']
Marco the Magnificent,['docudrama']
The Disappearance of Josef Mengele,"['docudrama', 'period-drama']"
Yngsjömordet,"['docudrama', 'true-crime']"
The Saratov Approach,['docudrama']
Glenn Fredly: The Movie,['docudrama']
"Goodbye, Norma Jean",['docudrama']
Harlow,['docudrama']
One + One,['docudrama']
The Swedish Connection,"['docudrama', 'period-drama']"
San Demetrio London,['docudrama']
Man of Aran,"['docudrama', 'sea-adventure']"
Quezon's Game,['docudrama']
Winnie Mandela,['docudrama']
Martin Luther,['docudrama']
Diaries Notes and Sketches,['docudrama']
Stunt Rock,['docudrama']
The Killing of John Lennon,"['docudrama', 'true-crime']"
Victoria the Great,['docudrama']
Emma Smith: My Story,"['docudrama', 'period-drama']"
Kampen om tungtvannet,"['docudrama', 'period-drama']"
Meie Erika,['docudrama']
Buya Hamka Vol. 1,"['docudrama', 'period-drama']"
The Whistle at Eaton Falls,['docudrama']
A Man Vanishes,['docudrama']
Van Gogh,['docudrama']
Louisiana Story,['docudrama']
Speck,"['docudrama', 'serial-killer-crime', 'true-crime']"
Alexander Hamilton,"['docudrama', 'period-drama']"
The Lion Who Thought He Was People,['docudrama']
The Night They Killed Rasputin,['docudrama']
Mirza Ghalib,['docudrama']
The Brave Don't Cry,['docudrama']
Hamka & Siti Raham Vol. 2,"['docudrama', 'period-drama']"
"Good Times, Wonderful Times",['docudrama']
Sant Tukaram,['docudrama']
Susi Susanti: Love All,['docudrama']
Deliverance,"['docudrama', 'psychological-thriller', 'survival-adventure']"
El último malón,['docudrama']
The Dramatic Life of Abraham Lincoln,['docudrama']
La città dolente,['docudrama']
Tragedy in Tin Can Holler,['docudrama']
Via Appia,['docudrama']
Holiwater,['docudrama']
A Public Affair,['docudrama']
Narrien illat,['docudrama']
The Other Side of Bonnie and Clyde,['docudrama']
Black Site,['docudrama']
The Forgotten Village,['docudrama']
Queen of Destiny,['docudrama']
Das Lied der Hohen Tauern,['docudrama']
Prom Queen: The Brooke Bowman Story,['docudrama']
Togetherness Supreme,['docudrama']
You're Lying!,['docudrama']
The Last Wilderness,['docudrama']
Birth of a Baby,['docudrama']
Lyora: Penantian Buah Hati,"['docudrama', 'political-drama']"
Beyond Gay: The Politics of Pride,['docudrama']
Itó-Ógbo Obosi: Nigerian Festival of Life,['docudrama']
Krazha v Ermitazhe,['docudrama']
The Scarlet Trail,['docudrama']
The Redemption,['docudrama']
The Inlanders,['docudrama']
Tomorrow's a Wonderful Day,['docudrama']
Untitled New Stephen Presley Film,['docudrama']
Our Island Nation,['docudrama']
Scarface,"['drug-crime', 'epic-drama', 'film-noir', 'gangster-crime', 'gangster-crime', 'tragedy-drama', 'tragedy-drama']"
Kingsman: The Golden Circle,"['drug-crime', 'satire-comedy']"
Sicario: Day of the Soldado,['drug-crime']
American Made,"['drug-crime', 'true-crime']"
Savages,"['drug-crime', 'psychological-thriller', 'satire-comedy']"
Into the Blue,"['drug-crime', 'sea-adventure']"
The Counselor,['drug-crime']
The Infiltrator,"['drug-crime', 'true-crime']"
White Boy Rick,"['drug-crime', 'true-crime']"
Brick,"['drug-crime', 'hardboiled-mystery']"
Miami Vice,['drug-crime']
Project Power,"['drug-crime', 'superhero-action']"
Deep Cover,['drug-crime']
Trouble,['drug-crime']
Miss Bala,['drug-crime']
Gun Shy,['drug-crime']
A Man Apart,['drug-crime']
Loving Pablo,"['drug-crime', 'true-crime']"
Running with the Devil,['drug-crime']
Super Fly,['drug-crime']
Escobar: Paradise Lost,"['drug-crime', 'tragedy-drama']"
The Harder They Come,['drug-crime']
American Sicario,"['drug-crime', 'true-crime']"
Little Fish,"['drug-crime', 'psychological-drama']"
The Drug King,['drug-crime']
Urban Justice,"['drug-crime', 'one-person-army-action']"
Born to Raise Hell,"['drug-crime', 'one-person-army-action']"
The Broker,"['drug-crime', 'gangster-crime']"
White Boy,"['drug-crime', 'gangster-crime']"
Togo,['drug-crime']
Sherlock: Undercover Dog,['drug-crime']
In the Hands of Fate,['drug-crime']
Watchmen,"['dystopian-sci-fi', 'superhero-action']"
The Hunger Games,"['dystopian-sci-fi', 'teen-adventure']"
The Hunger Games: The Ballad of Songbirds & Snakes,"['dystopian-sci-fi', 'teen-adventure']"
Kingdom of the Planet of the Apes,"['dystopian-sci-fi', 'epic-sci-fi']"
Divergent,"['dystopian-sci-fi', 'teen-adventure']"
The Hunger Games: Catching Fire,['dystopian-sci-fi']
Oblivion,['dystopian-sci-fi']
Children of Men,"['dystopian-sci-fi', 'epic-drama', 'epic-sci-fi']"
V for Vendetta,"['dystopian-sci-fi', 'political-thriller', 'superhero-action']"
Uglies,"['dystopian-sci-fi', 'teen-adventure']"
Logan,"['dystopian-sci-fi', 'road-trip-adventure', 'superhero-action']"
Waterworld,"['dystopian-sci-fi', 'epic-adventure', 'quest-adventure', 'sea-adventure', 'steampunk-sci-fi']"
1984,"['dystopian-sci-fi', 'dystopian-sci-fi']"
The Running Man,['dystopian-sci-fi']
Gattaca,['dystopian-sci-fi']
Barbarella,"['dystopian-sci-fi', 'space-sci-fi']"
The Platform,"['dystopian-sci-fi', 'prison-drama']"
The Island,"['dystopian-sci-fi', 'survival-adventure']"
Z for Zachariah,['dystopian-sci-fi']
Flash Gordon,"['dystopian-sci-fi', 'space-sci-fi', 'superhero-action', 'superhero-action']"
Terminator 3: Rise of the Machines,"['dystopian-sci-fi', 'time-travel-sci-fi']"
I Am Legend 2,['dystopian-sci-fi']
The Giver,"['dystopian-sci-fi', 'teen-romance']"
Equilibrium,"['dystopian-sci-fi', 'gun-fu-action']"
Planet of the Apes,"['dystopian-sci-fi', 'epic-sci-fi', 'space-sci-fi', 'time-travel-sci-fi']"
The Hunger Games: Mockingjay - Part 2,"['dystopian-sci-fi', 'teen-adventure']"
The Hunger Games: Mockingjay - Part 1,['dystopian-sci-fi']
Left Behind,['dystopian-sci-fi']
What Happened to Monday,['dystopian-sci-fi']
Soylent Green,['dystopian-sci-fi']
The Purge,"['dystopian-sci-fi', 'slasher-horror']"
Love and Monsters,"['dystopian-sci-fi', 'quest-adventure', 'teen-comedy', 'teen-fantasy']"
The Platform 2,['dystopian-sci-fi']
The Postman,['dystopian-sci-fi']
Twilight Zone: The Movie,"['dystopian-sci-fi', 'supernatural-horror']"
Dawn of the Planet of the Apes,['dystopian-sci-fi']
Voyagers,"['dystopian-sci-fi', 'space-sci-fi']"
The Midnight Sky,"['dystopian-sci-fi', 'space-sci-fi']"
Maze Runner: The Scorch Trials,"['dystopian-sci-fi', 'teen-adventure']"
The Handmaid's Tale,['dystopian-sci-fi']
Escape from L.A.,['dystopian-sci-fi']
City of Ember,"['dystopian-sci-fi', 'steampunk-sci-fi']"
The Time Machine,"['dystopian-sci-fi', 'quest-adventure', 'steampunk-sci-fi', 'steampunk-sci-fi', 'time-travel-sci-fi', 'time-travel-sci-fi']"
The Bad Batch,['dystopian-sci-fi']
The Girl with All the Gifts,"['dystopian-sci-fi', 'zombie-horror']"
On the Beach,"['dystopian-sci-fi', 'psychological-drama']"
"The World, the Flesh and the Devil","['dystopian-sci-fi', 'psychological-drama']"
The First Purge,"['dystopian-sci-fi', 'psychological-thriller']"
The Purge: Anarchy,['dystopian-sci-fi']
The Rover,"['dystopian-sci-fi', 'road-trip-adventure']"
The Wandering Earth,"['dystopian-sci-fi', 'epic-sci-fi']"
The Kitchen,"['dystopian-sci-fi', 'gangster-crime']"
Beneath the Planet of the Apes,['dystopian-sci-fi']
Left Behind: The Movie,['dystopian-sci-fi']
The Last Man on Earth,"['dystopian-sci-fi', 'vampire-horror', 'zombie-horror']"
The Hungover Games,"['dystopian-sci-fi', 'parody-comedy']"
Spacehunter: Adventures in the Forbidden Zone,"['dystopian-sci-fi', 'space-sci-fi', 'steampunk-sci-fi']"
Frogs,['dystopian-sci-fi']
Escape from the Planet of the Apes,"['dystopian-sci-fi', 'time-travel-sci-fi']"
Testament,['dystopian-sci-fi']
Damnation Alley,"['dystopian-sci-fi', 'steampunk-sci-fi']"
Crime Zone,['dystopian-sci-fi']
Sleeper,"['dystopian-sci-fi', 'satire-comedy', 'screwball-comedy', 'slapstick-comedy', 'time-travel-sci-fi']"
Battle for the Planet of the Apes,['dystopian-sci-fi']
Conquest of the Planet of the Apes,['dystopian-sci-fi']
The Apple,"['dystopian-sci-fi', 'jukebox-musical', 'steampunk-sci-fi']"
The Humanity Bureau,['dystopian-sci-fi']
The Curious Female,['dystopian-sci-fi']
Test Tube Teens from the Year 2000,"['dystopian-sci-fi', 'high-concept-comedy', 'parody-comedy', 'slapstick-comedy', 'time-travel-sci-fi']"
Alien from L.A.,"['dystopian-sci-fi', 'steampunk-sci-fi']"
Avalon,['dystopian-sci-fi']
Planet of Dinosaurs,['dystopian-sci-fi']
Little America,['dystopian-sci-fi']
Franklyn,"['dystopian-sci-fi', 'steampunk-sci-fi']"
Left Behind III: World at War,['dystopian-sci-fi']
In the Shadows,['dystopian-sci-fi']
The Last Chase,['dystopian-sci-fi']
The Ultimate Warrior,['dystopian-sci-fi']
Things to Come,"['dystopian-sci-fi', 'epic-sci-fi']"
Dead Planet,['dystopian-sci-fi']
One Point O,['dystopian-sci-fi']
Untitled Planet of the Apes Sequel,"['dystopian-sci-fi', 'epic-sci-fi']"
Rumors of Wars,['dystopian-sci-fi']
Tribulation,['dystopian-sci-fi']
Ravagers,['dystopian-sci-fi']
Coyote,['dystopian-sci-fi']
Whispering Moon,['dystopian-sci-fi']
The Last Battle,['dystopian-sci-fi']
Revelation,['dystopian-sci-fi']
Judgment,['dystopian-sci-fi']
New Crime City,['dystopian-sci-fi']
Time Under Fire,['dystopian-sci-fi']
Rain Without Thunder,"['dystopian-sci-fi', 'legal-drama', 'political-drama']"
Games of Survival,['dystopian-sci-fi']
Scavenger,['dystopian-sci-fi']
Where the Cold Wind Blows,['dystopian-sci-fi']
Rhea,['dystopian-sci-fi']
Tellurian,['dystopian-sci-fi']
Guinea Pig,['dystopian-sci-fi']
Futuro Futuro,['dystopian-sci-fi']
Survival's End,['dystopian-sci-fi']
The Genius,['dystopian-sci-fi']
Timeless,['dystopian-sci-fi']
The Adoration of Jenna Fox,['dystopian-sci-fi']
The Newcomers,['dystopian-sci-fi']
"Arise, Beloved","['dystopian-sci-fi', 'epic-adventure', 'tragic-romance']"
Operazione Vega,['dystopian-sci-fi']
The End of Tomorrow,['dystopian-sci-fi']
One Nation,['dystopian-sci-fi']
The Fall of Men,['dystopian-sci-fi']
Joe's Garage,"['dystopian-sci-fi', 'psychological-drama', 'rock-musical', 'tragedy-drama']"
Blazeball,['dystopian-sci-fi']
Clans of the Sacred Stones,['dystopian-sci-fi']
When the Sun Burns,['dystopian-sci-fi']
The Omega Figment,['dystopian-sci-fi']
Kaia: Kill or Be Killed,['dystopian-sci-fi']
The Unnaturals,['dystopian-sci-fi']
Last Request,['dystopian-sci-fi']
White Crow,['dystopian-sci-fi']
"Repent, Harlequin! Said the Ticktock Man",['dystopian-sci-fi']
In Our Best Interest,['dystopian-sci-fi']
Necronauts,['dystopian-sci-fi']
Kilo 3,['dystopian-sci-fi']
Derive,['dystopian-sci-fi']
Misandria,['dystopian-sci-fi']
Attrition,"['dystopian-sci-fi', 'martial-arts-action']"
Hell's Garden,['dystopian-sci-fi']
Alien Lovers,['dystopian-sci-fi']
HappyBot!,['dystopian-sci-fi']
The Sector,['dystopian-sci-fi']
Waking Hours,['dystopian-sci-fi']
Sonic Smith's True Calling,['dystopian-sci-fi']
Screaming at Stars,['dystopian-sci-fi']
Venus I.A.,['dystopian-sci-fi']
Decca,['dystopian-sci-fi']
Super Rad,['dystopian-sci-fi']
And Clyde,['dystopian-sci-fi']
The Atavists,['dystopian-sci-fi']
White Point,['dystopian-sci-fi']
Agora: an Age of Prophecy Story,"['dystopian-sci-fi', 'space-sci-fi']"
A Girl and a Pig,['dystopian-sci-fi']
Rumblers,['dystopian-sci-fi']
Altered Generations,['dystopian-sci-fi']
Interstellar,"['epic-adventure', 'epic-drama', 'epic-sci-fi', 'quest-adventure', 'space-sci-fi', 'time-travel-sci-fi']"
The Princess Bride,"['epic-adventure', 'epic-fantasy', 'fairy-tale-fantasy', 'quest-adventure', 'swashbuckler-adventure', 'sword-and-sorcery-fantasy', 'teen-fantasy']"
Apocalypse Now,"['epic-adventure', 'epic-drama', 'epic-war', 'hardboiled-mystery', 'psychological-drama', 'quest-adventure', 'suspense-mystery']"
Indiana Jones and the Dial of Destiny,"['epic-adventure', 'globetrotting-adventure', 'time-travel-sci-fi']"
The Hobbit: An Unexpected Journey,"['epic-adventure', 'epic-fantasy', 'mountain-adventure', 'quest-adventure', 'sword-and-sorcery-fantasy']"
Howl's Moving Castle,"['epic-adventure', 'supernatural-fantasy']"
Indiana Jones and the Temple of Doom,"['epic-adventure', 'globetrotting-adventure', 'jungle-adventure']"
The Great Race,"['epic-adventure', 'parody-comedy', 'road-trip-adventure', 'satire-comedy', 'slapstick-comedy']"
Pirates of the Caribbean: Dead Man's Chest,"['epic-adventure', 'sea-adventure', 'swashbuckler-adventure']"
The NeverEnding Story,"['epic-adventure', 'epic-fantasy', 'quest-adventure', 'sword-and-sorcery-fantasy']"
Excalibur,"['epic-adventure', 'epic-drama', 'epic-fantasy', 'sword-and-sorcery-fantasy']"
The Hobbit: The Desolation of Smaug,"['epic-adventure', 'epic-fantasy', 'quest-adventure', 'sword-and-sorcery-fantasy']"
Pirates of the Caribbean: At World's End,"['epic-adventure', 'sea-adventure', 'swashbuckler-adventure']"
Life of Pi,"['epic-adventure', 'sea-adventure', 'survival-adventure', 'teen-adventure']"
The Green Knight,"['epic-adventure', 'epic-drama', 'epic-fantasy', 'quest-adventure', 'sword-and-sorcery-fantasy']"
Big Fish,"['epic-adventure', 'fairy-tale-fantasy']"
Indiana Jones and the Kingdom of the Crystal Skull,"['epic-adventure', 'globetrotting-adventure']"
Spartacus,"['epic-adventure', 'epic-drama', 'epic-history', 'epic-war', 'sword-and-sandal-action']"
Oz the Great and Powerful,"['epic-adventure', 'fairy-tale-fantasy']"
The Call of the Wild,"['epic-adventure', 'mountain-adventure', 'quest-adventure', 'survival-adventure']"
The Chronicles of Narnia: Prince Caspian,"['epic-adventure', 'epic-fantasy']"
The Last Airbender,"['epic-adventure', 'epic-fantasy', 'martial-arts-action', 'quest-adventure', 'superhero-action', 'teen-fantasy']"
Epic Movie,"['epic-adventure', 'parody-comedy', 'slapstick-comedy']"
The Chronicles of Narnia: The Voyage of the Dawn Treader,"['epic-adventure', 'quest-adventure', 'sea-adventure', 'teen-adventure']"
Solaris,"['epic-adventure', 'epic-sci-fi', 'psychological-drama', 'psychological-drama', 'space-sci-fi', 'space-sci-fi']"
Jack the Giant Slayer,"['epic-adventure', 'epic-fantasy', 'fairy-tale-fantasy', 'quest-adventure']"
Peter Pan & Wendy,"['epic-adventure', 'epic-fantasy', 'fairy-tale-fantasy']"
Kubo and the Two Strings,"['epic-adventure', 'epic-fantasy', 'quest-adventure', 'samurai-action', 'sword-and-sorcery-fantasy']"
The Book of Clarence,"['epic-adventure', 'epic-drama']"
Australia,"['epic-adventure', 'epic-drama', 'epic-romance', 'epic-war', 'epic-western', 'period-drama']"
Little Big Man,"['epic-adventure', 'epic-drama', 'epic-western', 'satire-comedy', 'tragedy-drama']"
Around the World in 80 Days,"['epic-adventure', 'globetrotting-adventure', 'globetrotting-adventure', 'globetrotting-adventure', 'quest-adventure', 'slapstick-comedy']"
Slumberland,"['epic-adventure', 'epic-fantasy']"
The Kid Who Would Be King,"['epic-adventure', 'quest-adventure', 'supernatural-fantasy', 'sword-and-sorcery-fantasy', 'teen-fantasy', 'urban-adventure']"
First Knight,"['epic-adventure', 'epic-romance']"
Mutiny on the Bounty,"['epic-adventure', 'epic-history', 'globetrotting-adventure', 'period-drama', 'psychological-drama', 'quest-adventure', 'sea-adventure', 'steamy-romance']"
Kon-Tiki,"['epic-adventure', 'globetrotting-adventure', 'sea-adventure', 'survival-adventure']"
Black Clover: Sword of the Wizard King,['epic-adventure']
King Solomon's Mines,"['epic-adventure', 'jungle-adventure', 'jungle-adventure', 'parody-comedy', 'quest-adventure', 'quest-adventure', 'steamy-romance', 'survival-adventure']"
The Lord of the Rings: The Return of the King - Special Extended Edition Scenes,"['epic-adventure', 'epic-fantasy', 'sword-and-sorcery-fantasy']"
One Night with the King,['epic-adventure']
Ben-Hur: A Tale of the Christ,"['epic-adventure', 'epic-drama']"
The Old Man and the Sea,"['epic-adventure', 'epic-drama', 'quest-adventure', 'sea-adventure']"
The Lord of the Rings: The Fellowship of the Ring - Special Extended Edition Scenes,"['epic-adventure', 'epic-fantasy', 'sword-and-sorcery-fantasy']"
20 Million Miles to Earth,"['epic-adventure', 'epic-sci-fi', 'giant-monster-sci-fi', 'monster-horror']"
The Mountain Men,"['epic-adventure', 'mountain-adventure', 'period-drama', 'survival-adventure']"
Genghis Khan,"['epic-adventure', 'epic-history', 'globetrotting-adventure']"
The Lord of the Rings: The Two Towers - Special Extended Edition Scenes,"['epic-adventure', 'epic-fantasy', 'sword-and-sorcery-fantasy']"
The Spirit of St. Louis,"['epic-adventure', 'epic-drama', 'globetrotting-adventure', 'quest-adventure']"
3-Headed Shark Attack,"['epic-adventure', 'epic-sci-fi', 'sea-adventure']"
The Seven Deadly Sins: Prisoners of the Sky,"['epic-adventure', 'epic-fantasy', 'sword-and-sorcery-fantasy']"
The Wrath of God,"['epic-adventure', 'political-drama', 'psychological-thriller']"
The Quest for Tom Sawyer's Gold,['epic-adventure']
The Hawaiians,['epic-adventure']
Guardians of Time,['epic-adventure']
Strange Cargo,"['epic-adventure', 'prison-drama']"
The Beloved Rogue,"['epic-adventure', 'epic-drama', 'epic-history', 'epic-romance', 'period-drama', 'political-drama', 'swashbuckler-adventure']"
Valley of the Giants,"['epic-adventure', 'epic-western', 'one-person-army-action']"
Meng mian da xia,"['epic-adventure', 'martial-arts-action']"
Ashira's World: The Queen of Heaven Returns,['epic-adventure']
Higher Calling,"['epic-adventure', 'globetrotting-adventure', 'mountain-adventure']"
The Brutalist,['epic-drama']
The Shawshank Redemption,"['epic-drama', 'period-drama', 'prison-drama']"
The Godfather,"['epic-drama', 'gangster-crime', 'tragedy-drama']"
Megalopolis,"['epic-drama', 'epic-sci-fi', 'tragedy-drama']"
Saving Private Ryan,"['epic-drama', 'epic-war', 'period-drama']"
Forrest Gump,['epic-drama']
Killers of the Flower Moon,"['epic-drama', 'epic-western', 'period-drama', 'tragedy-drama', 'true-crime']"
Horizon: An American Saga - Chapter 1,"['epic-drama', 'epic-western']"
There Will Be Blood,"['epic-drama', 'period-drama', 'psychological-drama', 'tragedy-drama']"
The Godfather Part II,"['epic-drama', 'gangster-crime', 'tragedy-drama']"
The Leopard,"['epic-drama', 'epic-history', 'period-drama']"
Troy,"['epic-drama', 'sword-and-sandal-action', 'tragedy-drama']"
The Whale,"['epic-drama', 'psychological-drama', 'tragedy-drama']"
Atonement,"['epic-drama', 'epic-romance', 'epic-war', 'period-drama', 'steamy-romance', 'tragic-romance']"
1917,"['epic-drama', 'epic-war', 'period-drama']"
All Quiet on the Western Front,"['epic-drama', 'epic-drama', 'epic-war', 'epic-war', 'period-drama', 'psychological-drama', 'tragedy-drama', 'tragedy-drama']"
The Color Purple,"['epic-drama', 'period-drama']"
The Revenant,"['epic-drama', 'epic-western', 'period-drama', 'survival-adventure']"
The Passion of the Christ,"['epic-drama', 'period-drama']"
The Deer Hunter,"['epic-drama', 'epic-war']"
Doctor Zhivago,"['epic-drama', 'epic-romance', 'tragedy-drama']"
Legends of the Fall,"['epic-drama', 'epic-drama', 'epic-romance', 'epic-western', 'period-drama', 'tragedy-drama']"
The Godfather Part III,"['epic-drama', 'gangster-crime']"
Pearl Harbor,"['epic-drama', 'epic-romance', 'epic-war', 'period-drama', 'tragedy-drama']"
Hamilton,['epic-drama']
Munich,"['epic-drama', 'period-drama', 'spy-thriller', 'tragedy-drama']"
Citizen Kane,"['epic-drama', 'epic-drama', 'period-drama', 'tragedy-drama']"
Wyatt Earp,"['epic-drama', 'epic-drama', 'epic-western', 'period-drama', 'tragedy-drama']"
The Curious Case of Benjamin Button,"['epic-drama', 'epic-romance', 'period-drama']"
Road to Perdition,"['epic-drama', 'gangster-crime', 'period-drama', 'psychological-drama', 'psychological-thriller', 'road-trip-adventure']"
King Arthur,"['epic-drama', 'epic-war', 'period-drama', 'sword-and-sandal-action']"
Babel,['epic-drama']
"Blood In, Blood Out","['epic-drama', 'tragedy-drama', 'true-crime']"
The Fountain,"['epic-drama', 'epic-sci-fi', 'psychological-drama', 'tragedy-drama', 'tragic-romance']"
Reds,"['epic-drama', 'epic-history', 'epic-romance']"
The Promised Land,"['epic-drama', 'epic-history']"
Out of Africa,"['epic-drama', 'epic-romance', 'period-drama']"
Ran,"['epic-drama', 'epic-war', 'samurai-action', 'tragedy-drama']"
A Hidden Life,"['epic-drama', 'epic-drama', 'period-drama']"
Alexander,"['epic-drama', 'epic-history', 'epic-war', 'period-drama', 'sword-and-sandal-action', 'tragedy-drama']"
Giant,"['epic-drama', 'epic-western']"
Noah,['epic-drama']
The Last Temptation of Christ,['epic-drama']
8½,"['epic-drama', 'psychological-drama', 'showbiz-drama']"
Patton,"['epic-drama', 'epic-war']"
Paths of Glory,"['epic-drama', 'epic-war', 'psychological-drama']"
1900,"['epic-drama', 'epic-history']"
The Right Stuff,"['epic-drama', 'epic-history']"
The Greatest Story Ever Told,"['epic-drama', 'epic-history']"
The Best Years of Our Lives,"['epic-drama', 'feel-good-romance']"
Hamlet,"['epic-drama', 'period-drama', 'psychological-drama', 'tragedy-drama', 'tragedy-drama', 'tragic-romance']"
Henry V,"['epic-drama', 'epic-history', 'epic-history', 'epic-war', 'epic-war', 'period-drama', 'period-drama', 'tragedy-drama']"
The Forgiven,['epic-drama']
Macbeth,"['epic-drama', 'tragedy-drama', 'tragedy-drama']"
The Birth of a Nation,"['epic-drama', 'epic-war', 'period-drama']"
War and Peace,"['epic-drama', 'epic-war', 'epic-war', 'period-drama', 'period-drama']"
"Duck, You Sucker!","['epic-drama', 'epic-western', 'spaghetti-western', 'tragedy-drama']"
Ragtime,"['epic-drama', 'period-drama', 'tragedy-drama']"
Farewell My Concubine,"['epic-drama', 'epic-romance', 'period-drama', 'political-drama', 'tragic-romance', 'workplace-drama']"
Moby Dick,"['epic-drama', 'period-drama', 'quest-adventure', 'sea-adventure', 'tragedy-drama']"
Kagemusha: The Shadow Warrior,"['epic-drama', 'epic-history', 'epic-war', 'period-drama', 'tragedy-drama']"
The Best of Youth,['epic-drama']
Fail Safe,"['epic-drama', 'political-drama', 'political-thriller']"
Titus,['epic-drama']
Lagaan: Once Upon a Time in India,"['epic-drama', 'period-drama']"
The Robe,"['epic-drama', 'period-drama', 'political-drama', 'sword-and-sandal-action']"
Sunshine,"['epic-drama', 'epic-romance', 'epic-sci-fi', 'psychological-thriller', 'space-sci-fi']"
Triumph of the Will,"['epic-drama', 'epic-history']"
Mobsters,"['epic-drama', 'gangster-crime']"
Becket,"['epic-drama', 'epic-history', 'period-drama', 'political-drama']"
Music by John Williams,['epic-drama']
Laal Singh Chaddha,['epic-drama']
Marketa Lazarová,"['epic-drama', 'period-drama']"
American Pop,"['epic-drama', 'epic-history', 'jukebox-musical', 'pop-musical', 'rock-musical']"
Au hasard Balthazar,"['epic-drama', 'psychological-drama', 'tragedy-drama']"
The Emigrants,"['epic-drama', 'period-drama']"
Cry Freedom,['epic-drama']
The Human Condition I: No Greater Love,"['epic-drama', 'epic-history', 'epic-war']"
Ramayana,['epic-drama']
Children of Paradise,"['epic-drama', 'epic-romance', 'period-drama']"
Stalingrad,"['epic-drama', 'tragedy-drama']"
The Life and Death of Colonel Blimp,['epic-drama']
Miracle at St. Anna,"['epic-drama', 'epic-war', 'period-drama']"
The Brothers Karamazov,"['epic-drama', 'epic-romance', 'period-drama', 'tragic-romance']"
Blood Runs Coal,"['epic-drama', 'epic-history', 'period-drama', 'true-crime']"
Cabiria,['epic-drama']
The Human Condition III: A Soldier's Prayer,"['epic-drama', 'epic-history', 'epic-war']"
Demetrius and the Gladiators,"['epic-drama', 'political-drama', 'steamy-romance']"
The New Land,"['epic-drama', 'period-drama']"
The Human Condition II: Road to Eternity,"['epic-drama', 'epic-history', 'epic-war']"
Captain from Castile,"['epic-drama', 'swashbuckler-adventure']"
Elephant Walk,"['epic-drama', 'jungle-adventure']"
Lola Montès,"['epic-drama', 'epic-romance', 'political-drama', 'tragic-romance']"
Song Without End,"['epic-drama', 'period-drama']"
Profound Desires of the Gods,"['epic-drama', 'psychological-drama', 'tragedy-drama']"
Japan's Longest Day,"['epic-drama', 'epic-history', 'epic-war']"
The Four Horsemen of the Apocalypse,"['epic-drama', 'epic-war']"
The Cloud-Capped Star,['epic-drama']
The Last Days of Pompeii,"['epic-drama', 'period-drama', 'sword-and-sandal-action']"
Hearts of the World,"['epic-drama', 'epic-war']"
The Johnstown Flood,['epic-drama']
Roughly Speaking,"['epic-drama', 'period-drama', 'romantic-comedy']"
Imperial Venus,"['epic-drama', 'period-drama', 'political-drama', 'tragic-romance']"
Civilization,['epic-drama']
Sweepings,"['epic-drama', 'period-drama', 'workplace-drama']"
One Man's Journey,"['epic-drama', 'medical-drama']"
Mare Nostrum,"['epic-drama', 'political-drama']"
Envazhi Thani Vazhi.,"['epic-drama', 'period-drama']"
Jacob's Trouble,"['epic-drama', 'period-drama']"
Cream,['epic-drama']
Lothorin,"['epic-drama', 'tragedy-drama']"
Sonic the Hedgehog 3,"['epic-fantasy', 'globetrotting-adventure', 'superhero-action', 'supernatural-fantasy']"
Stardust,"['epic-fantasy', 'epic-romance', 'fairy-tale-fantasy', 'feel-good-romance', 'quest-adventure', 'swashbuckler-adventure']"
"The Chronicles of Narnia: The Lion, the Witch and the Wardrobe","['epic-fantasy', 'supernatural-fantasy', 'sword-and-sorcery-fantasy', 'teen-adventure']"
The Boy and the Heron,['epic-fantasy']
Harry Potter and the Half-Blood Prince,"['epic-fantasy', 'sword-and-sorcery-fantasy', 'teen-adventure', 'teen-fantasy']"
Pirates of the Caribbean: On Stranger Tides,"['epic-fantasy', 'quest-adventure', 'sea-adventure', 'swashbuckler-adventure']"
Percy Jackson & the Olympians: The Lightning Thief,"['epic-fantasy', 'supernatural-fantasy', 'teen-adventure', 'teen-fantasy']"
Clash of the Titans,"['epic-fantasy', 'sword-and-sandal-action', 'sword-and-sandal-action', 'sword-and-sorcery-fantasy']"
Three Thousand Years of Longing,"['epic-fantasy', 'fairy-tale-fantasy', 'supernatural-fantasy']"
Immortals,"['epic-fantasy', 'sword-and-sandal-action']"
Eragon,"['epic-fantasy', 'sword-and-sorcery-fantasy']"
A Wrinkle in Time,"['epic-fantasy', 'epic-sci-fi', 'teen-fantasy', 'time-travel-sci-fi']"
League of Gods,"['epic-fantasy', 'supernatural-fantasy']"
Drifting Home,['epic-fantasy']
The Island at the Top of the World,"['epic-fantasy', 'globetrotting-adventure', 'steampunk-sci-fi']"
Ramayana: The Legend of Prince Rama,"['epic-fantasy', 'quest-adventure', 'sword-and-sorcery-fantasy']"
The 3 Worlds of Gulliver,['epic-fantasy']
The Deer King,"['epic-fantasy', 'medical-drama']"
Amon Saga,['epic-fantasy']
Mirkwood,['epic-fantasy']
Elf and Huldra,['epic-fantasy']
The Mirror: Twin Cities,['epic-fantasy']
The King,"['epic-history', 'epic-war', 'period-drama']"
The Thin Red Line,"['epic-history', 'epic-war']"
A Bridge Too Far,"['epic-history', 'epic-war']"
The Mission,"['epic-history', 'jungle-adventure', 'period-drama', 'tragedy-drama']"
Outlaw King,"['epic-history', 'epic-war', 'period-drama']"
The Last King of Scotland,"['epic-history', 'political-drama']"
The Longest Day,"['epic-history', 'epic-war']"
A Passage to India,"['epic-history', 'period-drama']"
Battle of Britain,"['epic-history', 'epic-war']"
Mongol: The Rise of Genghis Khan,"['epic-history', 'epic-war', 'period-drama']"
1492: Conquest of Paradise,"['epic-history', 'period-drama']"
Gallipoli,"['epic-history', 'epic-war', 'tragedy-drama']"
Risen,"['epic-history', 'period-drama', 'sword-and-sandal-action']"
Tora! Tora! Tora!,"['epic-history', 'epic-war']"
Red Cliff,"['epic-history', 'epic-war', 'wuxia-action']"
Lion of the Desert,['epic-history']
Battle of the Bulge,"['epic-history', 'epic-war']"
The Fall of the Roman Empire,"['epic-history', 'sword-and-sandal-action']"
Revolution,['epic-history']
The 300 Spartans,"['epic-history', 'sword-and-sandal-action']"
Passchendaele,"['epic-history', 'epic-war', 'period-drama', 'tragedy-drama', 'tragic-romance']"
The Battle of Neretva,['epic-history']
Colonel Redl,"['epic-history', 'period-drama']"
The First Gokturk,"['epic-history', 'epic-war']"
Kemet,['epic-history']
The Notebook,"['epic-romance', 'tragedy-drama']"
Romeo + Juliet,"['epic-romance', 'teen-romance', 'tragedy-drama', 'tragic-romance']"
Sleepless in Seattle,"['epic-romance', 'feel-good-romance', 'romantic-comedy']"
Allied,"['epic-romance', 'epic-war', 'period-drama', 'spy-thriller', 'tragedy-drama', 'tragic-romance']"
Cinderella,"['epic-romance', 'fairy-tale-fantasy', 'fairy-tale-fantasy', 'fairy-tale-fantasy', 'fairy-tale-fantasy', 'feel-good-romance', 'feel-good-romance', 'feel-good-romance', 'jukebox-musical', 'pop-musical', 'raunchy-comedy', 'romantic-comedy', 'teen-romance', 'teen-romance']"
Far and Away,"['epic-romance', 'epic-western']"
Arabian Nights,"['epic-romance', 'period-drama']"
Annette,['epic-romance']
A Very Long Engagement,"['epic-romance', 'epic-war', 'period-drama']"
The Lovers,['epic-romance']
Make Me Believe,"['epic-romance', 'feel-good-romance']"
Queen Christina,"['epic-romance', 'period-drama', 'political-drama', 'tragic-romance']"
Adventures of Don Juan,"['epic-romance', 'period-drama', 'swashbuckler-adventure']"
A Farewell to Arms,['epic-romance']
A Love Song,['epic-romance']
Helen of Troy,"['epic-romance', 'period-drama', 'sword-and-sandal-action']"
The Emperor and the Assassin,['epic-romance']
Blood of Beasts,['epic-romance']
Skyscraper Souls,"['epic-romance', 'workplace-drama']"
The Dragon Painter,['epic-romance']
The Return of the Scarlet Pimpernel,"['epic-romance', 'political-drama', 'spy-thriller', 'survival-adventure']"
The Prime Minister,"['epic-romance', 'period-drama']"
Last of the Pagans,"['epic-romance', 'jungle-adventure', 'sea-adventure']"
Eyes Open,"['epic-romance', 'teen-romance']"
Kuisma ja Helinä,"['epic-romance', 'period-drama', 'tragic-romance']"
Superman,"['epic-sci-fi', 'superhero-action', 'superhero-action', 'superhero-action', 'urban-adventure']"
The Fifth Element,"['epic-sci-fi', 'space-sci-fi']"
Captain America: The First Avenger,"['epic-sci-fi', 'superhero-action']"
Prometheus,['epic-sci-fi']
Iron Man 2,"['epic-sci-fi', 'superhero-action']"
Alien: Covenant,"['epic-sci-fi', 'monster-horror', 'space-sci-fi', 'tragedy-drama']"
Contact,"['epic-sci-fi', 'psychological-drama', 'psychological-thriller', 'space-sci-fi', 'tragedy-drama', 'workplace-drama']"
Solo: A Star Wars Story,"['epic-sci-fi', 'space-sci-fi']"
Close Encounters of the Third Kind,['epic-sci-fi']
Ad Astra,"['epic-sci-fi', 'space-sci-fi']"
The Chronicles of Riddick,"['epic-sci-fi', 'space-sci-fi']"
John Carter,"['epic-sci-fi', 'quest-adventure', 'space-sci-fi', 'steampunk-sci-fi']"
Jupiter Ascending,"['epic-sci-fi', 'space-sci-fi']"
Star Trek VI: The Undiscovered Country,"['epic-sci-fi', 'space-sci-fi']"
2046,['epic-sci-fi']
Star Trek: The Motion Picture,"['epic-sci-fi', 'space-sci-fi']"
April and the Extraordinary World,"['epic-sci-fi', 'steampunk-sci-fi']"
Spriggan,['epic-sci-fi']
Robotech: The Shadow Chronicles,"['epic-sci-fi', 'space-sci-fi']"
The Ministry of Ungentlemanly Warfare,['epic-war']
The Bridge on the River Kwai,"['epic-war', 'jungle-adventure']"
Midway,"['epic-war', 'epic-war']"
Cold Mountain,"['epic-war', 'period-drama', 'tragic-romance']"
Greyhound,"['epic-war', 'period-drama']"
Glory,"['epic-war', 'period-drama']"
The Great Escape,"['epic-war', 'period-drama', 'prison-drama']"
Enemy at the Gates,['epic-war']
War Horse,"['epic-war', 'period-drama']"
The Messenger: The Story of Joan of Arc,"['epic-war', 'period-drama']"
Zulu,"['epic-war', 'one-person-army-action', 'police-procedural-crime']"
Letters from Iwo Jima,['epic-war']
Where Eagles Dare,"['epic-war', 'spy-thriller']"
The Eagle Has Landed,['epic-war']
Flags of Our Fathers,['epic-war']
The Duellists,"['epic-war', 'period-drama']"
The Last Legion,"['epic-war', 'survival-adventure', 'sword-and-sandal-action']"
Cross of Iron,['epic-war']
Windtalkers,['epic-war']
Ironclad,['epic-war']
Captain Corelli's Mandolin,['epic-war']
Force 10 from Navarone,['epic-war']
The Big Red One,['epic-war']
The Heroes of Telemark,['epic-war']
The Great Raid,['epic-war']
A Walk in the Sun,"['epic-war', 'psychological-drama', 'tragedy-drama']"
Is Paris Burning?,['epic-war']
"Objective, Burma!","['epic-war', 'jungle-adventure']"
Merrill's Marauders,"['epic-war', 'jungle-adventure']"
Attack on the Iron Coast,['epic-war']
"Oro, Plata, Mata",['epic-war']
Heaven and Earth,"['epic-war', 'samurai-action']"
The Soldier and the Lady,"['epic-war', 'quest-adventure']"
Battle for Castle Itter,['epic-war']
Kozara,['epic-war']
Osvobozhdenie: Ognennaya duga,"['epic-war', 'period-drama']"
Osvobozhdenie: Proryv,"['epic-war', 'period-drama']"
Tombstone,"['epic-western', 'period-drama']"
Silverado,['epic-western']
The Wild Bunch,['epic-western']
Surrounded,['epic-western']
Drums Along the Mohawk,"['epic-western', 'quest-adventure']"
Antonio das Mortes,['epic-western']
The Dog Bite Murders,['epic-western']
Babygirl,"['erotic-thriller', 'workplace-drama']"
Strange Darling,"['erotic-thriller', 'psychological-thriller']"
Fifty Shades of Grey,"['erotic-thriller', 'psychological-drama', 'psychological-thriller', 'steamy-romance']"
Blue Velvet,"['erotic-thriller', 'psychological-thriller']"
Gone Girl,"['erotic-thriller', 'psychological-drama', 'psychological-thriller', 'suspense-mystery', 'tragedy-drama', 'whodunnit-mystery']"
Eyes Wide Shut,"['erotic-thriller', 'psychological-drama', 'psychological-thriller']"
Basic Instinct,"['erotic-thriller', 'psychological-thriller', 'suspense-mystery']"
The Voyeurs,"['erotic-thriller', 'suspense-mystery']"
The Skin I Live In,"['erotic-thriller', 'psychological-thriller']"
Twin Peaks: Fire Walk with Me,"['erotic-thriller', 'psychological-drama', 'psychological-thriller', 'supernatural-horror', 'suspense-mystery', 'teen-drama', 'teen-horror', 'tragedy-drama']"
Wild Things,"['erotic-thriller', 'suspense-mystery']"
Fatal Attraction,"['erotic-thriller', 'psychological-thriller']"
Burning Betrayal,"['erotic-thriller', 'steamy-romance']"
Body Double,"['erotic-thriller', 'psychological-thriller', 'serial-killer-crime']"
Chloe,['erotic-thriller']
Pleasure or Pain,['erotic-thriller']
Dressed to Kill,"['erotic-thriller', 'film-noir', 'gangster-crime', 'heist-crime', 'serial-killer-crime']"
Basic Instinct 2,['erotic-thriller']
8MM,['erotic-thriller']
The Crush,"['erotic-thriller', 'psychological-thriller']"
Color of Night,"['erotic-thriller', 'psychological-thriller', 'steamy-romance', 'whodunnit-mystery']"
One Hour Photo,"['erotic-thriller', 'psychological-thriller']"
Obsessed,"['erotic-thriller', 'erotic-thriller', 'psychological-thriller']"
Sliver,['erotic-thriller']
Dream Lover,['erotic-thriller']
The Black Dahlia,"['erotic-thriller', 'hardboiled-mystery', 'true-crime', 'whodunnit-mystery']"
Poison Ivy,['erotic-thriller']
Poison Ivy: The New Seduction,['erotic-thriller']
Boxing Helena,['erotic-thriller']
Body of Evidence,"['erotic-thriller', 'erotic-thriller', 'legal-drama']"
Mea Culpa,['erotic-thriller']
Survival Island,"['erotic-thriller', 'survival-adventure']"
The Postman Always Rings Twice,"['erotic-thriller', 'film-noir', 'steamy-romance', 'tragedy-drama', 'tragic-romance']"
A Perfect Murder,['erotic-thriller']
Addicted,['erotic-thriller']
Above Suspicion,"['erotic-thriller', 'true-crime']"
Strictly Confidential,['erotic-thriller']
Deadly Illusions,"['erotic-thriller', 'psychological-thriller']"
Wild Things 2,['erotic-thriller']
Femme Fatale,"['erotic-thriller', 'heist-crime', 'psychological-drama', 'suspense-mystery']"
Perfect Stranger,"['erotic-thriller', 'psychological-thriller']"
The Canyons,['erotic-thriller']
Animal Instincts,['erotic-thriller']
Berlin Syndrome,['erotic-thriller']
Bound,['erotic-thriller']
Bad Influence,"['erotic-thriller', 'psychological-drama', 'psychological-thriller']"
Jade,['erotic-thriller']
Poison Ivy II,['erotic-thriller']
Scorned,['erotic-thriller']
Save Me,['erotic-thriller']
Deception,['erotic-thriller']
Private Obsession,"['erotic-thriller', 'psychological-drama']"
8MM 2,['erotic-thriller']
Wild Things: Diamonds in the Rough,['erotic-thriller']
Final Analysis,['erotic-thriller']
The Comfort of Strangers,['erotic-thriller']
Diabolique,"['erotic-thriller', 'psychological-thriller']"
Tightrope,"['erotic-thriller', 'police-procedural-crime', 'serial-killer-crime']"
Angel Eyes,['erotic-thriller']
Masquerade,['erotic-thriller']
Under Suspicion,"['erotic-thriller', 'psychological-thriller']"
Wild Things: Foursome,['erotic-thriller']
Animal Instincts II,['erotic-thriller']
Sins of Desire,['erotic-thriller']
Kill Me Again,['erotic-thriller']
Next Door,"['erotic-thriller', 'psychological-thriller']"
Succubus,"['erotic-thriller', 'psychological-thriller']"
Body of Influence,['erotic-thriller']
Stealing Candy,['erotic-thriller']
Sexual Predator,['erotic-thriller']
Fatal Affair,['erotic-thriller']
Losing Control,"['erotic-thriller', 'steamy-romance']"
Mercy,"['erotic-thriller', 'witch-horror']"
When the Bough Breaks,"['erotic-thriller', 'psychological-thriller']"
Impulse,['erotic-thriller']
Secret Games,['erotic-thriller']
Point of Seduction: Body Chemistry III,['erotic-thriller']
In the Cold of the Night,['erotic-thriller']
Scorned 2,['erotic-thriller']
I Like to Play Games,['erotic-thriller']
Staying on Top,"['erotic-thriller', 'steamy-romance']"
Scandalous Behavior,['erotic-thriller']
Innocent Lies,['erotic-thriller']
Wild Cactus,['erotic-thriller']
Illicit Dreams,['erotic-thriller']
Whispers in the Dark,['erotic-thriller']
Indecent Behavior III,['erotic-thriller']
Playback,"['erotic-thriller', 'supernatural-horror']"
Naked Obsession,['erotic-thriller']
Deadly Pickup,"['erotic-thriller', 'serial-killer-crime', 'slasher-horror']"
Undercover Heat,['erotic-thriller']
Secret Games 3,['erotic-thriller']
Animal Instincts III,['erotic-thriller']
Secret Ceremony,"['erotic-thriller', 'psychological-drama', 'psychological-thriller']"
The Right Temptation,['erotic-thriller']
Watchful Eye,['erotic-thriller']
The Temp,['erotic-thriller']
Body Chemistry 4: Full Exposure,['erotic-thriller']
Inner Sanctum,"['erotic-thriller', 'film-noir']"
Sins of the Night,['erotic-thriller']
B.A. Pass,['erotic-thriller']
Night Eyes Three,['erotic-thriller']
Tainted Love,['erotic-thriller']
Mirror Images II,['erotic-thriller']
Night Eyes,['erotic-thriller']
The Cool Surface,"['erotic-thriller', 'psychological-thriller']"
Killer Looks,['erotic-thriller']
Watch Me,['erotic-thriller']
Interlocked: Thrilled to Death,['erotic-thriller']
Teach Me Tonight,['erotic-thriller']
Bad Match,['erotic-thriller']
Night Fire,['erotic-thriller']
Carnal Crimes,['erotic-thriller']
Erotic Boundaries,"['erotic-thriller', 'steamy-romance']"
Lady in Waiting,['erotic-thriller']
Cold Sweat,['erotic-thriller']
Secret Games 2: The Escort,['erotic-thriller']
The Escort,['erotic-thriller']
Embrace the Darkness 3,"['erotic-thriller', 'vampire-horror']"
Bare Witness,['erotic-thriller']
Night Rhythms,['erotic-thriller']
Tell Me No Lies,['erotic-thriller']
Body Chemistry II: The Voice of a Stranger,"['erotic-thriller', 'psychological-thriller']"
Mirror Images,['erotic-thriller']
Body of Deceit,"['erotic-thriller', 'steamy-romance']"
Forbidden Sins,['erotic-thriller']
The Last Seduction II,['erotic-thriller']
Sunset Strip,['erotic-thriller']
Love Object,['erotic-thriller']
Point of Terror,['erotic-thriller']
I Like to Play Games Too,['erotic-thriller']
Body of Influence 2,['erotic-thriller']
Deadlock: A Passion for Murder,['erotic-thriller']
Sensation,['erotic-thriller']
The Other Woman,"['erotic-thriller', 'film-noir', 'romantic-comedy']"
The Seductress,['erotic-thriller']
Tick Tock,['erotic-thriller']
The Proposal,"['erotic-thriller', 'feel-good-romance', 'romantic-comedy']"
Dangerous Pleasures,['erotic-thriller']
Forbidden Games,"['erotic-thriller', 'whodunnit-mystery']"
Obsessed to Death,['erotic-thriller']
Victim of Desire,['erotic-thriller']
The Washing Machine,['erotic-thriller']
Indecent Behavior,['erotic-thriller']
Out of Hand,['erotic-thriller']
The Love Machine,['erotic-thriller']
Body Chemistry,"['erotic-thriller', 'psychological-thriller']"
Midnight Tease II,['erotic-thriller']
Beauty Betrayed,['erotic-thriller']
The Other Man,['erotic-thriller']
Cold Heart,['erotic-thriller']
Kate's Addiction,['erotic-thriller']
Human Desires,['erotic-thriller']
Illicit Dreams 2,['erotic-thriller']
Last Call,['erotic-thriller']
Dark Secrets,['erotic-thriller']
Spider's Web,['erotic-thriller']
I'm Watching You,['erotic-thriller']
Criminal Passion,['erotic-thriller']
Deadly Embrace,['erotic-thriller']
Dead Sexy,['erotic-thriller']
Deep Down,['erotic-thriller']
Naked Rage,['erotic-thriller']
Sweetheart Murders,['erotic-thriller']
Illicit Behavior,['erotic-thriller']
Cover Me,"['erotic-thriller', 'psychological-thriller']"
Scandal: The Big Turn On,['erotic-thriller']
Table for One,['erotic-thriller']
Fleshtone,['erotic-thriller']
Irresistible Impulse,['erotic-thriller']
Heart of Stone,"['erotic-thriller', 'spy-thriller']"
In Dark Places,['erotic-thriller']
The Price of Desire,['erotic-thriller']
Over the Wire,['erotic-thriller']
Dangerous Invitation,['erotic-thriller']
Indecent Behavior II,['erotic-thriller']
The Dark Dancer,['erotic-thriller']
Inner Sanctum II,['erotic-thriller']
Madam Savant,['erotic-thriller']
Web of Seduction,['erotic-thriller']
Silk Degrees,['erotic-thriller']
Body Shot,['erotic-thriller']
Bodily Harm,['erotic-thriller']
Dangerous Indiscretion,['erotic-thriller']
Legal Tender,['erotic-thriller']
Last Sunset,['erotic-thriller']
Wicked Sins,['erotic-thriller']
Stolen Kisses,['erotic-thriller']
Mutual Needs,['erotic-thriller']
Stormy Nights,['erotic-thriller']
Hard Vice,['erotic-thriller']
Naked Lies,"['erotic-thriller', 'one-person-army-action']"
Passion's Desire,['erotic-thriller']
The Surrogate,['erotic-thriller']
Under Still Waters,['erotic-thriller']
The Stalker,['erotic-thriller']
Hollywood Sins,['erotic-thriller']
Mischievous,['erotic-thriller']
Profile for Murder,['erotic-thriller']
Sorted,['erotic-thriller']
Dream Master: The Erotic Invader,['erotic-thriller']
Shades of Gray,['erotic-thriller']
Beyond Desire,['erotic-thriller']
Midnight Blue,"['erotic-thriller', 'suspense-mystery']"
Hourglass,['erotic-thriller']
Dead by Dawn,['erotic-thriller']
Bad Girl Island,['erotic-thriller']
The Stalker 3,['erotic-thriller']
Deviant Obsession,['erotic-thriller']
Hard Evidence,['erotic-thriller']
The Latent Image,"['erotic-thriller', 'psychological-thriller']"
Midnight Temptations,['erotic-thriller']
The Stalker 2,['erotic-thriller']
Kept,['erotic-thriller']
Red Swastik,['erotic-thriller']
Solitaire,['erotic-thriller']
Kuu on vaarallinen,['erotic-thriller']
Write to Kill,['erotic-thriller']
Deceptions II: Edge of Deception,['erotic-thriller']
Visions of Passion,['erotic-thriller']
When Passions Collide,['erotic-thriller']
Wicked,"['fairy-tale-fantasy', 'pop-musical']"
Snow White,"['fairy-tale-fantasy', 'feel-good-romance']"
Hercules,"['fairy-tale-fantasy', 'quest-adventure', 'quest-adventure', 'slapstick-comedy', 'superhero-action', 'sword-and-sandal-action', 'sword-and-sandal-action', 'sword-and-sandal-action', 'sword-and-sorcery-fantasy']"
Hook,"['fairy-tale-fantasy', 'parody-comedy', 'swashbuckler-adventure']"
The Princess and the Frog,"['fairy-tale-fantasy', 'feel-good-romance']"
Enchanted,"['fairy-tale-fantasy', 'feel-good-romance', 'pop-musical', 'romantic-comedy']"
Snow White and the Seven Dwarfs,['fairy-tale-fantasy']
Snow White and the Huntsman,"['fairy-tale-fantasy', 'sword-and-sorcery-fantasy']"
Pleasantville,"['fairy-tale-fantasy', 'high-concept-comedy', 'period-drama', 'satire-comedy', 'teen-comedy', 'teen-drama', 'teen-fantasy']"
Peter Pan,"['fairy-tale-fantasy', 'fairy-tale-fantasy', 'fairy-tale-fantasy', 'swashbuckler-adventure', 'swashbuckler-adventure', 'swashbuckler-adventure']"
Into the Woods,"['fairy-tale-fantasy', 'quest-adventure', 'supernatural-fantasy']"
Sleeping Beauty,"['fairy-tale-fantasy', 'sword-and-sorcery-fantasy']"
Pinocchio,"['fairy-tale-fantasy', 'fairy-tale-fantasy', 'fairy-tale-fantasy', 'parody-comedy']"
FernGully: The Last Rainforest,"['fairy-tale-fantasy', 'jungle-adventure', 'supernatural-fantasy']"
Alice Through the Looking Glass,"['fairy-tale-fantasy', 'quest-adventure']"
Red Riding Hood,"['fairy-tale-fantasy', 'folk-horror', 'werewolf-horror']"
Ella Enchanted,"['fairy-tale-fantasy', 'teen-comedy', 'teen-fantasy']"
Pan,"['fairy-tale-fantasy', 'slapstick-comedy', 'swashbuckler-adventure']"
Bedtime Stories,['fairy-tale-fantasy']
Disenchanted,['fairy-tale-fantasy']
The Pagemaster,"['fairy-tale-fantasy', 'quest-adventure', 'swashbuckler-adventure', 'sword-and-sorcery-fantasy']"
Penelope,"['fairy-tale-fantasy', 'romantic-comedy']"
The Swan Princess,"['fairy-tale-fantasy', 'quest-adventure']"
Clifford the Big Red Dog,"['fairy-tale-fantasy', 'urban-adventure']"
Beastly,"['fairy-tale-fantasy', 'teen-fantasy']"
The Secret of Roan Inish,"['fairy-tale-fantasy', 'period-drama', 'supernatural-fantasy']"
Cinderella II: Dreams Come True,['fairy-tale-fantasy']
Fantasia 2000,['fairy-tale-fantasy']
Cinderella 3: A Twist in Time,['fairy-tale-fantasy']
There's Something in the Barn,"['fairy-tale-fantasy', 'holiday-comedy', 'holiday-season', 'supernatural-fantasy', 'supernatural-horror']"
Donkey Skin,['fairy-tale-fantasy']
Godmothered,['fairy-tale-fantasy']
Neverwas,['fairy-tale-fantasy']
Sparkle: A Unicorn Tale,"['fairy-tale-fantasy', 'teen-adventure', 'teen-fantasy']"
The Water Babies,['fairy-tale-fantasy']
Grimm's Snow White,['fairy-tale-fantasy']
Once Upon a Crime,['fairy-tale-fantasy']
The Daydreamer,['fairy-tale-fantasy']
The Pied Piper of Hamelin,['fairy-tale-fantasy']
Three Wise Fools,['fairy-tale-fantasy']
The Princess with the Golden Star,['fairy-tale-fantasy']
Zlaté kapradí,['fairy-tale-fantasy']
There Was Once a King...,['fairy-tale-fantasy']
The Insanely Sad Princess,['fairy-tale-fantasy']
Witch on the Holy Night,"['fairy-tale-fantasy', 'supernatural-fantasy']"
Mycelia,['fairy-tale-fantasy']
Letuchiy korabl 2,['fairy-tale-fantasy']
Kinda Pregnant,['farce-comedy']
The Birdcage,['farce-comedy']
Young Frankenstein,"['farce-comedy', 'parody-comedy', 'slapstick-comedy']"
Wedding Crashers,"['farce-comedy', 'raunchy-comedy', 'romantic-comedy']"
Austin Powers: International Man of Mystery,"['farce-comedy', 'parody-comedy']"
Monty Python and the Holy Grail,"['farce-comedy', 'parody-comedy', 'quest-adventure', 'satire-comedy', 'slapstick-comedy', 'sword-and-sorcery-fantasy']"
Sixteen Candles,"['farce-comedy', 'teen-comedy', 'teen-romance']"
Blazing Saddles,"['farce-comedy', 'parody-comedy', 'slapstick-comedy']"
Unfrosted,"['farce-comedy', 'satire-comedy']"
"Lock, Stock and Two Smoking Barrels",['farce-comedy']
Police Academy,"['farce-comedy', 'raunchy-comedy', 'slapstick-comedy']"
Caddyshack,"['farce-comedy', 'slapstick-comedy']"
Tootsie,"['farce-comedy', 'high-concept-comedy', 'romantic-comedy']"
"Honey, I Shrunk the Kids","['farce-comedy', 'high-concept-comedy', 'teen-adventure']"
The Apartment,"['farce-comedy', 'holiday-comedy', 'holiday-romance', 'holiday-season', 'romantic-comedy']"
9 to 5,['farce-comedy']
Anchorman: The Legend of Ron Burgundy,"['farce-comedy', 'satire-comedy']"
The First Wives Club,['farce-comedy']
George of the Jungle,"['farce-comedy', 'high-concept-comedy', 'jungle-adventure', 'parody-comedy', 'quest-adventure', 'screwball-comedy', 'slapstick-comedy']"
Rat Race,"['farce-comedy', 'high-concept-comedy', 'road-trip-adventure', 'screwball-comedy', 'slapstick-comedy']"
10,"['farce-comedy', 'romantic-comedy']"
Paul Blart: Mall Cop,"['farce-comedy', 'slapstick-comedy']"
A Day at the Races,['farce-comedy']
Three Amigos!,"['farce-comedy', 'high-concept-comedy', 'showbiz-drama', 'slapstick-comedy']"
Blame It on Rio,['farce-comedy']
Wallace & Gromit: The Curse of the Were-Rabbit,"['farce-comedy', 'slapstick-comedy']"
Borat Subsequent Moviefilm,"['farce-comedy', 'mockumentary-comedy', 'parody-comedy', 'satire-comedy']"
What About Bob?,['farce-comedy']
Mallrats,"['farce-comedy', 'satire-comedy']"
The Philadelphia Story,"['farce-comedy', 'screwball-comedy']"
Bachelor Party,"['farce-comedy', 'slapstick-comedy', 'teen-comedy']"
The Muppets,"['farce-comedy', 'quest-adventure', 'quirky-comedy', 'urban-adventure']"
Anchorman 2: The Legend Continues,"['farce-comedy', 'satire-comedy']"
Hairspray,"['farce-comedy', 'parody-comedy', 'pop-musical', 'satire-comedy']"
The Woman in Red,"['farce-comedy', 'romantic-comedy']"
Fanboys,"['farce-comedy', 'road-trip-adventure', 'satire-comedy']"
Rumor Has It...,['farce-comedy']
The Canterbury Tales,"['farce-comedy', 'period-drama']"
Bubble Boy,"['farce-comedy', 'quirky-comedy', 'road-trip-adventure', 'satire-comedy', 'slapstick-comedy']"
The Decameron,['farce-comedy']
Bye Bye Birdie,"['farce-comedy', 'rock-musical']"
Muppet Treasure Island,"['farce-comedy', 'parody-comedy', 'quest-adventure', 'quirky-comedy', 'sea-adventure', 'slapstick-comedy', 'swashbuckler-adventure']"
The Return of the Pink Panther,"['farce-comedy', 'slapstick-comedy']"
The Importance of Being Earnest,"['farce-comedy', 'period-drama', 'period-drama']"
Victor/Victoria,"['farce-comedy', 'high-concept-comedy']"
Once Bitten,"['farce-comedy', 'parody-comedy', 'vampire-horror']"
Irma la Douce,"['farce-comedy', 'satire-comedy']"
Harold & Kumar Escape from Guantanamo Bay,"['farce-comedy', 'stoner-comedy']"
Myra Breckinridge,"['farce-comedy', 'parody-comedy', 'satire-comedy']"
"Game Over, Man!",['farce-comedy']
Guess Who,['farce-comedy']
High Spirits,"['farce-comedy', 'supernatural-fantasy']"
The General,"['farce-comedy', 'slapstick-comedy']"
A Funny Thing Happened on the Way to the Forum,['farce-comedy']
Duck Soup,"['farce-comedy', 'satire-comedy', 'slapstick-comedy']"
Ball of Fire,"['farce-comedy', 'screwball-comedy']"
Scavenger Hunt,"['farce-comedy', 'slapstick-comedy']"
Funny Farm,"['farce-comedy', 'slapstick-comedy']"
La Cage aux Folles,"['farce-comedy', 'satire-comedy']"
California Suite,['farce-comedy']
Greedy,['farce-comedy']
The Gold Rush,"['farce-comedy', 'feel-good-romance', 'romantic-comedy', 'slapstick-comedy']"
Allan Quatermain and the Lost City of Gold,"['farce-comedy', 'jungle-adventure', 'quest-adventure', 'superhero-action']"
Seems Like Old Times,['farce-comedy']
Tom Jones,['farce-comedy']
Trail of the Pink Panther,['farce-comedy']
The More the Merrier,"['farce-comedy', 'screwball-comedy']"
What's New Pussycat,"['farce-comedy', 'slapstick-comedy']"
Born Yesterday,"['farce-comedy', 'satire-comedy', 'satire-comedy']"
Those Magnificent Men in Their Flying Machines or How I Flew from London to Paris in 25 Hours 11 Minutes,"['farce-comedy', 'slapstick-comedy']"
Soapdish,"['farce-comedy', 'parody-comedy', 'satire-comedy', 'slapstick-comedy']"
Three to Tango,"['farce-comedy', 'romantic-comedy']"
Curse of the Pink Panther,"['farce-comedy', 'slapstick-comedy']"
Ernest Scared Stupid,['farce-comedy']
Moving Violations,['farce-comedy']
A Night at the Opera,"['farce-comedy', 'satire-comedy', 'slapstick-comedy']"
Let's Do It Again,['farce-comedy']
Paris When It Sizzles,"['farce-comedy', 'feel-good-romance']"
Taking Care of Business,['farce-comedy']
The Glass Bottom Boat,"['farce-comedy', 'romantic-comedy', 'spy-thriller']"
Twin Dragons,"['farce-comedy', 'slapstick-comedy']"
Son of the Pink Panther,"['farce-comedy', 'slapstick-comedy']"
The Oldest Profession,['farce-comedy']
Designing Woman,"['farce-comedy', 'romantic-comedy']"
The Palm Beach Story,"['farce-comedy', 'satire-comedy', 'screwball-comedy', 'slapstick-comedy']"
The Bachelor and the Bobby-Soxer,"['farce-comedy', 'romantic-comedy', 'screwball-comedy', 'slapstick-comedy']"
A Guide for the Married Man,['farce-comedy']
Topper Returns,"['farce-comedy', 'screwball-comedy']"
Carry on Doctor,"['farce-comedy', 'parody-comedy', 'slapstick-comedy']"
I Was a Male War Bride,"['farce-comedy', 'satire-comedy', 'screwball-comedy']"
The Brothers Solomon,['farce-comedy']
No Time for Sergeants,['farce-comedy']
12 + 1,['farce-comedy']
The Out of Towners,['farce-comedy']
Safety Last!,"['farce-comedy', 'slapstick-comedy']"
The Pizza Triangle,"['farce-comedy', 'slapstick-comedy', 'tragic-romance']"
The Twelve Chairs,"['farce-comedy', 'satire-comedy', 'screwball-comedy']"
Buddy Buddy,['farce-comedy']
The Wedding Party,['farce-comedy']
The Moon Is Blue,"['farce-comedy', 'satire-comedy', 'screwball-comedy']"
A Night in Casablanca,['farce-comedy']
Those Daring Young Men in Their Jaunty Jalopies,"['farce-comedy', 'slapstick-comedy']"
An American Carol,"['farce-comedy', 'high-concept-comedy', 'parody-comedy', 'satire-comedy', 'slapstick-comedy', 'supernatural-fantasy']"
Bud Abbott and Lou Costello Meet the Invisible Man,"['farce-comedy', 'screwball-comedy', 'slapstick-comedy', 'supernatural-horror']"
Up the Sandbox,['farce-comedy']
These Girls,['farce-comedy']
Gordy,"['farce-comedy', 'high-concept-comedy']"
My Sister Eileen,"['farce-comedy', 'romantic-comedy', 'screwball-comedy']"
Lady for a Day,['farce-comedy']
The Horse's Mouth,"['farce-comedy', 'satire-comedy', 'screwball-comedy']"
Bachelor in Paradise,['farce-comedy']
The Perfect Furlough,"['farce-comedy', 'romantic-comedy']"
The Miracle of Morgan's Creek,"['farce-comedy', 'satire-comedy', 'screwball-comedy']"
The Ritz,['farce-comedy']
Lady L,['farce-comedy']
The Queens,"['farce-comedy', 'quirky-comedy', 'raunchy-comedy', 'slapstick-comedy']"
Chopper Chicks in Zombietown,"['farce-comedy', 'zombie-horror']"
It's Love I'm After,"['farce-comedy', 'screwball-comedy']"
Africa Screams,['farce-comedy']
The Adventures of Gerard,['farce-comedy']
Road to Utopia,['farce-comedy']
The Honeymoon Machine,"['farce-comedy', 'screwball-comedy']"
One Night in the Tropics,['farce-comedy']
Love and Action in Chicago,['farce-comedy']
Too Many Girls,['farce-comedy']
The Battle of the Sexes,"['farce-comedy', 'satire-comedy']"
Pardon My Sarong,"['farce-comedy', 'slapstick-comedy']"
A Royal Scandal,['farce-comedy']
The Beautiful Blonde from Bashful Bend,['farce-comedy']
Never Give a Sucker an Even Break,['farce-comedy']
The Lady in Question,['farce-comedy']
Monsieur Beaucaire,"['farce-comedy', 'satire-comedy']"
Woman Chases Man,"['farce-comedy', 'screwball-comedy']"
Grunt! The Wrestling Movie,"['farce-comedy', 'satire-comedy']"
Café Metropole,['farce-comedy']
Abbott and Costello in the Foreign Legion,['farce-comedy']
Prudence and the Pill,['farce-comedy']
The Carabineers,"['farce-comedy', 'satire-comedy']"
Goodbye Again,['farce-comedy']
Very Happy Alexander,['farce-comedy']
You'll Find Out,['farce-comedy']
By Candlelight,['farce-comedy']
The Early Bird,['farce-comedy']
Hotel Paradiso,['farce-comedy']
The Devil by the Tail,['farce-comedy']
Rio Rita,"['farce-comedy', 'slapstick-comedy']"
Souls for Sale,"['farce-comedy', 'romantic-comedy']"
Convention City,"['farce-comedy', 'satire-comedy']"
The Affairs of Cellini,['farce-comedy']
Little Giant,['farce-comedy']
Paramount on Parade,['farce-comedy']
Six of a Kind,"['farce-comedy', 'slapstick-comedy']"
In Person,"['farce-comedy', 'romantic-comedy']"
Gift of Gab,['farce-comedy']
Fireman Save My Child,"['farce-comedy', 'slapstick-comedy']"
Who Wants to Kill Jessie?,"['farce-comedy', 'high-concept-comedy', 'parody-comedy', 'quirky-comedy', 'satire-comedy', 'screwball-comedy', 'slapstick-comedy', 'superhero-action', 'supernatural-fantasy']"
Great Catherine,['farce-comedy']
The Guardsman,['farce-comedy']
Everybody Does It,['farce-comedy']
Boy Meets Girl,['farce-comedy']
Wenn die tollen Tanten kommen,"['farce-comedy', 'jukebox-musical', 'raunchy-comedy', 'slapstick-comedy']"
You Can't Have Everything,"['farce-comedy', 'slapstick-comedy']"
The Bride Comes Home,['farce-comedy']
Private Buckaroo,['farce-comedy']
"Go West, Young Lady",['farce-comedy']
Texas Carnival,['farce-comedy']
Gone Are the Days!,"['farce-comedy', 'satire-comedy']"
Ma and Pa Kettle at Waikiki,"['farce-comedy', 'slapstick-comedy']"
Polowanie na muchy,"['farce-comedy', 'satire-comedy']"
Smarty,['farce-comedy']
The Counterfeit Constable,"['farce-comedy', 'slapstick-comedy']"
Where's Charley?,['farce-comedy']
Strange Affair,"['farce-comedy', 'slapstick-comedy', 'whodunnit-mystery']"
I've Got Your Number,['farce-comedy']
The Kid from Kokomo,"['farce-comedy', 'romantic-comedy']"
The Body Disappears,['farce-comedy']
Bottoms Up,"['farce-comedy', 'parody-comedy']"
The King and the Chorus Girl,['farce-comedy']
Dulcy,['farce-comedy']
I Want a Divorce,['farce-comedy']
Here Comes Cookie,['farce-comedy']
A Night at Earl Carroll's,"['farce-comedy', 'slapstick-comedy']"
College Holiday,"['farce-comedy', 'slapstick-comedy']"
Excuse Me,['farce-comedy']
An Angel from Texas,['farce-comedy']
91:an Karlsson,['farce-comedy']
Love in Bloom,['farce-comedy']
Waking Up Horton,"['farce-comedy', 'high-concept-comedy', 'quest-adventure', 'quirky-comedy', 'road-trip-adventure']"
Cha-Cha-Cha Boom!,['farce-comedy']
Second Honeymoon,['farce-comedy']
"Hi Ya, Sailor",['farce-comedy']
Snowed Under,"['farce-comedy', 'romantic-comedy']"
Isaskar Keturin ihmeelliset seikkailut,['farce-comedy']
"Oh, Doctor",['farce-comedy']
The Girl Said No,['farce-comedy']
Good Dame,['farce-comedy']
Mad Holiday,['farce-comedy']
The Demi-Bride,['farce-comedy']
Justus järjestää kaiken,"['farce-comedy', 'slapstick-comedy']"
Weekend for Three,['farce-comedy']
Lännen lokarin veli,['farce-comedy']
Song of Idaho,['farce-comedy']
Serenaadi sotatorvella,['farce-comedy']
Vääpelin kauhu,['farce-comedy']
Kun isä tahtoo...,['farce-comedy']
Äidittömät,['farce-comedy']
Pizzacrust Presents: The Ultimatum of Improv that Sucks and Shouldn't be on YouTube for God's Sake,['farce-comedy']
Kenraalin morsian,['farce-comedy']
We Live in Time,['feel-good-romance']
Grease,"['feel-good-romance', 'pop-musical', 'rock-musical', 'romantic-comedy', 'teen-comedy', 'teen-romance']"
Bridget Jones's Diary,"['feel-good-romance', 'romantic-comedy']"
Legally Blonde,"['feel-good-romance', 'high-concept-comedy', 'romantic-comedy', 'satire-comedy']"
"Crazy, Stupid, Love.","['feel-good-romance', 'romantic-comedy']"
Amélie,"['feel-good-romance', 'quirky-comedy', 'romantic-comedy']"
About Time,"['feel-good-romance', 'romantic-comedy', 'time-travel-sci-fi']"
Me Before You,['feel-good-romance']
Pretty Woman,['feel-good-romance']
How to Lose a Guy in 10 Days,"['feel-good-romance', 'romantic-comedy']"
The Idea of You,"['feel-good-romance', 'romantic-comedy']"
The Parent Trap,['feel-good-romance']
Notting Hill,"['feel-good-romance', 'romantic-comedy', 'satire-comedy', 'showbiz-drama']"
Mamma Mia!,"['feel-good-romance', 'jukebox-musical', 'pop-musical', 'romantic-comedy']"
Ghost,['feel-good-romance']
A Knight's Tale,['feel-good-romance']
Purple Hearts,['feel-good-romance']
The Age of Adaline,"['feel-good-romance', 'supernatural-fantasy']"
Groundhog Day,"['feel-good-romance', 'high-concept-comedy', 'holiday-comedy', 'holiday-romance', 'romantic-comedy']"
Love & Other Drugs,"['feel-good-romance', 'raunchy-comedy', 'romantic-comedy', 'steamy-romance']"
Steel Magnolias,['feel-good-romance']
Crazy Rich Asians,"['feel-good-romance', 'romantic-comedy']"
The 40-Year-Old Virgin,"['feel-good-romance', 'raunchy-comedy', 'romantic-comedy']"
When Harry Met Sally...,"['feel-good-romance', 'romantic-comedy']"
An Officer and a Gentleman,['feel-good-romance']
Redeeming Love,"['feel-good-romance', 'period-drama', 'psychological-drama']"
Sweet Home Alabama,"['feel-good-romance', 'romantic-comedy']"
It's a Wonderful Life,"['feel-good-romance', 'holiday-family', 'holiday-romance', 'holiday-season', 'psychological-drama', 'supernatural-fantasy']"
Palm Springs,"['feel-good-romance', 'high-concept-comedy', 'romantic-comedy', 'supernatural-fantasy']"
He's Just Not That Into You,"['feel-good-romance', 'romantic-comedy']"
The Princess Diaries,"['feel-good-romance', 'high-concept-comedy', 'romantic-comedy', 'teen-comedy', 'teen-romance']"
Blended,"['feel-good-romance', 'romantic-comedy']"
Flipped,['feel-good-romance']
Knocked Up,"['feel-good-romance', 'romantic-comedy']"
You've Got Mail,"['feel-good-romance', 'romantic-comedy']"
Friends with Benefits,"['feel-good-romance', 'raunchy-comedy', 'romantic-comedy']"
Love Again,"['feel-good-romance', 'romantic-comedy']"
Burlesque,"['feel-good-romance', 'workplace-drama']"
27 Dresses,"['feel-good-romance', 'romantic-comedy']"
Forgetting Sarah Marshall,"['feel-good-romance', 'romantic-comedy']"
High Fidelity,"['feel-good-romance', 'romantic-comedy']"
The Lucky One,['feel-good-romance']
The Wedding Singer,"['feel-good-romance', 'romantic-comedy']"
The Holiday,"['feel-good-romance', 'holiday-comedy', 'holiday-romance', 'holiday-season', 'romantic-comedy']"
Career Opportunities,"['feel-good-romance', 'romantic-comedy']"
The Sweetest Thing,"['feel-good-romance', 'raunchy-comedy', 'romantic-comedy']"
Mr. Deeds,"['feel-good-romance', 'high-concept-comedy', 'romantic-comedy']"
She's Out of My League,"['feel-good-romance', 'romantic-comedy', 'teen-comedy']"
Romancing the Stone,"['feel-good-romance', 'jungle-adventure', 'quest-adventure', 'romantic-comedy']"
Two Weeks Notice,"['feel-good-romance', 'romantic-comedy']"
Flashdance,['feel-good-romance']
Grease 2,"['feel-good-romance', 'rock-musical', 'teen-comedy', 'teen-drama', 'teen-romance']"
Chocolat,['feel-good-romance']
Yesterday,"['feel-good-romance', 'romantic-comedy']"
Serendipity,"['feel-good-romance', 'holiday-romance', 'romantic-comedy']"
While You Were Sleeping,"['feel-good-romance', 'holiday-comedy', 'holiday-romance', 'holiday-season', 'romantic-comedy']"
Yes Man,"['feel-good-romance', 'high-concept-comedy', 'quirky-comedy', 'romantic-comedy', 'satire-comedy']"
Am I OK?,['feel-good-romance']
My Big Fat Greek Wedding,"['feel-good-romance', 'romantic-comedy']"
Just Friends,"['feel-good-romance', 'holiday-comedy', 'holiday-romance', 'holiday-season', 'romantic-comedy']"
The Taste of Things,"['feel-good-romance', 'period-drama']"
Sleeping with Other People,"['feel-good-romance', 'romantic-comedy']"
Safe Haven,['feel-good-romance']
Shotgun Wedding,"['feel-good-romance', 'high-concept-comedy', 'romantic-comedy']"
A Good Year,"['feel-good-romance', 'romantic-comedy']"
Arthur,"['feel-good-romance', 'romantic-comedy']"
Somebody I Used to Know,['feel-good-romance']
City Lights,"['feel-good-romance', 'romantic-comedy', 'satire-comedy', 'slapstick-comedy']"
Beginners,"['feel-good-romance', 'quirky-comedy', 'romantic-comedy']"
Music and Lyrics,"['feel-good-romance', 'romantic-comedy']"
Monster-in-Law,"['feel-good-romance', 'romantic-comedy']"
Supernova,"['feel-good-romance', 'road-trip-adventure']"
Something Borrowed,"['feel-good-romance', 'romantic-comedy']"
Dear John,['feel-good-romance']
100 Girls,"['feel-good-romance', 'raunchy-comedy']"
All About My Mother,"['feel-good-romance', 'quirky-comedy', 'romantic-comedy', 'showbiz-drama']"
Paterson,['feel-good-romance']
Down with Love,"['feel-good-romance', 'parody-comedy', 'romantic-comedy', 'satire-comedy']"
The Wedding Banquet,"['feel-good-romance', 'romantic-comedy', 'romantic-comedy']"
Letters to Juliet,"['feel-good-romance', 'road-trip-adventure', 'romantic-comedy']"
The Miracle Woman,['feel-good-romance']
Kate & Leopold,['feel-good-romance']
Bliss,"['feel-good-romance', 'psychological-drama']"
"You, Me and Dupree","['feel-good-romance', 'romantic-comedy', 'slapstick-comedy']"
What Happens in Vegas,"['feel-good-romance', 'romantic-comedy']"
Benny & Joon,"['feel-good-romance', 'quirky-comedy']"
The Most Beautiful Girl in the World,"['feel-good-romance', 'romantic-comedy', 'showbiz-drama']"
Dan in Real Life,['feel-good-romance']
In Her Shoes,"['feel-good-romance', 'romantic-comedy']"
Return to Me,"['feel-good-romance', 'romantic-comedy']"
French Kiss,"['feel-good-romance', 'romantic-comedy']"
Look Both Ways,['feel-good-romance']
The Family Stone,"['feel-good-romance', 'holiday-comedy', 'holiday-romance', 'holiday-season', 'romantic-comedy']"
Queen Bees,"['feel-good-romance', 'romantic-comedy']"
Something from Tiffany's,"['feel-good-romance', 'romantic-comedy']"
The Map of Tiny Perfect Things,"['feel-good-romance', 'romantic-comedy']"
Manhattan,"['feel-good-romance', 'romantic-comedy']"
One Fine Day,"['feel-good-romance', 'romantic-comedy']"
Finding You,['feel-good-romance']
From Up on Poppy Hill,"['feel-good-romance', 'period-drama', 'teen-comedy', 'teen-drama', 'teen-romance']"
Through My Window: Across the Sea,"['feel-good-romance', 'teen-comedy', 'teen-drama', 'teen-romance']"
A Perfect Pairing,['feel-good-romance']
2 Hearts,['feel-good-romance']
Heart and Souls,"['feel-good-romance', 'screwball-comedy', 'supernatural-fantasy']"
Love & Gelato,['feel-good-romance']
Beyond the Lights,['feel-good-romance']
Two Can Play That Game,"['feel-good-romance', 'romantic-comedy']"
Love in the Villa,['feel-good-romance']
A Business Proposal,"['feel-good-romance', 'romantic-comedy', 'workplace-drama']"
Monday,['feel-good-romance']
Brown Sugar,['feel-good-romance']
The Noel Diary,['feel-good-romance']
The Perfect Find,"['feel-good-romance', 'teen-comedy', 'workplace-drama']"
North to Alaska,"['feel-good-romance', 'slapstick-comedy']"
The Englishman Who Went Up a Hill But Came Down a Mountain,"['feel-good-romance', 'high-concept-comedy', 'period-drama', 'romantic-comedy']"
What If...,"['feel-good-romance', 'psychological-drama', 'workplace-drama']"
Deliver Us from Eva,"['feel-good-romance', 'romantic-comedy']"
Princess Caraboo,['feel-good-romance']
Alone Together,['feel-good-romance']
Unplugging,['feel-good-romance']
Elsa & Fred,"['feel-good-romance', 'screwball-comedy']"
Backpackers,"['feel-good-romance', 'high-concept-comedy']"
Kang Mak,"['feel-good-romance', 'folk-horror', 'romantic-comedy', 'slapstick-comedy', 'supernatural-horror']"
Woo,['feel-good-romance']
Holiday Harmony,['feel-good-romance']
Love Tactics 2,"['feel-good-romance', 'quirky-comedy']"
Anything's Possible,"['feel-good-romance', 'romantic-comedy', 'teen-drama', 'teen-romance']"
Stranger on the Third Floor,"['feel-good-romance', 'film-noir']"
"Getting Go, the Go Doc Project",['feel-good-romance']
Is It Just Me?,['feel-good-romance']
Ricos de Amor,['feel-good-romance']
Hollywood Stargirl,"['feel-good-romance', 'showbiz-drama', 'teen-comedy']"
The Architecture of Love,['feel-good-romance']
Father Is a Bachelor,"['feel-good-romance', 'quirky-comedy', 'road-trip-adventure']"
You Do You,"['feel-good-romance', 'quirky-comedy']"
Tension,"['feel-good-romance', 'film-noir', 'police-procedural-crime', 'tragic-romance']"
Hands Across the Table,"['feel-good-romance', 'screwball-comedy', 'workplace-drama']"
Rich in Love 2,['feel-good-romance']
Ali Topan,"['feel-good-romance', 'road-trip-adventure', 'satire-comedy']"
Jaadugar,"['feel-good-romance', 'soccer-sport']"
Small Town Girl,['feel-good-romance']
Heartbreak Motel,"['feel-good-romance', 'psychological-drama', 'showbiz-drama']"
Dear Ruth,['feel-good-romance']
I Married an Angel,"['feel-good-romance', 'romantic-comedy']"
I Believe in Santa,"['feel-good-romance', 'holiday-comedy', 'holiday-romance', 'romantic-comedy']"
Yolanda and the Thief,"['feel-good-romance', 'pop-musical', 'supernatural-fantasy']"
Rangga & Cinta,"['feel-good-romance', 'pop-musical', 'teen-drama', 'teen-romance']"
The Flapper,"['feel-good-romance', 'romantic-comedy', 'teen-comedy', 'teen-romance']"
For the Love of George,"['feel-good-romance', 'romantic-comedy', 'screwball-comedy']"
Lost in Starlight,"['feel-good-romance', 'romantic-comedy', 'space-sci-fi']"
Penthouse,"['feel-good-romance', 'legal-drama', 'whodunnit-mystery']"
American Visa,"['feel-good-romance', 'heist-crime', 'political-drama']"
Lady with a Past,['feel-good-romance']
Make Me a Star,"['feel-good-romance', 'parody-comedy', 'romantic-comedy', 'slapstick-comedy']"
Men Are Such Fools,"['feel-good-romance', 'workplace-drama']"
Manuelita,['feel-good-romance']
Stingaree,"['feel-good-romance', 'period-drama']"
The Girl Downstairs,"['feel-good-romance', 'satire-comedy']"
Son of the Gods,['feel-good-romance']
Next to North,['feel-good-romance']
Ramen Romance,['feel-good-romance']
A Gift of Royal Proportions,"['feel-good-romance', 'romantic-comedy']"
Mary Christmas,['feel-good-romance']
Suspicion,['film-noir']
The Maltese Falcon,"['film-noir', 'film-noir', 'hardboiled-mystery', 'hardboiled-mystery', 'police-procedural-crime', 'suspense-mystery', 'true-crime']"
The Lost Weekend,['film-noir']
The Third Man,"['film-noir', 'hardboiled-mystery', 'whodunnit-mystery']"
Niagara,"['film-noir', 'psychological-thriller']"
Double Indemnity,"['film-noir', 'hardboiled-mystery']"
Notorious,"['film-noir', 'period-drama', 'spy-thriller', 'true-crime']"
The Night of the Hunter,"['film-noir', 'psychological-drama', 'psychological-thriller']"
Strangers on a Train,"['film-noir', 'psychological-thriller']"
Out of the Past,['film-noir']
Don't Bother to Knock,"['film-noir', 'film-noir']"
Touch of Evil,['film-noir']
Mildred Pierce,['film-noir']
The Big Sleep,"['film-noir', 'hardboiled-mystery']"
Laura,['film-noir']
Gilda,['film-noir']
Chicago Syndicate,"['film-noir', 'film-noir']"
Leave Her to Heaven,"['film-noir', 'psychological-thriller']"
The Wrong Man,['film-noir']
Shadow of a Doubt,['film-noir']
All the King's Men,"['film-noir', 'political-drama', 'political-drama']"
The Asphalt Jungle,"['film-noir', 'heist-crime']"
The Lady from Shanghai,['film-noir']
Macao,"['film-noir', 'film-noir']"
Key Largo,['film-noir']
The Naked City,['film-noir']
Sweet Smell of Success,['film-noir']
I Want to Live!,"['film-noir', 'true-crime']"
In a Lonely Place,"['film-noir', 'hardboiled-mystery']"
The Killers,['film-noir']
Odd Man Out,['film-noir']
Night and the City,"['film-noir', 'film-noir']"
Ace in the Hole,"['film-noir', 'survival-adventure', 'tragedy-drama']"
Kiss Me Deadly,['film-noir']
Caged,"['film-noir', 'prison-drama', 'psychological-drama', 'tragedy-drama']"
Bad for Each Other,"['film-noir', 'film-noir']"
Crime of Passion,"['film-noir', 'film-noir']"
"Murder, My Sweet","['film-noir', 'film-noir', 'hardboiled-mystery']"
The Big Heat,['film-noir']
No Way Out,"['film-noir', 'film-noir', 'political-thriller', 'spy-thriller', 'steamy-romance']"
The Woman in the Window,"['film-noir', 'film-noir', 'psychological-drama', 'psychological-thriller', 'suspense-mystery']"
The Steel Jungle,['film-noir']
Pickup on South Street,['film-noir']
Scarlet Street,"['film-noir', 'tragedy-drama']"
House of Numbers,['film-noir']
Nightmare Alley,"['film-noir', 'psychological-thriller']"
Pushover,['film-noir']
The Damned Don't Cry,"['film-noir', 'tragic-romance']"
The Strange Love of Martha Ivers,['film-noir']
The Blue Gardenia,['film-noir']
Girls in Prison,['film-noir']
High Sierra,"['film-noir', 'tragedy-drama']"
The Narrow Margin,"['film-noir', 'gangster-crime']"
The Stranger,"['film-noir', 'psychological-drama', 'true-crime']"
Detour,"['film-noir', 'slasher-horror']"
Killer's Kiss,['film-noir']
Stage Fright,"['film-noir', 'slasher-horror']"
Illegal,['film-noir']
Gun Crazy,['film-noir']
Knock on Any Door,['film-noir']
Escape in the Fog,['film-noir']
"Sorry, Wrong Number",['film-noir']
Clash by Night,['film-noir']
The Bigamist,"['film-noir', 'legal-drama']"
D.O.A.,"['film-noir', 'whodunnit-mystery']"
Sudden Fear,"['film-noir', 'psychological-thriller']"
Nightfall,['film-noir']
Brute Force,"['film-noir', 'prison-drama']"
Angel Face,['film-noir']
Dead Reckoning,['film-noir']
Phantom Lady,['film-noir']
Female Jungle,['film-noir']
Possessed,['film-noir']
Somewhere in the Night,['film-noir']
Cry of the City,['film-noir']
Brighton Rock,['film-noir']
Thunder Road,['film-noir']
The Crooked Circle,['film-noir']
Hell Drivers,['film-noir']
Cloak and Dagger,['film-noir']
The Hitch-Hiker,['film-noir']
Terror by Night,"['film-noir', 'heist-crime', 'period-drama', 'whodunnit-mystery']"
Pitfall,['film-noir']
Force of Evil,['film-noir']
A Woman's Face,['film-noir']
I Became a Criminal,['film-noir']
A Kiss Before Dying,['film-noir']
Act of Violence,['film-noir']
Body and Soul,"['film-noir', 'psychological-drama', 'psychological-thriller']"
He Walked by Night,"['film-noir', 'heist-crime']"
Nightmare,"['film-noir', 'film-noir', 'slasher-horror', 'supernatural-horror']"
The Big Combo,"['film-noir', 'gangster-crime']"
The Window,['film-noir']
Impact,"['film-noir', 'legal-drama']"
The Lineup,['film-noir']
Lady in the Lake,"['film-noir', 'hardboiled-mystery']"
Fury,"['film-noir', 'period-drama']"
Detective Story,['film-noir']
The Two Mrs. Carrolls,['film-noir']
Confidential Report,['film-noir']
Cornered,['film-noir']
The Unseen,"['film-noir', 'slasher-horror', 'whodunnit-mystery']"
The Big Clock,"['film-noir', 'police-procedural-crime', 'psychological-thriller', 'whodunnit-mystery']"
Kiss Tomorrow Goodbye,['film-noir']
Inside the Walls of Folsom Prison,['film-noir']
Suddenly,"['film-noir', 'psychological-thriller']"
The Desperate Hours,['film-noir']
The Reckless Moment,['film-noir']
Shadow on the Wall,['film-noir']
Too Late for Tears,['film-noir']
Woman on the Run,['film-noir']
Panic in the Streets,['film-noir']
The Fallen Idol,['film-noir']
Conflict,['film-noir']
Hangmen Also Die!,"['film-noir', 'political-thriller']"
The Dark Past,"['film-noir', 'serial-killer-crime']"
A Double Life,['film-noir']
Hammer the Toff,['film-noir']
The True Story of Lynn Stuart,['film-noir']
Outrage,"['film-noir', 'gangster-crime']"
I Wake Up Screaming,"['film-noir', 'whodunnit-mystery']"
Walk a Crooked Mile,['film-noir']
Whirlpool,['film-noir']
Born to Kill,['film-noir']
Fallen Angel,['film-noir']
Jeopardy,['film-noir']
She Played with Fire,['film-noir']
On Dangerous Ground,"['film-noir', 'psychological-drama', 'teen-drama', 'tragedy-drama']"
Scandal Sheet,['film-noir']
The Sniper,['film-noir']
Party Girl,['film-noir']
Affair in Trinidad,['film-noir']
Nocturne,['film-noir']
The Red House,['film-noir']
The Thief,"['film-noir', 'spy-thriller']"
Tight Spot,['film-noir']
The Prowler,"['film-noir', 'psychological-thriller', 'slasher-horror']"
They Drive by Night,['film-noir']
Black Angel,['film-noir']
The Chase,"['film-noir', 'satire-comedy']"
Born to Be Bad,['film-noir']
Cry Danger,['film-noir']
All My Sons,['film-noir']
Thunderbolt,['film-noir']
The House on Telegraph Hill,['film-noir']
Framed,['film-noir']
The Sound of Fury,['film-noir']
The Undercover Man,"['film-noir', 'police-procedural-crime']"
Shakedown,['film-noir']
The Tattered Dress,['film-noir']
They Live by Night,['film-noir']
House of Strangers,['film-noir']
Machine-Gun Kelly,"['film-noir', 'true-crime']"
The Thin Man Goes Home,"['film-noir', 'screwball-comedy']"
No Man of Her Own,"['film-noir', 'screwball-comedy']"
This Gun for Hire,['film-noir']
Ministry of Fear,['film-noir']
Deadline - U.S.A.,['film-noir']
Man in the Dark,['film-noir']
Time Table,['film-noir']
You Only Live Once,['film-noir']
The Leopard Man,['film-noir']
The Seventh Cross,"['film-noir', 'political-thriller', 'psychological-thriller']"
Journey Into Fear,['film-noir']
The Dark Mirror,"['film-noir', 'psychological-thriller']"
Black Tuesday,['film-noir']
The Girl in Black Stockings,['film-noir']
My Name Is Julia Ross,"['film-noir', 'psychological-drama']"
Black Widow,"['film-noir', 'psychological-thriller', 'spy-thriller', 'superhero-action']"
Diplomatic Courier,['film-noir']
The Falcon in Hollywood,['film-noir']
Thieves' Highway,['film-noir']
Marked Woman,['film-noir']
711 Ocean Drive,['film-noir']
The Killer Is Loose,"['film-noir', 'serial-killer-crime']"
Not as a Stranger,"['film-noir', 'medical-drama', 'steamy-romance', 'workplace-drama']"
Criss Cross,"['film-noir', 'heist-crime']"
While the City Sleeps,"['film-noir', 'true-crime']"
Screaming Mimi,['film-noir']
He Ran All the Way,['film-noir']
New York Confidential,['film-noir']
Where Danger Lives,['film-noir']
Another Man's Poison,['film-noir']
Moontide,"['film-noir', 'psychological-thriller']"
The Street with No Name,['film-noir']
City Streets,['film-noir']
I Walk Alone,['film-noir']
The Big Knife,"['film-noir', 'showbiz-drama']"
Murder by Contract,['film-noir']
Jail Bait,['film-noir']
Lisbon,['film-noir']
They Won't Forget,"['film-noir', 'legal-drama']"
The Dark Corner,['film-noir']
Johnny O'Clock,['film-noir']
The Scarlet Hour,['film-noir']
Vice Squad,['film-noir']
The Shanghai Gesture,['film-noir']
Cast a Dark Shadow,['film-noir']
Deadline at Dawn,"['film-noir', 'hardboiled-mystery', 'whodunnit-mystery']"
The Verdict,"['film-noir', 'legal-drama']"
The Hidden Room,"['film-noir', 'psychological-thriller']"
Drive a Crooked Road,['film-noir']
Nora Prentiss,['film-noir']
Naked Alibi,['film-noir']
Highway Dragnet,['film-noir']
Blonde Ice,['film-noir']
Storm Warning,"['film-noir', 'slasher-horror']"
Secret Beyond the Door...,['film-noir']
99 River Street,['film-noir']
Cause for Alarm!,"['film-noir', 'psychological-drama', 'psychological-thriller']"
Guest in the House,['film-noir']
Caught,['film-noir']
The Falcon Strikes Back,['film-noir']
The Falcon's Brother,['film-noir']
Rope of Sand,['film-noir']
The House of Fear,['film-noir']
Repeat Performance,"['film-noir', 'psychological-drama', 'supernatural-fantasy']"
Moonrise,['film-noir']
Chicago Confidential,['film-noir']
Spy Hunt,['film-noir']
Shield for Murder,['film-noir']
Violent Saturday,['film-noir']
Cover Up,"['film-noir', 'suspense-mystery']"
The Locket,"['film-noir', 'psychological-drama']"
The Second Woman,"['film-noir', 'psychological-drama', 'suspense-mystery', 'whodunnit-mystery']"
Beyond a Reasonable Doubt,"['film-noir', 'legal-drama', 'legal-thriller', 'police-procedural-crime']"
"Sleep, My Love",['film-noir']
Please Murder Me!,"['film-noir', 'psychological-thriller']"
Suspense,['film-noir']
The Burglar,['film-noir']
Dangerous Crossing,"['film-noir', 'psychological-thriller']"
Witness to Murder,['film-noir']
Crime Wave,['film-noir']
The Big Steal,['film-noir']
Mystery Street,['film-noir']
Ladies in Retirement,['film-noir']
Walk East on Beacon!,['film-noir']
M,"['film-noir', 'psychological-thriller', 'serial-killer-crime', 'suspense-mystery']"
The Unsuspected,['film-noir']
I Love Trouble,"['film-noir', 'hardboiled-mystery', 'romantic-comedy', 'true-crime', 'whodunnit-mystery']"
Plunder Road,['film-noir']
Dementia,['film-noir']
Hollow Triumph,['film-noir']
Short Cut to Hell,['film-noir']
Strange Illusion,"['film-noir', 'suspense-mystery']"
Phone Call from a Stranger,['film-noir']
Hoodlum Empire,['film-noir']
The Racket,"['film-noir', 'film-noir']"
You and Me,['film-noir']
Beyond the Forest,['film-noir']
Alias Nick Beal,"['film-noir', 'political-drama', 'supernatural-fantasy', 'supernatural-horror']"
A Life at Stake,['film-noir']
Each Dawn I Die,"['film-noir', 'prison-drama', 'psychological-drama']"
Black Friday,['film-noir']
Port of New York,['film-noir']
The Long Night,['film-noir']
Shock,"['film-noir', 'supernatural-horror']"
Undercurrent,"['film-noir', 'psychological-drama', 'psychological-thriller']"
Ride the Pink Horse,['film-noir']
The Turning Point,['film-noir']
Julie,['film-noir']
Johnny Allegro,['film-noir']
Cry Wolf,['film-noir']
The House on 92nd Street,['film-noir']
Trapped,"['film-noir', 'psychological-thriller']"
The Mob,['film-noir']
Blackout,"['film-noir', 'werewolf-horror', 'zombie-horror']"
A Cry in the Night,['film-noir']
Female on the Beach,['film-noir']
Street of Chance,['film-noir']
The Mask of Dimitrios,['film-noir']
They Won't Believe Me,['film-noir']
Race Street,['film-noir']
Ransom!,"['film-noir', 'police-procedural-crime', 'psychological-drama', 'psychological-thriller']"
Undertow,['film-noir']
The Glass Web,['film-noir']
High Wall,['film-noir']
House by the River,['film-noir']
The Thirteenth Hour,['film-noir']
We Were Strangers,['film-noir']
Convicted,['film-noir']
A Woman's Secret,['film-noir']
Spin a Dark Web,['film-noir']
Berlin Express,['film-noir']
The Woman on the Beach,['film-noir']
The Gay Falcon,"['film-noir', 'whodunnit-mystery']"
Riot in Cell Block 11,['film-noir']
A Lady Without Passport,['film-noir']
T-Men,['film-noir']
Between Midnight and Dawn,['film-noir']
The Long Wait,['film-noir']
The Suspect,['film-noir']
Strange Bargain,['film-noir']
Side Street,['film-noir']
Bullets or Ballots,"['film-noir', 'film-noir']"
Cry Terror!,['film-noir']
Experiment Perilous,['film-noir']
The Glass Wall,['film-noir']
The Strange Affair of Uncle Harry,['film-noir']
"Beware, My Lovely",['film-noir']
Desert Fury,['film-noir']
The Unfaithful,['film-noir']
The Web,['film-noir']
"Big House, U.S.A.",['film-noir']
Quicksand,['film-noir']
The Gorbals Story,['film-noir']
Unchained,['film-noir']
Moss Rose,['film-noir']
Decoy,['film-noir']
The Killer That Stalked New York,['film-noir']
The Falcon in Danger,"['film-noir', 'whodunnit-mystery']"
Behind Locked Doors,['film-noir']
Red Light,['film-noir']
Count the Hours!,['film-noir']
Tokyo Joe,"['film-noir', 'political-drama', 'political-thriller', 'spy-thriller']"
Hell's Half Acre,['film-noir']
Whistle Stop,['film-noir']
The Bribe,['film-noir']
Chicago Deadline,['film-noir']
Hell's Island,['film-noir']
Tomorrow Is Another Day,['film-noir']
The Fat Man,['film-noir']
Three Bad Sisters,['film-noir']
One Way Street,['film-noir']
No Questions Asked,['film-noir']
Storm Fear,['film-noir']
Behind Green Lights,['film-noir']
Time Without Pity,"['film-noir', 'suspense-mystery', 'tragedy-drama', 'whodunnit-mystery']"
The Falcon in Mexico,['film-noir']
Backfire,"['film-noir', 'holiday-romance']"
Outside the Law,['film-noir']
Backlash,"['film-noir', 'whodunnit-mystery']"
Kiss the Blood Off My Hands,"['film-noir', 'period-drama', 'psychological-thriller']"
Mystery of Marie Roget,['film-noir']
The Brasher Doubloon,"['film-noir', 'whodunnit-mystery']"
The Violent Years,['film-noir']
The File on Thelma Jordon,['film-noir']
Hell on Frisco Bay,['film-noir']
Christmas Holiday,"['film-noir', 'holiday-season']"
Desperate,['film-noir']
The Lost Moment,['film-noir']
Nobody Lives Forever,['film-noir']
The Glass Key,"['film-noir', 'film-noir']"
Baby Face Nelson,['film-noir']
Saigon,['film-noir']
The Stranger in Between,['film-noir']
San Quentin,"['film-noir', 'prison-drama']"
Flamingo Road,['film-noir']
Guilty Bystander,['film-noir']
Whiplash,"['film-noir', 'psychological-drama']"
Shack Out on 101,['film-noir']
The Limping Man,"['film-noir', 'film-noir']"
Hollywood Story,"['film-noir', 'whodunnit-mystery']"
Three Strangers,['film-noir']
Appointment with Danger,['film-noir']
Calcutta,"['film-noir', 'whodunnit-mystery']"
Manhandled,['film-noir']
The Gun Runners,['film-noir']
Loophole,"['film-noir', 'heist-crime']"
Smash-Up: The Story of a Woman,['film-noir']
City That Never Sleeps,['film-noir']
The Man I Love,['film-noir']
The Man Between,['film-noir']
The Female Animal,['film-noir']
Among the Living,['film-noir']
Native Son,['film-noir']
The Beast of the City,['film-noir']
The Midnight Story,['film-noir']
You Can't Get Away with Murder,"['film-noir', 'heist-crime', 'prison-drama']"
Fear in the Night,"['film-noir', 'psychological-thriller', 'suspense-mystery', 'whodunnit-mystery']"
Hold Back Tomorrow,['film-noir']
Johnny Angel,['film-noir']
The Enforcer,"['film-noir', 'one-person-army-action', 'one-person-army-action', 'police-procedural-crime']"
Pickup,['film-noir']
The Face Behind the Mask,['film-noir']
Death of a Scoundrel,['film-noir']
The Woman on Pier 13,"['film-noir', 'political-drama']"
Loan Shark,['film-noir']
His Kind of Woman,['film-noir']
The Accused,"['film-noir', 'legal-drama']"
The Other Love,['film-noir']
The Night Holds Terror,"['film-noir', 'true-crime']"
Invisible Stripes,"['film-noir', 'heist-crime']"
Black Legion,"['film-noir', 'political-drama', 'true-crime', 'workplace-drama']"
House of Bamboo,"['film-noir', 'gangster-crime']"
Gorilla at Large,['film-noir']
So Dark the Night,['film-noir']
The Strange One,"['film-noir', 'psychological-drama']"
Crime in the Streets,['film-noir']
The Man Who Died Twice,['film-noir']
Never Trust a Gambler,['film-noir']
The Big Shot,['film-noir']
The Man with Two Faces,['film-noir']
The Unguarded Moment,['film-noir']
A Bullet for Joey,['film-noir']
High Tide,"['film-noir', 'psychological-drama', 'whodunnit-mystery']"
To the Ends of the Earth,['film-noir']
One Girl's Confession,['film-noir']
Undercover Girl,['film-noir']
No Man's Woman,"['film-noir', 'whodunnit-mystery']"
Johnny Stool Pigeon,['film-noir']
The Brothers Rico,['film-noir']
Over-Exposed,['film-noir']
Larceny,['film-noir']
Finger of Guilt,"['film-noir', 'psychological-drama']"
The Girl in the Kremlin,['film-noir']
Portland Exposé,"['film-noir', 'true-crime']"
The Garment Jungle,['film-noir']
The Steel Trap,['film-noir']
I Died a Thousand Times,"['film-noir', 'gangster-crime']"
Woman in Hiding,['film-noir']
The Long Haul,['film-noir']
Scene of the Crime,['film-noir']
Malaga,['film-noir']
The Sleeping City,['film-noir']
Mysterious Intruder,['film-noir']
Hot Cars,['film-noir']
A Blueprint for Murder,['film-noir']
"Walk Softly, Stranger","['film-noir', 'heist-crime', 'holiday-romance', 'psychological-drama']"
Step Down to Terror,['film-noir']
Shoot to Kill,['film-noir']
The Lady Gambles,['film-noir']
The Raging Tide,['film-noir']
Lady Gangster,['film-noir']
Make Haste to Live,['film-noir']
The Whistler,"['film-noir', 'psychological-drama', 'suspense-mystery']"
The Big Bluff,['film-noir']
The Big Caper,['film-noir']
Flaxy Martin,['film-noir']
Bodyguard,['film-noir']
Jigsaw,"['film-noir', 'whodunnit-mystery']"
Out of the Fog,['film-noir']
The Naked Street,"['film-noir', 'tragedy-drama']"
The Las Vegas Story,['film-noir']
Strangers in the Night,['film-noir']
Appointment with a Shadow,['film-noir']
Second Chance,"['film-noir', 'film-noir', 'gangster-crime']"
Abandoned,['film-noir']
Crashout,['film-noir']
The Amazing Mr. X,['film-noir']
Border Incident,"['film-noir', 'police-procedural-crime']"
City of Shadows,['film-noir']
Six Bridges to Cross,['film-noir']
Dear Murderer,['film-noir']
Dancing with Crime,['film-noir']
Summer Storm,['film-noir']
A Woman's Vengeance,['film-noir']
I Wouldn't Be in Your Shoes,['film-noir']
The Captive City,['film-noir']
Dial 1119,['film-noir']
The Restless Years,['film-noir']
5 Steps to Danger,['film-noir']
Night Editor,['film-noir']
The Shadow on the Window,['film-noir']
Terror Street,['film-noir']
Flight to Tangier,['film-noir']
The Slasher,['film-noir']
Hit and Run,"['film-noir', 'steamy-romance', 'workplace-drama']"
New Orleans Uncensored,['film-noir']
Fingerman,['film-noir']
Outside the Wall,['film-noir']
Kind Lady,"['film-noir', 'psychological-drama']"
Hell Bound,['film-noir']
Accused of Murder,['film-noir']
Wicked Woman,['film-noir']
Bordertown,"['film-noir', 'true-crime']"
The Master Plan,['film-noir']
Blind Alley,['film-noir']
Follow Me Quietly,['film-noir']
The Crooked Way,['film-noir']
Roadblock,['film-noir']
Great Guy,['film-noir']
Johnny Apollo,['film-noir']
Lady on a Train,"['film-noir', 'holiday-comedy', 'holiday-romance', 'holiday-season']"
The Human Jungle,['film-noir']
The Secret Fury,"['film-noir', 'psychological-drama']"
A Bullet Is Waiting,['film-noir']
Flight to Hong Kong,['film-noir']
The Mark of the Whistler,['film-noir']
The Great Flamarion,['film-noir']
The Unholy Wife,['film-noir']
Mr. District Attorney,['film-noir']
Smooth as Silk,['film-noir']
Singapore,['film-noir']
The Big Night,['film-noir']
Down Three Dark Streets,['film-noir']
Union Station,['film-noir']
The Shop at Sly Corner,['film-noir']
Two O'Clock Courage,"['film-noir', 'whodunnit-mystery']"
City Without Men,['film-noir']
"Live Fast, Die Young",['film-noir']
Crack-Up,['film-noir']
Slaughter on 10th Avenue,['film-noir']
Deported,['film-noir']
The Scarf,['film-noir']
The Threat,"['film-noir', 'suspense-mystery']"
Murder in the Blue Room,"['film-noir', 'whodunnit-mystery']"
"I, the Jury",['film-noir']
The Third Visitor,['film-noir']
Calling Dr. Death,['film-noir']
The Gangster,['film-noir']
Rogue Cop,['film-noir']
"Cell 2455, Death Row",['film-noir']
The Bonnie Parker Story,['film-noir']
Shed No Tears,['film-noir']
Cop Hater,['film-noir']
The Clay Pigeon,['film-noir']
An Act of Murder,['film-noir']
Dangerous Mission,['film-noir']
The House Across the Bay,['film-noir']
Railroaded!,['film-noir']
A Dangerous Profession,['film-noir']
Time to Kill,"['film-noir', 'time-travel-sci-fi']"
The Amazing Mr. Williams,['film-noir']
World for Ransom,['film-noir']
They Made Me a Killer,['film-noir']
Street of Sinners,['film-noir']
Time Out of Mind,['film-noir']
The Falcon in San Francisco,['film-noir']
Night Court,['film-noir']
Terror on a Train,['film-noir']
The Shanghai Story,['film-noir']
The Black Glove,['film-noir']
Slightly Scarlet,['film-noir']
Edge of Doom,['film-noir']
Destination Murder,['film-noir']
The Price of Fear,['film-noir']
A Man Betrayed,['film-noir']
The Miami Story,['film-noir']
The Teckman Mystery,['film-noir']
The Docks of New York,['film-noir']
Murder by Invitation,['film-noir']
Slander,['film-noir']
The Case Against Brooklyn,"['film-noir', 'true-crime']"
Strange Impersonation,['film-noir']
The Falcon Out West,['film-noir']
I Was a Communist for the F.B.I.,['film-noir']
Private Hell 36,['film-noir']
Murder Is My Beat,['film-noir']
I Was a Shoplifter,['film-noir']
No Orchids for Miss Blandish,['film-noir']
The Joe Louis Story,['film-noir']
Million Dollar Weekend,['film-noir']
Joe MacBeth,['film-noir']
The Bushwhackers,['film-noir']
A Prize of Gold,['film-noir']
Fear,"['film-noir', 'psychological-drama', 'psychological-thriller']"
Temptation,['film-noir']
Heat Wave,['film-noir']
The Inner Circle,['film-noir']
The Last Crooked Mile,['film-noir']
The Strip,['film-noir']
The People Against O'Hara,['film-noir']
'C'-Man,['film-noir']
The Secret of the Whistler,['film-noir']
Man Afraid,['film-noir']
The Flame,['film-noir']
Dangerous Passage,['film-noir']
Because of You,['film-noir']
Behind the High Wall,['film-noir']
The 13th Letter,['film-noir']
Cloudburst,['film-noir']
Forbidden,['film-noir']
Hot Summer Night,['film-noir']
Hong Kong Confidential,['film-noir']
Account Rendered,['film-noir']
Chained for Life,['film-noir']
Step by Step,['film-noir']
Shadows on the Stairs,['film-noir']
Danger Signal,"['film-noir', 'psychological-drama']"
Canon City,['film-noir']
Take My Life,['film-noir']
Black Hand,['film-noir']
The Pay Off,"['film-noir', 'whodunnit-mystery']"
A Woman's Devotion,['film-noir']
Strange Fascination,['film-noir']
When Strangers Marry,['film-noir']
Mara Maru,"['film-noir', 'heist-crime', 'quest-adventure', 'sea-adventure']"
Girl on the Run,['film-noir']
Key Witness,['film-noir']
F.B.I. Girl,['film-noir']
Fingers at the Window,['film-noir']
Without Warning!,['film-noir']
Rumble on the Docks,['film-noir']
Apology for Murder,['film-noir']
Running Wild,['film-noir']
Girls on the Loose,['film-noir']
Norman Conquest,['film-noir']
Crime Against Joe,['film-noir']
World in My Corner,['film-noir']
Raw Wind in Eden,['film-noir']
The Lawless,['film-noir']
The Mask of Diijon,['film-noir']
A Date with the Falcon,['film-noir']
The Boss,['film-noir']
Danger Zone,['film-noir']
The Devil Thumbs a Ride,['film-noir']
Bury Me Dead,['film-noir']
The Houston Story,['film-noir']
The Shadow Strikes,['film-noir']
Eyewitness,['film-noir']
The Falcon's Alibi,"['film-noir', 'whodunnit-mystery']"
Trent's Last Case,['film-noir']
Tip on a Dead Jockey,['film-noir']
The Red Menace,['film-noir']
Hunt the Man Down,"['film-noir', 'legal-drama']"
Miami Exposé,['film-noir']
The Sign of the Ram,['film-noir']
Lure of the Swamp,['film-noir']
Pier 23,['film-noir']
Counterfeit,['film-noir']
Quiet Please: Murder,['film-noir']
The Unknown Man,['film-noir']
Murder with Pictures,['film-noir']
Cry of the Hunted,"['film-noir', 'survival-adventure']"
Open Secret,['film-noir']
The Come On,['film-noir']
Violated,['film-noir']
Roses Are Red,['film-noir']
Dead Man's Eyes,['film-noir']
Gun Girls,['film-noir']
The Power of the Whistler,['film-noir']
Grief Street,"['film-noir', 'whodunnit-mystery']"
The Lady Confesses,"['film-noir', 'whodunnit-mystery']"
The Falcon's Adventure,"['film-noir', 'whodunnit-mystery']"
No Escape,['film-noir']
City Across the River,['film-noir']
Gambling House,['film-noir']
The Arnelo Affair,['film-noir']
Man on the Prowl,['film-noir']
The Judge,"['film-noir', 'legal-drama']"
The Return of the Whistler,"['film-noir', 'whodunnit-mystery']"
A Strange Adventure,"['film-noir', 'film-noir', 'whodunnit-mystery']"
Sensation Hunters,['film-noir']
The Missing Juror,['film-noir']
The Man with My Face,['film-noir']
The Tijuana Story,['film-noir']
The Night Runner,['film-noir']
The Crimson Canary,['film-noir']
The Hairy Ape,['film-noir']
The Mad Doctor,['film-noir']
The Fatal Witness,"['film-noir', 'whodunnit-mystery']"
The Sellout,['film-noir']
Pillow of Death,['film-noir']
The Crooked Web,['film-noir']
Anna Lucasta,['film-noir']
Bedevilled,['film-noir']
Kid Glove Killer,['film-noir']
The Truth About Murder,['film-noir']
Money Madness,['film-noir']
Fright,['film-noir']
Blood Money,['film-noir']
The Wild Party,"['film-noir', 'period-drama', 'tragedy-drama']"
Sudden Danger,['film-noir']
Johnny One-Eye,['film-noir']
Congo Crossing,['film-noir']
Specter of the Rose,['film-noir']
Wiretapper,['film-noir']
The Sun Sets at Dawn,['film-noir']
Peking Express,['film-noir']
Escort Girl,['film-noir']
Night Without Sleep,['film-noir']
Playgirl,['film-noir']
Enter Arsene Lupin,['film-noir']
Girls in Chains,['film-noir']
Violence,"['film-noir', 'political-drama']"
I Was an Adventuress,['film-noir']
Chicago Calling,['film-noir']
Death in Small Doses,['film-noir']
Teenage Doll,['film-noir']
Steel Town,['film-noir']
The Story of Molly X,['film-noir']
The Mysterious Mr. Valentine,['film-noir']
"Mary Ryan, Detective",['film-noir']
Gambling on the High Seas,"['film-noir', 'legal-drama']"
Voice of the Whistler,['film-noir']
Dark Mountain,['film-noir']
Las Vegas Shakedown,['film-noir']
Invisible Avenger,"['film-noir', 'superhero-action']"
Lady in the Death House,['film-noir']
Bengazi,['film-noir']
When Were You Born?,"['film-noir', 'whodunnit-mystery']"
For You I Die,['film-noir']
This Side of the Law,['film-noir']
The Invisible Wall,['film-noir']
Paper Bullets,['film-noir']
Scotland Yard,['film-noir']
Girls in the Night,['film-noir']
Big Town After Dark,['film-noir']
Unmasked,['film-noir']
The Pretender,['film-noir']
Find the Blackmailer,['film-noir']
Dance Hall Racket,['film-noir']
Once a Thief,"['film-noir', 'gun-fu-action']"
Jamaica Run,['film-noir']
The Green Finger,['film-noir']
Flight from Destiny,['film-noir']
Love That Brute,['film-noir']
Man in the Vault,['film-noir']
Talk About a Stranger,['film-noir']
Sky Liner,['film-noir']
The Jury's Secret,['film-noir']
Inside Job,['film-noir']
The Case Against Mrs. Ames,['film-noir']
Convict's Code,['film-noir']
It Could Happen to You,"['film-noir', 'romantic-comedy']"
Fall Guy,['film-noir']
The Big Punch,['film-noir']
Wildcat,['film-noir']
The 49th Man,['film-noir']
The Strange Mrs. Crane,['film-noir']
Jealousy,['film-noir']
Under the Gun,['film-noir']
Strange Intruder,['film-noir']
The Brighton Strangler,['film-noir']
Tarnished,['film-noir']
Hi-Jacked,['film-noir']
Illegal Entry,['film-noir']
The Madonna's Secret,['film-noir']
The Glass Alibi,['film-noir']
The Last Man to Hang,['film-noir']
Shadowed,['film-noir']
Hot Rod Rumble,['film-noir']
Kill or Be Killed,['film-noir']
"Parole, Inc.",['film-noir']
"Arson, Inc.",['film-noir']
The Fake,['film-noir']
Intrigue,['film-noir']
The System,['film-noir']
Johnny Holiday,['film-noir']
The Phantom of 42nd Street,['film-noir']
Hell's Five Hours,['film-noir']
Paradise Express,['film-noir']
Bunco Squad,['film-noir']
"Crime, Inc.",['film-noir']
The Mandarin Mystery,['film-noir']
The Mailbag Robbery,['film-noir']
The Big Tip Off,['film-noir']
Young and Wild,['film-noir']
Close-Up,['film-noir']
The Devil's Party,['film-noir']
The Night of January 16th,['film-noir']
They Gave Him a Gun,['film-noir']
Cargo to Capetown,['film-noir']
The Spider,"['film-noir', 'giant-monster-sci-fi', 'monster-horror']"
Southside 1-1000,['film-noir']
Chinatown at Midnight,['film-noir']
The Counterfeiters,"['film-noir', 'true-crime']"
Allotment Wives,['film-noir']
Damn Citizen,['film-noir']
Circumstantial Evidence,['film-noir']
Tampico,['film-noir']
Strange Alibi,['film-noir']
A Night of Adventure,['film-noir']
Fly-By-Night,['film-noir']
Girl on the Spot,['film-noir']
Two Dollar Bettor,['film-noir']
Two in the Dark,['film-noir']
Betrayed Women,['film-noir']
Paid to Dance,['film-noir']
Man of the People,['film-noir']
Time Out for Murder,['film-noir']
Double Deal,['film-noir']
Incident,['film-noir']
Stolen Identity,['film-noir']
The Tiger Woman,"['film-noir', 'jungle-adventure']"
Treasure of Monte Cristo,['film-noir']
Gang War,['film-noir']
Blind Spot,['film-noir']
Terror at Midnight,['film-noir']
The Man Is Armed,['film-noir']
Gang Bullets,['film-noir']
Blackmail,"['film-noir', 'police-procedural-crime', 'psychological-drama', 'psychological-thriller']"
Tropic Zone,['film-noir']
Johnny Rocco,['film-noir']
Whispering Footsteps,['film-noir']
Man from Headquarters,['film-noir']
I Stole a Million,['film-noir']
Three Steps North,['film-noir']
Chain of Evidence,['film-noir']
Florida Special,['film-noir']
Affair in Havana,['film-noir']
The Headline Woman,['film-noir']
Western Pacific Agent,['film-noir']
Bungalow 13,['film-noir']
Night Spot,['film-noir']
When Gangland Strikes,['film-noir']
Confidence Girl,['film-noir']
Below the Deadline,['film-noir']
Federal Agent at Large,['film-noir']
Three Silent Men,['film-noir']
Escape by Night,['film-noir']
Models Inc.,['film-noir']
London Blackout Murders,"['film-noir', 'serial-killer-crime']"
The Blonde Bandit,['film-noir']
Murder by an Aristocrat,['film-noir']
Flight to Nowhere,['film-noir']
No Place for a Lady,['film-noir']
The Girl Who Dared,['film-noir']
Port of 40 Thieves,['film-noir']
Black Diamonds,['film-noir']
Island in the Sky,"['film-noir', 'survival-adventure']"
Mr. District Attorney in the Carter Case,['film-noir']
The Cobra Strikes,['film-noir']
Persons in Hiding,['film-noir']
Mad at the World,['film-noir']
Mystery of the White Room,['film-noir']
Missing Women,['film-noir']
Homicide for Three,['film-noir']
Mister Dynamite,['film-noir']
Prison Nurse,['film-noir']
Larceny on the Air,['film-noir']
Eyes of the Underworld,['film-noir']
Honeymoon Deferred,['film-noir']
Edge of Hell,['film-noir']
Missing Daughters,['film-noir']
Revolt in the Big House,['film-noir']
Borrowed Hero,['film-noir']
The Abductors,['film-noir']
Hideout,['film-noir']
Lady at Midnight,['film-noir']
The Officer and the Lady,['film-noir']
Grissly's Millions,['film-noir']
Sealed Lips,['film-noir']
Assigned to Danger,['film-noir']
I Cover the Underworld,['film-noir']
Walk the Dark Street,['film-noir']
Madonna of the Desert,['film-noir']
Hong Kong Affair,['film-noir']
Disbarred,['film-noir']
The Daredevil Drivers,['film-noir']
Danger Woman,['film-noir']
Strange Triangle,['film-noir']
The Witness Vanishes,['film-noir']
Mystery Plane,['film-noir']
A Trip to Paris,['film-noir']
Jinx Money,['film-noir']
Shadow of a Woman,['film-noir']
Scandal Incorporated,['film-noir']
Joy Ride,"['film-noir', 'psychological-thriller', 'raunchy-comedy', 'road-trip-adventure']"
Accomplice,['film-noir']
The Girl from Rio,['film-noir']
The Gold Racket,['film-noir']
The Big Fix,['film-noir']
Insurance Investigator,['film-noir']
The Mystic Circle Murder,['film-noir']
Criminal Investigator,['film-noir']
Voice in the Wind,['film-noir']
Ticket to Paradise,"['film-noir', 'romantic-comedy', 'satire-comedy']"
Harbor of Missing Men,['film-noir']
Dancing in Manhattan,['film-noir']
Sued for Libel,['film-noir']
Web of Danger,['film-noir']
Dangerous Intruder,['film-noir']
Destination Big House,['film-noir']
Waterfront at Midnight,['film-noir']
Secrets of Monte Carlo,['film-noir']
Woman in the Dark,['film-noir']
Women from Headquarters,['film-noir']
Lucky Devils,['film-noir']
River Gang,['film-noir']
Illegal Traffic,['film-noir']
The Gentleman from Louisiana,['film-noir']
Crime of the Century,['film-noir']
Lonely Heart Bandits,['film-noir']
Trouble at Midnight,['film-noir']
Passkey to Danger,['film-noir']
Million Dollar Pursuit,['film-noir']
Post Office Investigator,['film-noir']
Glengarry Glen Ross,"['financial-drama', 'workplace-drama']"
Margin Call,"['financial-drama', 'workplace-drama']"
Wall Street,"['financial-drama', 'workplace-drama']"
Jerry and Marge Go Large,['financial-drama']
The Banker,"['financial-drama', 'period-drama', 'slasher-horror']"
Bank of Dave,['financial-drama']
Boiler Room,"['financial-drama', 'workplace-drama']"
Arbitrage,['financial-drama']
The Laundromat,"['financial-drama', 'true-crime']"
Wall Street: Money Never Sleeps,['financial-drama']
Billionaire Boys Club,['financial-drama']
The Company Men,['financial-drama']
The Hummingbird Project,['financial-drama']
Crypto,['financial-drama']
Mothra,"['financial-drama', 'giant-monster-sci-fi', 'globetrotting-adventure', 'supernatural-fantasy', 'urban-adventure']"
Rogue Trader,"['financial-drama', 'true-crime']"
Equity,['financial-drama']
August,"['financial-drama', 'satire-comedy']"
Rollover,"['financial-drama', 'political-thriller']"
Capital,['financial-drama']
Team Spirit,['financial-drama']
The Green Inferno,"['folk-horror', 'jungle-adventure', 'splatter-horror', 'survival-adventure']"
The Damned,['folk-horror']
The Wailing,"['folk-horror', 'tragedy-drama']"
Men,['folk-horror']
Pet Sematary,"['folk-horror', 'folk-horror', 'tragedy-drama']"
Daddy's Head,['folk-horror']
Children of the Corn,"['folk-horror', 'slasher-horror', 'slasher-horror', 'supernatural-horror']"
In the Tall Grass,['folk-horror']
The Curse of La Llorona,['folk-horror']
Onibaba,['folk-horror']
Black Death,"['folk-horror', 'period-drama']"
Hauntology,"['folk-horror', 'slasher-horror', 'supernatural-horror']"
A Dark Song,['folk-horror']
Final Prayer,"['folk-horror', 'found-footage-horror']"
The Painted Bird,"['folk-horror', 'period-drama', 'psychological-drama', 'psychological-thriller', 'survival-adventure', 'tragedy-drama']"
The Blood on Satan's Claw,['folk-horror']
Dark Harvest,"['folk-horror', 'supernatural-horror']"
Mark of the Devil,['folk-horror']
Kwaidan,"['folk-horror', 'supernatural-horror']"
Rawhead Rex,['folk-horror']
The Devil Rides Out,"['folk-horror', 'supernatural-horror']"
The Seeding,['folk-horror']
Hellhole,"['folk-horror', 'supernatural-horror']"
Witchfinder General,"['folk-horror', 'witch-horror']"
Race with the Devil,"['folk-horror', 'supernatural-horror']"
Alucarda,"['folk-horror', 'supernatural-horror']"
The Old Ways,"['folk-horror', 'witch-horror']"
Wendigo,['folk-horror']
Consecration,"['folk-horror', 'supernatural-horror']"
Il demonio,['folk-horror']
Eyes of Fire,['folk-horror']
Eye of the Devil,"['folk-horror', 'supernatural-horror']"
Errementari,['folk-horror']
Black Cat,"['folk-horror', 'supernatural-horror']"
Witchhammer,['folk-horror']
Lemora: A Child's Tale of the Supernatural,['folk-horror']
Sauna,['folk-horror']
Nothing But the Night,['folk-horror']
Tam Lin,['folk-horror']
The Field Guide to Evil,['folk-horror']
The White Reindeer,['folk-horror']
Heir of the Witch,['folk-horror']
Clearcut,['folk-horror']
Necromancy,['folk-horror']
Shadow of the Hawk,['folk-horror']
Cry of the Banshee,['folk-horror']
J-ok'el,['folk-horror']
Crypt of Dark Secrets,['folk-horror']
The Wolf,['folk-horror']
The Brotherhood of Satan,['folk-horror']
Enter the Devil,['folk-horror']
Demons of the Mind,['folk-horror']
The Curse of the Crying Woman,['folk-horror']
La llorona,['folk-horror']
Lokis. Rekopis profesora Wittembacha,['folk-horror']
Miss Leslie's Dolls,['folk-horror']
All of them Witches,['folk-horror']
The Great Yokai War,['folk-horror']
Evil Eye,['folk-horror']
Jonathan,['folk-horror']
Loon Lake,['folk-horror']
The Cry,['folk-horror']
La bruja,['folk-horror']
Srishti,['folk-horror']
The Living Coffin,['folk-horror']
La Malédiction des Tahu'a,['folk-horror']
Outen the Light,['folk-horror']
The Shadow over Innsmouth,"['folk-horror', 'monster-horror', 'supernatural-horror']"
La herencia de la Llorona,['folk-horror']
Rarer Media,"['folk-horror', 'found-footage-horror', 'monster-horror']"
The Tattiebogle,['folk-horror']
The Corn Doll,['folk-horror']
Late Night with the Devil,"['found-footage-horror', 'supernatural-horror']"
Cannibal Holocaust,"['found-footage-horror', 'jungle-adventure', 'splatter-horror']"
Bloat,['found-footage-horror']
"As Above, So Below",['found-footage-horror']
REC,"['found-footage-horror', 'supernatural-horror', 'zombie-horror']"
Creep,"['found-footage-horror', 'slasher-horror']"
Incantation,"['found-footage-horror', 'supernatural-horror']"
Quarantine,"['found-footage-horror', 'zombie-horror']"
Antrum: The Deadliest Film Ever Made,['found-footage-horror']
Lake Mungo,['found-footage-horror']
The Fourth Kind,"['found-footage-horror', 'psychological-thriller']"
A Haunted House,"['found-footage-horror', 'parody-comedy']"
Devil's Pass,['found-footage-horror']
V/H/S,['found-footage-horror']
The Poughkeepsie Tapes,['found-footage-horror']
Unfriended,"['found-footage-horror', 'slasher-horror', 'supernatural-horror', 'teen-horror']"
The Backrooms,['found-footage-horror']
August Underground,['found-footage-horror']
V/H/S/2,"['found-footage-horror', 'zombie-horror']"
The Bay,['found-footage-horror']
Paranormal Activity: Next of Kin,['found-footage-horror']
Blair Witch,"['found-footage-horror', 'supernatural-horror', 'witch-horror']"
V/H/S/85,"['found-footage-horror', 'supernatural-horror']"
Chernobyl Diaries,"['found-footage-horror', 'monster-horror', 'teen-horror']"
Apollo 18,"['found-footage-horror', 'space-sci-fi']"
The Last Exorcism,"['found-footage-horror', 'supernatural-horror']"
Banshee Chapter,['found-footage-horror']
Paranormal Activity 2,"['found-footage-horror', 'supernatural-horror']"
Paranormal Activity 3,['found-footage-horror']
Paranormal Activity 4,"['found-footage-horror', 'supernatural-horror']"
Paranormal Activity: The Marked Ones,['found-footage-horror']
[Rec]²,"['found-footage-horror', 'supernatural-horror', 'zombie-horror']"
The Pyramid,"['found-footage-horror', 'supernatural-horror']"
August Underground's Mordum,['found-footage-horror']
The Den,['found-footage-horror']
Paranormal Activity: The Ghost Dimension,['found-footage-horror']
My Little Eye,"['found-footage-horror', 'slasher-horror', 'teen-horror']"
Lucky Bastard,['found-footage-horror']
Exists,['found-footage-horror']
[REC] 3: Genesis,"['found-footage-horror', 'supernatural-horror', 'zombie-horror']"
The Gallows,"['found-footage-horror', 'slasher-horror', 'supernatural-horror', 'teen-horror']"
Jeruzalem,['found-footage-horror']
The Devil Inside,"['found-footage-horror', 'supernatural-horror']"
V/H/S Viral,['found-footage-horror']
Dashcam,['found-footage-horror']
Skinwalker Ranch,['found-footage-horror']
Evidence,['found-footage-horror']
Frankenstein's Army,"['found-footage-horror', 'steampunk-sci-fi']"
The Devil's Doorway,['found-footage-horror']
Phoenix Forgotten,['found-footage-horror']
Amber Alert,['found-footage-horror']
The Possession of Michael King,['found-footage-horror']
Ratter,['found-footage-horror']
Hangman,"['found-footage-horror', 'police-procedural-crime', 'serial-killer-crime', 'whodunnit-mystery']"
Apartment 143,['found-footage-horror']
Area 51,['found-footage-horror']
The Black-Eyed Children,"['found-footage-horror', 'supernatural-horror']"
Always Watching: A Marble Hornets Story,"['found-footage-horror', 'supernatural-horror']"
Atrocious,['found-footage-horror']
Home Movie,['found-footage-horror']
Followed,['found-footage-horror']
Found Footage 3D,['found-footage-horror']
388 Arletta Avenue,['found-footage-horror']
S&man,['found-footage-horror']
The Frankenstein Theory,['found-footage-horror']
The Houses October Built 2,['found-footage-horror']
Ingagi,['found-footage-horror']
The Final Project,['found-footage-horror']
The Final Frame,['found-footage-horror']
Stalker Gone Viral,['found-footage-horror']
Episode 13,['found-footage-horror']
RWD,['found-footage-horror']
Among the Dead,"['found-footage-horror', 'zombie-horror']"
LIKES,['found-footage-horror']
Hadron,['found-footage-horror']
Wayang Puaka,['found-footage-horror']
Léon: The Professional,"['gangster-crime', 'one-person-army-action']"
The Bikeriders,"['gangster-crime', 'period-drama']"
Reservoir Dogs,"['gangster-crime', 'heist-crime']"
Absolution,"['gangster-crime', 'whodunnit-mystery']"
Black Mass,"['gangster-crime', 'true-crime']"
Dogville,"['gangster-crime', 'psychological-drama']"
A History of Violence,"['gangster-crime', 'one-person-army-action']"
The Outfit,"['gangster-crime', 'heist-crime', 'period-drama', 'true-crime']"
Eastern Promises,['gangster-crime']
Carlito's Way,['gangster-crime']
Mean Streets,['gangster-crime']
Miller's Crossing,"['gangster-crime', 'period-drama', 'tragedy-drama']"
Gangster Squad,"['gangster-crime', 'true-crime']"
Run All Night,['gangster-crime']
Prizzi's Honor,"['gangster-crime', 'romantic-comedy']"
Analyze This,"['gangster-crime', 'high-concept-comedy', 'satire-comedy']"
Killshot,['gangster-crime']
Castle on the Hudson,"['gangster-crime', 'prison-drama']"
The Public Enemy,['gangster-crime']
Mafia Mamma,"['gangster-crime', 'high-concept-comedy', 'screwball-comedy']"
Little Caesar,"['gangster-crime', 'psychological-drama', 'tragedy-drama']"
True Confessions,"['gangster-crime', 'tragedy-drama']"
Lansky,"['gangster-crime', 'true-crime']"
Hoffa,"['gangster-crime', 'true-crime']"
Rise of the Footsoldier: Ibiza,['gangster-crime']
Dheepan,['gangster-crime']
The Roaring Twenties,"['gangster-crime', 'tragedy-drama']"
Tsotsi,['gangster-crime']
WiseGirls,['gangster-crime']
Raees,"['gangster-crime', 'period-drama']"
The Doorway to Hell,"['gangster-crime', 'tragedy-drama']"
The Walking Dead,"['gangster-crime', 'supernatural-horror']"
Red Surf,['gangster-crime']
Kaante,"['gangster-crime', 'heist-crime']"
Whitey: United States of America v. James J. Bulger,"['gangster-crime', 'true-crime']"
Daughter of Shanghai,['gangster-crime']
Dangerous to Know,['gangster-crime']
Upperworld,['gangster-crime']
El Coyote,['gangster-crime']
The Strange Love of Molly Louvain,['gangster-crime']
The Star Witness,['gangster-crime']
Is My Face Red?,['gangster-crime']
Pocket Maar,"['gangster-crime', 'heist-crime', 'romantic-comedy']"
We Who Are About to Die,"['gangster-crime', 'legal-drama', 'prison-drama', 'true-crime']"
They All Come Out,"['gangster-crime', 'heist-crime', 'prison-drama']"
The People's Enemy,['gangster-crime']
The Big 4: Badai Pasti Kembali,['gangster-crime']
The Tong Man,['gangster-crime']
The Incredible Hulk,"['giant-monster-sci-fi', 'one-person-army-action', 'superhero-action', 'urban-adventure']"
Venom,"['giant-monster-sci-fi', 'slasher-horror', 'superhero-action', 'supernatural-horror', 'teen-horror', 'urban-adventure']"
Venom: Let There Be Carnage,"['giant-monster-sci-fi', 'one-person-army-action', 'superhero-action']"
The Meg,['giant-monster-sci-fi']
Hulk,"['giant-monster-sci-fi', 'one-person-army-action', 'superhero-action']"
The Mist,"['giant-monster-sci-fi', 'monster-horror']"
Pacific Rim,['giant-monster-sci-fi']
Rampage,"['giant-monster-sci-fi', 'jungle-adventure']"
Meg 2: The Trench,['giant-monster-sci-fi']
Kong: Skull Island,"['giant-monster-sci-fi', 'jungle-adventure', 'supernatural-fantasy', 'survival-adventure']"
Pacific Rim: Uprising,['giant-monster-sci-fi']
Eight Legged Freaks,['giant-monster-sci-fi']
Them!,"['giant-monster-sci-fi', 'monster-horror']"
Evangelion: 3.0+1.01 Thrice Upon a Time,['giant-monster-sci-fi']
DeepStar Six,['giant-monster-sci-fi']
Evangelion: 2.0 You Can (Not) Advance,['giant-monster-sci-fi']
The War of the Gargantuas,"['giant-monster-sci-fi', 'monster-horror', 'supernatural-horror']"
Tarantula,"['giant-monster-sci-fi', 'monster-horror']"
"The Beast from 20,000 Fathoms","['giant-monster-sci-fi', 'monster-horror', 'supernatural-horror']"
Evangelion: 3.0 You Can (Not) Redo,['giant-monster-sci-fi']
Gorgo,"['giant-monster-sci-fi', 'monster-horror', 'supernatural-horror']"
The Monolith Monsters,['giant-monster-sci-fi']
It Came from Beneath the Sea,"['giant-monster-sci-fi', 'monster-horror']"
Big Ass Spider!,"['giant-monster-sci-fi', 'parody-comedy']"
Matango,"['giant-monster-sci-fi', 'monster-horror', 'supernatural-horror']"
The Giant Behemoth,"['giant-monster-sci-fi', 'monster-horror', 'supernatural-horror']"
The Giant Claw,"['giant-monster-sci-fi', 'monster-horror', 'supernatural-fantasy', 'supernatural-horror']"
Konga,"['giant-monster-sci-fi', 'monster-horror']"
Attack of the Crab Monsters,"['giant-monster-sci-fi', 'monster-horror']"
Frankenstein vs. Baragon,"['giant-monster-sci-fi', 'monster-horror', 'supernatural-horror']"
Goliathon,['giant-monster-sci-fi']
The Black Scorpion,"['giant-monster-sci-fi', 'monster-horror']"
The Deadly Mantis,"['giant-monster-sci-fi', 'monster-horror']"
The Giant Gila Monster,"['giant-monster-sci-fi', 'monster-horror']"
Son of Kong,"['giant-monster-sci-fi', 'jungle-adventure']"
Mega Shark vs. Giant Octopus,"['giant-monster-sci-fi', 'monster-horror', 'sea-adventure']"
The Monster That Challenged the World,"['giant-monster-sci-fi', 'monster-horror']"
Mega Shark vs. Crocosaurus,['giant-monster-sci-fi']
Gamera vs. Guiron,['giant-monster-sci-fi']
Atragon,"['giant-monster-sci-fi', 'supernatural-fantasy']"
Snakes,"['giant-monster-sci-fi', 'jungle-adventure']"
Latitude Zero,"['giant-monster-sci-fi', 'sea-adventure']"
Gamera vs. Jiger,['giant-monster-sci-fi']
Gamera: The Giant Monster,"['giant-monster-sci-fi', 'monster-horror', 'supernatural-horror']"
Gamera vs. Gyaos,"['giant-monster-sci-fi', 'supernatural-fantasy']"
King Kong Escapes,"['giant-monster-sci-fi', 'jungle-adventure']"
Gammera the Invincible,['giant-monster-sci-fi']
Gamera vs. Barugon,"['giant-monster-sci-fi', 'monster-horror', 'supernatural-fantasy', 'supernatural-horror']"
"Yongary, Monster from the Deep",['giant-monster-sci-fi']
Gappa the Triphibian Monster,['giant-monster-sci-fi']
The Mysterious Island,"['giant-monster-sci-fi', 'sea-adventure']"
The Strange World of Planet X,['giant-monster-sci-fi']
Rebirth of Mothra,"['giant-monster-sci-fi', 'supernatural-fantasy']"
Jû jin yuki otoko,"['giant-monster-sci-fi', 'monster-horror']"
Rebirth of Mothra II,"['giant-monster-sci-fi', 'sea-adventure', 'supernatural-fantasy']"
Gamera vs. Viras,"['giant-monster-sci-fi', 'supernatural-fantasy']"
Varan the Unbelievable,"['giant-monster-sci-fi', 'monster-horror', 'supernatural-horror']"
Reptile 2001,['giant-monster-sci-fi']
Gogola,['giant-monster-sci-fi']
Space Monster Wangmagwi,['giant-monster-sci-fi']
Shikari,['giant-monster-sci-fi']
Godzilla vs. Wolfman,"['giant-monster-sci-fi', 'monster-horror', 'supernatural-horror', 'werewolf-horror']"
Tokyo 1960,['giant-monster-sci-fi']
Gamera,['giant-monster-sci-fi']
Untitled Big Man Japan Remake,['giant-monster-sci-fi']
Untitled Big Man Japan Sequel,['giant-monster-sci-fi']
Godzilla: Nuclear Carnage,['giant-monster-sci-fi']
Sonic the Hedgehog 2,"['globetrotting-adventure', 'superhero-action', 'supernatural-fantasy']"
Casino Royale,"['globetrotting-adventure', 'parody-comedy', 'slapstick-comedy', 'spy-thriller']"
Uncharted,"['globetrotting-adventure', 'quest-adventure']"
The Secret Life of Walter Mitty,['globetrotting-adventure']
Skyfall,"['globetrotting-adventure', 'spy-thriller']"
Spectre,"['globetrotting-adventure', 'one-person-army-action', 'spy-thriller']"
The Da Vinci Code,"['globetrotting-adventure', 'suspense-mystery']"
The Man from U.N.C.L.E.,"['globetrotting-adventure', 'parody-comedy']"
The Old Guard,"['globetrotting-adventure', 'superhero-action']"
Tomb Raider,"['globetrotting-adventure', 'jungle-adventure']"
Aquaman,"['globetrotting-adventure', 'sea-adventure', 'superhero-action']"
Mission: Impossible - Ghost Protocol,['globetrotting-adventure']
Lara Croft: Tomb Raider,"['globetrotting-adventure', 'jungle-adventure']"
Chitty Chitty Bang Bang,['globetrotting-adventure']
Knight and Day,['globetrotting-adventure']
Hanna,"['globetrotting-adventure', 'teen-adventure']"
Jumper,"['globetrotting-adventure', 'superhero-action']"
The Living Daylights,"['globetrotting-adventure', 'spy-thriller']"
Jason and the Argonauts,"['globetrotting-adventure', 'quest-adventure', 'sword-and-sandal-action']"
National Treasure: Book of Secrets,['globetrotting-adventure']
Sky Captain and the World of Tomorrow,"['globetrotting-adventure', 'steampunk-sci-fi']"
"20,000 Leagues Under the Sea","['globetrotting-adventure', 'sea-adventure', 'steampunk-sci-fi']"
Lara Croft: Tomb Raider - The Cradle of Life,['globetrotting-adventure']
Inkheart,"['globetrotting-adventure', 'supernatural-fantasy', 'teen-fantasy']"
Looney Tunes: Back in Action,"['globetrotting-adventure', 'slapstick-comedy']"
Firefox,"['globetrotting-adventure', 'spy-thriller']"
Armour of God,"['globetrotting-adventure', 'martial-arts-action']"
Amelia,['globetrotting-adventure']
Scott of the Antarctic,['globetrotting-adventure']
The Adventurer: The Curse of the Midas Box,['globetrotting-adventure']
Travels with My Aunt,['globetrotting-adventure']
The Dove,['globetrotting-adventure']
Around the World Under the Sea,['globetrotting-adventure']
Somewhere I'll Find You,['globetrotting-adventure']
The Three Stooges Go Around the World in a Daze,['globetrotting-adventure']
Four Men and a Prayer,['globetrotting-adventure']
They Met in Bombay,"['globetrotting-adventure', 'heist-crime']"
Only When I Larf,['globetrotting-adventure']
Jack London,"['globetrotting-adventure', 'road-trip-adventure', 'sea-adventure']"
Captain Nemo,['globetrotting-adventure']
Black Man in the CIA: Uncensored,"['globetrotting-adventure', 'one-person-army-action', 'spy-thriller']"
John Wick,"['gun-fu-action', 'one-person-army-action']"
Kingsman: The Secret Service,"['gun-fu-action', 'spy-thriller']"
Face/Off,['gun-fu-action']
John Wick: Chapter 2,"['gun-fu-action', 'one-person-army-action']"
Boy Kills World,"['gun-fu-action', 'one-person-army-action']"
John Wick: Chapter 3 - Parabellum,"['gun-fu-action', 'one-person-army-action']"
The Raid: Redemption,"['gun-fu-action', 'martial-arts-action']"
Wanted,"['gun-fu-action', 'superhero-action']"
Elektra,"['gun-fu-action', 'superhero-action']"
Atomic Blonde,"['gun-fu-action', 'spy-thriller']"
The Shadow Strays,"['gun-fu-action', 'martial-arts-action']"
Extraction II,"['gun-fu-action', 'one-person-army-action']"
Rambo: Last Blood,"['gun-fu-action', 'one-person-army-action']"
The Man from Nowhere,['gun-fu-action']
Haywire,['gun-fu-action']
Naked Weapon,['gun-fu-action']
Ultraviolet,"['gun-fu-action', 'superhero-action']"
Hard Boiled,['gun-fu-action']
City Hunter,"['gun-fu-action', 'martial-arts-action', 'slapstick-comedy']"
The Killer,"['gun-fu-action', 'psychological-thriller', 'tragedy-drama']"
Naked Killer,['gun-fu-action']
Supercop,"['gun-fu-action', 'martial-arts-action']"
Kite,"['gun-fu-action', 'one-person-army-action']"
Bulletproof Monk,"['gun-fu-action', 'superhero-action']"
The Replacement Killers,['gun-fu-action']
Joshua Tree,"['gun-fu-action', 'one-person-army-action']"
Rapid Fire,['gun-fu-action']
Eastern Condors,['gun-fu-action']
City on Fire,['gun-fu-action']
Exiled,['gun-fu-action']
Island of Fire,"['gun-fu-action', 'prison-drama']"
Legacy of Rage,['gun-fu-action']
Full Contact,['gun-fu-action']
Invisible Target,['gun-fu-action']
God of Gamblers,['gun-fu-action']
Tiger Cage,['gun-fu-action']
A Better Tomorrow III: Love and Death in Saigon,"['gun-fu-action', 'period-drama']"
Gwang tin lung fo wooi,['gun-fu-action']
The White Storm,['gun-fu-action']
Fulltime Killer,['gun-fu-action']
Devil Hunters,['gun-fu-action']
Undeclared War,['gun-fu-action']
A Better Tomorrow,['gun-fu-action']
Best of the Best,"['gun-fu-action', 'martial-arts-action']"
Rough Dog,"['gun-fu-action', 'martial-arts-action', 'one-person-army-action']"
Spanish Moss,"['gun-fu-action', 'one-person-army-action', 'period-drama']"
Night Moves,"['hardboiled-mystery', 'tragedy-drama']"
Reptile,"['hardboiled-mystery', 'police-procedural-crime']"
Insomnia,"['hardboiled-mystery', 'psychological-thriller', 'tragedy-drama']"
Harper,['hardboiled-mystery']
The Long Goodbye,['hardboiled-mystery']
Devil in a Blue Dress,['hardboiled-mystery']
True Crime,"['hardboiled-mystery', 'legal-thriller', 'prison-drama']"
Felidae,"['hardboiled-mystery', 'psychological-thriller', 'suspense-mystery']"
Alphaville,"['hardboiled-mystery', 'satire-comedy']"
"Farewell, My Lovely",['hardboiled-mystery']
Marlowe,['hardboiled-mystery']
A Kind of Murder,"['hardboiled-mystery', 'psychological-drama', 'psychological-thriller', 'whodunnit-mystery']"
Tony Rome,['hardboiled-mystery']
V.I. Warshawski,['hardboiled-mystery']
My Favorite Brunette,['hardboiled-mystery']
The Falcon Takes Over,"['hardboiled-mystery', 'whodunnit-mystery']"
Satan Met a Lady,"['hardboiled-mystery', 'satire-comedy', 'screwball-comedy']"
Cool and Lam,['hardboiled-mystery']
The Glass Cage,['hardboiled-mystery']
The Order,"['heist-crime', 'true-crime']"
The Town,['heist-crime']
Inside Man,['heist-crime']
Wrath of Man,"['heist-crime', 'one-person-army-action']"
Before the Devil Knows You're Dead,['heist-crime']
The Score,['heist-crime']
Lift,['heist-crime']
Army of the Dead,"['heist-crime', 'zombie-horror']"
The Place Beyond the Pines,"['heist-crime', 'tragedy-drama']"
Good Time,['heist-crime']
Thief,"['heist-crime', 'tragedy-drama']"
Emily the Criminal,"['heist-crime', 'psychological-drama', 'psychological-thriller', 'workplace-drama']"
Widows,"['heist-crime', 'tragedy-drama']"
Triple 9,['heist-crime']
Flawless,"['heist-crime', 'period-drama']"
Sikandar Ka Muqaddar,['heist-crime']
The Forger,['heist-crime']
King of Thieves,"['heist-crime', 'true-crime']"
Justice,['heist-crime']
American Heist,['heist-crime']
Le cercle rouge,['heist-crime']
Wingwomen,['heist-crime']
Charley Varrick,['heist-crime']
What Doesn't Kill You,"['heist-crime', 'true-crime']"
Wanda,"['heist-crime', 'psychological-drama', 'tragedy-drama']"
GTMax,['heist-crime']
The Newton Boys,"['heist-crime', 'true-crime']"
The Good Thief,['heist-crime']
"Farewell, Friend",['heist-crime']
Band of Outsiders,['heist-crime']
Trapped in Paradise,['heist-crime']
Vault,['heist-crime']
The Moonshine War,['heist-crime']
The Day They Robbed the Bank of England,"['heist-crime', 'period-drama', 'political-drama']"
Bitter Rice,['heist-crime']
Machine Gun McCain,['heist-crime']
Number 17,"['heist-crime', 'police-procedural-crime', 'suspense-mystery']"
The Jewel Thief,"['heist-crime', 'whodunnit-mystery']"
"Ruben Brandt, Collector",['heist-crime']
Gladbeck: The Hostage Crisis,['heist-crime']
Robbing Mussolini,['heist-crime']
Dishonored Lady,"['heist-crime', 'psychological-drama']"
Eyes in the Night,"['heist-crime', 'whodunnit-mystery']"
The Good Die Young,['heist-crime']
Blonde Crazy,"['heist-crime', 'tragic-romance']"
Money Movers,['heist-crime']
Blowback,['heist-crime']
Big Nunu's Little Heist,['heist-crime']
The Burglars,['heist-crime']
Arsène Lupin Returns,['heist-crime']
The Walking Stick,"['heist-crime', 'psychological-drama', 'tragic-romance']"
Diamonds,['heist-crime']
Convicts 4,"['heist-crime', 'prison-drama', 'psychological-drama']"
Hollywood Flies,['heist-crime']
Date with a Kidnapper,['heist-crime']
The Flying Ace,"['heist-crime', 'whodunnit-mystery']"
Untitled Ryan Reynolds Netflix Film,['heist-crime']
Made in Vancouver,['heist-crime']
Home Alone,"['high-concept-comedy', 'holiday-comedy', 'holiday-family', 'holiday-season', 'slapstick-comedy']"
Barbie,"['high-concept-comedy', 'quirky-comedy', 'satire-comedy']"
Back to the Future,"['high-concept-comedy', 'teen-adventure', 'teen-comedy', 'time-travel-sci-fi', 'urban-adventure']"
Scott Pilgrim vs. the World,"['high-concept-comedy', 'romantic-comedy', 'teen-comedy', 'teen-fantasy', 'teen-romance']"
Happy Gilmore 2,"['high-concept-comedy', 'slapstick-comedy']"
Ghostbusters,"['high-concept-comedy', 'quirky-comedy', 'slapstick-comedy', 'supernatural-fantasy', 'supernatural-fantasy']"
Tropic Thunder,"['high-concept-comedy', 'jungle-adventure', 'parody-comedy', 'satire-comedy']"
Happy Gilmore,"['high-concept-comedy', 'slapstick-comedy']"
Jumanji,"['high-concept-comedy', 'jungle-adventure', 'supernatural-fantasy']"
School of Rock,['high-concept-comedy']
The Mask,"['high-concept-comedy', 'slapstick-comedy', 'superhero-action']"
Liar Liar,"['high-concept-comedy', 'slapstick-comedy']"
Miss Congeniality,['high-concept-comedy']
True Lies,"['high-concept-comedy', 'one-person-army-action', 'spy-thriller']"
Mrs. Doubtfire,['high-concept-comedy']
50 First Dates,['high-concept-comedy']
Mr. & Mrs. Smith,"['high-concept-comedy', 'romantic-comedy', 'screwball-comedy']"
Home Alone 2: Lost in New York,"['high-concept-comedy', 'holiday-comedy', 'holiday-family', 'holiday-season', 'slapstick-comedy', 'urban-adventure']"
Bruce Almighty,"['high-concept-comedy', 'quirky-comedy', 'slapstick-comedy', 'supernatural-fantasy']"
Galaxy Quest,"['high-concept-comedy', 'parody-comedy', 'space-sci-fi']"
Click,"['high-concept-comedy', 'supernatural-fantasy']"
Ted 2,"['high-concept-comedy', 'raunchy-comedy']"
Harold and the Purple Crayon,['high-concept-comedy']
What Women Want,"['high-concept-comedy', 'romantic-comedy']"
Shallow Hal,"['high-concept-comedy', 'romantic-comedy']"
Jungle Cruise,"['high-concept-comedy', 'jungle-adventure', 'quest-adventure']"
Superman III,"['high-concept-comedy', 'quest-adventure', 'superhero-action']"
Mannequin,"['high-concept-comedy', 'romantic-comedy']"
Last Action Hero,"['high-concept-comedy', 'one-person-army-action', 'parody-comedy', 'satire-comedy', 'urban-adventure']"
Zathura: A Space Adventure,"['high-concept-comedy', 'space-sci-fi']"
Absolutely Anything,['high-concept-comedy']
Senior Year,['high-concept-comedy']
The Borrowers,"['high-concept-comedy', 'urban-adventure']"
The Invention of Lying,"['high-concept-comedy', 'romantic-comedy', 'satire-comedy']"
Gulliver's Travels,"['high-concept-comedy', 'slapstick-comedy']"
Jingle All the Way,"['high-concept-comedy', 'holiday-comedy', 'holiday-family', 'holiday-season', 'quest-adventure', 'slapstick-comedy', 'urban-adventure']"
Yes Day,['high-concept-comedy']
Junior,"['high-concept-comedy', 'slasher-horror']"
The Animal,['high-concept-comedy']
Cats & Dogs,"['high-concept-comedy', 'parody-comedy', 'slapstick-comedy', 'urban-adventure']"
"Honey, We Shrunk Ourselves!","['high-concept-comedy', 'slapstick-comedy', 'urban-adventure']"
Tooth Fairy,['high-concept-comedy']
Black Knight,"['high-concept-comedy', 'space-sci-fi']"
Rosaline,['high-concept-comedy']
A Kid in King Arthur's Court,"['high-concept-comedy', 'quest-adventure', 'slapstick-comedy', 'sword-and-sorcery-fantasy']"
Candy Cane Lane,"['high-concept-comedy', 'holiday-comedy', 'holiday-family', 'holiday-season']"
Frequently Asked Questions About Time Travel,"['high-concept-comedy', 'time-travel-sci-fi']"
Modern Problems,"['high-concept-comedy', 'quirky-comedy']"
One More Time,['high-concept-comedy']
Jumping from High Places,['high-concept-comedy']
Hello Ghost!,"['high-concept-comedy', 'supernatural-fantasy']"
Oh Belinda,['high-concept-comedy']
Plan A Plan B,['high-concept-comedy']
Someone Borrowed,['high-concept-comedy']
The Marriage App,['high-concept-comedy']
The Man from the First Century,"['high-concept-comedy', 'quirky-comedy', 'satire-comedy', 'slapstick-comedy', 'space-sci-fi', 'time-travel-sci-fi']"
Stuck with You,['high-concept-comedy']
Maika,['high-concept-comedy']
Planet of the Astronauts,['high-concept-comedy']
Ragdoll Assassin,"['high-concept-comedy', 'quirky-comedy']"
Red One,"['holiday-comedy', 'holiday-season']"
The Holdovers,"['holiday-comedy', 'holiday-season']"
Love Actually,"['holiday-comedy', 'holiday-romance', 'holiday-season', 'romantic-comedy']"
National Lampoon's Christmas Vacation,"['holiday-comedy', 'holiday-season', 'slapstick-comedy']"
How the Grinch Stole Christmas,"['holiday-comedy', 'holiday-family', 'holiday-season', 'quirky-comedy', 'slapstick-comedy']"
Elf,"['holiday-comedy', 'holiday-family', 'holiday-romance', 'holiday-season', 'quirky-comedy', 'urban-adventure']"
Home Alone 3,"['holiday-comedy', 'holiday-family', 'holiday-season', 'slapstick-comedy']"
Daddy's Home 2,"['holiday-comedy', 'holiday-season']"
Klaus,"['holiday-comedy', 'holiday-family', 'holiday-season']"
A Christmas Story,"['holiday-comedy', 'holiday-family']"
Our Little Secret,"['holiday-comedy', 'holiday-romance', 'romantic-comedy']"
Last Christmas,"['holiday-comedy', 'holiday-romance', 'holiday-season', 'romantic-comedy']"
Friday After Next,"['holiday-comedy', 'holiday-season', 'stoner-comedy']"
The Night Before,"['holiday-comedy', 'holiday-season', 'raunchy-comedy', 'stoner-comedy']"
A Bad Moms Christmas,"['holiday-comedy', 'holiday-season']"
Office Christmas Party,"['holiday-comedy', 'holiday-season', 'raunchy-comedy']"
The Guardians of the Galaxy Holiday Special,"['holiday-comedy', 'holiday-season', 'superhero-action']"
Nutcrackers,"['holiday-comedy', 'holiday-season']"
Holidate,"['holiday-comedy', 'holiday-romance', 'holiday-season', 'romantic-comedy']"
The Christmas Chronicles,"['holiday-comedy', 'holiday-family', 'holiday-season']"
Once Upon a Deadpool,"['holiday-comedy', 'holiday-season', 'superhero-action']"
Four Christmases,"['holiday-comedy', 'holiday-romance', 'holiday-season']"
Miracle on 34th Street,"['holiday-comedy', 'holiday-family', 'holiday-family', 'holiday-season', 'holiday-season']"
Eight Crazy Nights,"['holiday-comedy', 'holiday-season', 'slapstick-comedy']"
Love Hard,"['holiday-comedy', 'holiday-romance', 'holiday-season']"
Bad Santa 2,"['holiday-comedy', 'holiday-season']"
The Santa Clause 3: The Escape Clause,"['holiday-comedy', 'holiday-family', 'holiday-season']"
The Santa Clause 2,"['holiday-comedy', 'holiday-family', 'holiday-season']"
The Muppet Christmas Carol,"['holiday-comedy', 'holiday-family', 'holiday-season']"
Deck the Halls,"['holiday-comedy', 'holiday-family', 'holiday-season']"
Genie,"['holiday-comedy', 'holiday-season']"
Christmas with the Kranks,"['holiday-comedy', 'holiday-family', 'holiday-season', 'slapstick-comedy']"
Let It Snow,"['holiday-comedy', 'holiday-romance', 'holiday-season']"
How the Grinch Stole Christmas!,"['holiday-comedy', 'holiday-family', 'holiday-season']"
Home Sweet Home Alone,"['holiday-comedy', 'holiday-family', 'holiday-season', 'slapstick-comedy']"
A Very Harold & Kumar Christmas,"['holiday-comedy', 'holiday-season', 'stoner-comedy']"
The Best Man Holiday,"['holiday-comedy', 'holiday-season']"
A Christmas Story Christmas,"['holiday-comedy', 'holiday-family', 'holiday-season']"
Noelle,"['holiday-comedy', 'holiday-family', 'holiday-season']"
EXmas,['holiday-comedy']
The Bishop's Wife,"['holiday-comedy', 'holiday-romance', 'holiday-season']"
Almost Christmas,"['holiday-comedy', 'holiday-romance', 'holiday-season']"
8-Bit Christmas,"['holiday-comedy', 'holiday-family', 'holiday-season']"
I'll Be Home for Christmas,"['holiday-comedy', 'holiday-family', 'holiday-season', 'road-trip-adventure']"
A Charlie Brown Christmas,"['holiday-comedy', 'holiday-family', 'holiday-season', 'slapstick-comedy']"
This Christmas,"['holiday-comedy', 'holiday-romance', 'holiday-season']"
Holiday Inn,"['holiday-comedy', 'holiday-romance', 'holiday-season']"
Ernest Saves Christmas,"['holiday-comedy', 'holiday-family', 'holiday-season']"
Christmas in Connecticut,"['holiday-comedy', 'holiday-romance', 'holiday-season', 'romantic-comedy', 'screwball-comedy']"
Santa with Muscles,['holiday-comedy']
A Madea Christmas,"['holiday-comedy', 'holiday-season']"
A Nonsense Christmas with Sabrina Carpenter,['holiday-comedy']
Dashing Through the Snow,"['holiday-comedy', 'holiday-family', 'holiday-season']"
Lez Bomb,['holiday-comedy']
A Merry Friggin' Christmas,"['holiday-comedy', 'holiday-season', 'road-trip-adventure']"
Urkel Saves Santa: The Movie!,['holiday-comedy']
The Price of Nonna's Inheritance,"['holiday-comedy', 'sea-adventure']"
Get Santa,"['holiday-comedy', 'holiday-family', 'holiday-season']"
Father Christmas Is Back,['holiday-comedy']
Christmas Eve,"['holiday-comedy', 'holiday-season']"
Holiday Affair,"['holiday-comedy', 'holiday-family', 'holiday-romance', 'holiday-season', 'romantic-comedy']"
Jingle All the Way 2,"['holiday-comedy', 'holiday-family']"
Mister Magoo's Christmas Carol,"['holiday-comedy', 'holiday-season']"
Dear Satan,['holiday-comedy']
Christmas in South Park,"['holiday-comedy', 'holiday-season']"
Arbor Day,['holiday-comedy']
Pismo Dedu Morozu,"['holiday-comedy', 'holiday-family']"
Novogodnee pismo,"['holiday-comedy', 'holiday-family']"
Razyskivayetsya Ded Moroz,['holiday-comedy']
Christmas Clones,"['holiday-comedy', 'holiday-season']"
The Nutcracker and the Four Realms,"['holiday-family', 'holiday-season', 'quest-adventure', 'teen-fantasy']"
The Christmas Chronicles: Part Two,"['holiday-family', 'holiday-season']"
Rudolph the Red-Nosed Reindeer,"['holiday-family', 'holiday-season']"
Scrooge,"['holiday-family', 'holiday-season', 'holiday-season']"
Charlie's Christmas Wish,"['holiday-family', 'holiday-season']"
Santa Claus,"['holiday-family', 'holiday-season', 'holiday-season']"
A Boy Called Christmas,"['holiday-family', 'holiday-season']"
The Nativity Story,"['holiday-family', 'holiday-season']"
Jingle Jangle: A Christmas Journey,"['holiday-family', 'holiday-season', 'pop-musical']"
Prancer,"['holiday-family', 'holiday-season']"
The Nutcracker,"['holiday-family', 'holiday-season']"
One Magic Christmas,"['holiday-family', 'holiday-season']"
Santa Claus Is Comin' to Town,"['holiday-family', 'holiday-season']"
The Little Drummer Boy,"['holiday-family', 'holiday-season']"
The Perfect Holiday,"['holiday-family', 'holiday-romance', 'holiday-season']"
Winnie the Pooh: A Very Merry Pooh Year,"['holiday-family', 'holiday-season']"
Dragon Girl,"['holiday-family', 'holiday-season']"
The Family Man,"['holiday-romance', 'romantic-comedy']"
At Midnight,['holiday-romance']
The Merry Gentlemen,"['holiday-romance', 'romantic-comedy']"
The Shop Around the Corner,"['holiday-romance', 'romantic-comedy', 'workplace-drama']"
Bell Book and Candle,"['holiday-romance', 'screwball-comedy']"
Joyeux Noel,"['holiday-romance', 'holiday-season']"
Holiday,"['holiday-romance', 'romantic-comedy', 'screwball-comedy']"
Royal Wedding,"['holiday-romance', 'pop-musical', 'romantic-comedy']"
The Preacher's Wife,"['holiday-romance', 'holiday-season', 'supernatural-fantasy']"
By the Light of the Silvery Moon,"['holiday-romance', 'romantic-comedy']"
Love Affair,"['holiday-romance', 'romantic-comedy']"
Susan Slept Here,"['holiday-romance', 'screwball-comedy', 'teen-romance']"
Meet Me Next Christmas,"['holiday-romance', 'holiday-season', 'romantic-comedy']"
Remember the Night,"['holiday-romance', 'romantic-comedy', 'screwball-comedy']"
A Cinderella Story: Christmas Wish,"['holiday-romance', 'holiday-season', 'teen-comedy', 'teen-fantasy', 'teen-romance']"
A California Christmas,['holiday-romance']
Young at Heart,['holiday-romance']
Christmas Is Canceled,"['holiday-romance', 'workplace-drama']"
Holiday in the Vineyards,['holiday-romance']
Bachelor Mother,"['holiday-romance', 'romantic-comedy', 'screwball-comedy']"
I'll Be Seeing You,['holiday-romance']
Four Daughters,['holiday-romance']
In the Good Old Summertime,"['holiday-romance', 'romantic-comedy']"
Mr. Soft Touch,['holiday-romance']
High Season,"['holiday-romance', 'quirky-comedy', 'screwball-comedy']"
Until September,['holiday-romance']
Having Wonderful Time,['holiday-romance']
Thrill of a Romance,"['holiday-romance', 'romantic-comedy']"
In Caliente,['holiday-romance']
Her Highness and the Bellboy,['holiday-romance']
Chained,"['holiday-romance', 'serial-killer-crime', 'tragedy-drama']"
Spanish Fly,"['holiday-romance', 'satire-comedy']"
Christmas in the Clouds,['holiday-romance']
Bridal Suite,['holiday-romance']
The Cheaters,['holiday-romance']
The Jinglebell Jubilee,['holiday-romance']
A Carolina Christmas,['holiday-romance']
My Life with Caroline,['holiday-romance']
An Old-Fashioned Girl,['holiday-romance']
Cocktail Hour,"['holiday-romance', 'steamy-romance']"
Biography of a Bachelor Girl,"['holiday-romance', 'satire-comedy']"
The Retreat,"['holiday-romance', 'slasher-horror']"
Christmas Wedding Bells,['holiday-romance']
Backstage Romance Christmas,['holiday-romance']
Tangerine,['holiday-season']
Harry Potter and the Sorcerer's Stone,"['holiday-season', 'teen-fantasy']"
Carry-On,['holiday-season']
Wonder Woman 1984,"['holiday-season', 'superhero-action']"
Lethal Weapon,['holiday-season']
First Blood,"['holiday-season', 'one-person-army-action']"
Die Hard 2,"['holiday-season', 'one-person-army-action']"
The Best Christmas Pageant Ever,['holiday-season']
Journey to Bethlehem,['holiday-season']
Noel,['holiday-season']
Christmas Eve in Miller's Point,['holiday-season']
It's a Wonderful Knife,"['holiday-season', 'slasher-horror']"
Kirk Cameron's Saving Christmas,['holiday-season']
Don't Open Till Christmas,"['holiday-season', 'slasher-horror']"
The Man Who Invented Christmas,['holiday-season']
"Silent Night, Deadly Night Part 2","['holiday-season', 'slasher-horror']"
O. Henry's Full House,['holiday-season']
Christmas Evil,"['holiday-season', 'slasher-horror']"
"Silent Night, Deadly Night 3: Better Watch Out!","['holiday-season', 'slasher-horror']"
"Silent Night, Deadly Night 4: Initiation","['holiday-season', 'supernatural-horror']"
"Silent Night, Deadly Night 5: The Toy Maker",['holiday-season']
Rudolph the Red-Nosed Reindeer: The Movie,['holiday-season']
Pups Alone,"['holiday-season', 'slapstick-comedy']"
Santa and the Ice Cream Bunny,['holiday-season']
My Adventures with Santa,['holiday-season']
Saving Christmas,['holiday-season']
Non è mai troppo tardi,['holiday-season']
Joker: Folie à Deux,"['jukebox-musical', 'prison-drama', 'psychological-drama', 'psychological-thriller']"
Moulin Rouge!,"['jukebox-musical', 'period-drama', 'pop-musical', 'rock-musical', 'tragic-romance']"
Mamma Mia! Here We Go Again,"['jukebox-musical', 'pop-musical', 'romantic-comedy']"
Alvin and the Chipmunks,['jukebox-musical']
Rock of Ages,['jukebox-musical']
Across the Universe,"['jukebox-musical', 'period-drama', 'rock-musical']"
Tommy,"['jukebox-musical', 'rock-musical']"
Sgt. Pepper's Lonely Hearts Club Band,"['jukebox-musical', 'rock-musical']"
Blues Brothers 2000,['jukebox-musical']
A Hard Day's Night,"['jukebox-musical', 'pop-musical', 'rock-musical']"
Everyone Says I Love You,['jukebox-musical']
Yellow Submarine,"['jukebox-musical', 'rock-musical', 'sea-adventure']"
Sweet Charity,['jukebox-musical']
Under the Boardwalk,['jukebox-musical']
De-Lovely,['jukebox-musical']
Stargirl,['jukebox-musical']
Pennies from Heaven,['jukebox-musical']
Sunshine on Leith,['jukebox-musical']
Can't Stop the Music,"['jukebox-musical', 'pop-musical']"
The Chipmunk Adventure,['jukebox-musical']
The Opposite Sex,['jukebox-musical']
Easter Parade,['jukebox-musical']
G.I. Blues,"['jukebox-musical', 'rock-musical']"
Zachariah,"['jukebox-musical', 'parody-comedy', 'rock-musical', 'satire-comedy']"
Love's Labour's Lost,"['jukebox-musical', 'slapstick-comedy']"
Idlewild,['jukebox-musical']
At Long Last Love,"['jukebox-musical', 'romantic-comedy']"
20 centímetros,['jukebox-musical']
Wingmen,['jukebox-musical']
"Mrs. Brown, You've Got a Lovely Daughter",['jukebox-musical']
Twenty Million Sweethearts,"['jukebox-musical', 'romantic-comedy']"
That Girl from Paris,"['jukebox-musical', 'pop-musical']"
Jamboree!,"['jukebox-musical', 'pop-musical', 'rock-musical']"
Meet the Beatles,['jukebox-musical']
Once Upon a One More Time,['jukebox-musical']
Beat Bugs: The Movie,['jukebox-musical']
Ta nase písnicka ceská,['jukebox-musical']
Ruby Tuesday,['jukebox-musical']
"Svatební cesta aneb Jeste ne, Evzene!",['jukebox-musical']
We Will Rock You,['jukebox-musical']
Untitled Bob Marley/Jamaica Musical,['jukebox-musical']
Untitled Grateful Dead Musical Project,['jukebox-musical']
Sedm zen Alfonse Karáska,['jukebox-musical']
Námluvy komtesy Gladioly aneb Pristání ve skleníku,['jukebox-musical']
Paddington in Peru,['jungle-adventure']
The Lost City,"['jungle-adventure', 'period-drama', 'political-drama', 'romantic-comedy']"
Predators,"['jungle-adventure', 'survival-adventure']"
Tarzan,"['jungle-adventure', 'jungle-adventure']"
Journey 2: The Mysterious Island,"['jungle-adventure', 'quest-adventure']"
Anaconda,['jungle-adventure']
The Legend of Tarzan,['jungle-adventure']
Rambo,"['jungle-adventure', 'one-person-army-action', 'tragedy-drama']"
Sorcerer,"['jungle-adventure', 'road-trip-adventure']"
Dora and the Lost City of Gold,"['jungle-adventure', 'teen-adventure']"
Jungle,"['jungle-adventure', 'survival-adventure']"
Ace Ventura: When Nature Calls,"['jungle-adventure', 'slapstick-comedy']"
Mowgli: Legend of the Jungle,['jungle-adventure']
The Mosquito Coast,"['jungle-adventure', 'psychological-drama', 'survival-adventure', 'tragedy-drama']"
Rescue Dawn,"['jungle-adventure', 'survival-adventure']"
Fitzcarraldo,['jungle-adventure']
The African Queen,['jungle-adventure']
Da 5 Bloods,['jungle-adventure']
Kongo,['jungle-adventure']
George of the Jungle 2,"['jungle-adventure', 'parody-comedy']"
Tarzan the Ape Man,['jungle-adventure']
Sheena,"['jungle-adventure', 'superhero-action']"
Tarzan and His Mate,"['jungle-adventure', 'one-person-army-action']"
Finding 'Ohana,"['jungle-adventure', 'mountain-adventure', 'quest-adventure', 'swashbuckler-adventure', 'teen-adventure', 'teen-comedy']"
Father Goose,"['jungle-adventure', 'romantic-comedy', 'screwball-comedy']"
Two Brothers,['jungle-adventure']
The Jungle Book 2,['jungle-adventure']
Last Cannibal World,"['jungle-adventure', 'splatter-horror']"
Tarzoon: Shame of the Jungle,"['jungle-adventure', 'parody-comedy', 'satire-comedy']"
Sacrifice!,['jungle-adventure']
Flight of the Intruder,"['jungle-adventure', 'survival-adventure']"
Cut and Run,['jungle-adventure']
Born Free,['jungle-adventure']
The Ugly American,"['jungle-adventure', 'political-drama', 'political-thriller']"
Massacre in Dinosaur Valley,['jungle-adventure']
Jungle Beat: The Movie,['jungle-adventure']
Dark of the Sun,"['jungle-adventure', 'political-drama', 'political-thriller', 'quest-adventure']"
Shandra: The Jungle Girl,['jungle-adventure']
Secret of the Incas,['jungle-adventure']
End of the Spear,['jungle-adventure']
FernGully 2: The Magical Rescue,['jungle-adventure']
Green Mansions,"['jungle-adventure', 'period-drama', 'quest-adventure', 'survival-adventure']"
Tarzan and the Lost City,['jungle-adventure']
The Second Jungle Book: Mowgli & Baloo,['jungle-adventure']
"Curucu, Beast of the Amazon",['jungle-adventure']
DNA,['jungle-adventure']
Robowar,['jungle-adventure']
Tarzan and the Amazons,['jungle-adventure']
Farewell to the King,['jungle-adventure']
Temple,['jungle-adventure']
The Jungle Book: Mowgli's Story,['jungle-adventure']
Tarzan and the Leopard Woman,['jungle-adventure']
Kong Island,['jungle-adventure']
Tarzan Triumphs,['jungle-adventure']
Arachnid,['jungle-adventure']
"Tarzan, the Ape Man",['jungle-adventure']
Dr. Cyclops,['jungle-adventure']
Tarzan's Secret Treasure,['jungle-adventure']
"Lana, Queen of the Amazons",['jungle-adventure']
Love Slaves of the Amazons,['jungle-adventure']
Jungle Raiders,['jungle-adventure']
Treasure of the Amazon,['jungle-adventure']
All the Way Boys,"['jungle-adventure', 'slapstick-comedy']"
Four Frightened People,['jungle-adventure']
Five Friends,"['jungle-adventure', 'mountain-adventure']"
Tarzan and the Mermaids,['jungle-adventure']
Five Came Back,"['jungle-adventure', 'survival-adventure']"
Green Fire,['jungle-adventure']
Back from Eternity,['jungle-adventure']
Tarzan and the She-Devil,['jungle-adventure']
Tarzan and the Jungle Boy,['jungle-adventure']
Tarzan Escapes,['jungle-adventure']
Jungle Queen,['jungle-adventure']
The Hot Box,['jungle-adventure']
Green Hell,['jungle-adventure']
Man-Eater of Kumaon,['jungle-adventure']
Canopy,['jungle-adventure']
The French Girl and the Nudists,['jungle-adventure']
Naked Amazon,['jungle-adventure']
Jungle Girl,['jungle-adventure']
The Spiral Road,['jungle-adventure']
The Phantom,"['jungle-adventure', 'superhero-action', 'superhero-action', 'superhero-action']"
Chang: A Drama of the Wilderness,['jungle-adventure']
Something of Value,"['jungle-adventure', 'political-drama']"
"Tarzana, the Wild Woman",['jungle-adventure']
Hotel Colonial,"['jungle-adventure', 'quest-adventure']"
The New Adventures of Tarzan,"['jungle-adventure', 'jungle-adventure']"
Curious George 3: Back to the Jungle,['jungle-adventure']
Maya,['jungle-adventure']
White Ghost,['jungle-adventure']
Wild Women,['jungle-adventure']
Stanley and Livingstone,"['jungle-adventure', 'period-drama']"
Valley of Mystery,['jungle-adventure']
"Gungala, the Virgin of the Jungle",['jungle-adventure']
Bird of Paradise,"['jungle-adventure', 'jungle-adventure', 'tragedy-drama', 'tragic-romance']"
Where the River Runs Black,['jungle-adventure']
Camino,['jungle-adventure']
Bomba: The Jungle Boy,['jungle-adventure']
Angel on the Amazon,['jungle-adventure']
Queen of the Amazons,['jungle-adventure']
Tarzan and the Huntress,['jungle-adventure']
Tarzan in the Golden Grotto,['jungle-adventure']
Beyond the Blue Horizon,['jungle-adventure']
Tragic Jungle,['jungle-adventure']
Flight to Fury,['jungle-adventure']
Island of Lost Women,['jungle-adventure']
Tarzan Finds a Son!,['jungle-adventure']
Tarzan's New York Adventure,['jungle-adventure']
Checkered Flag or Crash,['jungle-adventure']
Tarzan and the Lost Safari,['jungle-adventure']
Untamed,['jungle-adventure']
East of Sumatra,['jungle-adventure']
Mr. Moto Takes a Chance,['jungle-adventure']
Appointment in Honduras,['jungle-adventure']
Amazonia,['jungle-adventure']
Nature Girl and the Slaver,['jungle-adventure']
Jungle Emperor Leo,['jungle-adventure']
The Conquering Power,['jungle-adventure']
White Pongo,['jungle-adventure']
Jungle Boy,['jungle-adventure']
The Son of Tarzan,['jungle-adventure']
Santiago,['jungle-adventure']
East of Borneo,['jungle-adventure']
The Eliminator,['jungle-adventure']
Deadly Species,['jungle-adventure']
Congo Bill,['jungle-adventure']
Hawk of the Wilderness,['jungle-adventure']
La rebelión de los colgados,['jungle-adventure']
The Mighty Gorga,['jungle-adventure']
The Jungle Book: The Movie,['jungle-adventure']
The Marines Fly High,['jungle-adventure']
Africa Erotica: A Happening in Africa,['jungle-adventure']
Dance of the Dwarfs,['jungle-adventure']
Tarzun and the Valley of Lust,['jungle-adventure']
Luana,['jungle-adventure']
Jungle Master,['jungle-adventure']
Rescue Team,['jungle-adventure']
Sensual Jungle,['jungle-adventure']
Manhunt in the Jungle,['jungle-adventure']
Killer Leopard,['jungle-adventure']
King of the Jungle,['jungle-adventure']
Jungle Manhunt,['jungle-adventure']
Schweitzer,['jungle-adventure']
Song of India,['jungle-adventure']
Tarzan's Jungle Rebellion,['jungle-adventure']
Jungle Jim,['jungle-adventure']
Those Who Came Back,"['jungle-adventure', 'suspense-mystery']"
Terror in the Jungle,['jungle-adventure']
The Savage Girl,['jungle-adventure']
"Liane, die Tochter des Dschungels",['jungle-adventure']
Terror of the Bloodhunters,['jungle-adventure']
The Lion Hunters,['jungle-adventure']
"Kilma, reina de las amazonas",['jungle-adventure']
Forbidden Jungle,['jungle-adventure']
Le gentleman de Cocody,['jungle-adventure']
Perils of the Jungle,"['jungle-adventure', 'jungle-adventure']"
Tarzan and King Kong,['jungle-adventure']
Blonde Savage,['jungle-adventure']
Tarzan's Deadly Silence,['jungle-adventure']
The Call of the Savage,['jungle-adventure']
Two Sane Nuts,['jungle-adventure']
Uncivilized,['jungle-adventure']
In Gold We Trust,['jungle-adventure']
Escape from Angola,['jungle-adventure']
Zimbo,['jungle-adventure']
Payal Ki Jhankar,['jungle-adventure']
Tarzan Comes to Delhi,['jungle-adventure']
Beyond Bengal,['jungle-adventure']
The Flute and the Arrow,['jungle-adventure']
El tesoro de Atahualpa,['jungle-adventure']
Young Eagles,['jungle-adventure']
Jungle Man,['jungle-adventure']
The Bridge in the Jungle,['jungle-adventure']
Omoo-Omoo the Shark God,['jungle-adventure']
Drums of the Congo,['jungle-adventure']
The Piano Tuner,['jungle-adventure']
Jungle Hell,['jungle-adventure']
Miraculous Journey,['jungle-adventure']
Jungle Siren,['jungle-adventure']
Ape Man of the Jungle,['jungle-adventure']
Sabu and the Magic Ring,['jungle-adventure']
La diosa de Tahití,['jungle-adventure']
River of Evil,['jungle-adventure']
"Brother, Cry for Me",['jungle-adventure']
Conquest of Area 53: Part I,"['jungle-adventure', 'satire-comedy']"
Daughter of the Sun God,['jungle-adventure']
Quest for the Lost City,['jungle-adventure']
The Beast of Borneo,['jungle-adventure']
La selva de fuego,['jungle-adventure']
Canaima,['jungle-adventure']
Native Drums,['jungle-adventure']
Black Devils of Kali,['jungle-adventure']
From Headquarters,['jungle-adventure']
The Storm of Tarzan,['jungle-adventure']
Tengkorak Hidoep,['jungle-adventure']
Wild Land,['jungle-adventure']
Nyoka and the Lost Secrets of Hippocrates,['jungle-adventure']
The Golden Web,['jungle-adventure']
Moon & 8,['jungle-adventure']
The Myth: Hekima Scrolls,['jungle-adventure']
Finding Kate: Hawaii,"['jungle-adventure', 'suspense-mystery']"
Welcome to Jonestown,['jungle-adventure']
Jacaré,['jungle-adventure']
Tarzan and the Magical Lamp,['jungle-adventure']
Jungle Law,['jungle-adventure']
Something Great,['jungle-adventure']
Natureland,['jungle-adventure']
Zebra,['jungle-adventure']
Jaws of the Jungle,['jungle-adventure']
War Gene,['jungle-adventure']
The Secret of the Temple,['jungle-adventure']
Island Captives,['jungle-adventure']
When We Were Lost,['jungle-adventure']
Adventures in Indochina,['jungle-adventure']
Gods of the Jungle,['jungle-adventure']
Tarzan Aur Jadugar,['jungle-adventure']
Aranye 2: In the Forest 2,['jungle-adventure']
Mystica,['jungle-adventure']
Crusoe of the Amazon,['jungle-adventure']
Bon Voyage,['jungle-adventure']
Into the South African Jungle,['jungle-adventure']
Lost Tribe,['jungle-adventure']
Conquerors of the Jungle,['jungle-adventure']
Public Emily,['jungle-adventure']
Kill Bill: Vol. 2,"['kung-fu-action', 'martial-arts-action', 'one-person-army-action']"
Enter the Dragon,"['kung-fu-action', 'martial-arts-action', 'one-person-army-action']"
Kung Fu Hustle,"['kung-fu-action', 'martial-arts-action', 'parody-comedy', 'slapstick-comedy', 'wuxia-action']"
The Forbidden Kingdom,"['kung-fu-action', 'martial-arts-action', 'wuxia-action']"
The Way of the Dragon,"['kung-fu-action', 'martial-arts-action', 'one-person-army-action']"
Ong-Bak: The Thai Warrior,"['kung-fu-action', 'martial-arts-action']"
Dragon: The Bruce Lee Story,"['kung-fu-action', 'martial-arts-action']"
Fist of Fury,"['kung-fu-action', 'martial-arts-action']"
The Grandmaster,"['kung-fu-action', 'martial-arts-action']"
Drunken Master,"['kung-fu-action', 'martial-arts-action', 'slapstick-comedy']"
The Big Boss,"['kung-fu-action', 'martial-arts-action', 'one-person-army-action']"
Drunken Master II,"['kung-fu-action', 'martial-arts-action', 'slapstick-comedy']"
Ip Man 2,"['kung-fu-action', 'martial-arts-action', 'period-drama']"
Man of Tai Chi,"['kung-fu-action', 'martial-arts-action']"
Ip Man 3,"['kung-fu-action', 'martial-arts-action']"
Fist of Legend,"['kung-fu-action', 'martial-arts-action']"
Once Upon a Time in China,"['kung-fu-action', 'martial-arts-action', 'wuxia-action']"
Iron Monkey,"['kung-fu-action', 'martial-arts-action', 'superhero-action', 'wuxia-action']"
The 36th Chamber of Shaolin,"['kung-fu-action', 'martial-arts-action']"
Half Past Dead,['kung-fu-action']
Snake in the Eagle's Shadow,"['kung-fu-action', 'martial-arts-action', 'slapstick-comedy']"
The Young Master,"['kung-fu-action', 'martial-arts-action']"
Five Deadly Venoms,"['kung-fu-action', 'martial-arts-action']"
Once Upon a Time in China II,"['kung-fu-action', 'martial-arts-action', 'wuxia-action']"
Fists of the White Lotus,"['kung-fu-action', 'martial-arts-action']"
Ip Man 5,['kung-fu-action']
The Fearless Hyena,"['kung-fu-action', 'martial-arts-action', 'slapstick-comedy']"
Sakra,"['kung-fu-action', 'martial-arts-action']"
Crippled Avengers,"['kung-fu-action', 'martial-arts-action']"
Heroes of the East,['kung-fu-action']
Five Fingers of Death,"['kung-fu-action', 'martial-arts-action']"
The Master,"['kung-fu-action', 'martial-arts-action', 'psychological-drama']"
The Prodigal Son,"['kung-fu-action', 'martial-arts-action']"
Lady Kung Fu,"['kung-fu-action', 'martial-arts-action']"
Death Dimension,"['kung-fu-action', 'martial-arts-action']"
Martial Arts of Shaolin,"['kung-fu-action', 'martial-arts-action']"
Once Upon a Time in China III,"['kung-fu-action', 'martial-arts-action', 'wuxia-action']"
Dragon Lord,"['kung-fu-action', 'martial-arts-action']"
Kids from Shaolin,"['kung-fu-action', 'martial-arts-action']"
Ip Man: The Final Fight,"['kung-fu-action', 'martial-arts-action']"
Spiritual Kung Fu,"['kung-fu-action', 'martial-arts-action']"
The Invincible Armour,"['kung-fu-action', 'martial-arts-action']"
The Tattoo Connection,"['kung-fu-action', 'martial-arts-action']"
Golden Swallow,"['kung-fu-action', 'martial-arts-action', 'wuxia-action']"
The Avenging Eagle,['kung-fu-action']
The Magnificent Butcher,"['kung-fu-action', 'martial-arts-action', 'slapstick-comedy']"
The Boxer from Shantung,"['kung-fu-action', 'martial-arts-action']"
One-Armed Boxer,['kung-fu-action']
The Hammer of God,"['kung-fu-action', 'martial-arts-action']"
Fist of Fury II,"['kung-fu-action', 'martial-arts-action']"
Dirty Ho,['kung-fu-action']
Return to the 36th Chamber,['kung-fu-action']
The 7 Grandmasters,"['kung-fu-action', 'martial-arts-action']"
When Taekwondo Strikes,"['kung-fu-action', 'martial-arts-action']"
Kill Squad,"['kung-fu-action', 'martial-arts-action']"
Snake in the Monkey's Shadow,"['kung-fu-action', 'martial-arts-action']"
Lady Whirlwind,"['kung-fu-action', 'martial-arts-action']"
Martial Club,"['kung-fu-action', 'martial-arts-action']"
The Legend of Fong Sai-Yuk 2,"['kung-fu-action', 'martial-arts-action']"
The Victim,"['kung-fu-action', 'martial-arts-action']"
Soul Brothers of Kung Fu,"['kung-fu-action', 'martial-arts-action']"
"Exit the Dragon, Enter the Tiger","['kung-fu-action', 'martial-arts-action']"
Warriors Two,['kung-fu-action']
Jade Claw,"['kung-fu-action', 'martial-arts-action']"
Dynamite Brothers,"['kung-fu-action', 'martial-arts-action']"
The Image of Bruce Lee,"['kung-fu-action', 'martial-arts-action']"
The Kung Fu Instructor,"['kung-fu-action', 'martial-arts-action']"
The Screaming Tiger,"['kung-fu-action', 'martial-arts-action']"
The Dragon Squad,['kung-fu-action']
Forced to Fight,"['kung-fu-action', 'martial-arts-action']"
Tattooed Dragon,"['kung-fu-action', 'martial-arts-action']"
Fistfull of Talons,"['kung-fu-action', 'martial-arts-action']"
Juror #2,"['legal-drama', 'legal-thriller']"
12 Angry Men,"['legal-drama', 'psychological-drama']"
Anatomy of a Fall,"['legal-drama', 'legal-thriller', 'psychological-drama', 'psychological-thriller']"
Gifted,['legal-drama']
A Few Good Men,"['legal-drama', 'legal-thriller']"
My Cousin Vinny,['legal-drama']
Bridge of Spies,"['legal-drama', 'legal-thriller', 'period-drama', 'political-drama', 'political-thriller', 'spy-thriller']"
To Kill a Mockingbird,"['legal-drama', 'period-drama']"
Judgment at Nuremberg,['legal-drama']
The Lincoln Lawyer,"['legal-drama', 'legal-thriller', 'police-procedural-crime', 'suspense-mystery']"
Doubt,"['legal-drama', 'psychological-drama']"
JFK,"['legal-drama', 'legal-thriller', 'political-drama', 'political-thriller']"
A Separation,"['legal-drama', 'psychological-drama']"
On the Waterfront,['legal-drama']
Philadelphia,['legal-drama']
Witness for the Prosecution,"['legal-drama', 'legal-thriller', 'whodunnit-mystery']"
Dead Man Walking,"['legal-drama', 'serial-killer-crime', 'true-crime']"
Just Mercy,"['legal-drama', 'true-crime']"
The Rainmaker,['legal-drama']
The Crucible,"['legal-drama', 'legal-drama', 'period-drama', 'psychological-drama', 'tragedy-drama']"
Hang 'Em High,"['legal-drama', 'one-person-army-action']"
The Whole Truth,"['legal-drama', 'legal-thriller', 'psychological-thriller', 'supernatural-horror']"
And Justice for All,"['legal-drama', 'legal-thriller']"
North Country,"['legal-drama', 'workplace-drama']"
Inherit the Wind,"['legal-drama', 'period-drama']"
Anatomy of a Murder,['legal-drama']
Rules of Engagement,"['legal-drama', 'legal-thriller']"
The Trial,"['legal-drama', 'legal-thriller']"
The Passion of Joan of Arc,"['legal-drama', 'period-drama', 'psychological-drama', 'tragedy-drama']"
Absence of Malice,"['legal-drama', 'tragedy-drama']"
The Children Act,['legal-drama']
God's Not Dead 2,['legal-drama']
A Cry in the Dark,['legal-drama']
Monsanto,['legal-drama']
Freeheld,['legal-drama']
The Black Vampire,"['legal-drama', 'psychological-drama']"
Young Mr. Lincoln,"['legal-drama', 'political-drama']"
Let Him Have It,"['legal-drama', 'true-crime']"
A Map of the World,['legal-drama']
I Live in Fear,['legal-drama']
"Cry, the Beloved Country","['legal-drama', 'legal-thriller', 'psychological-drama']"
Morning Glory,"['legal-drama', 'period-drama', 'romantic-comedy']"
Daisy Kenyon,['legal-drama']
The Rack,"['legal-drama', 'psychological-drama']"
Scandal,['legal-drama']
The Bitch,"['legal-drama', 'tragedy-drama']"
The Trials of Oscar Wilde,"['legal-drama', 'period-drama', 'political-drama', 'tragedy-drama']"
The Company She Keeps,"['legal-drama', 'prison-drama']"
Shyam Singha Roy,"['legal-drama', 'period-drama']"
The Divorce of Lady X,"['legal-drama', 'screwball-comedy']"
Midnight Mary,['legal-drama']
The Big Hangover,['legal-drama']
The Case of the Black Cat,['legal-drama']
Perfectly Legal,"['legal-drama', 'steamy-romance']"
21 Days Together,"['legal-drama', 'psychological-drama']"
Counsellor at Law,"['legal-drama', 'satire-comedy', 'workplace-drama']"
Death of a Soldier,['legal-drama']
Cash on Delivery,"['legal-drama', 'raunchy-comedy', 'romantic-comedy']"
Frisco Jenny,['legal-drama']
Perfect Strangers,['legal-drama']
Man on Fire,"['legal-drama', 'one-person-army-action', 'tragedy-drama']"
Woman Wanted,['legal-drama']
The Famous Ferguson Case,['legal-drama']
Young Man with Ideas,['legal-drama']
Oscar Wilde,"['legal-drama', 'tragedy-drama']"
Smart Woman,"['legal-drama', 'political-drama', 'romantic-comedy', 'satire-comedy', 'screwball-comedy', 'workplace-drama']"
The Man Who Talked Too Much,['legal-drama']
My Man and I,['legal-drama']
Unashamed,['legal-drama']
Society Lawyer,"['legal-drama', 'whodunnit-mystery']"
Der letzte Zeuge,['legal-drama']
The First Degree,"['legal-drama', 'political-drama', 'prison-drama', 'psychological-drama']"
Girls Behind Bars,['legal-drama']
The Temptress,"['legal-drama', 'tragic-romance']"
Panenství a kriminál,"['legal-drama', 'satire-comedy']"
Custody Denied!,['legal-drama']
The Firm,['legal-thriller']
The Devil's Advocate,['legal-thriller']
Primal Fear,"['legal-thriller', 'psychological-thriller']"
A Time to Kill,['legal-thriller']
The Client,['legal-thriller']
The Chamber,['legal-thriller']
Michael Clayton,['legal-thriller']
Fracture,['legal-thriller']
Class Action,['legal-thriller']
The Life of David Gale,['legal-thriller']
Presumed Innocent,['legal-thriller']
The Juror,"['legal-thriller', 'psychological-thriller']"
"Roman J. Israel, Esq.",['legal-thriller']
Misconduct,['legal-thriller']
Just Cause,"['legal-thriller', 'psychological-thriller']"
High Crimes,['legal-thriller']
Murder in the First,['legal-thriller']
Jagged Edge,['legal-thriller']
Suspect,['legal-thriller']
Red Corner,"['legal-thriller', 'political-thriller']"
The Gingerbread Man,['legal-thriller']
Closed Circuit,['legal-thriller']
Criminal Law,['legal-thriller']
The Star Chamber,['legal-thriller']
The Insult,['legal-thriller']
Night Falls on Manhattan,['legal-thriller']
Guilty as Sin,['legal-thriller']
12,['legal-thriller']
Defenseless,['legal-thriller']
Bleed Out,['legal-thriller']
Trial by Jury,['legal-thriller']
Shadow of Doubt,['legal-thriller']
The Student,"['legal-thriller', 'teen-drama', 'tragedy-drama']"
Trust No One,['legal-thriller']
Night of the Wilding,['legal-thriller']
Love Hurts,"['martial-arts-action', 'romantic-comedy', 'screwball-comedy']"
Kill Bill: Vol. 1,"['martial-arts-action', 'one-person-army-action']"
Teenage Mutant Ninja Turtles,"['martial-arts-action', 'samurai-action', 'superhero-action', 'superhero-action', 'urban-adventure']"
DOA: Dead or Alive,['martial-arts-action']
Never Back Down,['martial-arts-action']
Twilight of the Warriors: Walled In,['martial-arts-action']
The Foreigner,"['martial-arts-action', 'one-person-army-action', 'tragedy-drama']"
Blade II,"['martial-arts-action', 'superhero-action', 'supernatural-horror', 'vampire-horror']"
Street Fighter,['martial-arts-action']
The Raid 2,['martial-arts-action']
Hero,"['martial-arts-action', 'satire-comedy', 'wuxia-action']"
Knights of the Zodiac,"['martial-arts-action', 'superhero-action']"
Kung Pow: Enter the Fist,"['martial-arts-action', 'parody-comedy', 'slapstick-comedy']"
Ninja Assassin,['martial-arts-action']
Polite Society,['martial-arts-action']
Undisputed 2: Last Man Standing,['martial-arts-action']
Accident Man,['martial-arts-action']
The Night Comes for Us,['martial-arts-action']
Shaolin Soccer,"['martial-arts-action', 'soccer-sport']"
A Prueba De Hombres,"['martial-arts-action', 'slapstick-comedy']"
Undisputed 4: Boyka,['martial-arts-action']
Here Comes the Boom,['martial-arts-action']
The One,"['martial-arts-action', 'superhero-action']"
Tekken,['martial-arts-action']
The Last Dragon,['martial-arts-action']
House of Flying Daggers,"['martial-arts-action', 'wuxia-action']"
Accident Man: Hitman's Holiday,['martial-arts-action']
Unleashed,['martial-arts-action']
Passenger 57,['martial-arts-action']
The Medallion,"['martial-arts-action', 'slapstick-comedy']"
Hard to Kill,['martial-arts-action']
Cradle 2 the Grave,['martial-arts-action']
Spy Kids: Armageddon,"['martial-arts-action', 'superhero-action']"
Undisputed 3: Redemption,['martial-arts-action']
The Man with the Iron Fists,['martial-arts-action']
Game of Death,['martial-arts-action']
Rurouni Kenshin Part I: Origins,"['martial-arts-action', 'samurai-action']"
The Quest,"['martial-arts-action', 'period-drama']"
Fire Down Below,"['martial-arts-action', 'one-person-army-action']"
Project A,['martial-arts-action']
Mayhem!,['martial-arts-action']
Ninja,['martial-arts-action']
Birth of the Dragon,['martial-arts-action']
Diablo,"['martial-arts-action', 'one-person-army-action']"
Never Back Down 2: The Beatdown,['martial-arts-action']
Rurouni Kenshin: Final Chapter Part I - The Final,['martial-arts-action']
American Ninja 2: The Confrontation,['martial-arts-action']
"Crouching Tiger, Hidden Dragon: Sword of Destiny","['martial-arts-action', 'wuxia-action']"
District 13: Ultimatum,['martial-arts-action']
Rurouni Kenshin: Final Chapter Part II - The Beginning,['martial-arts-action']
Ninja: Shadow of a Tear,['martial-arts-action']
Chocolate,['martial-arts-action']
Kickboxer: Armageddon,['martial-arts-action']
Fistful of Vengeance,"['martial-arts-action', 'superhero-action']"
6 Bullets,['martial-arts-action']
The Protector,['martial-arts-action']
Lady Bloodfight,['martial-arts-action']
The Perfect Weapon,['martial-arts-action']
Rurouni Kenshin Part II: Kyoto Inferno,"['martial-arts-action', 'samurai-action']"
Close Range,"['martial-arts-action', 'one-person-army-action']"
Merantau,['martial-arts-action']
Rurouni Kenshin: The Legend Ends,"['martial-arts-action', 'samurai-action']"
The Warlords,"['martial-arts-action', 'wuxia-action']"
Flash Point,['martial-arts-action']
Ong Bak 3,['martial-arts-action']
Dragons Forever,['martial-arts-action']
Mortal Kombat Legends: Cage Match,['martial-arts-action']
The Last Mercenary,['martial-arts-action']
Martial Law,['martial-arts-action']
Ninja Cheerleaders,['martial-arts-action']
Maximum Conviction,['martial-arts-action']
Best of the Best 3: No Turning Back,['martial-arts-action']
The Street Fighter,['martial-arts-action']
Firecracker,"['martial-arts-action', 'true-crime']"
Circle of Iron,['martial-arts-action']
Twinkle Twinkle Lucky Stars,['martial-arts-action']
Skin Trade,['martial-arts-action']
"No Retreat, No Surrender 3: Blood Brothers",['martial-arts-action']
Blades of the Guardians,"['martial-arts-action', 'wuxia-action']"
The King of the Kickboxers,['martial-arts-action']
CC2C,"['martial-arts-action', 'one-person-army-action']"
American Ninja 4: The Annihilation,['martial-arts-action']
Green Street 3: Never Back Down,['martial-arts-action']
American Ninja 3: Blood Hunt,['martial-arts-action']
Project A 2,['martial-arts-action']
Winners & Sinners,"['martial-arts-action', 'slapstick-comedy']"
Mortal Kombat Legends: Snow Blind,"['martial-arts-action', 'superhero-action']"
Ong Bak 2,['martial-arts-action']
One Last Fight,"['martial-arts-action', 'martial-arts-action']"
American Samurai,['martial-arts-action']
China O'Brien,['martial-arts-action']
Mortal Kombat Legends: Battle of the Realms,['martial-arts-action']
My Father Is a Hero,['martial-arts-action']
Martial Law II: Undercover,['martial-arts-action']
Heart of Dragon,['martial-arts-action']
Legend of the Fist: The Return of Chen Zhen,"['martial-arts-action', 'superhero-action']"
The Tale of Zatoichi,"['martial-arts-action', 'period-drama', 'samurai-action', 'sword-and-sandal-action']"
The Yin-Yang Master: Dream of Eternity,['martial-arts-action']
Black Belt Jones,['martial-arts-action']
Enter the Fat Dragon,"['martial-arts-action', 'satire-comedy', 'slapstick-comedy']"
The Sorcerer and the White Snake,['martial-arts-action']
Breaking Cover,"['martial-arts-action', 'survival-adventure']"
My Lucky Stars,['martial-arts-action']
TNT Jackson,['martial-arts-action']
The Man with the Iron Fists 2,['martial-arts-action']
Baki Hanma VS Kengan Ashura,['martial-arts-action']
Black Mask,"['martial-arts-action', 'superhero-action']"
Dragon Inn,['martial-arts-action']
Art of Eight Limbs,['martial-arts-action']
Best of the Best 4: Without Warning,['martial-arts-action']
Black Dawn,['martial-arts-action']
Jailbreak,['martial-arts-action']
Yellow-Faced Tiger,['martial-arts-action']
Shaolin,['martial-arts-action']
New Fist of Fury,['martial-arts-action']
Knockabout,"['martial-arts-action', 'slapstick-comedy']"
Battle for Saipan,"['martial-arts-action', 'one-person-army-action']"
Rage and Honor,['martial-arts-action']
Operation Scorpio,['martial-arts-action']
Bloodmoon,"['martial-arts-action', 'slasher-horror']"
Reckless,"['martial-arts-action', 'one-person-army-action', 'romantic-comedy', 'screwball-comedy']"
The Protector 2,['martial-arts-action']
True Legend,"['martial-arts-action', 'wuxia-action']"
The Twins Effect,['martial-arts-action']
Tiger Claws,['martial-arts-action']
Big Brother,['martial-arts-action']
Furies,['martial-arts-action']
High Voltage,['martial-arts-action']
The Legend of Bruce Lee,['martial-arts-action']
Catch the Heat,['martial-arts-action']
Legendary Assassin,['martial-arts-action']
Five Shaolin Masters,['martial-arts-action']
Death Machines,['martial-arts-action']
Gundala,"['martial-arts-action', 'superhero-action']"
Money Fight,['martial-arts-action']
The New Legend of Shaolin,['martial-arts-action']
Tapped Out,['martial-arts-action']
Furie,"['martial-arts-action', 'one-person-army-action']"
The Rebel,['martial-arts-action']
Dr. Wai in the Scripture with No Words,['martial-arts-action']
"One Down, Two to go",['martial-arts-action']
The Invincible Dragon,['martial-arts-action']
Kill a Dragon,['martial-arts-action']
An Empress and the Warriors,"['martial-arts-action', 'wuxia-action']"
The Storm Riders,"['martial-arts-action', 'wuxia-action']"
Tiger Claws II,['martial-arts-action']
Maria,"['martial-arts-action', 'one-person-army-action', 'period-drama', 'tragedy-drama']"
To Kill with Intrigue,['martial-arts-action']
Tiger Heart,"['martial-arts-action', 'teen-comedy']"
Chinese Hercules,['martial-arts-action']
The White Dragon,['martial-arts-action']
212 Warrior,['martial-arts-action']
Dynamite Fighters,['martial-arts-action']
The Real Miyagi,['martial-arts-action']
Death Promise,"['martial-arts-action', 'one-person-army-action']"
Karate Girl,['martial-arts-action']
Shaolin Martial Arts,['martial-arts-action']
Bichunmoo,"['martial-arts-action', 'wuxia-action']"
The 18 Bronzemen,['martial-arts-action']
Born to Fight,['martial-arts-action']
A Man Called Hero,['martial-arts-action']
Chop Kick Panda,['martial-arts-action']
Return of the Street Fighter,['martial-arts-action']
The Storm Warriors,"['martial-arts-action', 'wuxia-action']"
Out for Blood,['martial-arts-action']
BKO: Bangkok Knockout,['martial-arts-action']
Si Buta dari Gua Hantu,['martial-arts-action']
Twilight of the Warriors: Dragon Throne,['martial-arts-action']
Swordsman,['martial-arts-action']
Shaolin Mantis,['martial-arts-action']
"The Butcher, the Chef, and the Swordsman",['martial-arts-action']
Sci-Fighter,['martial-arts-action']
Terminator Woman,['martial-arts-action']
Fist of the Warrior,['martial-arts-action']
Prey of the Jaguar,"['martial-arts-action', 'superhero-action']"
Jackie Chan Presents: Wushu,['martial-arts-action']
Death Warrior,['martial-arts-action']
The Bells of Death,['martial-arts-action']
King Kung Fu,"['martial-arts-action', 'parody-comedy', 'slapstick-comedy']"
Disciples of Shaolin,['martial-arts-action']
Bloodstorm,"['martial-arts-action', 'survival-adventure']"
Warrior of Justice,['martial-arts-action']
The Street Fighter's Last Revenge,['martial-arts-action']
Terror in Beverly Hills,['martial-arts-action']
Eonblade,"['martial-arts-action', 'quest-adventure']"
Kung Fu: The Punch of Death,['martial-arts-action']
The Assailant,['martial-arts-action']
The Little Dragons,['martial-arts-action']
Kid from Kwang Tung,['martial-arts-action']
American Kickboxer 2,['martial-arts-action']
Circle of Pain,['martial-arts-action']
The Master of Kung Fu,['martial-arts-action']
The Process,['martial-arts-action']
The Story of Chinese Gods,['martial-arts-action']
Sun Dragon,"['martial-arts-action', 'spaghetti-western']"
Big and Little Wong Tin Bar,['martial-arts-action']
Mirageman,"['martial-arts-action', 'superhero-action']"
Karate Warriors,['martial-arts-action']
The Jade Raksha,['martial-arts-action']
Adventures of Johnny Tao,"['martial-arts-action', 'superhero-action']"
Fists of Bruce Lee,['martial-arts-action']
Super Dragon,['martial-arts-action']
Pushed Too Far,['martial-arts-action']
Extreme Challenge,['martial-arts-action']
Mission for the Dragon,['martial-arts-action']
Deadly China Doll,['martial-arts-action']
Deadly Closure,['martial-arts-action']
Kunoichi ninpô-chô: Kage no tsuki,['martial-arts-action']
Twilight of the Warriors: The Final Chapter,['martial-arts-action']
The Delinquent,['martial-arts-action']
Double Blast,['martial-arts-action']
Return of the Chinese Boxer,"['martial-arts-action', 'wuxia-action']"
Shaolin Hand Lock,['martial-arts-action']
King of Beggars,['martial-arts-action']
The Dragon Dies Hard,['martial-arts-action']
The Dragon's Snake Fist,['martial-arts-action']
Mean Business,['martial-arts-action']
The Mosaic Project,['martial-arts-action']
Hood Angels,['martial-arts-action']
Sonny Chiba's Dragon Princess,['martial-arts-action']
Fist 2 Fist,['martial-arts-action']
Choyleefut: Speed of Light,['martial-arts-action']
Walid,['martial-arts-action']
Ninja Masters,['martial-arts-action']
American Brawler,['martial-arts-action']
Tigershark,['martial-arts-action']
Xiao ba wang,['martial-arts-action']
Stan Lee's Annihilator,['martial-arts-action']
Full Moon Scimitar,['martial-arts-action']
Shanghai Lil and the Sun Luck Kid,['martial-arts-action']
Dragon and the Hawk,['martial-arts-action']
The Gathering,['martial-arts-action']
Teriyaki Chicken Rescue,['martial-arts-action']
Long Wei shan zhuang,['martial-arts-action']
Fei hao,['martial-arts-action']
Iron Fighter 2,['martial-arts-action']
A Man in the Storm,['martial-arts-action']
Hu dan,['martial-arts-action']
Mad Mad Mad Swords,['martial-arts-action']
Fighting Black Kings,['martial-arts-action']
Awesome Lotus,"['martial-arts-action', 'slapstick-comedy']"
Mean Streets of Kung-Fu,['martial-arts-action']
Eagle vs. Silver Fox,['martial-arts-action']
"Bronson Lee, Champion",['martial-arts-action']
Long quan she shou dou zhi zhu,['martial-arts-action']
A Fight for Honor,['martial-arts-action']
Tie dan ying xiong,['martial-arts-action']
Bamboo Brotherhood,['martial-arts-action']
Song of the Sword,['martial-arts-action']
Four Dragons,['martial-arts-action']
Nageune geomgaek hwanggeum 108gwan,['martial-arts-action']
Da shi,['martial-arts-action']
Moving Target,['martial-arts-action']
Fists for Hire,['martial-arts-action']
Champions of the Deep,['martial-arts-action']
Du chuang long tan,['martial-arts-action']
Come Drink with Me,"['martial-arts-action', 'wuxia-action']"
Biyeonmaeng nyeo,['martial-arts-action']
Judo Showdown,['martial-arts-action']
Crashing Darkness,['martial-arts-action']
City of Dragons,['martial-arts-action']
Contemporary Gladiator,['martial-arts-action']
The Ninja Princess,['martial-arts-action']
Rhythm and Juliet,['martial-arts-action']
Highway 666,['martial-arts-action']
Paldo geomgaek,['martial-arts-action']
"Cheng Maohua, the successor of the Eight Diagrams School, was invited to Dagu Forts to teach martial arts to the soldiers who confronted the Allied forces of the Eight-Nations Alliance.",['martial-arts-action']
Besut,"['martial-arts-action', 'supernatural-fantasy']"
The Adventures of the Zordine Warriors,['martial-arts-action']
Shadow of 13,['martial-arts-action']
Roundhouse Honeymoon,['martial-arts-action']
The Mirage House in the Clouds Movie,['martial-arts-action']
The Legend of the Snake Key,['martial-arts-action']
F3: Ferocious Femme Fatale,['martial-arts-action']
The Yogi,"['martial-arts-action', 'superhero-action']"
Left For Dead,['martial-arts-action']
Knockout Girls,['martial-arts-action']
The Weapon,"['martial-arts-action', 'one-person-army-action']"
The Three Swords of Master Chan,['martial-arts-action']
Karate Quest,['martial-arts-action']
The Boogaloo Kid,['martial-arts-action']
The Last American Boxer,['martial-arts-action']
JFH,['martial-arts-action']
River of the Damned,['martial-arts-action']
Master and Students,['martial-arts-action']
Slaughterlily,['martial-arts-action']
Scarlight,['martial-arts-action']
Elements,['martial-arts-action']
Stiletto,['martial-arts-action']
Karate sa Karate,['martial-arts-action']
Hand Over Fist,['martial-arts-action']
Karate Guy,['martial-arts-action']
The 19th Step,['martial-arts-action']
One Flew Over the Cuckoo's Nest,"['medical-drama', 'psychological-drama']"
Awakenings,['medical-drama']
Extreme Measures,['medical-drama']
Breathe,['medical-drama']
John Q,['medical-drama']
My Sister's Keeper,['medical-drama']
Side Effects,"['medical-drama', 'psychological-thriller']"
50/50,['medical-drama']
Bringing Out the Dead,"['medical-drama', 'psychological-thriller']"
Breakthrough,['medical-drama']
Brain on Fire,['medical-drama']
Sister Kenny,"['medical-drama', 'period-drama']"
Red Beard,['medical-drama']
The Story of Louis Pasteur,"['medical-drama', 'political-drama']"
Desperate Measures,['medical-drama']
The Men,"['medical-drama', 'psychological-drama']"
The Doctor,['medical-drama']
The Good Doctor,['medical-drama']
Bigger Than Life,"['medical-drama', 'psychological-drama']"
Gross Anatomy,['medical-drama']
Article 99,['medical-drama']
The Last Angry Man,['medical-drama']
The Cobweb,"['medical-drama', 'psychological-drama']"
Suurin voitto,['medical-drama']
Green Light,"['medical-drama', 'psychological-drama']"
Lulli,"['medical-drama', 'romantic-comedy']"
Dr. Kildare's Strange Case,"['medical-drama', 'workplace-drama']"
The Secret of Dr. Kildare,"['medical-drama', 'workplace-drama']"
Never Fear,['medical-drama']
"Mary Stevens, M.D.",['medical-drama']
Dr. Gillespie's New Assistant,['medical-drama']
Men in White,['medical-drama']
Dr. Kildare's Victory,['medical-drama']
Shining Victory,['medical-drama']
Otro hombre,['medical-drama']
Calling Dr. Gillespie,"['medical-drama', 'psychological-drama']"
Dr. Monica,"['medical-drama', 'tragic-romance']"
Registered Nurse,['medical-drama']
Between Two Women,"['medical-drama', 'workplace-drama']"
Bottled Up,['medical-drama']
Dr. Kildare Goes Home,['medical-drama']
Symphony of Six Million,['medical-drama']
No Time for Tears,['medical-drama']
The Man Who Found Himself,['medical-drama']
Parachute Nurse,['medical-drama']
Once a Doctor,"['medical-drama', 'workplace-drama']"
Zivot pro Jana Kaspara,['medical-drama']
Numb,['medical-drama']
This Is Spinal Tap,"['mockumentary-comedy', 'parody-comedy', 'satire-comedy']"
Best in Show,"['mockumentary-comedy', 'quirky-comedy']"
For Your Consideration,"['mockumentary-comedy', 'satire-comedy']"
Marcel the Shell with Shoes On,['mockumentary-comedy']
A Mighty Wind,"['mockumentary-comedy', 'satire-comedy']"
Popstar: Never Stop Never Stopping,"['mockumentary-comedy', 'raunchy-comedy']"
Theater Camp,"['mockumentary-comedy', 'quirky-comedy']"
Spinal Tap II,['mockumentary-comedy']
Mascots,"['mockumentary-comedy', 'satire-comedy']"
Smile,"['mockumentary-comedy', 'satire-comedy', 'supernatural-horror', 'tragedy-drama']"
Death to 2020,['mockumentary-comedy']
Fear of a Black Hat,"['mockumentary-comedy', 'parody-comedy', 'satire-comedy']"
Paper Heart,"['mockumentary-comedy', 'quirky-comedy', 'romantic-comedy']"
Glee: The 3D Concert Movie,['mockumentary-comedy']
The Clowns,['mockumentary-comedy']
Danny Roane: First Time Director,['mockumentary-comedy']
David Holzman's Diary,"['mockumentary-comedy', 'satire-comedy']"
Dill Scallion,['mockumentary-comedy']
Supernatural Activity,['mockumentary-comedy']
Stalking Santa,['mockumentary-comedy']
"Copy, Credit, No Pay","['mockumentary-comedy', 'satire-comedy']"
Bucky and the Squirrels,['mockumentary-comedy']
El Sanatorio,"['mockumentary-comedy', 'teen-horror']"
Childish Things,['mockumentary-comedy']
Zara & Erika: Summer Beach Party,"['mockumentary-comedy', 'raunchy-comedy']"
Dirty Dutch,['mockumentary-comedy']
Beverly Hills Call Girls,['mockumentary-comedy']
The Great American Delta-8 Road Show,['mockumentary-comedy']
Egg Nog,['mockumentary-comedy']
Pat Paulsen for President,['mockumentary-comedy']
Palmer Chandler's Kitchen Catastrophes,['mockumentary-comedy']
Room 1A Sizzle Reel,['mockumentary-comedy']
Quivering Norman,['mockumentary-comedy']
The Making of The Powder of Death,['mockumentary-comedy']
Alien: Romulus,"['monster-horror', 'space-sci-fi']"
Jaws,"['monster-horror', 'sea-adventure', 'survival-adventure']"
It,"['monster-horror', 'supernatural-horror']"
Constantine,"['monster-horror', 'superhero-action', 'supernatural-fantasy', 'supernatural-horror']"
The Descent,"['monster-horror', 'mountain-adventure', 'psychological-thriller']"
Azrael,['monster-horror']
Arcadian,['monster-horror']
Silent Hill,"['monster-horror', 'supernatural-horror']"
Pitch Black,"['monster-horror', 'survival-adventure']"
Alien Resurrection,"['monster-horror', 'space-sci-fi']"
Jeepers Creepers,"['monster-horror', 'slasher-horror', 'teen-horror']"
Resident Evil: Welcome to Raccoon City,"['monster-horror', 'supernatural-horror', 'zombie-horror']"
Alien vs. Predator,"['monster-horror', 'space-sci-fi']"
Deep Rising,['monster-horror']
The Tank,['monster-horror']
Humanoids from the Deep,['monster-horror']
Aliens vs. Predator: Requiem,"['monster-horror', 'space-sci-fi']"
Cold Skin,['monster-horror']
Doom,"['monster-horror', 'supernatural-horror', 'zombie-horror']"
Out of Darkness,"['monster-horror', 'survival-adventure']"
Silent Hill: Revelation,"['monster-horror', 'supernatural-horror']"
Jaws 2,"['monster-horror', 'sea-adventure', 'survival-adventure', 'teen-horror']"
Creature from the Black Lagoon,['monster-horror']
Bird Box: Barcelona,"['monster-horror', 'psychological-thriller', 'suspense-mystery']"
Jaws 3-D,"['monster-horror', 'sea-adventure', 'survival-adventure']"
Jeepers Creepers 2,"['monster-horror', 'slasher-horror', 'teen-horror']"
Jaws: The Revenge,"['monster-horror', 'sea-adventure', 'survival-adventure']"
Shadow in the Cloud,['monster-horror']
Monstrous,"['monster-horror', 'supernatural-horror', 'suspense-mystery']"
The Descent: Part 2,"['monster-horror', 'survival-adventure']"
Hostile,['monster-horror']
Into the Grizzly Maze,['monster-horror']
Cat's Eye,['monster-horror']
The Flood,['monster-horror']
Abbott and Costello Meet Frankenstein,"['monster-horror', 'parody-comedy', 'screwball-comedy', 'slapstick-comedy', 'supernatural-horror', 'werewolf-horror']"
Creature,['monster-horror']
Viking Wolf,"['monster-horror', 'werewolf-horror']"
Grimcutty,['monster-horror']
Tremors 3: Back to Perfection,['monster-horror']
Son of Frankenstein,['monster-horror']
Minotaur,['monster-horror']
Monster in the Closet,"['monster-horror', 'parody-comedy']"
Razorback,['monster-horror']
Revenge of the Creature,['monster-horror']
Watchers II,['monster-horror']
Shadowzone,['monster-horror']
Bride of the Monster,['monster-horror']
The Curse of Frankenstein,['monster-horror']
It! The Terror from Beyond Space,"['monster-horror', 'space-sci-fi']"
Infestation,['monster-horror']
Frankenstein and the Monster from Hell,"['monster-horror', 'supernatural-horror']"
House of Frankenstein,['monster-horror']
The Ghost of Frankenstein,"['monster-horror', 'supernatural-horror']"
Storage 24,['monster-horror']
The Cellar,"['monster-horror', 'supernatural-horror']"
A Creature Was Stirring,['monster-horror']
Night Train to Terror,"['monster-horror', 'supernatural-horror']"
The Reptile,['monster-horror']
Winnie-the-Pooh: Blood and Honey 3,"['monster-horror', 'slasher-horror']"
Untold,['monster-horror']
Axe Giant: The Wrath of Paul Bunyan,['monster-horror']
City in the Sea,"['monster-horror', 'period-drama', 'sea-adventure']"
The Snow Creature,['monster-horror']
Killer Rats,"['monster-horror', 'psychological-thriller']"
Zombieworld,['monster-horror']
The Loch Ness Horror,['monster-horror']
Blood Hunters,['monster-horror']
Half Human,['monster-horror']
Where the Scary Things Are,['monster-horror']
Devil's Night,"['monster-horror', 'slasher-horror', 'splatter-horror', 'supernatural-horror']"
Mostro Intruso Aspro,['monster-horror']
Killing Demons,"['monster-horror', 'supernatural-horror']"
Stroker Ace,['motorsports-sport']
Herbie Fully Loaded,"['motorsports-sport', 'slapstick-comedy', 'teen-adventure']"
The Last American Hero,['motorsports-sport']
Grand Prix,['motorsports-sport']
Le Mans,['motorsports-sport']
Senna,['motorsports-sport']
The Love Bug,['motorsports-sport']
Driven,['motorsports-sport']
Six Pack,"['motorsports-sport', 'motorsports-sport']"
Speed Zone,['motorsports-sport']
Heart Like a Wheel,['motorsports-sport']
Greased Lightning,['motorsports-sport']
On Any Sunday,['motorsports-sport']
Lady Driver,['motorsports-sport']
The Little Penguin Pororo's Racing Adventure,['motorsports-sport']
Silver Dream Racer,['motorsports-sport']
"Feuer, Eis & Dynamit",['motorsports-sport']
Steel Arena,['motorsports-sport']
King of the Mountain,"['motorsports-sport', 'mountain-adventure']"
Faster,['motorsports-sport']
Fast Girl,['motorsports-sport']
Maniacs on Wheels,['motorsports-sport']
Hell on Wheels,['motorsports-sport']
Fastest,['motorsports-sport']
Racing Dreams,['motorsports-sport']
One by One,['motorsports-sport']
Ultimate X: The Movie,['motorsports-sport']
Black Ice,['motorsports-sport']
Hajwala: The Missing Engine,['motorsports-sport']
Burnout,['motorsports-sport']
The Race of Love,['motorsports-sport']
Learning Curve,['motorsports-sport']
1966 Indianapolis 500,['motorsports-sport']
Untitled Ferrari F1 Project,['motorsports-sport']
Untitled Michael Andretti Project,['motorsports-sport']
One,['motorsports-sport']
How to Stoppie,['motorsports-sport']
Granatelli,['motorsports-sport']
Untitled Nascar Hybrid Movie,['motorsports-sport']
Winter's Bone,"['mountain-adventure', 'quest-adventure', 'survival-adventure', 'suspense-mystery', 'teen-drama']"
Homeward Bound: The Incredible Journey,"['mountain-adventure', 'quest-adventure', 'survival-adventure']"
Cliffhanger,['mountain-adventure']
Seven Years in Tibet,['mountain-adventure']
Vertical Limit,"['mountain-adventure', 'survival-adventure']"
Free Solo,['mountain-adventure']
A Cry in the Wild,"['mountain-adventure', 'survival-adventure']"
The Bear,"['mountain-adventure', 'survival-adventure']"
Touching the Void,['mountain-adventure']
K2,['mountain-adventure']
The Summit of the Gods,['mountain-adventure']
Lost Horizon,['mountain-adventure']
14 Peaks: Nothing Is Impossible,['mountain-adventure']
The Adventures of the Wilderness Family,['mountain-adventure']
My Side of the Mountain,['mountain-adventure']
Five Days One Summer,"['mountain-adventure', 'period-drama']"
The Shepherd of the Hills,['mountain-adventure']
Night Ambush,['mountain-adventure']
The Eagle Huntress,['mountain-adventure']
Unbranded,"['mountain-adventure', 'quest-adventure', 'survival-adventure']"
White Wolves: A Cry in the Wild II,['mountain-adventure']
Winterhawk,['mountain-adventure']
The Butterfly,['mountain-adventure']
Adventures of the Wilderness Family 3,['mountain-adventure']
The Further Adventures of the Wilderness Family,['mountain-adventure']
Belle & Sebastian: The Adventure Continues,['mountain-adventure']
Grizzly Mountain,"['mountain-adventure', 'time-travel-sci-fi']"
The Art of Flight,['mountain-adventure']
Courage Mountain,['mountain-adventure']
Across the Great Divide,['mountain-adventure']
Pachamama,['mountain-adventure']
Blindsight,['mountain-adventure']
Timber the Treasure Dog,['mountain-adventure']
McConkey,['mountain-adventure']
Kid Colter,['mountain-adventure']
Xiong mao hui jia lu,['mountain-adventure']
The Climb,['mountain-adventure']
Cerro Torre: A Snowball's Chance in Hell,['mountain-adventure']
Trap on Cougar Mountain,['mountain-adventure']
Christmas Mountain,['mountain-adventure']
The Adventures of Frontier Fremont,['mountain-adventure']
Men of the North,"['mountain-adventure', 'survival-adventure']"
Whitewater Sam,['mountain-adventure']
North of the Sun,['mountain-adventure']
Kraven the Hunter,"['one-person-army-action', 'superhero-action']"
The Beekeeper,"['one-person-army-action', 'political-thriller']"
Bullet Train,['one-person-army-action']
Nobody,['one-person-army-action']
Rebel Ridge,['one-person-army-action']
Plane,"['one-person-army-action', 'quest-adventure', 'survival-adventure']"
The Equalizer,['one-person-army-action']
The Gray Man,"['one-person-army-action', 'true-crime']"
Taken,['one-person-army-action']
The Equalizer 3,['one-person-army-action']
Polar,['one-person-army-action']
The Punisher,"['one-person-army-action', 'superhero-action', 'superhero-action']"
The Bourne Identity,"['one-person-army-action', 'political-thriller', 'psychological-thriller', 'spy-thriller', 'suspense-mystery']"
Commando,['one-person-army-action']
The Equalizer 2,['one-person-army-action']
Shooter,"['one-person-army-action', 'political-thriller', 'psychological-thriller']"
For a Few Dollars More,"['one-person-army-action', 'spaghetti-western']"
American Assassin,['one-person-army-action']
Olympus Has Fallen,['one-person-army-action']
White House Down,['one-person-army-action']
The Bourne Supremacy,"['one-person-army-action', 'spy-thriller']"
Under Siege,"['one-person-army-action', 'sea-adventure']"
Air Force One,"['one-person-army-action', 'political-thriller']"
Trigger Warning,['one-person-army-action']
Peppermint,"['one-person-army-action', 'psychological-drama', 'psychological-thriller']"
Safe,['one-person-army-action']
SAS: Rise of the Black Swan,['one-person-army-action']
The Rhythm Section,"['one-person-army-action', 'tragedy-drama']"
Lou,"['one-person-army-action', 'survival-adventure']"
Rambo III,['one-person-army-action']
Safe House,['one-person-army-action']
The Wrath of Becky,['one-person-army-action']
Memory,['one-person-army-action']
The Stalking Moon,['one-person-army-action']
Day Shift,"['one-person-army-action', 'vampire-horror']"
Ava,"['one-person-army-action', 'spy-thriller']"
The Mother,['one-person-army-action']
Ballerina,['one-person-army-action']
The Ice Road,"['one-person-army-action', 'quest-adventure']"
Death Wish,['one-person-army-action']
The Protégé,['one-person-army-action']
Don't Breathe 2,['one-person-army-action']
Death Sentence,['one-person-army-action']
Iron Eagle,['one-person-army-action']
Yojimbo,"['one-person-army-action', 'period-drama', 'samurai-action']"
Magnum Force,"['one-person-army-action', 'police-procedural-crime']"
Sweet Girl,"['one-person-army-action', 'psychological-thriller']"
On Deadly Ground,['one-person-army-action']
Avenged,"['one-person-army-action', 'slasher-horror']"
Universal Soldier: The Return,['one-person-army-action']
One Ranger,['one-person-army-action']
AKA,"['one-person-army-action', 'psychological-thriller', 'spy-thriller']"
My Name Is Vendetta,"['one-person-army-action', 'psychological-drama']"
High Heat,['one-person-army-action']
Bullet Proof,['one-person-army-action']
Legacy of Lies,['one-person-army-action']
Riding Shotgun,['one-person-army-action']
Belly of the Beast,['one-person-army-action']
El Gringo,['one-person-army-action']
Eraser: Reborn,['one-person-army-action']
Seized,['one-person-army-action']
Kaththi,['one-person-army-action']
The Bounty Hunter,"['one-person-army-action', 'romantic-comedy']"
Last Resort,['one-person-army-action']
Angel of Destruction,['one-person-army-action']
Force,['one-person-army-action']
Transparency,['one-person-army-action']
Repeater,['one-person-army-action']
Scary Movie,"['parody-comedy', 'raunchy-comedy', 'slapstick-comedy', 'stoner-comedy', 'teen-comedy']"
Not Another Teen Movie,"['parody-comedy', 'teen-comedy']"
Spaceballs,"['parody-comedy', 'quest-adventure', 'quirky-comedy', 'slapstick-comedy', 'space-sci-fi']"
Spy,"['parody-comedy', 'slapstick-comedy']"
Beyond the Valley of the Dolls,"['parody-comedy', 'satire-comedy']"
Dodgeball: A True Underdog Story,"['parody-comedy', 'slapstick-comedy']"
Top Secret!,"['parody-comedy', 'slapstick-comedy']"
Austin Powers in Goldmember,"['parody-comedy', 'slapstick-comedy']"
The Naked Gun: From the Files of Police Squad!,"['parody-comedy', 'screwball-comedy', 'slapstick-comedy']"
Josie and the Pussycats,"['parody-comedy', 'satire-comedy']"
Austin Powers: The Spy Who Shagged Me,"['parody-comedy', 'slapstick-comedy']"
Robin Hood: Men in Tights,"['parody-comedy', 'satire-comedy', 'slapstick-comedy']"
Au Pair Girls,['parody-comedy']
Dance Flick,['parody-comedy']
Superhero Movie,"['parody-comedy', 'slapstick-comedy', 'superhero-action']"
Scary Movie 2,"['parody-comedy', 'raunchy-comedy', 'stoner-comedy', 'supernatural-horror', 'teen-comedy', 'teen-horror']"
Hot Shots!,"['parody-comedy', 'slapstick-comedy']"
Scary Movie 3,['parody-comedy']
A Million Ways to Die in the West,"['parody-comedy', 'slapstick-comedy']"
The Ridiculous 6,['parody-comedy']
Scary Movie 4,['parody-comedy']
The Final Girls,"['parody-comedy', 'satire-comedy', 'slasher-horror', 'teen-horror']"
Hot Shots! Part Deux,"['parody-comedy', 'slapstick-comedy']"
Walk Hard: The Dewey Cox Story,"['parody-comedy', 'satire-comedy']"
Scary Movie V,['parody-comedy']
The Great Dictator,"['parody-comedy', 'satire-comedy', 'slapstick-comedy']"
Wet Hot American Summer,"['parody-comedy', 'raunchy-comedy', 'satire-comedy', 'slapstick-comedy']"
Mystery Men,"['parody-comedy', 'quirky-comedy', 'superhero-action']"
Meet the Spartans,"['parody-comedy', 'slapstick-comedy']"
Johnny English,"['parody-comedy', 'quirky-comedy', 'slapstick-comedy']"
I'm Gonna Git You Sucka,"['parody-comedy', 'satire-comedy', 'slapstick-comedy']"
The Brady Bunch Movie,"['parody-comedy', 'satire-comedy', 'slapstick-comedy']"
Vampires Suck,"['parody-comedy', 'slapstick-comedy', 'vampire-horror']"
Dracula: Dead and Loving It,"['parody-comedy', 'slapstick-comedy', 'supernatural-horror', 'vampire-horror']"
Agent Cody Banks,"['parody-comedy', 'spy-thriller', 'teen-adventure']"
UHF,"['parody-comedy', 'quirky-comedy', 'slapstick-comedy']"
Bugsy Malone,['parody-comedy']
Kung Fury 2,['parody-comedy']
Black Dynamite,['parody-comedy']
The Naked Gun 2½: The Smell of Fear,"['parody-comedy', 'slapstick-comedy']"
The Kentucky Fried Movie,"['parody-comedy', 'slapstick-comedy']"
Johnny English Strikes Again,"['parody-comedy', 'slapstick-comedy']"
Going Overboard,"['parody-comedy', 'slapstick-comedy']"
Undercover Brother,['parody-comedy']
Date Movie,"['parody-comedy', 'romantic-comedy', 'slapstick-comedy']"
Batman: The Movie,"['parody-comedy', 'slapstick-comedy', 'superhero-action', 'urban-adventure']"
MacGruber,['parody-comedy']
Flesh Gordon,"['parody-comedy', 'satire-comedy']"
D.E.B.S.,['parody-comedy']
Hatchet,"['parody-comedy', 'slasher-horror']"
The Lion King 1½,['parody-comedy']
Balls of Fury,['parody-comedy']
Elektra Luxx,['parody-comedy']
The Wrecking Crew,['parody-comedy']
Club Dread,"['parody-comedy', 'satire-comedy', 'slasher-horror', 'whodunnit-mystery']"
Hedwig and the Angry Inch,"['parody-comedy', 'rock-musical', 'satire-comedy']"
Dark Star,"['parody-comedy', 'satire-comedy', 'slapstick-comedy', 'space-sci-fi']"
Rock-A-Doodle,"['parody-comedy', 'rock-musical', 'urban-adventure']"
Fifty Shades of Black,"['parody-comedy', 'slapstick-comedy']"
Amazon Women on the Moon,"['parody-comedy', 'satire-comedy', 'slapstick-comedy']"
Caveman,"['parody-comedy', 'slapstick-comedy']"
Miss March,"['parody-comedy', 'raunchy-comedy', 'satire-comedy', 'slapstick-comedy']"
Beach Babes from Beyond,"['parody-comedy', 'raunchy-comedy']"
Strictly Ballroom,['parody-comedy']
The Good the Bad the Weird,['parody-comedy']
Wrongfully Accused,"['parody-comedy', 'satire-comedy']"
How to Lose Friends & Alienate People,['parody-comedy']
The Haunted World of El Superbeasto,"['parody-comedy', 'superhero-action', 'zombie-horror']"
Spy Hard,"['parody-comedy', 'slapstick-comedy']"
Johnny Dangerously,['parody-comedy']
Cannibal Girls,"['parody-comedy', 'slasher-horror']"
Superfast!,['parody-comedy']
The Country Bears,"['parody-comedy', 'satire-comedy']"
Monsturd,['parody-comedy']
Stan Helsing,"['parody-comedy', 'slapstick-comedy']"
18-Year-Old Virgin,"['parody-comedy', 'raunchy-comedy', 'teen-comedy']"
Dinosaur Island,['parody-comedy']
Rock 'n' Roll High School,['parody-comedy']
Leprechaun 5: In the Hood,"['parody-comedy', 'supernatural-horror']"
Die Hart 2: Die Harter,['parody-comedy']
A Haunted House 2,['parody-comedy']
They Came Together,"['parody-comedy', 'satire-comedy', 'slapstick-comedy']"
Not Another Church Movie,['parody-comedy']
Attack of the 50 Foot Cheerleader,['parody-comedy']
The Road to Wellville,"['parody-comedy', 'satire-comedy']"
Class of Nuke 'Em High,"['parody-comedy', 'satire-comedy']"
Die Hart,['parody-comedy']
High Anxiety,"['parody-comedy', 'slapstick-comedy']"
Teen Titans GO! To the Movies,"['parody-comedy', 'satire-comedy', 'slapstick-comedy', 'superhero-action', 'teen-comedy']"
The Villain,['parody-comedy']
The Silencers,['parody-comedy']
Cats Don't Dance,['parody-comedy']
Carry on Camping,"['parody-comedy', 'slapstick-comedy']"
The Starving Games,['parody-comedy']
Fatal Instinct,['parody-comedy']
Ready to Wear,"['parody-comedy', 'satire-comedy']"
The Big Bus,"['parody-comedy', 'road-trip-adventure', 'slapstick-comedy']"
Plump Fiction,['parody-comedy']
Cannibal Women in the Avocado Jungle of Death,"['parody-comedy', 'satire-comedy']"
Our Man Flint,"['parody-comedy', 'satire-comedy']"
Repossessed,"['parody-comedy', 'slapstick-comedy']"
If Looks Could Kill,['parody-comedy']
The Ambushers,['parody-comedy']
Tromeo and Juliet,"['parody-comedy', 'satire-comedy']"
The Singing Detective,['parody-comedy']
Head,"['parody-comedy', 'pop-musical', 'rock-musical']"
The Meteor Man,"['parody-comedy', 'superhero-action']"
Pootie Tang,"['parody-comedy', 'superhero-action']"
Cutting Class,"['parody-comedy', 'slasher-horror', 'whodunnit-mystery']"
Galaxina,['parody-comedy']
Super Fuzz,"['parody-comedy', 'superhero-action']"
Transylvania 6-5000,"['parody-comedy', 'vampire-horror']"
Code Name: The Cleaner,['parody-comedy']
Smokey and the Bandit Part 3,"['parody-comedy', 'road-trip-adventure']"
Hamlet 2,"['parody-comedy', 'satire-comedy']"
Police Academy: Mission to Moscow,"['parody-comedy', 'slapstick-comedy']"
A Very Brady Sequel,"['parody-comedy', 'satire-comedy', 'slapstick-comedy']"
Carry on Up the Khyber,"['parody-comedy', 'satire-comedy', 'slapstick-comedy']"
The Funhouse Massacre,"['parody-comedy', 'slasher-horror']"
The Adventures of Taura: Prison Ship Star Slammer,['parody-comedy']
Love and Death,"['parody-comedy', 'slapstick-comedy']"
Young Doctors in Love,['parody-comedy']
Dead Men Don't Wear Plaid,"['parody-comedy', 'whodunnit-mystery']"
Spaced Out,['parody-comedy']
The Groove Tube,"['parody-comedy', 'satire-comedy', 'slapstick-comedy']"
She's Gotta Have It,"['parody-comedy', 'romantic-comedy']"
Dr. Caligari,"['parody-comedy', 'satire-comedy']"
2069: A Sex Odyssey,['parody-comedy']
Fairy Tales,['parody-comedy']
Munchies,"['parody-comedy', 'slapstick-comedy']"
Delirious,['parody-comedy']
Zorro: The Gay Blade,"['parody-comedy', 'superhero-action', 'swashbuckler-adventure']"
Trinity Is Still My Name,"['parody-comedy', 'spaghetti-western']"
Auntie Lee's Meat Pies,"['parody-comedy', 'slasher-horror']"
Love at First Bite,"['parody-comedy', 'vampire-horror']"
Corky Romano,"['parody-comedy', 'slapstick-comedy']"
Shriek If You Know What I Did Last Friday the Thirteenth,"['parody-comedy', 'slapstick-comedy', 'teen-comedy']"
Bad Channels,['parody-comedy']
Hollywood Shuffle,"['parody-comedy', 'satire-comedy']"
The Hills Have Thighs,"['parody-comedy', 'raunchy-comedy']"
The Comebacks,"['parody-comedy', 'satire-comedy']"
Video Vixens!,"['parody-comedy', 'satire-comedy']"
Elvira's Haunted Hills,['parody-comedy']
Evil Laugh,"['parody-comedy', 'slasher-horror']"
Up the Academy,['parody-comedy']
Carry on Cleo,['parody-comedy']
Angel of H.E.A.T.,['parody-comedy']
Breaking Wind,['parody-comedy']
Return of the Killer Tomatoes!,['parody-comedy']
Murderers' Row,['parody-comedy']
Take the Money and Run,"['parody-comedy', 'prison-drama', 'slapstick-comedy']"
Attack of the 60 Foot Centerfolds,['parody-comedy']
Condorman,"['parody-comedy', 'satire-comedy', 'superhero-action']"
Meet the Blacks,['parody-comedy']
Radioland Murders,"['parody-comedy', 'whodunnit-mystery']"
To Be or Not to Be,"['parody-comedy', 'satire-comedy', 'screwball-comedy']"
Wild Gals of the Naked West,"['parody-comedy', 'satire-comedy', 'slapstick-comedy']"
Carry on Screaming!,"['parody-comedy', 'satire-comedy']"
The Ten,['parody-comedy']
Vampire Vixens from Venus,['parody-comedy']
Celebrity Sex Tape,"['parody-comedy', 'raunchy-comedy']"
High School High,"['parody-comedy', 'slapstick-comedy']"
The Incredible Shrinking Woman,['parody-comedy']
Blood Hook,"['parody-comedy', 'slasher-horror']"
Dr. Jekyll and Ms. Hyde,['parody-comedy']
The Lord of the G-Strings: The Femaleship of the String,['parody-comedy']
The Nude Bomb,['parody-comedy']
Monty Python's and Now for Something Completely Different,"['parody-comedy', 'satire-comedy', 'slapstick-comedy']"
The Love Factor,['parody-comedy']
The Baxter,"['parody-comedy', 'satire-comedy']"
The 41-Year-Old Virgin Who Knocked Up Sarah Marshall and Felt Superbad About It,['parody-comedy']
The Fiendish Plot of Dr. Fu Manchu,['parody-comedy']
Putney Swope,"['parody-comedy', 'satire-comedy']"
Straight to Hell,['parody-comedy']
The Adventure of Sherlock Holmes' Smarter Brother,"['parody-comedy', 'satire-comedy', 'slapstick-comedy']"
In God We Trust (or Gimme That Prime Time Religion),"['parody-comedy', 'satire-comedy']"
The Toxic Avenger Part III: The Last Temptation of Toxie,"['parody-comedy', 'satire-comedy', 'slapstick-comedy', 'superhero-action']"
Waxwork II: Lost in Time,"['parody-comedy', 'satire-comedy', 'slapstick-comedy', 'time-travel-sci-fi']"
Robin and the 7 Hoods,['parody-comedy']
Blubberella,"['parody-comedy', 'superhero-action']"
The Raspberry Reich,"['parody-comedy', 'satire-comedy']"
The Legend of Awesomest Maximus,['parody-comedy']
Bingo,['parody-comedy']
Blood Beach,"['parody-comedy', 'supernatural-horror']"
Jekyll and Hyde... Together Again,['parody-comedy']
Get Crazy,['parody-comedy']
Leonard Part 6,"['parody-comedy', 'slapstick-comedy']"
Satan's Cheerleaders,['parody-comedy']
"What's Up, Tiger Lily?",['parody-comedy']
Class Reunion,"['parody-comedy', 'slapstick-comedy']"
Bon Cop Bad Cop,['parody-comedy']
Illegal Aliens,['parody-comedy']
The Happy Hooker Goes to Washington,['parody-comedy']
The Specials,"['parody-comedy', 'satire-comedy', 'superhero-action']"
Beach Babes 2: Cave Girl Island,"['parody-comedy', 'raunchy-comedy']"
Sex Court: The Movie,"['parody-comedy', 'raunchy-comedy']"
The Hebrew Hammer,"['parody-comedy', 'satire-comedy']"
Saturday Night Live: 40th Anniversary Special,"['parody-comedy', 'satire-comedy']"
The Human Tornado,['parody-comedy']
The Wrong Guy,"['parody-comedy', 'satire-comedy']"
Monty Python Live at the Hollywood Bowl,"['parody-comedy', 'satire-comedy', 'slapstick-comedy']"
Class of Nuke 'Em High Part II: Subhumanoid Meltdown,"['parody-comedy', 'satire-comedy', 'slapstick-comedy']"
Tomcat Angels,['parody-comedy']
The Shakiest Gun in the West,['parody-comedy']
Firehouse,"['parody-comedy', 'satire-comedy']"
"Michael Bolton's Big, Sexy Valentine's Day Special",['parody-comedy']
Lust in the Dust,['parody-comedy']
Big Money Hustlas,"['parody-comedy', 'slapstick-comedy']"
Carry on Cabby,['parody-comedy']
Good Times,['parody-comedy']
Operation Kid Brother,['parody-comedy']
Pulp,['parody-comedy']
Shredder,"['parody-comedy', 'slasher-horror', 'teen-horror']"
Carry on Emmannuelle,['parody-comedy']
Jiminy Glick in Lalawood,['parody-comedy']
The Lost Skeleton of Cadavra,['parody-comedy']
Frankenstein General Hospital,"['parody-comedy', 'slapstick-comedy']"
Rustlers' Rhapsody,"['parody-comedy', 'satire-comedy']"
Cinderfella,"['parody-comedy', 'satire-comedy']"
Bikini Frankenstein,"['parody-comedy', 'raunchy-comedy']"
The Return of Captain Invincible,"['parody-comedy', 'pop-musical', 'quirky-comedy', 'satire-comedy', 'superhero-action']"
Carry on Cruising,['parody-comedy']
Start the Revolution Without Me,"['parody-comedy', 'satire-comedy']"
Carry on Teacher,['parody-comedy']
The Diamond Arm,"['parody-comedy', 'slapstick-comedy']"
Girl Explores Girl: The Alien Encounter,['parody-comedy']
Texas Across the River,"['parody-comedy', 'slapstick-comedy']"
The Wendell Baker Story,['parody-comedy']
When Nature Calls,"['parody-comedy', 'satire-comedy', 'slapstick-comedy']"
Blades,['parody-comedy']
Fubar,"['parody-comedy', 'satire-comedy']"
Movie Madness,['parody-comedy']
Dr. Goldfoot and the Bikini Machine,"['parody-comedy', 'slapstick-comedy']"
"Class of Nuke 'Em High Part 3: The Good, the Bad and the Subhumanoid","['parody-comedy', 'satire-comedy', 'slapstick-comedy']"
Boardinghouse,"['parody-comedy', 'slasher-horror']"
You Can't Hurry Love,['parody-comedy']
Matchless,['parody-comedy']
Morons from Outer Space,['parody-comedy']
Carry on Columbus,['parody-comedy']
Cheech & Chong's: The Corsican Brothers,['parody-comedy']
Paranormal Whacktivity,['parody-comedy']
Carry on Don't Lose Your Head,"['parody-comedy', 'satire-comedy']"
Carry on Spying,"['parody-comedy', 'slapstick-comedy']"
"Frank McKlusky, C.I.","['parody-comedy', 'slapstick-comedy']"
99 and 44/100% Dead!,['parody-comedy']
Undercover Brother 2,['parody-comedy']
Peeper,['parody-comedy']
Night Patrol,['parody-comedy']
Allegro non troppo,"['parody-comedy', 'satire-comedy', 'slapstick-comedy']"
The Secret Sex Lives of Romeo and Juliet,"['parody-comedy', 'slapstick-comedy']"
Carry on Loving,"['parody-comedy', 'slapstick-comedy']"
Crooks in Clover,['parody-comedy']
The Alphabet Murders,"['parody-comedy', 'slapstick-comedy']"
Dracula and Son,['parody-comedy']
The Spirit of '76,"['parody-comedy', 'satire-comedy']"
Coming Attractions,"['parody-comedy', 'satire-comedy']"
Troma's War,"['parody-comedy', 'satire-comedy']"
The Godson,['parody-comedy']
The Party Animal,['parody-comedy']
The Erotic Adventures of Robin Hood,['parody-comedy']
There Goes the Neighborhood,['parody-comedy']
Can I Do It 'Till I Need Glasses?,['parody-comedy']
Viva Maria!,['parody-comedy']
Yakuza Apocalypse,['parody-comedy']
Petticoat Planet,['parody-comedy']
Flesh Gordon Meets the Cosmic Cheerleaders,['parody-comedy']
Stripperland,['parody-comedy']
On a volé la cuisse de Jupiter,['parody-comedy']
Kiss the Girls and Make Them Die,['parody-comedy']
Secrets of Sweet Sixteen,['parody-comedy']
Carry on Cowboy,"['parody-comedy', 'slapstick-comedy']"
Carry on Nurse,"['parody-comedy', 'slapstick-comedy']"
The Girl Who Shagged Me,['parody-comedy']
Foreplay,"['parody-comedy', 'satire-comedy']"
Dr. Goldfoot and the Girl Bombs,"['parody-comedy', 'slapstick-comedy']"
Carry on Again Doctor,['parody-comedy']
Whoops Apocalypse,"['parody-comedy', 'satire-comedy']"
The Prisoner of Zenda,"['parody-comedy', 'slapstick-comedy', 'swashbuckler-adventure', 'swashbuckler-adventure', 'swashbuckler-adventure']"
The Drawn Together Movie!,"['parody-comedy', 'raunchy-comedy', 'satire-comedy']"
Torrente 4: Lethal Crisis,['parody-comedy']
Glitch!,['parody-comedy']
Transylmania,['parody-comedy']
They Call Me Bruce,['parody-comedy']
Abbott and Costello Meet Captain Kidd,['parody-comedy']
Jake Speed,['parody-comedy']
Keyholes Are for Peeping,['parody-comedy']
Young Nurses in Love,"['parody-comedy', 'raunchy-comedy']"
Carry on Constable,"['parody-comedy', 'slapstick-comedy']"
Fathom,['parody-comedy']
Love at Stake,['parody-comedy']
Big Money Rustlas,"['parody-comedy', 'slapstick-comedy']"
B.C. Rock,"['parody-comedy', 'satire-comedy']"
Weird: The Al Yankovic Story,"['parody-comedy', 'quirky-comedy']"
Variety Girl,"['parody-comedy', 'slapstick-comedy']"
Lonesome Cowboys,['parody-comedy']
Bad Girls from Mars,['parody-comedy']
Tooken,['parody-comedy']
Farce of the Penguins,['parody-comedy']
Carry on Follow That Camel,['parody-comedy']
The Family Jewels,"['parody-comedy', 'slapstick-comedy']"
Rock 'n' Roll Nightmare,['parody-comedy']
Busted,"['parody-comedy', 'satire-comedy']"
The Legend of Frenchie King,"['parody-comedy', 'spaghetti-western']"
If You Don't Stop It... You'll Go Blind!!!,['parody-comedy']
Fantomas vs. Scotland Yard,['parody-comedy']
Smokey Bites the Dust,"['parody-comedy', 'slapstick-comedy']"
Series 7: The Contenders,"['parody-comedy', 'satire-comedy']"
Carry on Regardless,['parody-comedy']
Super Capers: The Origins of Ed and the Missing Bullion,"['parody-comedy', 'superhero-action']"
Galactic Gigolo,"['parody-comedy', 'slapstick-comedy']"
Bikini Squad,['parody-comedy']
Rabbit Test,['parody-comedy']
The Sex Adventures of the Three Musketeers,['parody-comedy']
Twentieth Century Oz,"['parody-comedy', 'rock-musical']"
Mossad,['parody-comedy']
Backfire!,['parody-comedy']
Oblivion 2: Backlash,['parody-comedy']
The Man Called Flintstone,['parody-comedy']
The Acid Eaters,['parody-comedy']
Hysterical,['parody-comedy']
The White River Kid,['parody-comedy']
Bimbo Movie Bash,['parody-comedy']
The Ballad of G.I. Joe,['parody-comedy']
30 Nights of Paranormal Activity with the Devil Inside the Girl with the Dragon Tattoo,['parody-comedy']
S*P*Y*S,['parody-comedy']
The Trouble with Spies,['parody-comedy']
Project A-Ko,"['parody-comedy', 'superhero-action']"
Daffy Duck's Quackbusters,"['parody-comedy', 'slapstick-comedy']"
Christian Movie,['parody-comedy']
The Creature Wasn't Nice,"['parody-comedy', 'pop-musical']"
Agent 38-24-36,"['parody-comedy', 'satire-comedy', 'slapstick-comedy', 'spy-thriller']"
"Die, Mommie, Die!",['parody-comedy']
The Notorious Cleopatra,"['parody-comedy', 'slapstick-comedy']"
Blood Suckers from Outer Space,['parody-comedy']
The 30 Foot Bride of Candy Rock,['parody-comedy']
Lemmings,"['parody-comedy', 'satire-comedy']"
Prison-a-Go-Go!,['parody-comedy']
Delusions of Grandeur,['parody-comedy']
Carry on Jack,['parody-comedy']
Cannes Man,"['parody-comedy', 'satire-comedy']"
Going Under,['parody-comedy']
Blackballed: The Bobby Dukes Story,"['parody-comedy', 'satire-comedy']"
Lobster Man from Mars,['parody-comedy']
The Bare Wench Project,['parody-comedy']
Tom and Jerry: The Fast and the Furry,['parody-comedy']
Purge of Kingdoms,['parody-comedy']
"Snowflake, the White Gorilla",['parody-comedy']
Mr. Freedom,"['parody-comedy', 'satire-comedy']"
Transylvania Twist,['parody-comedy']
Ninja Academy,['parody-comedy']
The Big Bust Theory,"['parody-comedy', 'raunchy-comedy']"
Trader Hornee,['parody-comedy']
Blind Rage,['parody-comedy']
Agent 8 3/4,['parody-comedy']
I Married a Woman,['parody-comedy']
Miss Nymphet's Zap-In,"['parody-comedy', 'slapstick-comedy']"
Bugs Bunny's 3rd Movie: 1001 Rabbit Tales,['parody-comedy']
Queer Duck: The Movie,"['parody-comedy', 'satire-comedy']"
The Creeps,['parody-comedy']
Invasion of the Star Creatures,['parody-comedy']
Big Man Japan,"['parody-comedy', 'satire-comedy', 'superhero-action']"
The Helicopter Spies,['parody-comedy']
The Karate Killers,"['parody-comedy', 'spy-thriller']"
Stonerville,"['parody-comedy', 'stoner-comedy']"
Girlfriend from Hell,"['parody-comedy', 'slapstick-comedy']"
Anarchy TV,"['parody-comedy', 'satire-comedy']"
Made in Chinatown,['parody-comedy']
Lemonade Joe,"['parody-comedy', 'slapstick-comedy']"
The Tattoo,['parody-comedy']
Traxx,['parody-comedy']
Gilda Live,['parody-comedy']
Two Nights with Cleopatra,['parody-comedy']
Jane White Is Sick & Twisted,['parody-comedy']
Cemetery High,['parody-comedy']
The Black Bird,['parody-comedy']
The Making of '...and God Spoke',['parody-comedy']
The Private Lives of Adam and Eve,['parody-comedy']
The 2nd Best Secret Agent in the Whole Wide World,['parody-comedy']
"The White, the Yellow, and the Black",['parody-comedy']
Hair High,"['parody-comedy', 'satire-comedy', 'slapstick-comedy']"
Undercover Lover,['parody-comedy']
Slammer Girls,"['parody-comedy', 'satire-comedy']"
Bullshot Crummond,['parody-comedy']
Vegas in Space,['parody-comedy']
No. 1 of the Secret Service,['parody-comedy']
The Bare Wench Project 3: Nymphs of Mystery Mountain,['parody-comedy']
You Only Live Until You Die,['parody-comedy']
The Bare Wench Project 2: Scared Topless,['parody-comedy']
Two Undercover Angels,['parody-comedy']
That's Adequate,['parody-comedy']
Sexy American Idle,['parody-comedy']
Carry on Sergeant,['parody-comedy']
Wizards of the Demon Sword,['parody-comedy']
My Big Fat Independent Movie,['parody-comedy']
Disaster!,['parody-comedy']
Monster High,['parody-comedy']
Oh! Those Most Secret Agents,['parody-comedy']
Brutal Massacre: A Comedy,['parody-comedy']
SpiderBabe,['parody-comedy']
Starrbooty,['parody-comedy']
The Most Wanted Man,['parody-comedy']
Kinky Kong,['parody-comedy']
Stiff Upper Lips,['parody-comedy']
The Erotic Adventures of Zorro,['parody-comedy']
Dead Weight,['parody-comedy']
The Vampire's Seduction,['parody-comedy']
Carry on Up the Jungle,['parody-comedy']
Lumberjack Man,['parody-comedy']
Up Yours,"['parody-comedy', 'satire-comedy']"
Just Ask for Diamond,['parody-comedy']
The Spy with My Face,"['parody-comedy', 'spy-thriller']"
Movie Movie,['parody-comedy']
Trenchcoat,['parody-comedy']
The Boob Tube,"['parody-comedy', 'satire-comedy']"
The Helix... Loaded,['parody-comedy']
Saturday Night Live: The Best of Saturday TV Funhouse,"['parody-comedy', 'satire-comedy']"
Carlito's Angels,['parody-comedy']
One Spy Too Many,['parody-comedy']
Martin Lawrence: You So Crazy,['parody-comedy']
West and Soda,"['parody-comedy', 'slapstick-comedy']"
Faut pas prendre les enfants du bon Dieu pour des canards sauvages,"['parody-comedy', 'slapstick-comedy']"
The Spy with a Cold Nose,['parody-comedy']
Drive-In,"['parody-comedy', 'slapstick-comedy', 'teen-comedy']"
The Yes Men,"['parody-comedy', 'satire-comedy']"
The Six Thousand Dollar Nigger,['parody-comedy']
Beast Mode,['parody-comedy']
Off the Mark,"['parody-comedy', 'satire-comedy']"
Furry Hamsters from Hell,"['parody-comedy', 'teen-comedy']"
Rock Slyde,['parody-comedy']
Thieves of Fortune,['parody-comedy']
Denis Leary: No Cure for Cancer,"['parody-comedy', 'satire-comedy']"
The Red Admiral,"['parody-comedy', 'quest-adventure']"
Easy Wheels,['parody-comedy']
Night of the Day of the Dawn of the Son of the Bride of the Return of the Terror,['parody-comedy']
Let's Not Get Angry,['parody-comedy']
The Blair Thumb,['parody-comedy']
Psycho Girls,['parody-comedy']
Top of the Food Chain,['parody-comedy']
Prime Time,"['parody-comedy', 'satire-comedy']"
I Wonder Who's Killing Her Now?,['parody-comedy']
That's Right - You're Wrong,['parody-comedy']
Mob Boss,['parody-comedy']
It's the Old Army Game,['parody-comedy']
Blondes Have More Guns,"['parody-comedy', 'satire-comedy']"
Aaron... Albeit a Sex Hero,['parody-comedy']
"Don't Worry, We'll Think of a Title","['parody-comedy', 'slapstick-comedy']"
Alice in Wonderland or What's a Nice Kid Like You Doing in a Place Like This?,['parody-comedy']
Ashens and the Polybius Heist,['parody-comedy']
Filthy McNasty,"['parody-comedy', 'satire-comedy']"
Richard Pryor... Here and Now,"['parody-comedy', 'satire-comedy']"
Rat Pfink and Boo Boo,"['parody-comedy', 'slapstick-comedy', 'superhero-action']"
Saturday Night Live: The Best of Steve Martin,['parody-comedy']
How to Steal the World,['parody-comedy']
Deadly Hands of Kung Fu,['parody-comedy']
The Maltese Bippy,['parody-comedy']
Screamplay,['parody-comedy']
Serenade für zwei Spione,['parody-comedy']
Out of This World,"['parody-comedy', 'satire-comedy']"
It Grows on Trees,['parody-comedy']
1. April 2000,"['parody-comedy', 'satire-comedy']"
Where's Marlowe?,"['parody-comedy', 'satire-comedy']"
The Gay Lady,['parody-comedy']
Once Upon a Time... in Hollywood,"['period-drama', 'showbiz-drama']"
Queen of the Ring,['period-drama']
Unforgiven,"['period-drama', 'tragedy-drama']"
The Six Triple Eight,['period-drama']
The Green Mile,"['period-drama', 'prison-drama', 'supernatural-fantasy', 'tragedy-drama']"
"Salò, or the 120 Days of Sodom","['period-drama', 'teen-drama', 'tragedy-drama']"
The Prestige,"['period-drama', 'steampunk-sci-fi', 'tragedy-drama']"
Queer,['period-drama']
The Zone of Interest,['period-drama']
The Greatest Showman,"['period-drama', 'pop-musical', 'showbiz-drama']"
Darkest Hour,"['period-drama', 'political-drama']"
Woman of the Hour,"['period-drama', 'serial-killer-crime', 'true-crime']"
Life Is Beautiful,"['period-drama', 'romantic-comedy', 'tragedy-drama', 'tragic-romance']"
The Help,['period-drama']
The Lighthouse,"['period-drama', 'suspense-mystery']"
The Great Gatsby,"['period-drama', 'tragedy-drama', 'tragedy-drama', 'tragedy-drama', 'tragedy-drama', 'tragic-romance']"
The Hateful Eight,"['period-drama', 'suspense-mystery', 'whodunnit-mystery']"
Revolutionary Road,['period-drama']
The Count of Monte Cristo,"['period-drama', 'swashbuckler-adventure', 'swashbuckler-adventure']"
Blonde,"['period-drama', 'psychological-drama', 'showbiz-drama', 'tragedy-drama']"
Boogie Nights,"['period-drama', 'showbiz-drama']"
The Imitation Game,"['period-drama', 'psychological-drama', 'tragedy-drama']"
Benedetta,['period-drama']
The Boy in the Striped Pajamas,"['period-drama', 'prison-drama', 'tragedy-drama']"
Brooklyn,['period-drama']
American Hustle,"['period-drama', 'true-crime']"
True Grit,['period-drama']
The Others,"['period-drama', 'psychological-thriller', 'supernatural-horror', 'suspense-mystery']"
Blitz,['period-drama']
The Piano,"['period-drama', 'steamy-romance']"
A Bronx Tale,"['period-drama', 'true-crime']"
The King's Speech,"['period-drama', 'political-drama']"
The Power of the Dog,"['period-drama', 'psychological-drama']"
Fried Green Tomatoes,['period-drama']
The Name of the Rose,"['period-drama', 'whodunnit-mystery']"
Bonhoeffer: Pastor. Spy. Assassin.,"['period-drama', 'political-thriller']"
Harakiri,['period-drama']
Somewhere in Time,"['period-drama', 'tragedy-drama']"
The Man in the Iron Mask,"['period-drama', 'swashbuckler-adventure', 'swashbuckler-adventure']"
Shakespeare in Love,"['period-drama', 'tragic-romance']"
Phantom Thread,['period-drama']
Pocahontas,"['period-drama', 'pop-musical']"
The Age of Innocence,['period-drama']
Sweeney Todd: The Demon Barber of Fleet Street,"['period-drama', 'slasher-horror', 'tragedy-drama']"
Dancer in the Dark,"['period-drama', 'psychological-drama', 'tragedy-drama']"
Memoirs of a Geisha,['period-drama']
Operation Mincemeat,['period-drama']
The Pale Blue Eye,"['period-drama', 'suspense-mystery', 'whodunnit-mystery']"
Living,"['period-drama', 'workplace-drama']"
The Critic,['period-drama']
The Children's Train,['period-drama']
The Cider House Rules,['period-drama']
Lady Chatterley's Lover,"['period-drama', 'period-drama', 'steamy-romance']"
Driving Miss Daisy,['period-drama']
Carol,"['period-drama', 'steamy-romance']"
The Last Letter from Your Lover,"['period-drama', 'steamy-romance', 'tragic-romance']"
The Illusionist,"['period-drama', 'psychological-thriller', 'supernatural-fantasy', 'suspense-mystery']"
Silence,['period-drama']
Untitled Peaky Blinders Film,['period-drama']
The Lover,['period-drama']
The Artist,"['period-drama', 'showbiz-drama', 'slapstick-comedy', 'tragedy-drama']"
The Dead Don't Hurt,['period-drama']
Widow Clicquot,['period-drama']
Pretty Baby,"['period-drama', 'workplace-drama']"
The Wind Rises,"['period-drama', 'tragedy-drama', 'tragic-romance', 'workplace-drama']"
The Tragedy of Macbeth,"['period-drama', 'political-drama', 'political-thriller', 'psychological-drama', 'psychological-thriller', 'suspense-mystery', 'tragedy-drama']"
Valkyrie,"['period-drama', 'political-thriller']"
The World to Come,['period-drama']
The Lion in Winter,['period-drama']
The Painted Veil,"['period-drama', 'tragic-romance']"
Fences,['period-drama']
A Perfect World,"['period-drama', 'road-trip-adventure', 'tragedy-drama']"
The Dig,['period-drama']
The Homesman,"['period-drama', 'tragedy-drama']"
The Monuments Men,['period-drama']
Defiance,['period-drama']
The Wonder,"['period-drama', 'psychological-drama', 'psychological-thriller']"
Dangerous Beauty,"['period-drama', 'steamy-romance']"
Women Talking,"['period-drama', 'psychological-drama']"
Breaking the Waves,"['period-drama', 'psychological-drama', 'tragedy-drama']"
Eileen,"['period-drama', 'prison-drama', 'psychological-drama', 'psychological-thriller', 'workplace-drama']"
Rashomon,['period-drama']
Seabiscuit,['period-drama']
Emancipation,"['period-drama', 'psychological-thriller']"
A Single Man,['period-drama']
Tristan + Isolde,['period-drama']
Black Book,"['period-drama', 'spy-thriller']"
Suffragette,['period-drama']
The Remains of the Day,['period-drama']
Jersey Boys,['period-drama']
Quills,['period-drama']
Girl with a Pearl Earring,['period-drama']
Ammonite,"['period-drama', 'steamy-romance']"
Dreamgirls,['period-drama']
Agora,"['period-drama', 'sword-and-sandal-action']"
The New World,['period-drama']
The Woman in Black,"['period-drama', 'supernatural-horror']"
Mansfield Park,['period-drama']
The Sisters Brothers,['period-drama']
Mrs. Harris Goes to Paris,['period-drama']
Howards End,"['period-drama', 'tragedy-drama']"
"Good Night, and Good Luck.","['period-drama', 'political-drama']"
The Beguiled,['period-drama']
Appaloosa,['period-drama']
The Shootist,"['period-drama', 'tragedy-drama']"
Detroit,"['period-drama', 'tragedy-drama', 'true-crime']"
'71,['period-drama']
The Miracle Club,['period-drama']
The Electrical Life of Louis Wain,"['period-drama', 'tragedy-drama']"
Hawaii,['period-drama']
Casanova,['period-drama']
Iron Mask,['period-drama']
Flesh+Blood,['period-drama']
Nicholas and Alexandra,['period-drama']
Café Society,"['period-drama', 'romantic-comedy']"
The Year of Living Dangerously,['period-drama']
The Nest,"['period-drama', 'psychological-drama']"
Henry & June,['period-drama']
The French Lieutenant's Woman,"['period-drama', 'tragedy-drama']"
A Little Chaos,['period-drama']
A Dangerous Method,['period-drama']
Seraphim Falls,['period-drama']
Far from Heaven,['period-drama']
Fanny and Alexander,"['period-drama', 'tragedy-drama']"
The Picture of Dorian Gray,"['period-drama', 'supernatural-horror']"
My Policeman,['period-drama']
Forgotten Love,['period-drama']
A Royal Affair,['period-drama']
The Assassination Bureau,['period-drama']
Ma Rainey's Black Bottom,['period-drama']
Emily,"['period-drama', 'tragic-romance']"
The Miracle Worker,['period-drama']
The Legend of Bagger Vance,['period-drama']
The Red Virgin,['period-drama']
Pedro Páramo,['period-drama']
Bolero,"['period-drama', 'tragedy-drama']"
Stonehearst Asylum,['period-drama']
American Me,"['period-drama', 'prison-drama', 'tragedy-drama']"
T-34,['period-drama']
Mr. Turner,['period-drama']
The Portrait of a Lady,['period-drama']
Ryan's Daughter,['period-drama']
The Bookshop,['period-drama']
The Peasants,['period-drama']
Orlando,['period-drama']
Breaker Morant,"['period-drama', 'prison-drama']"
Hysteria,['period-drama']
The Immigrant,"['period-drama', 'tragedy-drama']"
Babette's Feast,['period-drama']
Vanity Fair,['period-drama']
Jane Got a Gun,['period-drama']
Nana,['period-drama']
In Her Place,['period-drama']
Padre Pio,['period-drama']
Valmont,"['period-drama', 'tragedy-drama']"
Nicholas Nickleby,['period-drama']
Cries & Whispers,['period-drama']
Testament of Youth,['period-drama']
Jude,"['period-drama', 'tragedy-drama']"
Silver Skates,['period-drama']
Lady Jane,['period-drama']
Magic in the Moonlight,"['period-drama', 'romantic-comedy']"
Valentino,['period-drama']
My Week with Marilyn,"['period-drama', 'showbiz-drama']"
The Draughtsman's Contract,"['period-drama', 'satire-comedy']"
Eye of the Needle,"['period-drama', 'spy-thriller']"
A Handful of Dust,['period-drama']
Anna and the King,['period-drama']
Irena's Vow,['period-drama']
Hope and Glory,['period-drama']
Passing,['period-drama']
Maria's Lovers,['period-drama']
Blood & Gold,['period-drama']
Great Expectations,['period-drama']
Enchanted April,['period-drama']
Jayne Mansfield's Car,['period-drama']
Brideshead Revisited,['period-drama']
Wilde,"['period-drama', 'tragic-romance']"
The Wings of the Dove,['period-drama']
Voyage of the Damned,"['period-drama', 'tragedy-drama']"
Mountains of the Moon,['period-drama']
"Good Morning, Miss Dove","['period-drama', 'workplace-drama']"
Onegin,['period-drama']
The Last Station,['period-drama']
Total Eclipse,['period-drama']
Carrington,['period-drama']
The Moderns,['period-drama']
The Ghost and Mrs. Muir,['period-drama']
Coco Before Chanel,['period-drama']
Mrs. Henderson Presents,['period-drama']
Forsaken,['period-drama']
Love Field,['period-drama']
The Conspirator,"['period-drama', 'true-crime']"
Terror in a Texas Town,['period-drama']
A Hero,"['period-drama', 'psychological-drama']"
M. Butterfly,['period-drama']
Chéri,['period-drama']
Anne of the Thousand Days,['period-drama']
Vera Drake,['period-drama']
The Red Violin,['period-drama']
Mrs. Brown,['period-drama']
The Garden of Eden,['period-drama']
The Seven Husbands of Evelyn Hugo,['period-drama']
The Other,"['period-drama', 'psychological-drama', 'psychological-thriller']"
Condor's Nest,['period-drama']
Ehrengard: The Art of Seduction,['period-drama']
The Secret Agent,['period-drama']
Jules and Jim,"['period-drama', 'psychological-drama', 'tragic-romance']"
Moulin Rouge,"['period-drama', 'tragic-romance']"
The Nightcomers,['period-drama']
Topsy-Turvy,['period-drama']
Von Ryan's Express,"['period-drama', 'prison-drama', 'survival-adventure']"
Eiffel,['period-drama']
Sissi,['period-drama']
A Tale of Two Cities,['period-drama']
Viridiana,['period-drama']
The Four Musketeers: Milady's Revenge,"['period-drama', 'swashbuckler-adventure']"
The Last Mistress,['period-drama']
Restoration,['period-drama']
Effie Gray,['period-drama']
The Indian Runner,['period-drama']
Camille Claudel,['period-drama']
Murder by Decree,['period-drama']
Robin and Marian,"['period-drama', 'swashbuckler-adventure', 'sword-and-sandal-action', 'tragedy-drama', 'tragic-romance']"
I.Q.,['period-drama']
Mary Reilly,['period-drama']
Age of Uprising: The Legend of Michael Kohlhaas,['period-drama']
Joan of Arc,['period-drama']
Long Day's Journey Into Night,"['period-drama', 'tragedy-drama']"
Bright Young Things,['period-drama']
Crazy in Alabama,"['period-drama', 'road-trip-adventure']"
Pygmalion,['period-drama']
Peterloo,['period-drama']
"Brother Sun, Sister Moon",['period-drama']
Ludwig,['period-drama']
The Dead,['period-drama']
The Rainbow,['period-drama']
Taking Woodstock,['period-drama']
The Story of Adele H,['period-drama']
Invisible Life,['period-drama']
The Affair of the Necklace,['period-drama']
Black Robe,['period-drama']
Impromptu,['period-drama']
Firelight,['period-drama']
Wide Sargasso Sea,['period-drama']
Of Mice and Men,"['period-drama', 'road-trip-adventure', 'tragedy-drama']"
Danton,['period-drama']
In Dubious Battle,['period-drama']
The Private Life of Henry VIII,['period-drama']
The Buccaneer,['period-drama']
Nowhere in Africa,['period-drama']
Oscar and Lucinda,['period-drama']
The Reckoning,['period-drama']
Isadora,['period-drama']
My Cousin Rachel,['period-drama']
The Seven-Per-Cent Solution,['period-drama']
More Than a Miracle,['period-drama']
The Lady in Red,['period-drama']
A Month in the Country,['period-drama']
Cavalcade,"['period-drama', 'tragic-romance']"
Dancing at Lughnasa,['period-drama']
Panther,['period-drama']
Renoir,['period-drama']
Samurai Rebellion,['period-drama']
Conduct Unbecoming,['period-drama']
Sylvie's Love,['period-drama']
All Is True,['period-drama']
Jakob the Liar,['period-drama']
Me and Orson Welles,['period-drama']
"Farewell, My Queen",['period-drama']
Désirée,['period-drama']
King of Hearts,"['period-drama', 'political-drama', 'satire-comedy']"
Farinelli,['period-drama']
The Hiding Place,"['period-drama', 'prison-drama']"
Daisy Miller,['period-drama']
Beanpole,"['period-drama', 'psychological-drama', 'tragedy-drama']"
The Garden of the Finzi-Continis,"['period-drama', 'political-drama', 'tragedy-drama']"
White Mischief,"['period-drama', 'tragic-romance']"
My Brilliant Career,['period-drama']
Margrete: Queen of the North,['period-drama']
"Queen Margrete is ruling Sweden, Norway and Denmark through her adopted son, Erik. But a conspiracy is in the making and Margrete finds herself in an impossible dilemma that could shatter her life's work: the Kalmar Union.",['period-drama']
Crossed Swords,"['period-drama', 'satire-comedy', 'slapstick-comedy', 'swashbuckler-adventure']"
David Copperfield,['period-drama']
The Molly Maguires,['period-drama']
I Remember Mama,['period-drama']
Little Lord Fauntleroy,['period-drama']
Othello,"['period-drama', 'political-drama', 'tragedy-drama', 'tragedy-drama', 'tragedy-drama', 'tragic-romance']"
That Hamilton Woman,"['period-drama', 'tragic-romance']"
The Emperor of Paris,"['period-drama', 'true-crime']"
Ridicule,['period-drama']
Little Dorrit,['period-drama']
Plunkett & Macleane,['period-drama']
Quartet,['period-drama']
Senso,['period-drama']
Alfred the Great,['period-drama']
Mahler,['period-drama']
From the Land of the Moon,"['period-drama', 'steamy-romance', 'tragic-romance']"
A Month by the Lake,['period-drama']
The Doctor and the Devils,"['period-drama', 'true-crime']"
Under Capricorn,['period-drama']
Elvira Madigan,['period-drama']
The Strange Case of Dr. Jekyll and Mr. Hyde,['period-drama']
Jimmy's Hall,"['period-drama', 'political-drama']"
I Heard the Bells,['period-drama']
The Life of Oharu,"['period-drama', 'tragedy-drama']"
Nostradamus,['period-drama']
Vatel,['period-drama']
Burn!,"['period-drama', 'political-drama']"
The Fixer,['period-drama']
Copying Beethoven,['period-drama']
Ethan Frome,['period-drama']
I Never Promised You a Rose Garden,"['period-drama', 'psychological-drama']"
Agatha,['period-drama']
Sunset Song,['period-drama']
Raising the Bar: The Alma Richards Story,['period-drama']
Lady Caroline Lamb,['period-drama']
The Golden Bowl,['period-drama']
Jefferson in Paris,['period-drama']
Anna and the King of Siam,['period-drama']
Royal Flash,['period-drama']
The Woman in Green,"['period-drama', 'serial-killer-crime']"
Bitva motorov,['period-drama']
Carrie,"['period-drama', 'supernatural-horror', 'supernatural-horror', 'teen-horror', 'teen-horror', 'tragedy-drama']"
The Earrings of Madame De...,['period-drama']
Tower of London,['period-drama']
Savage Messiah,['period-drama']
Kidnapped,['period-drama']
The Music Lovers,['period-drama']
Death Defying Acts,"['period-drama', 'psychological-thriller', 'tragedy-drama']"
La Ronde,['period-drama']
The King's Whore,['period-drama']
Adam Had Four Sons,['period-drama']
Washington Square,"['period-drama', 'tragic-romance']"
Southern Gospel,['period-drama']
Noah's Ark,['period-drama']
Mary of Scotland,['period-drama']
Night and Day,['period-drama']
Freud,['period-drama']
Widows' Peak,['period-drama']
The Virgin and the Gypsy,['period-drama']
Saint Joan,['period-drama']
Leonie,['period-drama']
Heat and Dust,['period-drama']
Beatrice,['period-drama']
The Nun and the Devil,['period-drama']
Vincent & Theo,['period-drama']
The Horseman on the Roof,['period-drama']
Mission Majnu,"['period-drama', 'spy-thriller']"
Nest of Vipers,['period-drama']
A Summer Story,"['period-drama', 'tragedy-drama']"
Mrs. Soffel,"['period-drama', 'tragic-romance']"
Man in the Attic,['period-drama']
Doctor Faustus,['period-drama']
Salome's Last Dance,['period-drama']
Fire Over England,['period-drama']
Damn the Defiant!,"['period-drama', 'sea-adventure']"
Dean Spanley,['period-drama']
Coney Island,['period-drama']
The Trial of Joan of Arc,['period-drama']
Hotel,['period-drama']
The Year My Voice Broke,['period-drama']
Son of Fury: The Story of Benjamin Blake,['period-drama']
The Seduction of Angela,['period-drama']
The Spanish Main,"['period-drama', 'political-drama', 'quest-adventure', 'sea-adventure', 'swashbuckler-adventure']"
My Mother's Castle,['period-drama']
Germinal,['period-drama']
Max Havelaar,['period-drama']
Uncertain Glory,['period-drama']
Summer and Smoke,['period-drama']
An Actor's Revenge,['period-drama']
The Hireling,['period-drama']
Madeleine,"['period-drama', 'true-crime']"
A Doll's House,['period-drama']
Camila,['period-drama']
Swept from the Sea,['period-drama']
Nijinsky,['period-drama']
Priest of Love,['period-drama']
Pope Joan,['period-drama']
Marat/Sade,['period-drama']
The Work and the Glory,['period-drama']
Lonesome Soldier,"['period-drama', 'psychological-drama']"
The Corn Is Green,['period-drama']
The Marquise of O,['period-drama']
The Black Castle,['period-drama']
The Last Valley,['period-drama']
The Advocate,"['period-drama', 'satire-comedy']"
Three Hours to Kill,['period-drama']
Devdas,"['period-drama', 'tragic-romance']"
Cliffs of Freedom,['period-drama']
The Black Tulip,['period-drama']
In Darkness,['period-drama']
The Private Lives of Elizabeth and Essex,['period-drama']
Escape,"['period-drama', 'political-drama', 'suspense-mystery']"
Widow of St. Pierre,['period-drama']
Samurai Marathon,['period-drama']
#STR50,['period-drama']
Le Plaisir,['period-drama']
We of the Never Never,['period-drama']
Young Bess,['period-drama']
The Last September,['period-drama']
A Walk with Love and Death,"['period-drama', 'tragedy-drama']"
Double Door,"['period-drama', 'psychological-drama']"
The Scarlet Empress,['period-drama']
Black and White in Color,"['period-drama', 'satire-comedy']"
The Adventures of Marco Polo,"['period-drama', 'quest-adventure']"
The Taking of Power by Louis XIV,['period-drama']
Panfilov's 28 Men,['period-drama']
Mughal-E-Azam,"['period-drama', 'tragic-romance']"
Rembrandt,['period-drama']
Pascali's Island,['period-drama']
Monsieur Vincent,['period-drama']
The House of the Seven Gables,['period-drama']
The Grandfather,['period-drama']
Miss Julie,"['period-drama', 'period-drama']"
A Sunday in the Country,['period-drama']
Mother Carey's Chickens,['period-drama']
On Guard,"['period-drama', 'swashbuckler-adventure']"
French Cancan,['period-drama']
Deaf Smith & Johnny Ears,['period-drama']
The Royal Hunt of the Sun,['period-drama']
Goya in Bordeaux,['period-drama']
Buccaneer's Girl,['period-drama']
The Pickwick Papers,['period-drama']
"Blackbeard, the Pirate","['period-drama', 'sea-adventure', 'swashbuckler-adventure']"
Lover's Prayer,"['period-drama', 'tragic-romance']"
The Nelson Affair,['period-drama']
The Key,"['period-drama', 'steamy-romance', 'tragic-romance']"
That Night in Varennes,['period-drama']
Three Sisters,['period-drama']
First Love,['period-drama']
Abraham Lincoln,"['period-drama', 'political-drama']"
The Lady and the Duke,['period-drama']
Mademoiselle Fifi,['period-drama']
The Reluctant Saint,['period-drama']
We Live Again,"['period-drama', 'tragic-romance']"
Bridge to the Sun,['period-drama']
Under the Roofs of Paris,['period-drama']
The Lion's Den,['period-drama']
The Shopworn Angel,"['period-drama', 'tragedy-drama', 'tragic-romance']"
Artemisia,['period-drama']
The Toast of New York,"['period-drama', 'tragic-romance']"
Man of Evil,['period-drama']
The Work and the Glory II: American Zion,['period-drama']
The Abdication,"['period-drama', 'political-drama']"
A High Wind in Jamaica,['period-drama']
Thoratanchi Kamla,['period-drama']
The Duchess of Langeais,['period-drama']
The Music Teacher,['period-drama']
Prince of Players,['period-drama']
The Conquest of Siberia,['period-drama']
Dark Streets,"['period-drama', 'psychological-thriller']"
Torrents of Spring,['period-drama']
I Loved a Woman,"['period-drama', 'tragic-romance']"
The Lost Legion,['period-drama']
"The International Military Tribunal begins its work in Nuremberg. A huge number of people from all over the world come to the trial, which will later be called the Trial of the Century. The city is crowded with journalists, lawyers, translators, witnesses, and many participants and employees of the process.","['period-drama', 'spy-thriller']"
A Woman Rebels,['period-drama']
Bardelys the Magnificent,['period-drama']
Knight Without Armor,['period-drama']
This Earth of Mankind,['period-drama']
Out of Liberty,['period-drama']
La Bohème,"['period-drama', 'tragic-romance']"
Newsfront,['period-drama']
The Barretts of Wimpole Street,['period-drama']
White Sun of the Desert,['period-drama']
The Murri Affair,['period-drama']
Little Men,['period-drama']
Master of Dragonard Hill,['period-drama']
Captain Boycott,['period-drama']
The Scarlet Letter,"['period-drama', 'tragedy-drama', 'tragic-romance']"
The Incredible Sarah,['period-drama']
Burning Patience,['period-drama']
Divine Direction,['period-drama']
Madame Du Barry,['period-drama']
Silver Dollar,"['period-drama', 'tragedy-drama']"
The Work and the Glory III: A House Divided,['period-drama']
War Nurse,"['period-drama', 'psychological-drama', 'tragic-romance']"
The Last Sentence,['period-drama']
Hell Below,['period-drama']
The Inheritance,['period-drama']
Tommy Guns,['period-drama']
Jane and Emma,['period-drama']
Old San Francisco,['period-drama']
The House on 56th Street,['period-drama']
Merry-Go-Round,"['period-drama', 'raunchy-comedy']"
Ramona,"['period-drama', 'psychological-drama', 'tragedy-drama']"
Sweet Adeline,"['period-drama', 'pop-musical']"
Burke & Wills,['period-drama']
Caroline chérie,['period-drama']
Thoratanchi Kamala,"['period-drama', 'period-drama']"
The White Sister,"['period-drama', 'tragic-romance']"
Hearts Divided,['period-drama']
Oil for the Lamps of China,"['period-drama', 'workplace-drama']"
Business People,['period-drama']
Charleigh,['period-drama']
To Keep the Light,"['period-drama', 'psychological-drama']"
Forever My Love,['period-drama']
Trouble for Two,"['period-drama', 'political-drama', 'suspense-mystery']"
Eureka Stockade,['period-drama']
Once Upon a Star,['period-drama']
"Nina Levitskaya, a former opera singer and mother of four children, knows nothing about the fate of her husband, who disappeared from sight almost a year ago. According to rumors, the father of the family, a responsible employee, Aleskandr should be somewhere in Moscow. Clouds are gathering around the family, and in order to avoid a possible arrest, Nina urgently sells all her property, collects her children and leaves Sverdlovsk for the capital.",['period-drama']
"Book of Joshua, Walls of Jericho","['period-drama', 'superhero-action']"
Buya Hamka Vol. 3,['period-drama']
Playing Around,['period-drama']
Strictly Dishonorable,['period-drama']
Vitrinnyy ekzemplyar,['period-drama']
Amor de una vida,['period-drama']
The Brothers,"['period-drama', 'romantic-comedy']"
Beauty and the Bandit,['period-drama']
The Most Wanted Gun in the West,['period-drama']
Noblesse Oblige,['period-drama']
December,['period-drama']
"The Second World War hasn't finished yet. On the territory of liberated Belarus a large amount of work on mine clearance of the territories from the remnants of war: unexploded mines and shells left in the ground is carried out. In order to clear the territories, volunteers' squads from the members of OSOAVIAKHIM are formed. Young girls and boys enroll in the deminers courses. They dream of bringing their Motherland back to peaceful life. As soon as they finish only a week-long training course they are sent to a dangerous work, their own demining . Mine clearance for them is as risky as recent war. But the main thing is that their commander, whom they completely trusted, isn't who he says he is. What will happen to the boys and girls? What decision will each of them make known the terrible truth?",['period-drama']
Lola Montez,['period-drama']
Sleepy Eyes of Death: Sword of Fire,['period-drama']
"Russia, Michailovskoye village, memorial house of Pushkin. Maria Shiller, a German professor of literature, comes here from Germany to educate Wehrmacht soldiers and local peasants. Her actions lead to the disapproval of German military commanders. A local resident named Sergey starts a forbidden romance with the German lady. Soon afterwards Berlin orders to bring all historic values out of the country. Sergey decides to save the country's heritage at all costs. Pushkin's patrimony should stay in Russia. Even if it costs a life.",['period-drama']
Sweet Games of Last Summer,['period-drama']
The Final 45,['period-drama']
Rozhdenie imperii,['period-drama']
"On the outskirts of besieged Leningrad, in a deserted village, three children and their mother, who is too weak to go to the forest in search of food, remain. One day, the sons set off on their own and find themselves faced with an unchildish choice - to save their family or the dog they find at the battlefield.",['period-drama']
Guantanamera,"['period-drama', 'satire-comedy']"
Livet paa Hegnsgaard,['period-drama']
Podobizna,['period-drama']
Zolotoy dubl,['period-drama']
Bilateral,['period-drama']
Vaivaisukon morsian,['period-drama']
Mutter Courage und ihre Kinder - Eine Chronik aus dem Dreißigjährigen Krieg,['period-drama']
"Anna Petrova is a combat pilot who was seriously injured. She returned to the rear and works as a chief engineer at an aircraft factory, where new Krecheta aircraft are being prepared for testing. The management of the plant, not knowing about the consequences of her injury, instructs Anna, together with Major Zotov, to overtake the prototype of the Krechet to the front. In addition to the desire to defeat the enemy and return home with a victory, Anna also pursues a personal goal. She is determined to get even with Major Briggel, the German pilot who killed her lover.",['period-drama']
1918,['period-drama']
Broken Silence,['period-drama']
Ruth,['period-drama']
Sem vyorst do rassveta,['period-drama']
"High mountain village in North Ossetia. All the men have gone to war, and their families fearfully await news from the front. When funerals begin to arrive at neighbors houses and deprive people of all hope, two brothers persuade the postman to hide the ""black papers"" until the end of the war. Will the boys be able to overcome their grief or will their actions only delay their meeting with the inevitable?",['period-drama']
Nuori mylläri,['period-drama']
Likho,['period-drama']
For frihed og ret,"['period-drama', 'political-drama']"
Spanilá jizda,['period-drama']
"Mitya Vasilev was bought a long-awaited puppy. The boy was beaming with happiness, but his mother and numerous neighbors were unhappy: the dog howled loudly and protractedly, not letting them sleep, for which he received the nickname Karuzo. But girl Toma, who Mitya always liked so much, appreciated the puppy's vocal abilities.",['period-drama']
Champraj Hada,['period-drama']
Pozyvnoy «Zhuravlik»,['period-drama']
Lady in Ermine,['period-drama']
Bessmertnyy polk,['period-drama']
Enough Is Enough!,['period-drama']
A Season in Hell,['period-drama']
Make Up,"['period-drama', 'psychological-thriller']"
Dark Brown,['period-drama']
Georgia Skies,['period-drama']
And Home We Came,['period-drama']
Podzim,['period-drama']
The Fine As Wine Documentary,['period-drama']
99-y,['period-drama']
Sysmäläinen,"['period-drama', 'swashbuckler-adventure']"
A Man Called White,['period-drama']
Otets,['period-drama']
"Experienced Siberian hunter Gavriil learns that his son is missing in action. In despair and rage, Gavriil volunteers for the front - he believes that Semyon is alive and intends to find him. But instead of being sent to the front, Gavriil is appointed the head of a group of snipers - very young and inexperienced guys. Gavriil trains the fighters in the art of sniping and gradually replaces their father. But in his heart there is still a glimmer of hope to find his son. And for this goal, he is ready to endure everything.",['period-drama']
Nara Kesari,['period-drama']
Ki Hadjar Dewantara,['period-drama']
The Late Edwina Black,['period-drama']
ABCD,['period-drama']
"After the hospital or because of problems with vision and speech, several officers are ""written off"" to a false airfield. The Nazis take this airfield for the real one, and pilot Ivan Polivanov learns about it at the most inopportune moment.",['period-drama']
Krasnyy prizrak 1812,['period-drama']
Iskuplenie,['period-drama']
Squad 36,['police-procedural-crime']
Midnight in the Switchgrass,"['police-procedural-crime', 'serial-killer-crime']"
The Silence of the Lambs,"['police-procedural-crime', 'psychological-drama', 'psychological-thriller', 'serial-killer-crime', 'slasher-horror']"
Gone Baby Gone,"['police-procedural-crime', 'psychological-thriller', 'whodunnit-mystery']"
Dick Tracy,['police-procedural-crime']
The Informer,"['police-procedural-crime', 'prison-drama', 'spy-thriller']"
The Pledge,"['police-procedural-crime', 'psychological-thriller', 'serial-killer-crime', 'tragedy-drama']"
Patriots Day,"['police-procedural-crime', 'true-crime']"
High and Low,['police-procedural-crime']
The Negotiator,"['police-procedural-crime', 'suspense-mystery']"
City of Lies,"['police-procedural-crime', 'political-thriller', 'true-crime']"
One False Move,['police-procedural-crime']
Rising Sun,['police-procedural-crime']
Maniac Cop,"['police-procedural-crime', 'serial-killer-crime', 'slasher-horror', 'suspense-mystery', 'whodunnit-mystery']"
Narc,"['police-procedural-crime', 'whodunnit-mystery']"
Gideon of Scotland Yard,['police-procedural-crime']
The Son of No One,['police-procedural-crime']
Homicide,"['police-procedural-crime', 'psychological-thriller', 'whodunnit-mystery']"
The FBI Story,"['police-procedural-crime', 'true-crime']"
Kill Switch,"['police-procedural-crime', 'serial-killer-crime']"
Double Nickels,['police-procedural-crime']
Maigret et le crime de la rue de Bellechasse,['police-procedural-crime']
You Can't Buy Luck,['police-procedural-crime']
The Seed of the Sacred Fig,"['political-drama', 'political-thriller', 'psychological-drama']"
The Ides of March,"['political-drama', 'political-thriller']"
The American President,"['political-drama', 'romantic-comedy']"
Miss Sloane,['political-drama']
Hair,"['political-drama', 'rock-musical', 'satire-comedy']"
The Report,"['political-drama', 'political-thriller', 'true-crime']"
Animal Farm,['political-drama']
Mr. Smith Goes to Washington,['political-drama']
Bobby,['political-drama']
Man of the Year,"['political-drama', 'satire-comedy']"
The Contender,"['political-drama', 'political-thriller']"
Beirut,['political-drama']
Bulworth,"['political-drama', 'satire-comedy']"
Shock and Awe,['political-drama']
Truth,['political-drama']
"I, Daniel Blake",['political-drama']
Primary Colors,['political-drama']
Our Brand Is Crisis,['political-drama']
LBJ,['political-drama']
Chappaquiddick,['political-drama']
The Candidate,"['political-drama', 'satire-comedy']"
Rosebud,"['political-drama', 'political-thriller', 'spy-thriller']"
The Cranes Are Flying,"['political-drama', 'tragic-romance']"
No,['political-drama']
Swing Vote,"['political-drama', 'satire-comedy']"
The Front,['political-drama']
Made in Dagenham,"['political-drama', 'workplace-drama']"
Georgetown,"['political-drama', 'true-crime']"
Passage to Marseille,"['political-drama', 'prison-drama']"
The Last Hurrah,['political-drama']
Battle in Seattle,['political-drama']
Advise & Consent,"['political-drama', 'political-thriller']"
Saint Jack,['political-drama']
The Last Metro,"['political-drama', 'workplace-drama']"
True Colors,"['political-drama', 'workplace-drama']"
The Best Man,"['political-drama', 'romantic-comedy']"
An American Affair,['political-drama']
Kansas City,"['political-drama', 'tragedy-drama', 'true-crime']"
The Bitter Tea of General Yen,"['political-drama', 'steamy-romance']"
The Teahouse of the August Moon,"['political-drama', 'satire-comedy']"
Roe v. Wade,['political-drama']
Castle Keep,"['political-drama', 'satire-comedy', 'tragedy-drama', 'tragic-romance']"
Zero for Conduct,['political-drama']
Strike,['political-drama']
The Beginning or the End,['political-drama']
Norman,"['political-drama', 'political-thriller']"
Man Hunt,"['political-drama', 'political-thriller']"
Behold a Pale Horse,['political-drama']
Riffraff,['political-drama']
Up Periscope,['political-drama']
Island in the Sun,"['political-drama', 'psychological-drama', 'steamy-romance']"
The Human Factor,"['political-drama', 'spy-thriller', 'tragic-romance', 'workplace-drama']"
The Naked and the Dead,['political-drama']
Moonlighting,"['political-drama', 'psychological-drama']"
So Ends Our Night,['political-drama']
Three Comrades,"['political-drama', 'tragic-romance']"
The Little Soldier,['political-drama']
Pride of the Marines,['political-drama']
The Congressman,['political-drama']
Nazi Agent,"['political-drama', 'true-crime']"
He Who Must Die,['political-drama']
Darby's Rangers,['political-drama']
Keeper of the Flame,"['political-drama', 'suspense-mystery']"
Salt of the Earth,['political-drama']
Hanna K.,['political-drama']
Mission to Moscow,['political-drama']
Disraeli,['political-drama']
Hotel Berlin,['political-drama']
Indu Sarkar,['political-drama']
Operation Amsterdam,"['political-drama', 'spy-thriller']"
Open Doors,['political-drama']
Key to the City,['political-drama']
"No God, No Master",['political-drama']
Bopha!,"['political-drama', 'tragedy-drama']"
The Cross of Lorraine,['political-drama']
A Family Affair,"['political-drama', 'romantic-comedy']"
Espionage Agent,"['political-drama', 'political-thriller', 'spy-thriller']"
Sword in the Desert,['political-drama']
Berlin Correspondent,"['political-drama', 'political-thriller', 'spy-thriller']"
Washington Melodrama,['political-drama']
Where Are My Children?,['political-drama']
Ace of Aces,['political-drama']
Thunder Afloat,['political-drama']
The Reformer and the Redhead,['political-drama']
Tevya,['political-drama']
Sofia,"['political-drama', 'spy-thriller']"
Babo 73,"['political-drama', 'quirky-comedy', 'satire-comedy']"
Chronicles of A Broken Path,"['political-drama', 'quest-adventure', 'sword-and-sandal-action']"
Opowiesc atlantycka,['political-drama']
Der Prozeß wird vertagt,['political-drama']
Civil War,"['political-thriller', 'road-trip-adventure']"
The Hunt for Red October,"['political-thriller', 'sea-adventure', 'spy-thriller']"
The Lives of Others,"['political-thriller', 'psychological-drama', 'spy-thriller']"
The Sum of All Fears,"['political-thriller', 'spy-thriller']"
The Day of the Jackal,"['political-thriller', 'spy-thriller']"
Blood Diamond,"['political-thriller', 'quest-adventure']"
The Good Shepherd,"['political-thriller', 'spy-thriller']"
Salt,"['political-thriller', 'spy-thriller']"
Valiant One,['political-thriller']
The Jackal,['political-thriller']
The Sentinel,"['political-thriller', 'spy-thriller', 'supernatural-horror']"
U.S. Marshals,['political-thriller']
Patriot Games,['political-thriller']
The Adjustment Bureau,['political-thriller']
The Ghost Writer,['political-thriller']
Official Secrets,"['political-thriller', 'true-crime']"
The Company You Keep,['political-thriller']
The Siege,['political-thriller']
Three Days of the Condor,"['political-thriller', 'spy-thriller']"
Syriana,"['political-thriller', 'spy-thriller']"
Arlington Road,['political-thriller']
The China Syndrome,"['political-thriller', 'tragedy-drama']"
Z,['political-thriller']
The General's Daughter,['political-thriller']
Broken City,['political-thriller']
Green Zone,['political-thriller']
The Parallax View,['political-thriller']
Vantage Point,['political-thriller']
Colonia,['political-thriller']
Dreamscape,"['political-thriller', 'psychological-thriller']"
Seberg,['political-thriller']
Missing,"['political-thriller', 'psychological-thriller', 'tragedy-drama']"
Death and the Maiden,"['political-thriller', 'psychological-thriller']"
The Ipcress File,"['political-thriller', 'spy-thriller']"
Nothing But the Truth,"['political-thriller', 'true-crime']"
Proof of Life,['political-thriller']
Rendition,['political-thriller']
Black Sunday,"['political-thriller', 'psychological-thriller', 'supernatural-horror', 'vampire-horror', 'witch-horror']"
City Hall,['political-thriller']
The Russia House,['political-thriller']
The Odessa File,"['political-thriller', 'spy-thriller']"
The Quiet American,"['political-thriller', 'political-thriller', 'spy-thriller']"
The Interpreter,['political-thriller']
Four Days in September,['political-thriller']
Murder at 1600,['political-thriller']
Funeral in Berlin,['political-thriller']
Hidden Agenda,['political-thriller']
Billion Dollar Brain,"['political-thriller', 'spy-thriller']"
Punishment Park,['political-thriller']
Orions belte,['political-thriller']
Half Moon Street,['political-thriller']
Shadow Conspiracy,['political-thriller']
Steel Rain,['political-thriller']
Year of the Gun,['political-thriller']
The Confession,['political-thriller']
Shadow Dancer,['political-thriller']
Storyville,['political-thriller']
Crossplot,['political-thriller']
The House on Carroll Street,['political-thriller']
The Dancer Upstairs,['political-thriller']
The Next Man,['political-thriller']
Doi Boy,['political-thriller']
The Whistle Blower,['political-thriller']
Consumed,['political-thriller']
The Flower of Evil,['political-thriller']
Land of the Free,['political-thriller']
The Kidnapping of the President,['political-thriller']
A Dandy in Aspic,"['political-thriller', 'psychological-drama', 'psychological-thriller', 'spy-thriller']"
Deterrence,['political-thriller']
Romero,['political-thriller']
The Iron Curtain,"['political-thriller', 'spy-thriller']"
Defense of the Realm,['political-thriller']
Persecuted,['political-thriller']
Man on a Tightrope,['political-thriller']
Executive Target,['political-thriller']
China Cry: A True Story,['political-thriller']
Hotel Reserve,"['political-thriller', 'spy-thriller', 'whodunnit-mystery']"
Confess,['political-thriller']
Orapronobis,['political-thriller']
Executive Power,['political-thriller']
Deep in the Forest,['political-thriller']
"Aelita, the Queen of Mars",['political-thriller']
Target of an Assassin,['political-thriller']
Ten Dead Men,['political-thriller']
Dirty Affair,['political-thriller']
Submarine Alert,"['political-thriller', 'spy-thriller']"
Shadows in the Palace,['political-thriller']
17 - November Conspiracy,['political-thriller']
Strategy of Terror,['political-thriller']
Able Danger,['political-thriller']
Príncipe do Gueto,['political-thriller']
Midnight Cry,['political-thriller']
Emilia Pérez,['pop-musical']
La La Land,"['pop-musical', 'showbiz-drama']"
The Wiz,['pop-musical']
Mean Girls,"['pop-musical', 'satire-comedy', 'teen-comedy', 'teen-comedy']"
Matilda: The Musical,['pop-musical']
Cats,['pop-musical']
In the Heights,['pop-musical']
Dear Evan Hansen,"['pop-musical', 'teen-drama']"
"Lyle, Lyle, Crocodile","['pop-musical', 'supernatural-fantasy']"
Raise Your Voice,['pop-musical']
The Prom,"['pop-musical', 'satire-comedy']"
"Hello, Dolly!","['pop-musical', 'romantic-comedy']"
This Is Me... Now,['pop-musical']
The Last Five Years,['pop-musical']
Music,"['pop-musical', 'psychological-thriller']"
The Bob's Burgers Movie,"['pop-musical', 'quirky-comedy']"
Godspell,['pop-musical']
Fame,['pop-musical']
Breakin' 2: Electric Boogaloo,['pop-musical']
Camp,['pop-musical']
13: The Musical,"['pop-musical', 'teen-comedy']"
Lisztomania,"['pop-musical', 'rock-musical']"
Anna and the Apocalypse,"['pop-musical', 'zombie-horror']"
From Justin to Kelly,"['pop-musical', 'romantic-comedy']"
A Cinderella Story: If the Shoe Fits,['pop-musical']
London Road,"['pop-musical', 'true-crime']"
Fast Forward,['pop-musical']
Starstruck,"['pop-musical', 'satire-comedy']"
Dancin': It's on!,['pop-musical']
The Wizard of Speed and Time,"['pop-musical', 'satire-comedy', 'slapstick-comedy']"
Standing Ovation,['pop-musical']
World's Best,"['pop-musical', 'teen-comedy']"
Mad About Music,"['pop-musical', 'teen-comedy', 'teen-drama']"
Breaking Legs,['pop-musical']
Razzle Dazzle,['pop-musical']
Varsity Show,['pop-musical']
Luxury Liner,['pop-musical']
The Girl Most Likely,['pop-musical']
Ferry Cross the Mersey,['pop-musical']
American History X,"['prison-drama', 'tragedy-drama']"
Sleepers,"['prison-drama', 'teen-drama']"
Shot Caller,['prison-drama']
Escape from Alcatraz,['prison-drama']
Cool Hand Luke,"['prison-drama', 'tragedy-drama']"
A Prophet,['prison-drama']
Papillon,"['prison-drama', 'true-crime']"
Bronson,"['prison-drama', 'true-crime']"
Escape Plan,['prison-drama']
25th Hour,"['prison-drama', 'psychological-drama']"
Chicken Run,"['prison-drama', 'slapstick-comedy']"
Felon,['prison-drama']
The Experiment,"['prison-drama', 'psychological-drama', 'psychological-thriller', 'psychological-thriller']"
I Am a Fugitive from a Chain Gang,"['prison-drama', 'tragedy-drama', 'true-crime']"
Lock Up,['prison-drama']
Son of Saul,"['prison-drama', 'psychological-drama', 'tragedy-drama']"
A Man Escaped,['prison-drama']
The Last Castle,['prison-drama']
The Stanford Prison Experiment,['prison-drama']
The Naked Cage,['prison-drama']
Scum,['prison-drama']
Clemency,['prison-drama']
Hart's War,['prison-drama']
Birdman of Alcatraz,['prison-drama']
99 Women,['prison-drama']
Women in Cages,['prison-drama']
Corrective Measures,['prison-drama']
Animal Factory,['prison-drama']
The Mustang,"['prison-drama', 'psychological-drama']"
In Hell,['prison-drama']
Carandiru,['prison-drama']
Violence in a Women's Prison,['prison-drama']
The Hill,"['prison-drama', 'psychological-drama']"
O.G.,['prison-drama']
All Day and a Night,['prison-drama']
Reform School Girls,['prison-drama']
Miracle in Cell No. 7,['prison-drama']
Doing Hard Time,['prison-drama']
2nd Miracle in Cell No. 7,['prison-drama']
Civil Brand,['prison-drama']
"So Young, So Bad",['prison-drama']
Hold Your Man,['prison-drama']
Crime School,"['prison-drama', 'teen-drama', 'true-crime']"
Carbine Williams,['prison-drama']
Caged Men,['prison-drama']
Carpinteros,['prison-drama']
Convicted Woman,['prison-drama']
Touched by a Killer,"['prison-drama', 'serial-killer-crime']"
Raport,['prison-drama']
Death Fences,['prison-drama']
Presence,"['psychological-drama', 'psychological-thriller']"
Fight Club,"['psychological-drama', 'workplace-drama']"
Challengers,"['psychological-drama', 'steamy-romance']"
American Beauty,"['psychological-drama', 'tragedy-drama']"
Mulholland Drive,"['psychological-drama', 'psychological-thriller', 'showbiz-drama', 'suspense-mystery', 'tragedy-drama']"
Speak No Evil,"['psychological-drama', 'psychological-thriller']"
Requiem for a Dream,"['psychological-drama', 'tragedy-drama']"
Taxi Driver,['psychological-drama']
The Sixth Sense,"['psychological-drama', 'psychological-thriller', 'suspense-mystery']"
The Room Next Door,['psychological-drama']
Joker,"['psychological-drama', 'psychological-thriller', 'tragedy-drama']"
Black Swan,"['psychological-drama', 'psychological-thriller', 'showbiz-drama']"
Donnie Darko,"['psychological-drama', 'psychological-thriller', 'time-travel-sci-fi']"
Until Dawn,"['psychological-drama', 'supernatural-horror']"
Misery,"['psychological-drama', 'psychological-thriller']"
Manchester by the Sea,"['psychological-drama', 'tragedy-drama']"
The Girl with the Dragon Tattoo,"['psychological-drama', 'psychological-thriller', 'serial-killer-crime', 'serial-killer-crime', 'whodunnit-mystery']"
Uncut Gems,"['psychological-drama', 'psychological-thriller']"
The Father,['psychological-drama']
Room,['psychological-drama']
Nightcrawler,"['psychological-drama', 'psychological-thriller']"
Silver Linings Playbook,"['psychological-drama', 'romantic-comedy']"
Shame,['psychological-drama']
The Village,"['psychological-drama', 'psychological-thriller', 'suspense-mystery']"
Moon,"['psychological-drama', 'space-sci-fi']"
Mean Creek,"['psychological-drama', 'teen-drama']"
Blue Valentine,"['psychological-drama', 'tragic-romance']"
Magnolia,['psychological-drama']
The Piano Teacher,['psychological-drama']
Falling Down,"['psychological-drama', 'tragedy-drama']"
The Son,['psychological-drama']
Alone,"['psychological-drama', 'psychological-thriller', 'space-sci-fi']"
Melancholia,"['psychological-drama', 'tragedy-drama']"
Rosemary's Baby,"['psychological-drama', 'supernatural-horror']"
Mother!,['psychological-drama']
Fair Play,"['psychological-drama', 'psychological-thriller']"
Tár,['psychological-drama']
The Girl on the Train,"['psychological-drama', 'psychological-thriller', 'whodunnit-mystery']"
Cherry,"['psychological-drama', 'romantic-comedy', 'screwball-comedy', 'tragedy-drama']"
Sling Blade,['psychological-drama']
I'm Thinking of Ending Things,"['psychological-drama', 'psychological-thriller']"
Magazine Dreams,['psychological-drama']
The Seventh Seal,['psychological-drama']
The Wrestler,"['psychological-drama', 'tragedy-drama']"
Match Point,"['psychological-drama', 'psychological-thriller']"
The Crying Game,"['psychological-drama', 'psychological-thriller', 'tragic-romance']"
Ordinary People,['psychological-drama']
The Jacket,"['psychological-drama', 'psychological-thriller', 'time-travel-sci-fi']"
The Next Three Days,"['psychological-drama', 'psychological-thriller']"
The Lost Daughter,['psychological-drama']
Sharper,['psychological-drama']
Martha Marcy May Marlene,"['psychological-drama', 'psychological-thriller']"
Pink Floyd: The Wall,['psychological-drama']
Armand,['psychological-drama']
Luckiest Girl Alive,['psychological-drama']
Locke,['psychological-drama']
A Good Person,['psychological-drama']
Blue Jasmine,"['psychological-drama', 'tragedy-drama']"
The Good Son,"['psychological-drama', 'psychological-thriller']"
The Wages of Fear,"['psychological-drama', 'survival-adventure']"
Pieces of a Woman,['psychological-drama']
Ikiru,"['psychological-drama', 'tragedy-drama']"
The Teachers' Lounge,['psychological-drama']
Straw Dogs,['psychological-drama']
Take Shelter,"['psychological-drama', 'psychological-thriller', 'workplace-drama']"
Causeway,['psychological-drama']
God's Creatures,['psychological-drama']
Inside,"['psychological-drama', 'slasher-horror', 'splatter-horror', 'tragedy-drama']"
Who's Afraid of Virginia Woolf?,['psychological-drama']
Sphere,"['psychological-drama', 'psychological-thriller']"
Svengali,"['psychological-drama', 'tragic-romance']"
Let Him Go,"['psychological-drama', 'psychological-thriller']"
Orphan: First Kill,"['psychological-drama', 'serial-killer-crime', 'slasher-horror']"
Bad Lieutenant,['psychological-drama']
Swallow,"['psychological-drama', 'psychological-thriller']"
Empire of Light,['psychological-drama']
Black Narcissus,['psychological-drama']
First Reformed,"['psychological-drama', 'psychological-thriller', 'suspense-mystery', 'tragedy-drama']"
Short Term 12,['psychological-drama']
The Fallen Sparrow,"['psychological-drama', 'spy-thriller', 'suspense-mystery', 'whodunnit-mystery']"
Wild Strawberries,['psychological-drama']
Unsane,"['psychological-drama', 'psychological-thriller']"
Marnie,"['psychological-drama', 'psychological-thriller']"
The Ballad of a Small Player,"['psychological-drama', 'psychological-thriller']"
Tokyo Story,['psychological-drama']
Stillwater,"['psychological-drama', 'whodunnit-mystery']"
The Swimming Pool,['psychological-drama']
Taps,"['psychological-drama', 'tragedy-drama']"
"Alice, Darling","['psychological-drama', 'psychological-thriller', 'whodunnit-mystery']"
The Collector,"['psychological-drama', 'psychological-thriller', 'slasher-horror']"
The Night Porter,['psychological-drama']
Cléo from 5 to 7,['psychological-drama']
Goodnight Mommy,"['psychological-drama', 'psychological-thriller', 'tragedy-drama']"
Kiss of the Spider Woman,['psychological-drama']
Jailbait,['psychological-drama']
Biutiful,['psychological-drama']
The Double Life of Véronique,['psychological-drama']
The Card Counter,"['psychological-drama', 'psychological-thriller', 'tragedy-drama']"
My Name Is Khan,"['psychological-drama', 'road-trip-adventure', 'tragedy-drama']"
The Whisper Man,"['psychological-drama', 'psychological-thriller', 'serial-killer-crime']"
"They Shoot Horses, Don't They?",['psychological-drama']
The Exorcist III,"['psychological-drama', 'supernatural-horror', 'suspense-mystery']"
No Limit,['psychological-drama']
Margaret,['psychological-drama']
Mishima: A Life in Four Chapters,['psychological-drama']
Resurrection,"['psychological-drama', 'psychological-thriller']"
The Immaculate Room,"['psychological-drama', 'psychological-thriller']"
Nine Days,['psychological-drama']
The End of the Tour,"['psychological-drama', 'road-trip-adventure']"
The Omen,"['psychological-drama', 'supernatural-horror', 'supernatural-horror']"
Luna,"['psychological-drama', 'tragedy-drama']"
Windfall,"['psychological-drama', 'psychological-thriller']"
Personal Shopper,['psychological-drama']
"Suddenly, Last Summer",['psychological-drama']
Clouds of Sils Maria,['psychological-drama']
Land of Mine,['psychological-drama']
Mass,['psychological-drama']
The Caine Mutiny,['psychological-drama']
The Blue Angel,"['psychological-drama', 'tragedy-drama']"
The East,"['psychological-drama', 'spy-thriller']"
"Batman: The Dark Knight Returns, Part 1","['psychological-drama', 'superhero-action']"
American Taboo,['psychological-drama']
Gloria Bell,"['psychological-drama', 'steamy-romance']"
Take This Waltz,['psychological-drama']
Hiroshima Mon Amour,"['psychological-drama', 'tragic-romance']"
Elegy,"['psychological-drama', 'tragic-romance']"
Opening Night,['psychological-drama']
Vivre sa vie,"['psychological-drama', 'tragedy-drama']"
Extremities,"['psychological-drama', 'psychological-thriller']"
Under the Shadow,"['psychological-drama', 'psychological-thriller']"
Room at the Top,"['psychological-drama', 'tragic-romance']"
Una,['psychological-drama']
The Servant,['psychological-drama']
The Lodger: A Story of the London Fog,"['psychological-drama', 'psychological-thriller', 'serial-killer-crime', 'whodunnit-mystery']"
I Start Counting,['psychological-drama']
King of the Gypsies,['psychological-drama']
Meek's Cutoff,"['psychological-drama', 'survival-adventure']"
Last Year at Marienbad,['psychological-drama']
Charly,['psychological-drama']
The Kindergarten Teacher,['psychological-drama']
What Have You Done to Solange?,"['psychological-drama', 'psychological-thriller', 'slasher-horror']"
The Snake Pit,['psychological-drama']
Knife in the Water,['psychological-drama']
Master,['psychological-drama']
Gloria,"['psychological-drama', 'steamy-romance']"
Heroes,['psychological-drama']
Louder Than Bombs,['psychological-drama']
Aloft,['psychological-drama']
Ashley,['psychological-drama']
The Chapman Report,['psychological-drama']
The Green Ray,['psychological-drama']
Violet,['psychological-drama']
Bread and Roses,"['psychological-drama', 'workplace-drama']"
The Unknown Woman,"['psychological-drama', 'psychological-thriller', 'suspense-mystery']"
The Almond and the Seahorse,['psychological-drama']
Jumbo,['psychological-drama']
Frankie & Alice,['psychological-drama']
Woodshock,['psychological-drama']
The Pumpkin Eater,"['psychological-drama', 'tragedy-drama']"
Incendiary,['psychological-drama']
The Keeping Hours,['psychological-drama']
Heart of Midnight,['psychological-drama']
The Unknown Girl,['psychological-drama']
Felicia's Journey,['psychological-drama']
Sometimes Always Never,"['psychological-drama', 'quirky-comedy']"
Night Was Our Friend,['psychological-drama']
All Night Long,"['psychological-drama', 'showbiz-drama']"
Me Without You,['psychological-drama']
Seize the Day,['psychological-drama']
ToY,['psychological-drama']
Trees of Peace,['psychological-drama']
The Perfumier,['psychological-drama']
Muriel,['psychological-drama']
The Visitors,"['psychological-drama', 'satire-comedy']"
"East Side, West Side",['psychological-drama']
Il Grido,['psychological-drama']
Between Two Worlds,"['psychological-drama', 'supernatural-fantasy', 'suspense-mystery']"
The Goddess,"['psychological-drama', 'showbiz-drama']"
The Widow Couderc,"['psychological-drama', 'tragedy-drama', 'tragic-romance']"
Gertrud,['psychological-drama']
Sin in the Suburbs,['psychological-drama']
Scandalous Gilda,['psychological-drama']
Psykopat,['psychological-drama']
Stop Me Before I Kill!,['psychological-drama']
Dark Obsession,['psychological-drama']
Station to Station,['psychological-drama']
The Night Digger,['psychological-drama']
The Frogmen,"['psychological-drama', 'sea-adventure']"
The Fox,"['psychological-drama', 'superhero-action']"
A Fool There Was,['psychological-drama']
Noise,"['psychological-drama', 'psychological-thriller']"
The Appointment,['psychological-drama']
Cassandra,"['psychological-drama', 'slasher-horror']"
Our Mother's House,['psychological-drama']
Home Before Dark,['psychological-drama']
A Sweet Journey,['psychological-drama']
Wantugo,"['psychological-drama', 'psychological-thriller', 'survival-adventure', 'suspense-mystery']"
Don't Leave,['psychological-drama']
Dancing on Glass,['psychological-drama']
All Hail,['psychological-drama']
The Bell Jar,['psychological-drama']
The Thirteenth Chair,"['psychological-drama', 'whodunnit-mystery']"
The Easiest Way,"['psychological-drama', 'tragic-romance']"
Blue Sextet,"['psychological-drama', 'tragedy-drama']"
Force of Arms,['psychological-drama']
Sign of the Lion,['psychological-drama']
Solitary,['psychological-drama']
The Wild Scene,['psychological-drama']
Night Into Morning,"['psychological-drama', 'tragedy-drama']"
The Man Who Had His Hair Cut Short,['psychological-drama']
Kleptomania,['psychological-drama']
Da,['psychological-drama']
The Matchmaker,"['psychological-drama', 'psychological-thriller', 'suspense-mystery']"
"A Gun, a Car, a Blonde",['psychological-drama']
Corazon: Ang unang aswang,['psychological-drama']
Darkness Falls,"['psychological-drama', 'psychological-thriller', 'supernatural-horror']"
Mambo,['psychological-drama']
Nina Wu,"['psychological-drama', 'psychological-thriller']"
I Am the Cheese,['psychological-drama']
"Oh, Beautiful Istanbul","['psychological-drama', 'tragic-romance']"
The Avenging Conscience: or 'Thou Shalt Not Kill',['psychological-drama']
Galia,['psychological-drama']
The Savage Is Loose,['psychological-drama']
"My Sister, My Love",['psychological-drama']
The Inside Outtakes,"['psychological-drama', 'satire-comedy']"
The Heart of the Matter,['psychological-drama']
Paris Frills,"['psychological-drama', 'tragedy-drama', 'tragic-romance']"
Butley,"['psychological-drama', 'workplace-drama']"
South of Reno,['psychological-drama']
Honeycomb,['psychological-drama']
Corporate,"['psychological-drama', 'psychological-thriller', 'tragedy-drama', 'workplace-drama']"
Two Loves,['psychological-drama']
Samantha & The Fisherman's Dream,"['psychological-drama', 'showbiz-drama']"
Black Limousine,['psychological-drama']
Hunting,['psychological-drama']
The Hook,['psychological-drama']
Wild Oranges,['psychological-drama']
Desert Nights,['psychological-drama']
Head On,['psychological-drama']
Lost Daughter,['psychological-drama']
The Curse of Modigliani,['psychological-drama']
Of Love and Desire,['psychological-drama']
A Normal Woman,"['psychological-drama', 'psychological-thriller']"
Games of Desire,"['psychological-drama', 'tragedy-drama']"
Roundabout,['psychological-drama']
Alone on the Pacific,['psychological-drama']
NOTHINGMAN,['psychological-drama']
Return of the Prodigal Son,['psychological-drama']
The Last Time You Saw Me,['psychological-drama']
We Go Again,['psychological-drama']
La donna invisibile,['psychological-drama']
Time Out for Love,['psychological-drama']
Teufel in Seide,['psychological-drama']
Ediths Tagebuch,['psychological-drama']
The Disappearance of Violet Willoughby,"['psychological-drama', 'suspense-mystery']"
Smrt si ríká Engelchen,['psychological-drama']
The White Cat,['psychological-drama']
The School of Spies,['psychological-drama']
White Bondage,"['psychological-drama', 'workplace-drama']"
Darkness in Tenement 45,['psychological-drama']
Diary of a Woman,['psychological-drama']
The Untameable,['psychological-drama']
Placebo Effect,['psychological-drama']
In Folly's Trail,['psychological-drama']
Deuces,['psychological-drama']
The Distraction,['psychological-drama']
Hallucinations of War,"['psychological-drama', 'tragedy-drama']"
Dream Theatre,['psychological-drama']
Premonition,"['psychological-drama', 'psychological-thriller', 'teen-horror']"
Beau Ideal,['psychological-drama']
The Great Divorce,"['psychological-drama', 'supernatural-horror']"
Goliath,['psychological-drama']
Lady Lazarus,['psychological-drama']
"The Boy at the Altar, an Opera",['psychological-drama']
Agnès de rien,['psychological-drama']
The Flowers,"['psychological-drama', 'teen-drama']"
Creaking Stairs,['psychological-drama']
Lola Blue,['psychological-drama']
Picture Perfect,"['psychological-drama', 'romantic-comedy']"
SPECIOUS,['psychological-drama']
Prselo jim stesti,['psychological-drama']
Milkweed,['psychological-drama']
Willkür - You or Me,['psychological-drama']
Die Schuld des Dr. Homma,['psychological-drama']
V kraya na lyatoto,['psychological-drama']
Rope Around the Neck,['psychological-drama']
Piledriver,['psychological-drama']
White Calm,['psychological-drama']
At the Stroke of Nine,['psychological-drama']
Sposób bycia,['psychological-drama']
Orange Crush,['psychological-drama']
Pine Tree Mary,"['psychological-drama', 'tragedy-drama']"
Roztrzka,['psychological-drama']
Zolotye chasy,['psychological-drama']
Jeanne,['psychological-drama']
Omelas Electra,['psychological-drama']
Enguris napirebze,['psychological-drama']
Al Filo de sus Ojos 'Ventana del Alma',['psychological-drama']
Atmospheric Marginalia,['psychological-drama']
Brumas,"['psychological-drama', 'suspense-mystery']"
Meinong's Jungle,['psychological-drama']
Shakespeare Has Died,"['psychological-drama', 'teen-drama']"
Die Verwundbaren,['psychological-drama']
Syyllisiäkö?,['psychological-drama']
Kill Piece,['psychological-drama']
Fragments of Yesterday,['psychological-drama']
Nylonovy mesiac,['psychological-drama']
Untitled Benjamin Riley Film,['psychological-drama']
The Visitant,['psychological-drama']
Handle,"['psychological-drama', 'psychological-thriller']"
Disconnect,['psychological-drama']
Meet Me,['psychological-drama']
You Will Be Saved,['psychological-drama']
Heretic,['psychological-thriller']
Blink Twice,"['psychological-thriller', 'whodunnit-mystery']"
Prisoners,"['psychological-thriller', 'suspense-mystery']"
Shutter Island,"['psychological-thriller', 'suspense-mystery']"
Trap,"['psychological-thriller', 'psychological-thriller', 'serial-killer-crime']"
Memento,"['psychological-thriller', 'suspense-mystery']"
Madame Web,"['psychological-thriller', 'superhero-action']"
The Rule of Jenny Pen,['psychological-thriller']
Hereditary,"['psychological-thriller', 'supernatural-horror', 'tragedy-drama', 'witch-horror']"
Nocturnal Animals,"['psychological-thriller', 'tragedy-drama']"
Leave the World Behind,['psychological-thriller']
Knock Knock,['psychological-thriller']
Split,['psychological-thriller']
Ma,"['psychological-thriller', 'teen-horror']"
Barbarian,"['psychological-thriller', 'suspense-mystery']"
Don't Worry Darling,['psychological-thriller']
Fresh,['psychological-thriller']
Lost Highway,['psychological-thriller']
The Guest,"['psychological-thriller', 'suspense-mystery']"
Promising Young Woman,"['psychological-thriller', 'suspense-mystery', 'tragedy-drama']"
Mystic River,"['psychological-thriller', 'suspense-mystery']"
The Devil All the Time,['psychological-thriller']
Eden Lake,"['psychological-thriller', 'splatter-horror', 'teen-horror', 'tragedy-drama']"
Don't Move,"['psychological-thriller', 'survival-adventure']"
Girl in the Basement,['psychological-thriller']
Identity,"['psychological-thriller', 'whodunnit-mystery']"
Funny Games,"['psychological-thriller', 'tragedy-drama']"
Glass,"['psychological-thriller', 'superhero-action']"
Fractured,['psychological-thriller']
Vanilla Sky,['psychological-thriller']
Miller's Girl,['psychological-thriller']
Under the Silver Lake,"['psychological-thriller', 'suspense-mystery']"
Gerald's Game,['psychological-thriller']
Red Sparrow,"['psychological-thriller', 'spy-thriller']"
The Cell,"['psychological-thriller', 'serial-killer-crime']"
A Haunting in Venice,"['psychological-thriller', 'whodunnit-mystery']"
Vertigo,"['psychological-thriller', 'tragedy-drama']"
Cape Fear,"['psychological-thriller', 'psychological-thriller']"
Apartment 7A,['psychological-thriller']
Rear Window,"['psychological-thriller', 'suspense-mystery']"
Red Dragon,"['psychological-thriller', 'serial-killer-crime']"
Mothers' Instinct,['psychological-thriller']
The Machinist,['psychological-thriller']
A Cure for Wellness,['psychological-thriller']
10 Cloverfield Lane,['psychological-thriller']
Red Eye,['psychological-thriller']
The Talented Mr. Ripley,['psychological-thriller']
Dolores Claiborne,"['psychological-thriller', 'whodunnit-mystery']"
Knock at the Cabin,['psychological-thriller']
Paprika,['psychological-thriller']
Sanctuary,['psychological-thriller']
Angel Heart,"['psychological-thriller', 'suspense-mystery']"
Sleeping with the Enemy,['psychological-thriller']
The Ninth Gate,['psychological-thriller']
Inland Empire,"['psychological-thriller', 'tragedy-drama']"
Panic Room,['psychological-thriller']
Unforgettable,"['psychological-thriller', 'psychological-thriller']"
Cobweb,['psychological-thriller']
Escape Room,"['psychological-thriller', 'whodunnit-mystery']"
Bring Them Down,['psychological-thriller']
What Ever Happened to Baby Jane?,"['psychological-thriller', 'tragedy-drama']"
Locked In,['psychological-thriller']
Hard Candy,['psychological-thriller']
Disturbia,['psychological-thriller']
Candyman,"['psychological-thriller', 'slasher-horror', 'supernatural-horror', 'supernatural-horror']"
I See You,"['psychological-thriller', 'suspense-mystery']"
Hollow Man,"['psychological-thriller', 'slasher-horror']"
The Gift,"['psychological-thriller', 'supernatural-horror']"
The Number 23,['psychological-thriller']
The Bone Collector,"['psychological-thriller', 'serial-killer-crime']"
Night Hunter,"['psychological-thriller', 'serial-killer-crime']"
Mr. Brooks,"['psychological-thriller', 'serial-killer-crime']"
The Lodge,"['psychological-thriller', 'suspense-mystery', 'tragedy-drama']"
The Weekend Away,['psychological-thriller']
Dead Calm,['psychological-thriller']
The Night Clerk,"['psychological-thriller', 'whodunnit-mystery']"
Hush,"['psychological-thriller', 'slasher-horror']"
Run Hide Fight,"['psychological-thriller', 'teen-drama']"
The Hand That Rocks the Cradle,['psychological-thriller']
The Brave One,['psychological-thriller']
God's Crooked Lines,['psychological-thriller']
Phone Booth,['psychological-thriller']
Searching,"['psychological-thriller', 'suspense-mystery']"
The Call,['psychological-thriller']
Foe,['psychological-thriller']
Stay,['psychological-thriller']
Klute,"['psychological-thriller', 'whodunnit-mystery']"
I.S.S.,"['psychological-thriller', 'space-sci-fi']"
Dead Ringers,['psychological-thriller']
Stoker,['psychological-thriller']
A Walk Among the Tombstones,"['psychological-thriller', 'whodunnit-mystery']"
Secret Window,"['psychological-thriller', 'whodunnit-mystery']"
Flightplan,"['psychological-thriller', 'whodunnit-mystery']"
Saint Maud,"['psychological-thriller', 'suspense-mystery', 'tragedy-drama']"
Play Misty for Me,['psychological-thriller']
Luther: The Fallen Sun,['psychological-thriller']
The Hitcher,"['psychological-thriller', 'psychological-thriller', 'serial-killer-crime', 'whodunnit-mystery']"
The Cabinet of Dr. Caligari,"['psychological-thriller', 'suspense-mystery']"
Copycat,"['psychological-thriller', 'whodunnit-mystery']"
Hold Your Breath,['psychological-thriller']
Open Your Eyes,"['psychological-thriller', 'suspense-mystery']"
Outside,"['psychological-thriller', 'zombie-horror']"
The Clovehitch Killer,"['psychological-thriller', 'serial-killer-crime', 'teen-horror']"
Single White Female,['psychological-thriller']
The Stepfather,"['psychological-thriller', 'psychological-thriller', 'slasher-horror']"
Non-Stop,['psychological-thriller']
The Driver,"['psychological-thriller', 'zombie-horror']"
Till Death,['psychological-thriller']
Escape Room: Tournament of Champions,"['psychological-thriller', 'suspense-mystery']"
The Uninvited,"['psychological-thriller', 'supernatural-horror']"
Taking Lives,"['psychological-thriller', 'serial-killer-crime', 'whodunnit-mystery']"
The Royal Hotel,['psychological-thriller']
Before I Go to Sleep,"['psychological-thriller', 'tragedy-drama']"
Murder by Numbers,['psychological-thriller']
House at the End of the Street,"['psychological-thriller', 'teen-drama', 'teen-horror']"
Loving Adults,['psychological-thriller']
The Marsh King's Daughter,['psychological-thriller']
Flatliners,"['psychological-thriller', 'teen-horror']"
On the Line,['psychological-thriller']
The Divide,"['psychological-thriller', 'tragedy-drama']"
Bug,['psychological-thriller']
Spiral,"['psychological-thriller', 'splatter-horror']"
Sapiosexual,['psychological-thriller']
Psycho II,"['psychological-thriller', 'serial-killer-crime', 'slasher-horror']"
They/Them,"['psychological-thriller', 'slasher-horror']"
Blood Work,"['psychological-thriller', 'serial-killer-crime']"
Caché,['psychological-thriller']
Southern Comfort,['psychological-thriller']
When a Stranger Calls,"['psychological-thriller', 'teen-horror']"
Rust Creek,['psychological-thriller']
Wait Until Dark,['psychological-thriller']
Repulsion,['psychological-thriller']
Cat Person,['psychological-thriller']
Seconds,['psychological-thriller']
The Bad Seed,['psychological-thriller']
Unlocked,['psychological-thriller']
Dual,['psychological-thriller']
Calibre,['psychological-thriller']
What the Peeper Saw,['psychological-thriller']
Pacific Heights,['psychological-thriller']
The Lady Vanishes,"['psychological-thriller', 'psychological-thriller', 'slapstick-comedy', 'spy-thriller']"
Dream House,['psychological-thriller']
Kill Boksoon,['psychological-thriller']
Antebellum,"['psychological-thriller', 'suspense-mystery']"
The Glass House,"['psychological-thriller', 'serial-killer-crime']"
The Resident,['psychological-thriller']
Beast,"['psychological-thriller', 'survival-adventure']"
Instinct,['psychological-thriller']
The Strays,['psychological-thriller']
Run Sweetheart Run,"['psychological-thriller', 'supernatural-horror']"
Run Rabbit Run,['psychological-thriller']
Torso,"['psychological-thriller', 'serial-killer-crime', 'slasher-horror', 'whodunnit-mystery']"
Anna,['psychological-thriller']
The Hit,['psychological-thriller']
"Hush...Hush, Sweet Charlotte","['psychological-thriller', 'whodunnit-mystery']"
Spider,['psychological-thriller']
Blood and Black Lace,"['psychological-thriller', 'serial-killer-crime', 'slasher-horror', 'whodunnit-mystery']"
Bad Timing: A Sensual Obsession,['psychological-thriller']
Emergency,"['psychological-thriller', 'quirky-comedy', 'teen-drama']"
Memoir of a Murderer,"['psychological-thriller', 'serial-killer-crime']"
Amuck!,['psychological-thriller']
The Perfume of the Lady in Black,['psychological-thriller']
The Bedroom Window,['psychological-thriller']
The Stunt Man,"['psychological-thriller', 'satire-comedy', 'workplace-drama']"
Shattered,['psychological-thriller']
The Slasher ... Is the Sex Maniac!,"['psychological-thriller', 'slasher-horror']"
Clock,['psychological-thriller']
Gossip,"['psychological-thriller', 'suspense-mystery']"
Sister My Sister,['psychological-thriller']
The Black Room,"['psychological-thriller', 'slasher-horror']"
Obsession,['psychological-thriller']
Fear of Rain,['psychological-thriller']
The Lesson,['psychological-thriller']
Hellraiser: Inferno,"['psychological-thriller', 'serial-killer-crime', 'supernatural-horror', 'suspense-mystery']"
The Dead Girl,"['psychological-thriller', 'serial-killer-crime', 'whodunnit-mystery']"
Experiment in Terror,['psychological-thriller']
Aftermath,"['psychological-thriller', 'suspense-mystery']"
Beckett,['psychological-thriller']
Black Belly of the Tarantula,"['psychological-thriller', 'slasher-horror']"
Never Talk to Strangers,"['psychological-thriller', 'serial-killer-crime']"
Sound of My Voice,"['psychological-thriller', 'suspense-mystery']"
Talk Radio,['psychological-thriller']
False Positive,"['psychological-thriller', 'suspense-mystery']"
God's Country,['psychological-thriller']
Scissors,['psychological-thriller']
Strait-Jacket,"['psychological-thriller', 'slasher-horror']"
Rollercoaster,['psychological-thriller']
The Forbidden Photos of a Lady Above Suspicion,['psychological-thriller']
What Lies Below,['psychological-thriller']
What Have They Done to Your Daughters?,['psychological-thriller']
Jacob's Ladder,['psychological-thriller']
Suspect Zero,"['psychological-thriller', 'serial-killer-crime']"
The Night Listener,['psychological-thriller']
Party Line,['psychological-thriller']
The Killing Gene,['psychological-thriller']
The Quarry,"['psychological-thriller', 'true-crime']"
Shock Corridor,['psychological-thriller']
Don't Look in the Basement,['psychological-thriller']
A Hijacking,['psychological-thriller']
Magic Magic,['psychological-thriller']
Sightless,['psychological-thriller']
Abandon,['psychological-thriller']
The Cannibal Man,['psychological-thriller']
Five Corners,"['psychological-thriller', 'tragedy-drama']"
Earthquake Bird,['psychological-thriller']
Dr. Quarantine,['psychological-thriller']
Natty Knocks,"['psychological-thriller', 'slasher-horror']"
Spasmo,['psychological-thriller']
A Pure Formality,['psychological-thriller']
Mother's Boys,['psychological-thriller']
Silent Fall,['psychological-thriller']
Seven Blood-Stained Orchids,"['psychological-thriller', 'slasher-horror']"
Five Dolls for an August Moon,['psychological-thriller']
Freedomland,['psychological-thriller']
Standoff,['psychological-thriller']
American Skin,"['psychological-thriller', 'tragedy-drama']"
The Aviary,['psychological-thriller']
The Dead Are Alive,['psychological-thriller']
Hero and the Terror,['psychological-thriller']
The Third Secret,"['psychological-thriller', 'whodunnit-mystery']"
Malicious,['psychological-thriller']
Citadel,['psychological-thriller']
Grimm Love,"['psychological-thriller', 'true-crime']"
Dig,['psychological-thriller']
Torn Hearts,['psychological-thriller']
The Hive,['psychological-thriller']
10 Days of a Curious Man,['psychological-thriller']
The Girl in Room 2A,['psychological-thriller']
Crawlspace,['psychological-thriller']
Here Before,['psychological-thriller']
Boys in the Trees,['psychological-thriller']
Hider in the House,['psychological-thriller']
10 Days of a Good Man,['psychological-thriller']
Jack Goes Home,['psychological-thriller']
"Sister, Sister",['psychological-thriller']
Double Life,['psychological-thriller']
Deadly Patient,['psychological-thriller']
The Sublet,['psychological-thriller']
Chokehold,['psychological-thriller']
Savage Attraction,['psychological-thriller']
Row,['psychological-thriller']
Hunter's Blood,['psychological-thriller']
The Lightship,['psychological-thriller']
10 Days of a Bad Man,['psychological-thriller']
In the Heat of Passion II: Unfaithful,['psychological-thriller']
Return from the Ashes,['psychological-thriller']
The Crimes of the Black Cat,"['psychological-thriller', 'slasher-horror']"
Where Are the Children?,['psychological-thriller']
A Reflection of Fear,['psychological-thriller']
The Strangler,['psychological-thriller']
Two Seconds,['psychological-thriller']
Deadbolt,['psychological-thriller']
Toad Road,['psychological-thriller']
Psych:9,['psychological-thriller']
A Black Veil for Lisa,['psychological-thriller']
The Sweet Body of Deborah,['psychological-thriller']
Devilreaux,"['psychological-thriller', 'supernatural-horror']"
The Crew,['psychological-thriller']
Ritual,['psychological-thriller']
The Frozen,['psychological-thriller']
The Maddening,['psychological-thriller']
The Ex,['psychological-thriller']
Peppermint Frappé,['psychological-thriller']
Monochrome,['psychological-thriller']
A Passion to Kill,['psychological-thriller']
The Name of the Game Is Kill!,['psychological-thriller']
Frenchman's Farm,"['psychological-thriller', 'time-travel-sci-fi']"
Little Erin Merryweather,['psychological-thriller']
Curse of the Zodiac,"['psychological-thriller', 'true-crime']"
Other Monsters,['psychological-thriller']
Number One Fan,['psychological-thriller']
The Riddle,['psychological-thriller']
Lófej,"['psychological-thriller', 'suspense-mystery']"
L'addition,['psychological-thriller']
Hosea,['psychological-thriller']
The House Across the Lake,['psychological-thriller']
Pensamiento Lateral,['psychological-thriller']
Paralysis,['psychological-thriller']
Kristen,['psychological-thriller']
The Web of Eve: First Look,['psychological-thriller']
Connection,['psychological-thriller']
Dormant,['psychological-thriller']
Murder Van,['psychological-thriller']
A Sister's Grudge,['psychological-thriller']
Tulipunainen kyyhkynen,['psychological-thriller']
Malicious Mind Games,['psychological-thriller']
Dead West,['psychological-thriller']
Calculator,['psychological-thriller']
The Optimist,['psychological-thriller']
Bad Habit,['psychological-thriller']
Calamari,['psychological-thriller']
Dual Mania,['psychological-thriller']
September,['psychological-thriller']
The Bizarre Murder of Mr Tusker,['psychological-thriller']
Girgit,['psychological-thriller']
The Unforeseen,['psychological-thriller']
An Ordinary Guy,"['psychological-thriller', 'spy-thriller']"
To Create and Destroy,['psychological-thriller']
Bronwyn's Lane,['psychological-thriller']
Kontrol,['psychological-thriller']
The Photo Booth - I See You,['psychological-thriller']
Throuple,['psychological-thriller']
Upside Down Rabbits,['psychological-thriller']
Scream Lives,"['psychological-thriller', 'slasher-horror', 'suspense-mystery', 'teen-horror']"
Lågor i dunklet,['psychological-thriller']
Murder in Malta,['psychological-thriller']
Capricorn,['psychological-thriller']
The Walls Are Talking,['psychological-thriller']
Anna's in the Woods,['psychological-thriller']
Weeds Among Daisies,"['psychological-thriller', 'whodunnit-mystery']"
A Cup Full of Crazy,['psychological-thriller']
Chilled Over Ice: Who's That in the Mirror,['psychological-thriller']
I'll Take Care of You,['psychological-thriller']
Bits,['psychological-thriller']
Psykhe,['psychological-thriller']
Under a Blanket of Blue,['psychological-thriller']
6000,['psychological-thriller']
The Beating of a Moth's Wing,['psychological-thriller']
Tribhuj,['psychological-thriller']
Fatigue,['psychological-thriller']
The Audience of Ethan Bly,['psychological-thriller']
Jonna,['psychological-thriller']
Sakura,['psychological-thriller']
Quandary,['psychological-thriller']
The Hyde Club,['psychological-thriller']
5/10,['psychological-thriller']
Lake O,['psychological-thriller']
All the Lovely Pieces,['psychological-thriller']
As Sick as Our Secrets,['psychological-thriller']
Obsesi,['psychological-thriller']
A Deadly Affair to Remember II: The Final Fight,['psychological-thriller']
Double Back,['psychological-thriller']
Trunk,['psychological-thriller']
SMB-plush: The Movie,"['psychological-thriller', 'spy-thriller', 'true-crime']"
Gilded,['psychological-thriller']
Slip,['psychological-thriller']
The Freshman Experience,['psychological-thriller']
Dungeons & Dragons: Honor Among Thieves,"['quest-adventure', 'sword-and-sorcery-fantasy']"
The Goonies,"['quest-adventure', 'teen-adventure', 'teen-comedy']"
Guardians of the Galaxy,"['quest-adventure', 'space-sci-fi', 'superhero-action']"
Captain Marvel,"['quest-adventure', 'space-sci-fi', 'superhero-action']"
Atlantis: The Lost Empire,"['quest-adventure', 'sea-adventure', 'steampunk-sci-fi']"
National Treasure,['quest-adventure']
Tomorrowland,['quest-adventure']
Superman IV: The Quest for Peace,"['quest-adventure', 'superhero-action']"
Joe Dirt,"['quest-adventure', 'road-trip-adventure']"
The 13th Warrior,['quest-adventure']
Ponyo,"['quest-adventure', 'sea-adventure']"
Easy Rider,"['quest-adventure', 'road-trip-adventure', 'tragedy-drama']"
One Hundred and One Dalmatians,"['quest-adventure', 'slapstick-comedy']"
The Sorcerer's Apprentice,['quest-adventure']
James and the Giant Peach,"['quest-adventure', 'sea-adventure', 'swashbuckler-adventure']"
Dolittle,['quest-adventure']
Pee-wee's Big Adventure,"['quest-adventure', 'quirky-comedy', 'road-trip-adventure']"
Oliver & Company,"['quest-adventure', 'tragedy-drama', 'urban-adventure']"
Quest for Fire,"['quest-adventure', 'survival-adventure']"
Race to Witch Mountain,['quest-adventure']
The World's Fastest Indian,['quest-adventure']
Cutthroat Island,"['quest-adventure', 'swashbuckler-adventure']"
News of the World,['quest-adventure']
Winnie the Pooh,['quest-adventure']
Balto,"['quest-adventure', 'survival-adventure']"
The Muppet Movie,"['quest-adventure', 'quirky-comedy', 'road-trip-adventure']"
The King's Daughter,['quest-adventure']
Paulie,"['quest-adventure', 'road-trip-adventure', 'urban-adventure']"
Against the Ice,"['quest-adventure', 'survival-adventure']"
Two Mules for Sister Sara,['quest-adventure']
Amazons,"['quest-adventure', 'sword-and-sandal-action']"
Once Upon a Forest,['quest-adventure']
Brother Bear 2,['quest-adventure']
DuckTales the Movie: Treasure of the Lost Lamp,['quest-adventure']
The Magic Sword,"['quest-adventure', 'sword-and-sorcery-fantasy']"
Pooh's Grand Adventure: The Search for Christopher Robin,['quest-adventure']
She,"['quest-adventure', 'supernatural-fantasy']"
The Long Ships,"['quest-adventure', 'swashbuckler-adventure']"
Thunder Bay,"['quest-adventure', 'sea-adventure', 'workplace-drama']"
The Land Before Time X: The Great Longneck Migration,['quest-adventure']
The Land Before Time XIV: Journey of the Brave,['quest-adventure']
"Race for Your Life, Charlie Brown",['quest-adventure']
The Great Impostor,['quest-adventure']
Wind Across the Everglades,"['quest-adventure', 'survival-adventure']"
The Horsemen,"['quest-adventure', 'road-trip-adventure']"
The Land Before Time VII: The Stone of Cold Fire,['quest-adventure']
Underwater!,"['quest-adventure', 'sea-adventure']"
The Land Before Time IX: Journey to Big Water,['quest-adventure']
The Land Before Time XIII: The Wisdom of Friends,['quest-adventure']
The Great Locomotive Chase,['quest-adventure']
Night Flight,['quest-adventure']
Seven Seas to Calais,"['quest-adventure', 'swashbuckler-adventure']"
The Siege of Robin Hood,['quest-adventure']
Endurance,['quest-adventure']
High Barbaree,['quest-adventure']
Cloud Air: The Movie,['quest-adventure']
Return to Treasure Island,"['quest-adventure', 'sea-adventure']"
Men Against the Sky,['quest-adventure']
Estramia,['quest-adventure']
The Royal Tenenbaums,['quirky-comedy']
Matilda,"['quirky-comedy', 'supernatural-fantasy']"
Asteroid City,"['quirky-comedy', 'showbiz-drama']"
500 Days of Summer,"['quirky-comedy', 'romantic-comedy']"
The French Dispatch,['quirky-comedy']
Splash,"['quirky-comedy', 'romantic-comedy', 'supernatural-fantasy']"
The Ballad of Wallis Island,['quirky-comedy']
The Darjeeling Limited,['quirky-comedy']
Nacho Libre,"['quirky-comedy', 'slapstick-comedy']"
Popeye,"['quirky-comedy', 'slapstick-comedy']"
The Storied Life of A.J. Fikry,['quirky-comedy']
Diary of a Wimpy Kid: Dog Days,"['quirky-comedy', 'teen-comedy']"
Garden State,['quirky-comedy']
Desperately Seeking Susan,"['quirky-comedy', 'screwball-comedy']"
Flubber,"['quirky-comedy', 'slapstick-comedy']"
She Came to Me,"['quirky-comedy', 'romantic-comedy']"
Werewolves Within,"['quirky-comedy', 'supernatural-horror', 'werewolf-horror', 'whodunnit-mystery']"
Mr. Bean's Holiday,"['quirky-comedy', 'slapstick-comedy']"
Problemista,['quirky-comedy']
Cha Cha Real Smooth,['quirky-comedy']
Everything Is Illuminated,['quirky-comedy']
Frank,['quirky-comedy']
Bagdad Cafe,['quirky-comedy']
Paint,['quirky-comedy']
Down by Law,['quirky-comedy']
Faraway,['quirky-comedy']
Junebug,['quirky-comedy']
Catchfire,['quirky-comedy']
Brian and Charles,['quirky-comedy']
Short Circuit 2,['quirky-comedy']
The Science of Sleep,['quirky-comedy']
Cheaper by the Dozen,['quirky-comedy']
Private Life,['quirky-comedy']
Seven Chances,"['quirky-comedy', 'slapstick-comedy']"
Brigsby Bear,['quirky-comedy']
Eagle vs Shark,"['quirky-comedy', 'romantic-comedy']"
High Hopes,"['quirky-comedy', 'satire-comedy']"
OMG 2,['quirky-comedy']
Micmacs,"['quirky-comedy', 'slapstick-comedy']"
Henry Poole Is Here,['quirky-comedy']
Funny Pages,['quirky-comedy']
Creator,"['quirky-comedy', 'romantic-comedy']"
Zazie in the Metro,"['quirky-comedy', 'slapstick-comedy']"
Escanaba in da Moonlight,"['quirky-comedy', 'satire-comedy']"
¡Que viva México!,['quirky-comedy']
Slapstick of Another Kind,"['quirky-comedy', 'satire-comedy', 'slapstick-comedy']"
The Honeymoon,['quirky-comedy']
My Happy Ending,['quirky-comedy']
"The Mother, the Menacer, and Me",['quirky-comedy']
Carolina,['quirky-comedy']
F*ck Love Too,['quirky-comedy']
"Swing High, Swing Low",['quirky-comedy']
The Crystal Ball,['quirky-comedy']
Caprice Italian Style,"['quirky-comedy', 'satire-comedy', 'slapstick-comedy']"
Only Two Can Play,"['quirky-comedy', 'satire-comedy']"
Tobacco Road,"['quirky-comedy', 'tragedy-drama']"
She Couldn't Say No,['quirky-comedy']
Swing,"['quirky-comedy', 'romantic-comedy']"
Tankhouse,['quirky-comedy']
Fenced In,['quirky-comedy']
Jump Tomorrow,['quirky-comedy']
Drones,['quirky-comedy']
Wise Girl,"['quirky-comedy', 'screwball-comedy']"
People in Luck,"['quirky-comedy', 'slapstick-comedy']"
Dan,['quirky-comedy']
Hello Cannabis,['quirky-comedy']
Untitled Psychedelic Black Comedy Project,['quirky-comedy']
EuroTrip,"['raunchy-comedy', 'teen-comedy']"
American Pie,"['raunchy-comedy', 'teen-comedy']"
Old School,['raunchy-comedy']
No Hard Feelings,"['raunchy-comedy', 'romantic-comedy', 'teen-comedy', 'teen-romance']"
The Hangover,['raunchy-comedy']
Movie 43,['raunchy-comedy']
Road Trip,"['raunchy-comedy', 'road-trip-adventure']"
Sex Drive,"['raunchy-comedy', 'romantic-comedy', 'teen-comedy']"
Trainwreck,"['raunchy-comedy', 'romantic-comedy']"
Porky's,"['raunchy-comedy', 'teen-comedy']"
Weird Science,"['raunchy-comedy', 'teen-comedy']"
American Pie 2,"['raunchy-comedy', 'teen-comedy']"
No Strings Attached,"['raunchy-comedy', 'romantic-comedy']"
Incoming,['raunchy-comedy']
Ricky Stanicky,['raunchy-comedy']
Zapped!,"['raunchy-comedy', 'teen-comedy', 'teen-fantasy']"
The Hangover Part II,['raunchy-comedy']
Risky Business,"['raunchy-comedy', 'satire-comedy', 'teen-comedy']"
Ski School,['raunchy-comedy']
American Reunion,['raunchy-comedy']
Van Wilder,['raunchy-comedy']
American Pie Presents: The Naked Mile,['raunchy-comedy']
Deuce Bigalow: Male Gigolo,['raunchy-comedy']
American Pie Presents: Beta House,['raunchy-comedy']
Sex Tape,['raunchy-comedy']
Zack and Miri Make a Porno,['raunchy-comedy']
Human Traffic,['raunchy-comedy']
Good Luck Chuck,"['raunchy-comedy', 'romantic-comedy']"
Private School,['raunchy-comedy']
American Wedding,"['raunchy-comedy', 'slapstick-comedy']"
The Invisible Maniac,"['raunchy-comedy', 'slasher-horror']"
40 Days and 40 Nights,['raunchy-comedy']
My Tutor,['raunchy-comedy']
Screwballs,"['raunchy-comedy', 'slapstick-comedy']"
Orgazmo,['raunchy-comedy']
The Last American Virgin,['raunchy-comedy']
"I Love You, Beth Cooper","['raunchy-comedy', 'romantic-comedy', 'teen-comedy']"
Blockers,"['raunchy-comedy', 'satire-comedy']"
Bros,"['raunchy-comedy', 'romantic-comedy', 'steamy-romance']"
American Pie Presents: Band Camp,['raunchy-comedy']
Private Resort,['raunchy-comedy']
Girls Trip,['raunchy-comedy']
A Good Old Fashioned Orgy,['raunchy-comedy']
Little Darlings,['raunchy-comedy']
Hardbodies,['raunchy-comedy']
American Pie Presents: The Book of Love,"['raunchy-comedy', 'teen-comedy']"
Rough Night,['raunchy-comedy']
The Ladies Man,"['raunchy-comedy', 'slapstick-comedy']"
Fist Fight,['raunchy-comedy']
Joysticks,['raunchy-comedy']
A Dirty Shame,"['raunchy-comedy', 'satire-comedy']"
Who's Your Daddy?,"['raunchy-comedy', 'teen-comedy']"
Milk Money,"['raunchy-comedy', 'romantic-comedy', 'teen-comedy', 'teen-romance']"
Fanny Hill,['raunchy-comedy']
Sex and Zen,"['raunchy-comedy', 'satire-comedy']"
Bad Girls Behind Bars,['raunchy-comedy']
Milf,['raunchy-comedy']
The Sex Monster,['raunchy-comedy']
Bucky Larson: Born to Be a Star,['raunchy-comedy']
Good Kids,"['raunchy-comedy', 'teen-comedy']"
Porky's II: The Next Day,"['raunchy-comedy', 'satire-comedy', 'teen-comedy']"
Deep in the Valley,['raunchy-comedy']
Porky's Revenge,['raunchy-comedy']
Casual Sex?,['raunchy-comedy']
Foreign Exchange,['raunchy-comedy']
Sex Pot,"['raunchy-comedy', 'stoner-comedy']"
The Bikini Carwash Company,['raunchy-comedy']
Casting Couch,['raunchy-comedy']
#1 Cheerleader Camp,['raunchy-comedy']
Alpha House,['raunchy-comedy']
"For a Good Time, Call...",['raunchy-comedy']
Where the Boys Are,"['raunchy-comedy', 'romantic-comedy']"
Virgins of Sherwood Forest,"['raunchy-comedy', 'steamy-romance']"
Booty Call,['raunchy-comedy']
The Long Weekend,['raunchy-comedy']
Summer Job,['raunchy-comedy']
Hooking Up,"['raunchy-comedy', 'teen-comedy']"
Lust in Space,['raunchy-comedy']
Bikini Spring Break,['raunchy-comedy']
Housewives from Another World,['raunchy-comedy']
Pleasurecraft,"['raunchy-comedy', 'space-sci-fi', 'steamy-romance']"
Wild Cherry,"['raunchy-comedy', 'teen-comedy']"
Sexy Movie,"['raunchy-comedy', 'steamy-romance']"
How to Be a Player,"['raunchy-comedy', 'slapstick-comedy']"
Bikini Summer II,['raunchy-comedy']
The Exotic House of Wax,['raunchy-comedy']
"Keep It Up, Jack",['raunchy-comedy']
Sleeping Beauties,['raunchy-comedy']
Bachelor Night,['raunchy-comedy']
Gettin' It,['raunchy-comedy']
Bikini Summer,['raunchy-comedy']
Dr. Alien,['raunchy-comedy']
Frat Party,['raunchy-comedy']
Hollywood Sex Fantasy,"['raunchy-comedy', 'steamy-romance']"
Who's a Good Boy?,['raunchy-comedy']
Lauderdale,"['raunchy-comedy', 'teen-comedy']"
Fast Lane to Vegas,['raunchy-comedy']
Bikini Summer III: South Beach Heat,['raunchy-comedy']
The Bikini Carwash Company II,['raunchy-comedy']
Lonely Wives,['raunchy-comedy']
Vice Academy Part 2,['raunchy-comedy']
Golfballs!,['raunchy-comedy']
Herzblatt oder Wie sag' ich's meiner Tochter?,['raunchy-comedy']
Fast Lane to Malibu,['raunchy-comedy']
Great Bikini Bowling Bash,['raunchy-comedy']
Vixens from Venus,['raunchy-comedy']
I Am Not Big Bird,['raunchy-comedy']
Sexual Chemistry,['raunchy-comedy']
Bare Exposure,['raunchy-comedy']
The Condo,['raunchy-comedy']
Sex with a Smile,"['raunchy-comedy', 'slapstick-comedy']"
Vedo nudo,['raunchy-comedy']
Auch Ninotschka zieht ihr Höschen aus,['raunchy-comedy']
Poster Boys,['raunchy-comedy']
Timegate: Tales of the Saddle Tramps,"['raunchy-comedy', 'time-travel-sci-fi']"
5 Kittens,['raunchy-comedy']
Tender Scoundrel,"['raunchy-comedy', 'screwball-comedy']"
Los días calientes,['raunchy-comedy']
Hazardous Graduation,"['raunchy-comedy', 'teen-comedy']"
Nomadland,"['road-trip-adventure', 'tragedy-drama']"
Scarecrow,['road-trip-adventure']
Rain Man,['road-trip-adventure']
Vacation,"['road-trip-adventure', 'road-trip-adventure', 'slapstick-comedy', 'slapstick-comedy']"
We're the Millers,['road-trip-adventure']
Central Station,"['road-trip-adventure', 'tragedy-drama']"
"Paris, Texas",['road-trip-adventure']
The Road,"['road-trip-adventure', 'survival-adventure', 'tragedy-drama']"
It Happened One Night,"['road-trip-adventure', 'romantic-comedy', 'screwball-comedy']"
Leap Year,"['road-trip-adventure', 'romantic-comedy', 'slapstick-comedy']"
Chef,"['road-trip-adventure', 'workplace-drama']"
On the Road,['road-trip-adventure']
American Honey,['road-trip-adventure']
"To Wong Foo, Thanks for Everything! Julie Newmar",['road-trip-adventure']
Identity Thief,"['road-trip-adventure', 'slapstick-comedy']"
Wild Hogs,"['road-trip-adventure', 'slapstick-comedy']"
Fandango,"['road-trip-adventure', 'spaghetti-western']"
Five Easy Pieces,['road-trip-adventure']
The Fundamentals of Caring,['road-trip-adventure']
The Wizard,"['road-trip-adventure', 'teen-adventure']"
Take Me Home,['road-trip-adventure']
RV,"['road-trip-adventure', 'slapstick-comedy']"
Up in Smoke,"['road-trip-adventure', 'stoner-comedy']"
Are We There Yet?,"['road-trip-adventure', 'slapstick-comedy']"
Tammy,['road-trip-adventure']
Going the Distance,"['road-trip-adventure', 'romantic-comedy']"
Alvin and the Chipmunks: The Road Chip,['road-trip-adventure']
The Man with the Answers,['road-trip-adventure']
Diary of a Wimpy Kid: The Long Haul,"['road-trip-adventure', 'teen-adventure', 'teen-comedy']"
Between Two Ferns: The Movie,['road-trip-adventure']
The Gauntlet,['road-trip-adventure']
Two-Lane Blacktop,['road-trip-adventure']
Transamerica,['road-trip-adventure']
Everybody's Fine,['road-trip-adventure']
Corvette Summer,['road-trip-adventure']
Follow That Bird,['road-trip-adventure']
The Adventures of Rocky & Bullwinkle,"['road-trip-adventure', 'slapstick-comedy']"
Smokey and the Bandit II,['road-trip-adventure']
Two for the Road,['road-trip-adventure']
Johnson Family Vacation,['road-trip-adventure']
The Leisure Seeker,['road-trip-adventure']
Harry and Tonto,['road-trip-adventure']
Larger Than Life,['road-trip-adventure']
Highway,['road-trip-adventure']
Where Angels Go Trouble Follows!,['road-trip-adventure']
Paris Can Wait,['road-trip-adventure']
The Yellow Handkerchief,['road-trip-adventure']
Josh and S.A.M.,['road-trip-adventure']
Dear Eleanor,['road-trip-adventure']
Old Boyfriends,['road-trip-adventure']
The Trip to Spain,['road-trip-adventure']
Powwow Highway,['road-trip-adventure']
Getting There,['road-trip-adventure']
The Open Road,['road-trip-adventure']
Rolling Kansas,"['road-trip-adventure', 'stoner-comedy']"
The Puffy Chair,['road-trip-adventure']
Tennessee,['road-trip-adventure']
The Time of Their Lives,"['road-trip-adventure', 'screwball-comedy']"
Roadside Prophets,['road-trip-adventure']
The Wayward Bus,['road-trip-adventure']
Heartlands,['road-trip-adventure']
World Traveler,['road-trip-adventure']
One-Way to Tomorrow,['road-trip-adventure']
Les Cowboys,['road-trip-adventure']
One Man and His Cow,['road-trip-adventure']
Escapade in Japan,['road-trip-adventure']
A Colorful Heart.,['road-trip-adventure']
Beyond the Peak,"['road-trip-adventure', 'survival-adventure']"
Titik Nol,['road-trip-adventure']
Beyond Maps,['road-trip-adventure']
Balance,['road-trip-adventure']
Xanadu,['rock-musical']
Jesus Christ Superstar,['rock-musical']
Evita,['rock-musical']
Tenacious D in the Pick of Destiny,"['rock-musical', 'stoner-comedy']"
Blue Hawaii,['rock-musical']
Viva Las Vegas,['rock-musical']
King Creole,['rock-musical']
Jailhouse Rock,['rock-musical']
Inu-oh,['rock-musical']
Heartbreak Hotel,['rock-musical']
I Kissed a Vampire,['rock-musical']
King of the Camp,['rock-musical']
Bridget Jones: Mad About the Boy,['romantic-comedy']
Anyone But You,['romantic-comedy']
Coyote Ugly,['romantic-comedy']
Nadaaniyan,['romantic-comedy']
Larry Crowne,['romantic-comedy']
Cashback,['romantic-comedy']
Fly Me to the Moon,['romantic-comedy']
Ghosted,['romantic-comedy']
Just Go with It,['romantic-comedy']
Coming to America,['romantic-comedy']
Bridget Jones's Baby,['romantic-comedy']
This Is 40,['romantic-comedy']
She's All That,"['romantic-comedy', 'teen-comedy', 'teen-romance']"
Working Girl,"['romantic-comedy', 'workplace-drama']"
Easy A,"['romantic-comedy', 'satire-comedy', 'teen-comedy', 'teen-drama', 'teen-romance']"
Bridget Jones: The Edge of Reason,['romantic-comedy']
Midnight in Paris,['romantic-comedy']
There's Something About Mary,"['romantic-comedy', 'slapstick-comedy']"
She's the Man,"['romantic-comedy', 'teen-comedy', 'teen-romance']"
Valentine's Day,['romantic-comedy']
Father of the Bride,"['romantic-comedy', 'romantic-comedy']"
My Man Godfrey,"['romantic-comedy', 'screwball-comedy']"
The Cutting Edge,['romantic-comedy']
"Red, White & Royal Blue","['romantic-comedy', 'screwball-comedy', 'steamy-romance']"
Moonstruck,['romantic-comedy']
Don Jon,['romantic-comedy']
Breakfast at Tiffany's,['romantic-comedy']
The Other Zoey,['romantic-comedy']
The Ugly Truth,['romantic-comedy']
As Good as It Gets,['romantic-comedy']
Meet the Parents,"['romantic-comedy', 'slapstick-comedy']"
Can't Hardly Wait,"['romantic-comedy', 'teen-comedy', 'teen-romance']"
"Love, Rosie","['romantic-comedy', 'teen-romance']"
The Mexican,['romantic-comedy']
To All the Boys I've Loved Before,"['romantic-comedy', 'teen-comedy', 'teen-drama', 'teen-romance']"
Annie Hall,['romantic-comedy']
Overboard,"['romantic-comedy', 'romantic-comedy']"
Much Ado About Nothing,"['romantic-comedy', 'romantic-comedy']"
"Definitely, Maybe",['romantic-comedy']
A Rainy Day in New York,['romantic-comedy']
A Cinderella Story,"['romantic-comedy', 'teen-comedy', 'teen-romance']"
Hitch,['romantic-comedy']
Meet the Fockers,"['romantic-comedy', 'slapstick-comedy']"
My Best Friend's Wedding,['romantic-comedy']
Fool's Gold,['romantic-comedy']
Roman Holiday,['romantic-comedy']
P.S. I Love You,['romantic-comedy']
Set It Up,['romantic-comedy']
Blast from the Past,['romantic-comedy']
Can't Buy Me Love,"['romantic-comedy', 'teen-comedy', 'teen-drama', 'teen-romance']"
Upgraded,['romantic-comedy']
This Means War,['romantic-comedy']
Mike and Dave Need Wedding Dates,['romantic-comedy']
The Wedding Date,['romantic-comedy']
The Heartbreak Kid,"['romantic-comedy', 'romantic-comedy', 'satire-comedy']"
Bride Wars,['romantic-comedy']
Spanglish,['romantic-comedy']
Just My Luck,['romantic-comedy']
Whatever It Takes,"['romantic-comedy', 'teen-romance']"
Raising Helen,['romantic-comedy']
The Princess Diaries 2: Royal Engagement,"['romantic-comedy', 'teen-comedy']"
Sex and the City,['romantic-comedy']
Ghosts of Girlfriends Past,['romantic-comedy']
Aloha,['romantic-comedy']
Never Been Kissed,"['romantic-comedy', 'teen-comedy', 'teen-romance']"
How to Be Single,['romantic-comedy']
Under the Tuscan Sun,['romantic-comedy']
Sosyal Climbers,['romantic-comedy']
He's All That,"['romantic-comedy', 'teen-comedy', 'teen-romance']"
It's Complicated,['romantic-comedy']
What a Girl Wants,"['romantic-comedy', 'teen-comedy', 'teen-romance']"
Maid in Manhattan,['romantic-comedy']
Imagine Me & You,['romantic-comedy']
Saratoga,['romantic-comedy']
Along Came Polly,['romantic-comedy']
Singles,['romantic-comedy']
Sex and the City 2,['romantic-comedy']
It Takes Two,['romantic-comedy']
Long Shot,['romantic-comedy']
A Lot Like Love,['romantic-comedy']
The Break-Up,['romantic-comedy']
Made of Honor,"['romantic-comedy', 'slapstick-comedy']"
Something's Gotta Give,['romantic-comedy']
Earth Girls Are Easy,['romantic-comedy']
Sabrina,"['romantic-comedy', 'romantic-comedy']"
The Big Sick,['romantic-comedy']
Players,['romantic-comedy']
Ruby Sparks,['romantic-comedy']
Your Place or Mine,['romantic-comedy']
About Last Night,"['romantic-comedy', 'romantic-comedy']"
The Five-Year Engagement,['romantic-comedy']
Just Married,['romantic-comedy']
Chasing Amy,['romantic-comedy']
"New York, I Love You",['romantic-comedy']
Modern Times,"['romantic-comedy', 'satire-comedy', 'slapstick-comedy']"
Barefoot in the Park,['romantic-comedy']
Stuck in Love.,['romantic-comedy']
Fallen Leaves,['romantic-comedy']
Dave,"['romantic-comedy', 'satire-comedy']"
Mr. Right,['romantic-comedy']
Failure to Launch,['romantic-comedy']
Six Days Seven Nights,"['romantic-comedy', 'survival-adventure']"
What If,['romantic-comedy']
Confessions of a Shopaholic,['romantic-comedy']
Barefoot,['romantic-comedy']
The Wedding Planner,['romantic-comedy']
Life as We Know It,['romantic-comedy']
Girls Just Want to Have Fun,"['romantic-comedy', 'teen-comedy']"
My Big Fat Greek Wedding 3,['romantic-comedy']
Fools Rush In,['romantic-comedy']
Because I Said So,['romantic-comedy']
Zookeeper,['romantic-comedy']
Frankie and Johnny,['romantic-comedy']
First Daughter,['romantic-comedy']
Happiness for Beginners,['romantic-comedy']
The Switch,['romantic-comedy']
Beautiful Girls,['romantic-comedy']
Little Italy,['romantic-comedy']
Boomerang,['romantic-comedy']
Runaway Bride,['romantic-comedy']
What to Expect When You're Expecting,['romantic-comedy']
Austenland,['romantic-comedy']
What Happens Later,['romantic-comedy']
Prime,['romantic-comedy']
10 Years,['romantic-comedy']
Doc Hollywood,['romantic-comedy']
Only You,['romantic-comedy']
When We First Met,['romantic-comedy']
Get Over It,['romantic-comedy']
The Goodbye Girl,['romantic-comedy']
How Do You Know,['romantic-comedy']
Always Be My Maybe,['romantic-comedy']
Shall We Dance?,"['romantic-comedy', 'romantic-comedy']"
Jersey Girl,['romantic-comedy']
Broadcast News,"['romantic-comedy', 'satire-comedy', 'workplace-drama']"
Home Again,['romantic-comedy']
Drive Me Crazy,['romantic-comedy']
No Reservations,['romantic-comedy']
Joe Versus the Volcano,['romantic-comedy']
Enough Said,['romantic-comedy']
Timer,['romantic-comedy']
Book Club: The Next Chapter,['romantic-comedy']
Two Night Stand,['romantic-comedy']
Chasing Liberty,['romantic-comedy']
What's Your Number?,['romantic-comedy']
My Best Friend's Girl,['romantic-comedy']
Summer Catch,['romantic-comedy']
Tin Cup,['romantic-comedy']
Marry Me,['romantic-comedy']
Funny Face,['romantic-comedy']
Saving Silverman,"['romantic-comedy', 'slapstick-comedy']"
New Year's Eve,['romantic-comedy']
Loser,['romantic-comedy']
What's Love Got to Do with It?,['romantic-comedy']
Bride & Prejudice,['romantic-comedy']
I Could Never Be Your Woman,"['romantic-comedy', 'satire-comedy', 'slapstick-comedy']"
Swept Away,"['romantic-comedy', 'survival-adventure', 'survival-adventure']"
A Nice Girl Like You,['romantic-comedy']
Book Club,['romantic-comedy']
Sydney White,['romantic-comedy']
Nick and Norah's Infinite Playlist,"['romantic-comedy', 'teen-comedy', 'teen-drama', 'teen-romance']"
Isn't It Romantic,"['romantic-comedy', 'satire-comedy']"
"Yours, Mine & Ours",['romantic-comedy']
How Stella Got Her Groove Back,['romantic-comedy']
My Big Fat Greek Wedding 2,['romantic-comedy']
Wimbledon,['romantic-comedy']
America's Sweethearts,"['romantic-comedy', 'satire-comedy']"
The Mirror Has Two Faces,['romantic-comedy']
Don Juan DeMarco,['romantic-comedy']
Boys and Girls,"['romantic-comedy', 'teen-comedy']"
Someone Like You,['romantic-comedy']
My Super Ex-Girlfriend,['romantic-comedy']
The Fabulous Baker Boys,['romantic-comedy']
She's the One,['romantic-comedy']
Roxanne,"['romantic-comedy', 'slapstick-comedy']"
To Rome with Love,['romantic-comedy']
High Society,['romantic-comedy']
Blind Date,"['romantic-comedy', 'slapstick-comedy', 'slasher-horror']"
Think Like a Man Too,['romantic-comedy']
Young Werther,['romantic-comedy']
Chances Are,['romantic-comedy']
HouseSitter,['romantic-comedy']
The Other Sister,['romantic-comedy']
The Prince and Me,['romantic-comedy']
How to Marry a Millionaire,"['romantic-comedy', 'screwball-comedy']"
Win a Date with Tad Hamilton!,['romantic-comedy']
Keeping the Faith,['romantic-comedy']
Saving Face,['romantic-comedy']
Hope Springs,['romantic-comedy']
Nine Months,['romantic-comedy']
Must Love Dogs,['romantic-comedy']
Honeymoon in Vegas,['romantic-comedy']
Life or Something Like It,['romantic-comedy']
View from the Top,['romantic-comedy']
Chilly Scenes of Winter,['romantic-comedy']
Kissing Jessica Stein,['romantic-comedy']
Little Black Book,['romantic-comedy']
The Butcher's Wife,['romantic-comedy']
The Truth About Cats & Dogs,['romantic-comedy']
Green Card,['romantic-comedy']
Did You Hear About the Morgans?,['romantic-comedy']
The Awful Truth,"['romantic-comedy', 'screwball-comedy']"
Miss Pettigrew Lives for a Day,['romantic-comedy']
In Good Company,"['romantic-comedy', 'workplace-drama']"
Over Her Dead Body,['romantic-comedy']
A Guy Thing,['romantic-comedy']
Celeste & Jesse Forever,['romantic-comedy']
Legal Eagles,['romantic-comedy']
Houseboat,"['romantic-comedy', 'satire-comedy', 'screwball-comedy']"
My Mom's New Boyfriend,['romantic-comedy']
The Beautician and the Beast,['romantic-comedy']
Lost & Found,['romantic-comedy']
Excess Baggage,['romantic-comedy']
Ninotchka,"['romantic-comedy', 'satire-comedy', 'screwball-comedy']"
Laws of Attraction,['romantic-comedy']
The Last Kiss,['romantic-comedy']
Serving Sara,['romantic-comedy']
Head Over Heels,['romantic-comedy']
License to Wed,['romantic-comedy']
That Touch of Mink,['romantic-comedy']
An Ideal Husband,['romantic-comedy']
Down to You,['romantic-comedy']
Addicted to Love,['romantic-comedy']
The Story of Us,['romantic-comedy']
Man's Favorite Sport?,"['romantic-comedy', 'screwball-comedy', 'slapstick-comedy']"
Cousins,['romantic-comedy']
Say It Isn't So,['romantic-comedy']
Love in the Afternoon,['romantic-comedy']
Forget Paris,['romantic-comedy']
Simply Irresistible,['romantic-comedy']
The End of Sex,['romantic-comedy']
Alex Strangelove,['romantic-comedy']
Maggie's Plan,['romantic-comedy']
Italian for Beginners,['romantic-comedy']
Mr. Blandings Builds His Dream House,"['romantic-comedy', 'satire-comedy']"
Alex & Emma,['romantic-comedy']
Teacher's Pet,['romantic-comedy']
Woman on Top,['romantic-comedy']
Kiss Me Kate,"['romantic-comedy', 'screwball-comedy']"
Sex and the Single Girl,['romantic-comedy']
Meet the Browns,['romantic-comedy']
The Bachelor,['romantic-comedy']
Top Five,['romantic-comedy']
The Marrying Man,"['romantic-comedy', 'slapstick-comedy']"
Overnight Delivery,['romantic-comedy']
Mr. Wonderful,['romantic-comedy']
"Move Over, Darling","['romantic-comedy', 'screwball-comedy', 'slapstick-comedy']"
My Favorite Wife,"['romantic-comedy', 'screwball-comedy']"
Splendor,['romantic-comedy']
A Damsel in Distress,['romantic-comedy']
"The Long, Long Trailer","['romantic-comedy', 'satire-comedy', 'slapstick-comedy']"
Being Julia,['romantic-comedy']
Do Not Disturb,['romantic-comedy']
The Swan,['romantic-comedy']
A Song Is Born,"['romantic-comedy', 'screwball-comedy']"
The Grass Is Greener,"['romantic-comedy', 'screwball-comedy']"
Mrs. Winterbourne,['romantic-comedy']
We're Not Married!,"['romantic-comedy', 'screwball-comedy']"
Design for Living,"['romantic-comedy', 'screwball-comedy']"
Girl Happy,['romantic-comedy']
Wife vs. Secretary,"['romantic-comedy', 'screwball-comedy']"
Darling Lili,['romantic-comedy']
Good Advice,['romantic-comedy']
The Courtship of Eddie's Father,['romantic-comedy']
Shall We Dance,['romantic-comedy']
The Black Marble,['romantic-comedy']
Molly,['romantic-comedy']
Angie,['romantic-comedy']
The Tender Trap,['romantic-comedy']
Lady Be Good,['romantic-comedy']
When Ladies Meet,['romantic-comedy']
She Done Him Wrong,['romantic-comedy']
Love Crazy,"['romantic-comedy', 'screwball-comedy']"
Speechless,['romantic-comedy']
Everybody Wants to Be Italian,['romantic-comedy']
Mostly Martha,['romantic-comedy']
"He Said, She Said",['romantic-comedy']
That Old Feeling,"['romantic-comedy', 'screwball-comedy']"
The Strawberry Blonde,['romantic-comedy']
Cluny Brown,"['romantic-comedy', 'satire-comedy']"
Platinum Blonde,"['romantic-comedy', 'screwball-comedy']"
Sylvia Scarlett,['romantic-comedy']
Adam & Steve,['romantic-comedy']
Twentieth Century,"['romantic-comedy', 'screwball-comedy']"
Carefree,"['romantic-comedy', 'screwball-comedy']"
Come Live with Me,['romantic-comedy']
Three Little Words,['romantic-comedy']
Kissing a Fool,['romantic-comedy']
Year of the Comet,['romantic-comedy']
Pot o' Gold,"['romantic-comedy', 'screwball-comedy']"
Miami Rhapsody,['romantic-comedy']
Mr. Lucky,['romantic-comedy']
A New Kind of Love,['romantic-comedy']
Nancy Goes to Rio,"['romantic-comedy', 'screwball-comedy']"
eCupid,['romantic-comedy']
The Mating Game,"['romantic-comedy', 'slapstick-comedy']"
The Truth About Love,['romantic-comedy']
Made in Paris,['romantic-comedy']
Margie,['romantic-comedy']
It Started with a Kiss,"['romantic-comedy', 'satire-comedy']"
Sweet November,['romantic-comedy']
Break Ke Baad,['romantic-comedy']
Personal Property,"['romantic-comedy', 'screwball-comedy']"
Kiss Them for Me,['romantic-comedy']
Billy Rose's Jumbo,['romantic-comedy']
Marriage on the Rocks,['romantic-comedy']
American Dreamer,['romantic-comedy']
Born to Dance,['romantic-comedy']
Once Upon a Honeymoon,"['romantic-comedy', 'screwball-comedy']"
That Wonderful Urge,['romantic-comedy']
The Divorce Party,['romantic-comedy']
Theodora Goes Wild,"['romantic-comedy', 'screwball-comedy']"
The Mating of Millie,['romantic-comedy']
Romantic Comedy,['romantic-comedy']
Every Girl Should Be Married,['romantic-comedy']
Two-Faced Woman,"['romantic-comedy', 'screwball-comedy']"
The Model and the Marriage Broker,"['romantic-comedy', 'screwball-comedy']"
The Bobo,['romantic-comedy']
Four's a Crowd,"['romantic-comedy', 'screwball-comedy']"
Here Comes the Groom,['romantic-comedy']
My Geisha,['romantic-comedy']
Lucky Me,['romantic-comedy']
Why Be Good?,['romantic-comedy']
The Ghost Goes West,['romantic-comedy']
Dream Wife,['romantic-comedy']
Love Is News,['romantic-comedy']
The Doctor Takes a Wife,"['romantic-comedy', 'screwball-comedy']"
The Impossible Years,"['romantic-comedy', 'satire-comedy']"
The Private War of Major Benson,"['romantic-comedy', 'screwball-comedy', 'teen-comedy']"
The Bride Came C.O.D.,"['romantic-comedy', 'screwball-comedy']"
Ask Any Girl,['romantic-comedy']
The Happy Years,['romantic-comedy']
Hollywood Hotel,['romantic-comedy']
Tales of Manhattan,['romantic-comedy']
Lucky Partners,"['romantic-comedy', 'screwball-comedy']"
The Love Parade,"['romantic-comedy', 'slapstick-comedy']"
A Breath of Scandal,['romantic-comedy']
All in a Night's Work,['romantic-comedy']
Star of Midnight,"['romantic-comedy', 'screwball-comedy']"
Tonight or Never,"['romantic-comedy', 'screwball-comedy']"
Bundle of Joy,"['romantic-comedy', 'screwball-comedy']"
Holiday in Mexico,['romantic-comedy']
A Ticklish Affair,['romantic-comedy']
A Smile Like Yours,['romantic-comedy']
"Rich, Young and Pretty",['romantic-comedy']
The Taming of the Shrew,"['romantic-comedy', 'satire-comedy']"
But Not for Me,['romantic-comedy']
O Kadhal Kanmani,['romantic-comedy']
Padosan,['romantic-comedy']
The Girl from Jones Beach,['romantic-comedy']
Merry Andrew,['romantic-comedy']
Duchess of Idaho,['romantic-comedy']
It's a Pleasure,['romantic-comedy']
Rafter Romance,['romantic-comedy']
Never a Dull Moment,"['romantic-comedy', 'slapstick-comedy']"
The Extra Girl,['romantic-comedy']
Pipe Dream,['romantic-comedy']
Bachelor Apartment,['romantic-comedy']
Abracadabra,['romantic-comedy']
"Mary, Mary",['romantic-comedy']
The Bride Goes Wild,['romantic-comedy']
Grounds for Marriage,['romantic-comedy']
Exit Smiling,['romantic-comedy']
Faithful in My Fashion,"['romantic-comedy', 'screwball-comedy']"
Hold That Kiss,['romantic-comedy']
Delightfully Dangerous,"['romantic-comedy', 'screwball-comedy']"
Washington Story,['romantic-comedy']
You're Only Young Once,['romantic-comedy']
Design for Scandal,"['romantic-comedy', 'screwball-comedy']"
Too Young to Kiss,"['romantic-comedy', 'slapstick-comedy']"
En otro lugar,['romantic-comedy']
Affair with a Stranger,['romantic-comedy']
Adrenaline Drive,['romantic-comedy']
Love Is a Headache,"['romantic-comedy', 'screwball-comedy']"
You Can't Fool Your Wife,['romantic-comedy']
Peach O'Reno,"['romantic-comedy', 'slapstick-comedy']"
Fast Life,['romantic-comedy']
Big Business Girl,"['romantic-comedy', 'screwball-comedy']"
Melody Cruise,['romantic-comedy']
An Idiot in Paris,['romantic-comedy']
Smartest Girl in Town,['romantic-comedy']
A Letter for Evie,['romantic-comedy']
Something Always Happens,"['romantic-comedy', 'screwball-comedy']"
The Singing Marine,['romantic-comedy']
Something Short of Paradise,['romantic-comedy']
I Swiped the Wrong One,['romantic-comedy']
"Beg, Borrow or Steal",['romantic-comedy']
Living on Love,['romantic-comedy']
I Like Your Nerve,['romantic-comedy']
Trouble in Law,['romantic-comedy']
Mr. Virgin,['romantic-comedy']
Here Comes Happiness,['romantic-comedy']
Alias a Gentleman,['romantic-comedy']
Dívka v modrém,"['romantic-comedy', 'screwball-comedy']"
The Village Bride of Beverly Hills,['romantic-comedy']
Rukmini Vasantha,['romantic-comedy']
One Hit Wonder,['romantic-comedy']
Maailman kaunein tyttö,['romantic-comedy']
Na horách,['romantic-comedy']
First Kiss,['romantic-comedy']
Love Unlocked A Christmas Time Capsule,['romantic-comedy']
The Wolverine,"['samurai-action', 'superhero-action']"
47 Ronin,['samurai-action']
Red Sun,"['samurai-action', 'spaghetti-western']"
Blade of the Immortal,['samurai-action']
Blade of the 47 Ronin,['samurai-action']
Sanjuro,['samurai-action']
The Blind Swordsman: Zatoichi,['samurai-action']
Shogun Assassin,['samurai-action']
Batman Ninja,"['samurai-action', 'superhero-action']"
Samurai I: Musashi Miyamoto,['samurai-action']
Samurai Assassin,['samurai-action']
The Steel Edge of Revenge,['samurai-action']
Three Outlaw Samurai,['samurai-action']
Chushingura,['samurai-action']
Samurai III: Duel at Ganryu Island,['samurai-action']
Samurai II: Duel at Ichijoji Temple,['samurai-action']
Hitokiri,['samurai-action']
The Bushido Blade,['samurai-action']
Zatoichi Meets Yojimbo,['samurai-action']
Sword of the Beast,['samurai-action']
Samurai Wolf,['samurai-action']
Shinsengumi: Assassins of Honor,['samurai-action']
Bushido,['samurai-action']
Samurai Banners,['samurai-action']
Destiny's Son,['samurai-action']
New Tale of Zatoichi,['samurai-action']
The Tale of Zatoichi Continues,['samurai-action']
Incident at Blood Pass,['samurai-action']
Zatoichi on the Road,['samurai-action']
Samurai Spy,['samurai-action']
Satan's Sword,['samurai-action']
Vendetta of a Samurai,['samurai-action']
Orochi,['samurai-action']
Samurai Saga,['samurai-action']
Samurai Vendetta,['samurai-action']
The Betrayal,['samurai-action']
Nemuri Kyôshirô: Engetsugiri,['samurai-action']
Sleepy Eyes of Death: The Mask of the Princess,['samurai-action']
Welcome to Mooseport,['satire-comedy']
Office Space,['satire-comedy']
Trading Places,['satire-comedy']
Maverick,['satire-comedy']
Zoolander,"['satire-comedy', 'slapstick-comedy']"
The Dictator,['satire-comedy']
The Campaign,"['satire-comedy', 'slapstick-comedy']"
Being There,['satire-comedy']
Slap Shot,['satire-comedy']
The Full Monty,['satire-comedy']
Canadian Bacon,['satire-comedy']
Candy,['satire-comedy']
Shampoo,['satire-comedy']
The Square,['satire-comedy']
1941,"['satire-comedy', 'slapstick-comedy']"
Be Cool,['satire-comedy']
Fool's Paradise,"['satire-comedy', 'slapstick-comedy']"
When You Finish Saving the World,['satire-comedy']
Private Benjamin,['satire-comedy']
"Hail, Caesar!","['satire-comedy', 'showbiz-drama']"
The American Society of Magical Negroes,['satire-comedy']
Saved!,['satire-comedy']
Good Bye Lenin!,['satire-comedy']
Brüno,"['satire-comedy', 'slapstick-comedy']"
Extreme Movie,['satire-comedy']
The Hudsucker Proxy,"['satire-comedy', 'workplace-drama']"
Gremlins 2: The New Batch,"['satire-comedy', 'slapstick-comedy']"
Waiting for Guffman,['satire-comedy']
Nashville,"['satire-comedy', 'tragedy-drama']"
Spice World,['satire-comedy']
That Obscure Object of Desire,['satire-comedy']
PCU,['satire-comedy']
Bean,"['satire-comedy', 'slapstick-comedy']"
Private Parts,['satire-comedy']
Get Him to the Greek,['satire-comedy']
Bowfinger,['satire-comedy']
Maps to the Stars,['satire-comedy']
The Discreet Charm of the Bourgeoisie,['satire-comedy']
War Machine,['satire-comedy']
Defending Your Life,['satire-comedy']
Holy Smoke,"['satire-comedy', 'slapstick-comedy']"
Blow Dry,"['satire-comedy', 'slapstick-comedy']"
Six Degrees of Separation,['satire-comedy']
The Triplets of Belleville,['satire-comedy']
Amarcord,['satire-comedy']
How to Be a Latin Lover,"['satire-comedy', 'slapstick-comedy']"
Mainstream,['satire-comedy']
"One, Two, Three","['satire-comedy', 'screwball-comedy']"
Crumb,['satire-comedy']
Big Bad Mama,['satire-comedy']
L.A. Story,['satire-comedy']
Celebrity,['satire-comedy']
The Nutty Professor,"['satire-comedy', 'slapstick-comedy', 'slapstick-comedy']"
The Joneses,['satire-comedy']
No Man's Land,['satire-comedy']
Kin-dza-dza!,['satire-comedy']
Living in Oblivion,['satire-comedy']
Wagons East,['satire-comedy']
Heavy Traffic,['satire-comedy']
I'm All Right Jack,['satire-comedy']
"The Goods: Live Hard, Sell Hard",['satire-comedy']
Rotting in the Sun,['satire-comedy']
Edtv,['satire-comedy']
Ishtar,['satire-comedy']
Marquis,['satire-comedy']
New York Stories,['satire-comedy']
Crimes and Misdemeanors,['satire-comedy']
Dorm Daze,['satire-comedy']
Bob & Carol & Ted & Alice,['satire-comedy']
S.O.B.,"['satire-comedy', 'slapstick-comedy']"
2001 Maniacs,"['satire-comedy', 'slasher-horror']"
The Purple Rose of Cairo,"['satire-comedy', 'tragedy-drama']"
Rapture-Palooza,['satire-comedy']
The Dream Team,['satire-comedy']
Citizen Ruth,['satire-comedy']
School Daze,['satire-comedy']
Nobody's Hero,['satire-comedy']
Down and Out in Beverly Hills,['satire-comedy']
My Uncle,['satire-comedy']
Quasi,"['satire-comedy', 'slapstick-comedy']"
The Paper,"['satire-comedy', 'workplace-drama']"
The Devil's Disciple,['satire-comedy']
Fast Food Nation,['satire-comedy']
Caged Heat,['satire-comedy']
Vampire Killers,['satire-comedy']
Sullivan's Travels,"['satire-comedy', 'screwball-comedy', 'showbiz-drama', 'slapstick-comedy']"
"Ladies and Gentlemen, the Fabulous Stains",['satire-comedy']
You Will Meet a Tall Dark Stranger,['satire-comedy']
Some Kind of Beautiful,['satire-comedy']
The Tall Guy,"['satire-comedy', 'slapstick-comedy']"
Tamara Drewe,['satire-comedy']
Hector and the Search for Happiness,"['satire-comedy', 'slapstick-comedy']"
Bamboozled,['satire-comedy']
The Life and Times of Judge Roy Bean,['satire-comedy']
Bambina,['satire-comedy']
She Hate Me,['satire-comedy']
Pirates,"['satire-comedy', 'swashbuckler-adventure']"
Bananas,"['satire-comedy', 'slapstick-comedy']"
East Is East,['satire-comedy']
Pecker,['satire-comedy']
Soul Men,['satire-comedy']
My Fellow Americans,['satire-comedy']
Casa de mi Padre,['satire-comedy']
B*A*P*S,['satire-comedy']
"Hello, My Name Is Doris",['satire-comedy']
Bob Roberts,['satire-comedy']
Human Nature,"['satire-comedy', 'slasher-horror']"
Husbands and Wives,['satire-comedy']
Lost in America,['satire-comedy']
The Big Picture,"['satire-comedy', 'showbiz-drama']"
Accidental Love,['satire-comedy']
Full Frontal,['satire-comedy']
North Dallas Forty,['satire-comedy']
Leap of Faith,['satire-comedy']
A Foreign Affair,['satire-comedy']
The Underground Comedy Movie,['satire-comedy']
Dear White People,['satire-comedy']
Ziegfeld Follies,['satire-comedy']
"I Love You, Alice B. Toklas!",['satire-comedy']
"Goodbye, Columbus",['satire-comedy']
Zelig,['satire-comedy']
Life Stinks,['satire-comedy']
How to Succeed in Business Without Really Trying,['satire-comedy']
Head of State,['satire-comedy']
The Harrad Experiment,['satire-comedy']
What Planet Are You From?,['satire-comedy']
Li'l Abner,['satire-comedy']
Other People's Money,['satire-comedy']
The Coca-Cola Kid,['satire-comedy']
So Fine,['satire-comedy']
Will Success Spoil Rock Hunter?,['satire-comedy']
Material Girls,['satire-comedy']
Haunted Honeymoon,['satire-comedy']
Run Ronnie Run,['satire-comedy']
The Howl,['satire-comedy']
Divorce American Style,"['satire-comedy', 'screwball-comedy']"
Stardust Memories,"['satire-comedy', 'showbiz-drama']"
"Buffalo Bill and the Indians, or Sitting Bull's History Lesson",['satire-comedy']
The Barbarian Invasions,['satire-comedy']
The Brother from Another Planet,['satire-comedy']
Good Neighbor Sam,['satire-comedy']
Greetings,['satire-comedy']
Switching Channels,['satire-comedy']
The Secret of Santa Vittoria,['satire-comedy']
"Kiss Me, Stupid",['satire-comedy']
Closely Watched Trains,['satire-comedy']
Fellini's Roma,['satire-comedy']
They Bite,['satire-comedy']
The Muse,['satire-comedy']
The Associate,['satire-comedy']
Chatterbox!,"['satire-comedy', 'slapstick-comedy']"
Holy Man,['satire-comedy']
How to Get Ahead in Advertising,['satire-comedy']
Alice's Restaurant,['satire-comedy']
Dirty Duck,"['satire-comedy', 'slapstick-comedy']"
Moon Over Parador,['satire-comedy']
A King in New York,"['satire-comedy', 'slapstick-comedy']"
High Heels and Low Lifes,['satire-comedy']
Religulous,['satire-comedy']
FM,['satire-comedy']
Mr. Hobbs Takes a Vacation,['satire-comedy']
Where to Invade Next,['satire-comedy']
Hamburger: The Motion Picture,['satire-comedy']
Slap Shot 2: Breaking the Ice,"['satire-comedy', 'slapstick-comedy']"
Touch,['satire-comedy']
Protocol,['satire-comedy']
Sgt. Kabukiman N.Y.P.D.,"['satire-comedy', 'slapstick-comedy', 'superhero-action']"
Elvis & Nixon,['satire-comedy']
Serial,['satire-comedy']
Crazy People,['satire-comedy']
Fitzwilly,['satire-comedy']
The Real Blonde,['satire-comedy']
Miss Firecracker,['satire-comedy']
Sitting Pretty,['satire-comedy']
Wrong Is Right,['satire-comedy']
Modern Romance,['satire-comedy']
Space Station 76,['satire-comedy']
Maid to Order,['satire-comedy']
"Happy, Texas",['satire-comedy']
It Should Happen to You,['satire-comedy']
The Hoax,['satire-comedy']
Captain Pantoja and the Special Services,['satire-comedy']
Americathon,"['satire-comedy', 'slapstick-comedy']"
Amos & Andrew,['satire-comedy']
American Dreamz,['satire-comedy']
Nothing Sacred,"['satire-comedy', 'screwball-comedy']"
God's Little Acre,['satire-comedy']
Miracle in Milan,['satire-comedy']
The Closet,['satire-comedy']
Private's Progress,['satire-comedy']
A Private Function,['satire-comedy']
Rabid Grannies,['satire-comedy']
The Love God?,['satire-comedy']
Diary of a Mad Housewife,['satire-comedy']
Flashback,"['satire-comedy', 'slasher-horror', 'teen-horror']"
The Farmer's Daughter,['satire-comedy']
Artists and Models,"['satire-comedy', 'slapstick-comedy']"
The Decline of the American Empire,['satire-comedy']
The Amateurs,['satire-comedy']
Jacky in the Kingdom of Women,['satire-comedy']
200 Motels,['satire-comedy']
A Merry War,['satire-comedy']
Syrup,['satire-comedy']
I Served the King of England,['satire-comedy']
The Witness,['satire-comedy']
Wholly Moses!,['satire-comedy']
Getting Straight,['satire-comedy']
The Hawks and the Sparrows,"['satire-comedy', 'slapstick-comedy']"
The Milky Way,['satire-comedy']
State of the Union,['satire-comedy']
I'll Do Anything,['satire-comedy']
City of Women,['satire-comedy']
The Last Shot,['satire-comedy']
Assault of the Party Nerds,"['satire-comedy', 'teen-comedy']"
Good Morning,['satire-comedy']
The Solid Gold Cadillac,['satire-comedy']
Head Office,['satire-comedy']
From the Hip,['satire-comedy']
East of Shanghai,['satire-comedy']
The President's Analyst,['satire-comedy']
Acting on Impulse,['satire-comedy']
Evil Ed,['satire-comedy']
Welcome to Hollywood,['satire-comedy']
Call Me Madam,['satire-comedy']
Keeping Up with the Steins,['satire-comedy']
Every Home Should Have One,['satire-comedy']
The Deal,['satire-comedy']
Loving,"['satire-comedy', 'tragedy-drama']"
Ginger & Fred,['satire-comedy']
May Fools,['satire-comedy']
A Good Man in Africa,['satire-comedy']
The TV Set,['satire-comedy']
Teresa's Tattoo,['satire-comedy']
Nothing But the Best,['satire-comedy']
Ellie Parker,['satire-comedy']
Visioneers,['satire-comedy']
Slap Shot 3: The Junior League,"['satire-comedy', 'slapstick-comedy']"
Guess What We Learned in School Today?,['satire-comedy']
12:08 East of Bucharest,['satire-comedy']
Reflections of Evil,['satire-comedy']
Suburban Wives,['satire-comedy']
Flesh-Eating Mothers,['satire-comedy']
Oh! What a Lovely War,['satire-comedy']
We're Wolves,['satire-comedy']
The Errand Boy,"['satire-comedy', 'slapstick-comedy']"
Get to Know Your Rabbit,['satire-comedy']
ZMD: Zombies of Mass Destruction,['satire-comedy']
Nothing Personal,['satire-comedy']
Viva Max,"['satire-comedy', 'slapstick-comedy']"
Dirty Dingus Magee,"['satire-comedy', 'slapstick-comedy']"
American Strays,['satire-comedy']
The Naked Ape,['satire-comedy']
Smashing Time,['satire-comedy']
Potiche,['satire-comedy']
Tune in Tomorrow...,['satire-comedy']
Show People,['satire-comedy']
Immigrants (L.A. Dolce Vita),['satire-comedy']
Hugo Pool,['satire-comedy']
Those Fantastic Flying Fools,['satire-comedy']
I'll Never Forget What's'isname,['satire-comedy']
Not Another Not Another Movie,['satire-comedy']
Carnival in Flanders,['satire-comedy']
Call Me Genius,['satire-comedy']
Free Enterprise,['satire-comedy']
The Threepenny Opera,['satire-comedy']
Heavens Above!,['satire-comedy']
Getting It Right,['satire-comedy']
Boys' Night Out,"['satire-comedy', 'screwball-comedy']"
Skin Creepers,['satire-comedy']
The Runaway Bus,"['satire-comedy', 'slapstick-comedy']"
Marci X,['satire-comedy']
Pigs and Battleships,['satire-comedy']
Blood Feast 2: All U Can Eat,['satire-comedy']
Seducing Doctor Lewis,['satire-comedy']
Survivors Exposed,['satire-comedy']
Mack the Knife,['satire-comedy']
The Kid & I,['satire-comedy']
The Great McGinty,['satire-comedy']
American Virgin,['satire-comedy']
TV: The Movie,['satire-comedy']
Dr. Heckyl and Mr. Hype,['satire-comedy']
Salmer fra kjøkkenet,['satire-comedy']
The Romantic Englishwoman,['satire-comedy']
Hood of Horror,['satire-comedy']
Storm in a Teacup,['satire-comedy']
Gas! -Or- It Became Necessary to Destroy the World in Order to Save It.,['satire-comedy']
Bollywood/Hollywood,['satire-comedy']
HealtH,['satire-comedy']
Fear and Trembling,['satire-comedy']
Daltry Calhoun,['satire-comedy']
L.A. Slasher,['satire-comedy']
The Pickle,['satire-comedy']
The Affair,"['satire-comedy', 'steamy-romance']"
Tickled Pink,['satire-comedy']
Nocturna,['satire-comedy']
Rancid Aluminum,['satire-comedy']
Zero Motivation,['satire-comedy']
Welcome Mr. Marshall!,['satire-comedy']
Mouth to Mouth,['satire-comedy']
The Blue Iguana,['satire-comedy']
Black Peter,['satire-comedy']
The Mouse on the Moon,['satire-comedy']
Champagne for Caesar,['satire-comedy']
The Pompatus of Love,['satire-comedy']
Darktown Strutters,"['satire-comedy', 'slapstick-comedy']"
Picnic on the Grass,['satire-comedy']
Free Lunch Express,['satire-comedy']
Seduced and Abandoned,['satire-comedy']
A Connecticut Yankee,['satire-comedy']
The Rise and Rise of Michael Rimmer,['satire-comedy']
Slashers,"['satire-comedy', 'slasher-horror']"
Bartleby,['satire-comedy']
The Story of the Fox,['satire-comedy']
Hacks,['satire-comedy']
Boudu Saved from Drowning,['satire-comedy']
Kid Blue,"['satire-comedy', 'slapstick-comedy']"
Ali Baba Goes to Town,['satire-comedy']
Undercovers Hero,['satire-comedy']
Good Hair,['satire-comedy']
My New Gun,['satire-comedy']
Robin Williams Live on Broadway,['satire-comedy']
Privilege,['satire-comedy']
Man Is Not a Bird,['satire-comedy']
(Untitled),['satire-comedy']
Fear Anxiety Depression,"['satire-comedy', 'slapstick-comedy']"
Don't Drink the Water,['satire-comedy']
Remarkable Power,['satire-comedy']
Without You I'm Nothing,['satire-comedy']
The Feminine Touch,"['satire-comedy', 'screwball-comedy', 'slapstick-comedy']"
Sallah Shabati,['satire-comedy']
You've Got to Walk It Like You Talk It or You'll Lose That Beat,['satire-comedy']
Androcles and the Lion,['satire-comedy']
The Monsters,['satire-comedy']
Entropy,['satire-comedy']
The Alarmist,['satire-comedy']
On the Comet,['satire-comedy']
El gato con botas,"['satire-comedy', 'slapstick-comedy']"
Search and Destroy,['satire-comedy']
Looking for Comedy in the Muslim World,['satire-comedy']
Two Days,['satire-comedy']
Goin' to Town,['satire-comedy']
On Edge,['satire-comedy']
If I'm Lucky,['satire-comedy']
Ever Since Eve,"['satire-comedy', 'screwball-comedy', 'slapstick-comedy']"
The Tied-Up Balloon,['satire-comedy']
The Band's Visit,['satire-comedy']
Roujin Z,['satire-comedy']
Drib,['satire-comedy']
The Girl from Monday,['satire-comedy']
Vrazda ing. Certa,['satire-comedy']
Is That a Gun in Your Pocket?,['satire-comedy']
Lisa Picard Is Famous,['satire-comedy']
Man in a Cocked Hat,['satire-comedy']
"Who Are You, Polly Maggoo?",['satire-comedy']
Callaway Went Thataway,['satire-comedy']
Giants and Toys,['satire-comedy']
Intimate Lighting,['satire-comedy']
Louis C.K.: Chewed Up,['satire-comedy']
The Grand Maneuver,['satire-comedy']
Movers & Shakers,['satire-comedy']
The Senator Was Indiscreet,['satire-comedy']
Death of a Dynasty,['satire-comedy']
Not for Publication,['satire-comedy']
Death of a Bureaucrat,"['satire-comedy', 'slapstick-comedy']"
The Big Dig,['satire-comedy']
A Report on the Party and Guests,['satire-comedy']
Where Does It Hurt?,['satire-comedy']
The Ugliest Woman in the World,['satire-comedy']
Whiffs,['satire-comedy']
Suppose They Gave a War and Nobody Came,['satire-comedy']
The Emperor and the Golem,['satire-comedy']
The Captain from Köpenick,['satire-comedy']
The Italian Straw Hat,['satire-comedy']
The Madwoman of Chaillot,['satire-comedy']
"Susanne, die Wirtin von der Lahn",['satire-comedy']
Big Shot's Funeral,['satire-comedy']
Les Patterson Saves the World,"['satire-comedy', 'slapstick-comedy']"
Rat,['satire-comedy']
Larks on a String,['satire-comedy']
The Jokers,['satire-comedy']
Alkhallat+,['satire-comedy']
The Cruise,['satire-comedy']
The Joke,['satire-comedy']
Topaze,['satire-comedy']
The Obama Effect,['satire-comedy']
Pas koji je voleo vozove,['satire-comedy']
Where in the World Is Osama Bin Laden?,['satire-comedy']
Where There's Life,['satire-comedy']
Frogs for Snakes,['satire-comedy']
The Adventures of Sadie,['satire-comedy']
Let's Kill All the Lawyers,['satire-comedy']
Head to Head,['satire-comedy']
All My Good Countrymen,"['satire-comedy', 'tragedy-drama']"
Chump Change,['satire-comedy']
Hannibál tanár úr,['satire-comedy']
FTA,['satire-comedy']
Erotissimo,['satire-comedy']
"April, April!",['satire-comedy']
You're Killing Me,['satire-comedy']
Happy Hour,['satire-comedy']
Our Miss Brooks,['satire-comedy']
"See Here, Private Hargrove",['satire-comedy']
Stay Alert,['satire-comedy']
Pizza Man,"['satire-comedy', 'superhero-action']"
Boot Polish,['satire-comedy']
The Disappearance of Kevin Johnson,['satire-comedy']
Cruising Bar,['satire-comedy']
Babes in Bagdad,['satire-comedy']
The L.A. Riot Spectacular,['satire-comedy']
Der Untertan,['satire-comedy']
The Keyhole,['satire-comedy']
"Birds, Orphans and Fools","['satire-comedy', 'slapstick-comedy']"
Hold That Co-ed,['satire-comedy']
The Monitors,['satire-comedy']
Trial and Error,['satire-comedy']
Le schpountz,['satire-comedy']
The High Cost of Loving,"['satire-comedy', 'workplace-drama']"
"Sex, Politics & Cocktails",['satire-comedy']
Derek and Clive Get the Horn,['satire-comedy']
Eva Wants to Sleep,['satire-comedy']
The Good Soldier Schweik,['satire-comedy']
Improper Channels,['satire-comedy']
As Long as You've Got Your Health,['satire-comedy']
Periods.,['satire-comedy']
We Were Dancing,['satire-comedy']
Music Is Magic,['satire-comedy']
Election Day,['satire-comedy']
Dynamite Chicken,['satire-comedy']
Naughty But Nice,['satire-comedy']
Secret Ballot,['satire-comedy']
The Holy Man,['satire-comedy']
Beer,['satire-comedy']
The Sex O'Clock News,['satire-comedy']
Once in a Lifetime,['satire-comedy']
The Admirable Crichton,['satire-comedy']
Round Numbers,['satire-comedy']
The Uh-Oh Show,['satire-comedy']
George Carlin: Doin' It Again,['satire-comedy']
Princesse Tam-Tam,['satire-comedy']
Král Králu,['satire-comedy']
Escape from the 'Liberty' Cinema,['satire-comedy']
Frank or Francis,['satire-comedy']
Is There Sex After Death?,['satire-comedy']
Fighting Elegy,['satire-comedy']
Martin Lawrence Live: Runteldat,['satire-comedy']
Our Betters,['satire-comedy']
Schadenfreude,['satire-comedy']
Lost Reality,['satire-comedy']
The Newest Pledge,"['satire-comedy', 'stoner-comedy']"
Fag Hag,['satire-comedy']
Baby Snakes,['satire-comedy']
The Gospel According to Vic,['satire-comedy']
Simon and Laura,['satire-comedy']
Innocence Unprotected,['satire-comedy']
David & Layla,"['satire-comedy', 'slapstick-comedy']"
Pray TV,['satire-comedy']
Summer of Blood,['satire-comedy']
Aren't We Wonderful?,['satire-comedy']
Romeo y Julieta,['satire-comedy']
Searchers 2.0,['satire-comedy']
Su excelencia,['satire-comedy']
The Affairs of Annabel,"['satire-comedy', 'screwball-comedy']"
Ricky Gervais: Out of England - The Stand-Up Special,['satire-comedy']
The Overcoat,['satire-comedy']
YouTube Poop: The Movie,['satire-comedy']
Wake Up and Live,['satire-comedy']
Trace of Stones,['satire-comedy']
Wedding Rehearsal,['satire-comedy']
Vampires Anonymous,['satire-comedy']
Just This Once,['satire-comedy']
Bad Moms' Moms,['satire-comedy']
Guilty as Charged,['satire-comedy']
Superstarlet A.D.,['satire-comedy']
First Lady,"['satire-comedy', 'screwball-comedy']"
Good-bye Cruel World,"['satire-comedy', 'slapstick-comedy']"
Hank and Mike,['satire-comedy']
Rising Storm,['satire-comedy']
Misconceptions,['satire-comedy']
New Delhi,['satire-comedy']
Penny Princess,['satire-comedy']
Up and Down,['satire-comedy']
Window to Paris,['satire-comedy']
George Carlin: What Am I Doing in New Jersey?,['satire-comedy']
2000 Years Later,['satire-comedy']
The Wise Guy,['satire-comedy']
George Carlin: Playin' with Your Head,['satire-comedy']
Saturday Night Live: The Best of Chris Rock,['satire-comedy']
Tlayucan,['satire-comedy']
Roses for the Prosecutor,['satire-comedy']
The Best of Dan Aykroyd,"['satire-comedy', 'slapstick-comedy']"
Why?,['satire-comedy']
White House Madness,['satire-comedy']
Amphitryon,['satire-comedy']
Silver Case,['satire-comedy']
Ricky Gervais: Out of England 2 - The Stand-Up Special,['satire-comedy']
Terrorists,['satire-comedy']
George Carlin: Carlin on Campus,['satire-comedy']
Beverly Kills,['satire-comedy']
Brand X,['satire-comedy']
It's a Hard Life,['satire-comedy']
A Mulher de Todos,['satire-comedy']
"Movie Star, American Style or; LSD, I Hate You",['satire-comedy']
The Day the Earth Got Stoned,['satire-comedy']
Don Juan in Sicily,['satire-comedy']
Corpses Are Forever,['satire-comedy']
...And Suddenly It's Murder!,['satire-comedy']
My Uncle John Is a Zombie!,['satire-comedy']
Le Grand Amour,['satire-comedy']
Richard Pryor: Live and Smokin',['satire-comedy']
The Best of Robert Townsend & His Partners in Crime,['satire-comedy']
Beyond the Fringe,"['satire-comedy', 'slapstick-comedy']"
Make Mine a Million,['satire-comedy']
Funny Dirty Little War,"['satire-comedy', 'slapstick-comedy']"
I Hate Actors,['satire-comedy']
Mr Drake's Duck,['satire-comedy']
Sarah Silverman: We Are Miracles,['satire-comedy']
"Good to See You Again, Alice Cooper","['satire-comedy', 'slapstick-comedy']"
Interventsiya,"['satire-comedy', 'slapstick-comedy']"
The Miracle of Father Malachia,['satire-comedy']
The Unfortunate Bridegroom,['satire-comedy']
Blood on the Highway,['satire-comedy']
Railway Platform,['satire-comedy']
Tribulation 99: Alien Anomalies Under America,['satire-comedy']
Stephen Colbert's Live Election Night Democracy's Series Finale: Who's Going to Clean Up This Sh*t?,['satire-comedy']
Hot Property,['satire-comedy']
You Talkin' to Me?,['satire-comedy']
The Goon Show,['satire-comedy']
Saturday Night Live: The Best of Will Ferrell - Volume 2,['satire-comedy']
Crooner,['satire-comedy']
Bounty Hunter 2002,['satire-comedy']
Miranda Sings Live... Your Welcome,['satire-comedy']
Ziteitai pseftis,['satire-comedy']
The Curse of Blanchard Hill,"['satire-comedy', 'slasher-horror']"
Thanks for Everything,['satire-comedy']
Strongbad_email.exe,['satire-comedy']
"Me, Me, Me... and the Others",['satire-comedy']
Crashing Hollywood,['satire-comedy']
Hijacking Hollywood,['satire-comedy']
Hal Holbrook: Mark Twain Tonight!,['satire-comedy']
The Lady of Scandal,"['satire-comedy', 'tragic-romance']"
The American Ruling Class,['satire-comedy']
Saturday Night Live: Presidential Bash 2000,['satire-comedy']
Kinoautomat,['satire-comedy']
Sam Kinison: Breaking the Rules,['satire-comedy']
Zombie Campout,['satire-comedy']
I Dutifully Report,['satire-comedy']
I due evasi di Sing Sing,['satire-comedy']
Skvernyy anekdot,['satire-comedy']
Upright Citizens Brigade: Asssscat,['satire-comedy']
The Royal Bed,['satire-comedy']
Saturday Night Live: Thanksgiving Special,['satire-comedy']
The Broken Jug,['satire-comedy']
Richard,['satire-comedy']
"Det er ikke appelsiner, det er heste",['satire-comedy']
The Inspector General,"['satire-comedy', 'screwball-comedy']"
El vacilón: The Movie,['satire-comedy']
Dude Ranch,['satire-comedy']
Age Isn't Everything,['satire-comedy']
King Kelly of the U.S.A.,['satire-comedy']
It Can't Last Forever,['satire-comedy']
"Nicht fummeln, Liebling!","['satire-comedy', 'slapstick-comedy']"
The SuperVips,"['satire-comedy', 'slapstick-comedy']"
Sarah Silverman: A Speck of Dust,['satire-comedy']
"Totò, Peppino e... la dolce vita",['satire-comedy']
Êtes-vous fiancée à un marin grec ou à un pilote de ligne?,['satire-comedy']
Yokel Boy,['satire-comedy']
It's Tough to Be Famous,['satire-comedy']
Astro Mayabang,['satire-comedy']
Zombie Werewolves Attack!,['satire-comedy']
Bad Charleston Charlie,['satire-comedy']
Gyula vitéz télen-nyáron,['satire-comedy']
Staten Island Ghost Story,['satire-comedy']
Parakh,['satire-comedy']
Saturday Night Live Goes Commercial,['satire-comedy']
My Life's in Turnaround,['satire-comedy']
Snobs!,['satire-comedy']
Désiré,['satire-comedy']
Bussen,['satire-comedy']
Le viol d'une jeune fille douce,['satire-comedy']
Tig Notaro: Happy To Be Here,['satire-comedy']
Saturday Night Live: Game Show Parodies,['satire-comedy']
"Mein Mann, das Wirtschaftswunder",['satire-comedy']
Wir Kellerkinder,['satire-comedy']
Lost Reality 2,['satire-comedy']
The Virgin President,['satire-comedy']
American Intellectuals,['satire-comedy']
Carevo novo ruho,['satire-comedy']
Lewis Black: Old Yeller - Live at the Borgata,['satire-comedy']
Lady Tubbs,['satire-comedy']
Nejkrásnejsí vek,['satire-comedy']
Saturday Night Live: Best of the Clinton Scandal,['satire-comedy']
Contestazione generale,['satire-comedy']
Trevor Noah: That's Racist,['satire-comedy']
Blbec z Xeenemunde,['satire-comedy']
Community Theater Christmas,['satire-comedy']
A Session with the Committee,['satire-comedy']
Thrilling,['satire-comedy']
Saturday Night Live Presidential Bash '08,['satire-comedy']
Funnyman,['satire-comedy']
Masala,['satire-comedy']
"Daughters, Daughters",['satire-comedy']
Ladies of the Jury,"['satire-comedy', 'whodunnit-mystery']"
Lenny Bruce in 'Lenny Bruce',['satire-comedy']
Bill Maher: I'm Swiss,['satire-comedy']
Marriage,['satire-comedy']
Seven Slaps,['satire-comedy']
Italian Secret Service,['satire-comedy']
Bill Maher... But I'm Not Wrong,['satire-comedy']
Down Missouri Way,['satire-comedy']
Wanda Sykes: Sick and Tired,['satire-comedy']
Eddie Griffin: Voodoo Child,['satire-comedy']
"Il lungo, il corto, il gatto",['satire-comedy']
The Life of Juanita Castro,['satire-comedy']
HD-Soldat Läppli,['satire-comedy']
La grande lessive (!),"['satire-comedy', 'slapstick-comedy']"
You'd Be Surprised,['satire-comedy']
Hole in the Moon,['satire-comedy']
Patton Oswalt: Tragedy Plus Comedy Equals Time,['satire-comedy']
Love and Marriage,['satire-comedy']
Doug Stanhope: No Refunds,['satire-comedy']
Dr. Humpinstein's Erotik Castle,['satire-comedy']
Gulacha Ganapati,['satire-comedy']
Jussi Pussi,['satire-comedy']
To tyhero pantaloni,['satire-comedy']
Bílá paní,['satire-comedy']
Bonchi,['satire-comedy']
Minkkiturkki,['satire-comedy']
Wanda Sykes: Tongue Untied,['satire-comedy']
Der Maulkorb,['satire-comedy']
Biglang yaman,['satire-comedy']
Wilder Reiter GmbH,['satire-comedy']
Neurosia: Fifty Years of Perversion,['satire-comedy']
D.L. Hughley: Unapologetic,['satire-comedy']
Miss and Mrs Sweden,['satire-comedy']
Dicen que soy comunista,['satire-comedy']
Stella: Live in Boston,['satire-comedy']
Tony Draws a Horse,['satire-comedy']
Tout le monde n'a pas eu la chance d'avoir des parents communistes,['satire-comedy']
Scandals of Clochemerle,['satire-comedy']
"Gábor H. works in a law enforcement institution. He robs a bank branch, gets into jail. 1989. Gábor H. and the similarly unemployed Sanyi want to get money by robbing.",['satire-comedy']
Come inguaiammo l'esercito,['satire-comedy']
Paul Mooney: Analyzing White America,['satire-comedy']
Trevor Noah: Crazy Normal,['satire-comedy']
I vouleftina,['satire-comedy']
The Broad Coalition,['satire-comedy']
Bobcat Goldthwait: You Don't Look the Same Either.,['satire-comedy']
Liebe ist zollfrei,['satire-comedy']
Bill Maher: Victory Begins at Home,['satire-comedy']
Tri prání,['satire-comedy']
Face Eater,['satire-comedy']
Contour,"['satire-comedy', 'slapstick-comedy']"
Der Hauptmann und sein Held,['satire-comedy']
Strange Journey,"['satire-comedy', 'slapstick-comedy']"
Catch As Catch Can,['satire-comedy']
Funtoosh,['satire-comedy']
Diener lassen bitten,['satire-comedy']
Better Housekeeping,['satire-comedy']
Anhedonia,['satire-comedy']
Cirkulæret,['satire-comedy']
Mrs. Wilson's Diary,['satire-comedy']
Trevor Noah: It's My Culture,['satire-comedy']
The Steel Animal,['satire-comedy']
How to Handle Women,['satire-comedy']
Bolivar soy yo,['satire-comedy']
Der König lächelt - Paris lacht,['satire-comedy']
"Kaktus, bomba, letadlo",['satire-comedy']
Herra Sotaministeri,['satire-comedy']
The Cigarette Girl of Mosselprom,['satire-comedy']
Bluebeard's Seven Wives,['satire-comedy']
Public Interest,['satire-comedy']
My Father Knew Lloyd George,['satire-comedy']
Tarantella napoletana,"['satire-comedy', 'slapstick-comedy']"
Strongbad_email.exe: Disc Five,['satire-comedy']
Les casse-pieds,['satire-comedy']
Nechte to na mne,['satire-comedy']
The Death of Tarzan,['satire-comedy']
Carmen,['satire-comedy']
Das ausgefüllte Leben des Alexander Dubronski,['satire-comedy']
Robert Klein: The Amorous Busboy of Decatur Avenue,['satire-comedy']
Kandidatong pulpol,['satire-comedy']
Lewis Black: Stark Raving Black,['satire-comedy']
El capitán Veneno,['satire-comedy']
Spravedlnost pro Selvina,['satire-comedy']
Hrdina má strach,['satire-comedy']
Chun King Chow Mein Hour,['satire-comedy']
"North Pole, Ahoy!",['satire-comedy']
És akkor a pasas...,['satire-comedy']
Genosse Münchhausen,['satire-comedy']
Délka polibku devadesát,['satire-comedy']
Funnyland,['satire-comedy']
C'est arrivé à Aden...,['satire-comedy']
Piggies,['satire-comedy']
Robert Klein: Unfair and Unbalanced,['satire-comedy']
Bonança & C.a,['satire-comedy']
V gorode Sochi tyomnye nochi,['satire-comedy']
Jordon Saffron: Taste This!,['satire-comedy']
Get your Gonads,['satire-comedy']
Objízdka,['satire-comedy']
Les aventures d'archives,['satire-comedy']
The Adventures of Fridolin,['satire-comedy']
What's Going on Here?,['satire-comedy']
Oi 900 Tis Marinas,['satire-comedy']
Leftovers from the North,['satire-comedy']
The Great Antonio,['satire-comedy']
We Went to College,['satire-comedy']
Wyatt Cenac: Comedy Person,['satire-comedy']
Recurring Gig,['satire-comedy']
Nicht nur zur Weihnachtszeit,['satire-comedy']
Una mujer sin cabeza,['satire-comedy']
Kultainen vasikka,['satire-comedy']
George and the Dragon,['satire-comedy']
"Oh, diese Bayern!",['satire-comedy']
Der Herr Karl,['satire-comedy']
Familienparade,['satire-comedy']
Das Bohrloch oder Bayern ist nicht Texas,['satire-comedy']
Prítelkyne pana ministra,['satire-comedy']
Vasya reformator,['satire-comedy']
A Texas Steer,['satire-comedy']
Callan Kicks the Year 2024,['satire-comedy']
So Much to Remember,['satire-comedy']
The Male Animal,"['satire-comedy', 'screwball-comedy']"
American Tickler,['satire-comedy']
Volpone,['satire-comedy']
The Station,['satire-comedy']
Super Vegan Size Me,"['satire-comedy', 'slapstick-comedy']"
Vrykolakes,['satire-comedy']
Märchen vom Glück,['satire-comedy']
Enter the Mollusk,['satire-comedy']
Sonho de Amor,['satire-comedy']
The Bobbsey Twins Go to Hell,['satire-comedy']
Ksiazatko,['satire-comedy']
Space Melody,['satire-comedy']
Full Speed or Nothing,['satire-comedy']
"Zaostrit, prosím!",['satire-comedy']
Doomed Planet,['satire-comedy']
A Maluquinha de Arroios,['satire-comedy']
Tomorrow's Child,['satire-comedy']
O Ladrão de Quem se Fala,['satire-comedy']
L'appel de la chair,['satire-comedy']
Kto smeyotsya poslednim,['satire-comedy']
Fred Emney Picks a Pop,['satire-comedy']
Psícci lorda Carletona,['satire-comedy']
Olin nahjuksen vaimo,['satire-comedy']
Dva tygri,['satire-comedy']
Step Laughing Into the Grave,['satire-comedy']
The Sweet Sad Story of Elmo and Me,['satire-comedy']
The Sex Seekers,['satire-comedy']
Steklyannyy glaz,['satire-comedy']
Lover Come Back,['screwball-comedy']
"What's Up, Doc?","['screwball-comedy', 'slapstick-comedy']"
Wonder Boys,['screwball-comedy']
Bringing Up Baby,['screwball-comedy']
His Girl Friday,"['screwball-comedy', 'workplace-drama']"
The Seven Year Itch,['screwball-comedy']
Harvey,['screwball-comedy']
You Can't Take It with You,"['screwball-comedy', 'slapstick-comedy']"
Pillow Talk,['screwball-comedy']
Walk Don't Run,"['screwball-comedy', 'slapstick-comedy']"
Mr. Deeds Goes to Town,['screwball-comedy']
The Lady Eve,"['screwball-comedy', 'slapstick-comedy']"
Auntie Mame,['screwball-comedy']
Bluebeard's Eighth Wife,['screwball-comedy']
Adam's Rib,['screwball-comedy']
Send Me No Flowers,['screwball-comedy']
The Major and the Minor,['screwball-comedy']
Trouble in Paradise,['screwball-comedy']
Nola,"['screwball-comedy', 'teen-romance']"
Topper,['screwball-comedy']
The Gay Divorcee,['screwball-comedy']
I Married a Witch,['screwball-comedy']
March of the Wooden Soldiers,"['screwball-comedy', 'slapstick-comedy']"
After the Thin Man,['screwball-comedy']
The Mad Miss Manton,['screwball-comedy']
The Talk of the Town,['screwball-comedy']
It Happened on Fifth Avenue,['screwball-comedy']
Woman of the Year,['screwball-comedy']
Libeled Lady,['screwball-comedy']
The Thrill of It All,['screwball-comedy']
Vivacious Lady,['screwball-comedy']
Hold That Ghost,"['screwball-comedy', 'slapstick-comedy']"
Madam Satan,['screwball-comedy']
Another Thin Man,['screwball-comedy']
The Man Who Came to Dinner,['screwball-comedy']
This Is the Night,['screwball-comedy']
Merrily We Live,['screwball-comedy']
The Young in Heart,['screwball-comedy']
Meet Wally Sparks,['screwball-comedy']
You Can't Run Away from It,['screwball-comedy']
The Devil and Miss Jones,['screwball-comedy']
Easy Living,"['screwball-comedy', 'slapstick-comedy']"
Hexed,['screwball-comedy']
The Egg and I,"['screwball-comedy', 'slapstick-comedy']"
40 Pounds of Trouble,['screwball-comedy']
How to Make Love to a Woman,['screwball-comedy']
Ruggles of Red Gap,['screwball-comedy']
The Patsy,"['screwball-comedy', 'screwball-comedy', 'slapstick-comedy']"
The Whole Town's Talking,"['screwball-comedy', 'slapstick-comedy']"
Bud Abbott Lou Costello Meet the Killer Boris Karloff,"['screwball-comedy', 'slapstick-comedy']"
Confidentially Yours,"['screwball-comedy', 'whodunnit-mystery']"
The Doll,['screwball-comedy']
Roxie Hart,['screwball-comedy']
Hellzapoppin',['screwball-comedy']
"Larceny, Inc",['screwball-comedy']
The Horn Blows at Midnight,"['screwball-comedy', 'supernatural-fantasy']"
There's That Woman Again,"['screwball-comedy', 'whodunnit-mystery']"
Comrade X,['screwball-comedy']
Christmas in July,['screwball-comedy']
The Mating Season,['screwball-comedy']
Never Say Goodbye,['screwball-comedy']
Rings on Her Fingers,['screwball-comedy']
The Sin of Harold Diddlebock,['screwball-comedy']
Living It Up,['screwball-comedy']
You're Never Too Young,['screwball-comedy']
The Princess Comes Across,"['screwball-comedy', 'whodunnit-mystery']"
Too Hot to Handle,['screwball-comedy']
True Confession,['screwball-comedy']
Hail the Conquering Hero,['screwball-comedy']
A Lady Takes a Chance,['screwball-comedy']
Female,['screwball-comedy']
Topper Takes a Trip,['screwball-comedy']
Top End Wedding,['screwball-comedy']
Breakfast for Two,['screwball-comedy']
"Murder, He Says","['screwball-comedy', 'slapstick-comedy']"
No Time for Comedy,['screwball-comedy']
Moon Over Miami,['screwball-comedy']
One Body Too Many,['screwball-comedy']
I Love You Again,['screwball-comedy']
Up in Arms,['screwball-comedy']
Double Wedding,['screwball-comedy']
Cain and Mabel,['screwball-comedy']
A Slight Case of Murder,['screwball-comedy']
The Girl from Missouri,['screwball-comedy']
The Big Noise,['screwball-comedy']
Julia Misbehaves,"['screwball-comedy', 'slapstick-comedy']"
That Uncertain Feeling,['screwball-comedy']
The Heavenly Body,['screwball-comedy']
The Good Fairy,['screwball-comedy']
Private Lives,['screwball-comedy']
Too Many Husbands,['screwball-comedy']
Poikamies-pappa,['screwball-comedy']
The Ex-Mrs. Bradford,['screwball-comedy']
Fifth Avenue Girl,['screwball-comedy']
"Tom, Dick and Harry",['screwball-comedy']
Honolulu,['screwball-comedy']
Stand-In,['screwball-comedy']
Jimmy the Gent,['screwball-comedy']
The Flying Deuces,"['screwball-comedy', 'slapstick-comedy']"
It's in the Bag!,"['screwball-comedy', 'slapstick-comedy']"
Chalti Ka Naam Gaadi,['screwball-comedy']
You Can't Cheat an Honest Man,['screwball-comedy']
Whistling in the Dark,['screwball-comedy']
Footsteps in the Dark,['screwball-comedy']
Jessica,['screwball-comedy']
"Parlor, Bedroom and Bath",['screwball-comedy']
Joy of Living,['screwball-comedy']
Whoopee!,['screwball-comedy']
Love on the Run,['screwball-comedy']
If I Had a Million,['screwball-comedy']
Plucking the Daisy,['screwball-comedy']
June Bride,['screwball-comedy']
The Doughgirls,['screwball-comedy']
Torrid Zone,['screwball-comedy']
Pillow to Post,['screwball-comedy']
"Third Finger, Left Hand",['screwball-comedy']
Dollar,['screwball-comedy']
The Golden Arrow,['screwball-comedy']
If I Were Rich Man,['screwball-comedy']
Janie,"['screwball-comedy', 'teen-comedy', 'teen-drama']"
Son of a Sailor,['screwball-comedy']
Not So Dumb,['screwball-comedy']
Claude,['screwball-comedy']
Saturday Night in Apple Valley,['screwball-comedy']
Hay Foot,['screwball-comedy']
Three Hearts for Julia,['screwball-comedy']
Fun on a Weekend,['screwball-comedy']
A Blonde for a Night,['screwball-comedy']
The Fabulous Senorita,['screwball-comedy']
Too Many Wives,['screwball-comedy']
Last Breath,['sea-adventure']
Pirates of the Caribbean: The Curse of the Black Pearl,"['sea-adventure', 'supernatural-fantasy', 'swashbuckler-adventure', 'sword-and-sandal-action']"
Pirates of the Caribbean: Dead Men Tell No Tales,"['sea-adventure', 'supernatural-fantasy', 'swashbuckler-adventure']"
The Abyss,['sea-adventure']
In the Heart of the Sea,"['sea-adventure', 'survival-adventure', 'tragedy-drama']"
Sinbad: Legend of the Seven Seas,"['sea-adventure', 'swashbuckler-adventure']"
The Final Countdown,"['sea-adventure', 'time-travel-sci-fi']"
All Is Lost,"['sea-adventure', 'survival-adventure']"
The Pirates! Band of Misfits,"['sea-adventure', 'swashbuckler-adventure']"
The Deepest Breath,['sea-adventure']
The Enemy Below,['sea-adventure']
Into the Blue 2: The Reef,['sea-adventure']
Destination Tokyo,['sea-adventure']
Robinson Crusoe,"['sea-adventure', 'survival-adventure', 'survival-adventure']"
Captains Courageous,['sea-adventure']
Tabu: A Story of the South Seas,"['sea-adventure', 'tragedy-drama', 'tragic-romance']"
Boy on a Dolphin,['sea-adventure']
The Navigator: A Medieval Odyssey,['sea-adventure']
Treasure Island,"['sea-adventure', 'swashbuckler-adventure', 'swashbuckler-adventure', 'swashbuckler-adventure', 'swashbuckler-adventure']"
The Wreck of the Mary Deare,"['sea-adventure', 'suspense-mystery']"
Shark,['sea-adventure']
Captain Nemo and the Underwater City,"['sea-adventure', 'steampunk-sci-fi']"
Deep,['sea-adventure']
Down to the Sea in Ships,['sea-adventure']
Old Ironsides,['sea-adventure']
Return to Paradise,['sea-adventure']
The Dolphin: Story of a Dreamer,['sea-adventure']
The Decks Ran Red,"['sea-adventure', 'serial-killer-crime']"
The House of the Seven Hawks,"['sea-adventure', 'whodunnit-mystery']"
Pirates of Tortuga,"['sea-adventure', 'swashbuckler-adventure']"
Submarine D-1,['sea-adventure']
The Flying Fleet,['sea-adventure']
Hell Harbor,['sea-adventure']
The Ra Expeditions,['sea-adventure']
Way for a Sailor,['sea-adventure']
Dyesebel,['sea-adventure']
Malice,['sea-adventure']
Stay Puft and Friends: Movie II Mermaid Rescue,['sea-adventure']
Lizzie's World: The Secret of the Magic Trunk,['sea-adventure']
Black Point,['sea-adventure']
To Catch a Killer,['serial-killer-crime']
MaXXXine,"['serial-killer-crime', 'slasher-horror']"
Sin City,['serial-killer-crime']
The House That Jack Built,"['serial-killer-crime', 'slasher-horror']"
Mindcage,['serial-killer-crime']
Manhunter,['serial-killer-crime']
Perfume: The Story of a Murderer,['serial-killer-crime']
Cruising,['serial-killer-crime']
Frequency,"['serial-killer-crime', 'suspense-mystery', 'time-travel-sci-fi']"
Kiss the Girls,['serial-killer-crime']
"Alice, Sweet Alice","['serial-killer-crime', 'slasher-horror']"
The Iceman,"['serial-killer-crime', 'true-crime']"
Summer of Sam,"['serial-killer-crime', 'true-crime']"
A Nightmare on Elm Street,"['serial-killer-crime', 'slasher-horror', 'slasher-horror', 'supernatural-horror', 'supernatural-horror', 'teen-drama', 'teen-horror', 'teen-horror']"
The Snowman,"['serial-killer-crime', 'whodunnit-mystery']"
The Frozen Ground,"['serial-killer-crime', 'true-crime']"
Texas Chainsaw Massacre,"['serial-killer-crime', 'slasher-horror']"
From Hell,"['serial-killer-crime', 'slasher-horror', 'whodunnit-mystery']"
Cobra,"['serial-killer-crime', 'steamy-romance']"
Opera,"['serial-killer-crime', 'slasher-horror']"
Hannibal Rising,['serial-killer-crime']
Along Came a Spider,['serial-killer-crime']
Solace,"['serial-killer-crime', 'whodunnit-mystery']"
Leatherface,"['serial-killer-crime', 'slasher-horror', 'teen-horror']"
Mindhunters,"['serial-killer-crime', 'slasher-horror']"
Sea of Love,"['serial-killer-crime', 'whodunnit-mystery']"
Phenomena,"['serial-killer-crime', 'slasher-horror', 'teen-horror']"
They're Playing with Fire,"['serial-killer-crime', 'slasher-horror']"
Texas Killing Fields,"['serial-killer-crime', 'true-crime']"
Bereavement,"['serial-killer-crime', 'slasher-horror']"
88 Minutes,['serial-killer-crime']
Pride and Glory,['serial-killer-crime']
Cult Killer,['serial-killer-crime']
Untraceable,['serial-killer-crime']
The Watcher,['serial-killer-crime']
Ted Bundy,"['serial-killer-crime', 'slasher-horror', 'true-crime']"
Amsterdamned,"['serial-killer-crime', 'slasher-horror']"
The Boston Strangler,"['serial-killer-crime', 'true-crime']"
Maniac Cop 2,"['serial-killer-crime', 'slasher-horror', 'supernatural-horror']"
The Bride Wore Black,['serial-killer-crime']
The Red Queen Kills Seven Times,"['serial-killer-crime', 'slasher-horror']"
Madhouse,"['serial-killer-crime', 'slasher-horror', 'supernatural-horror', 'whodunnit-mystery']"
Night Game,['serial-killer-crime']
"Henry: Portrait of a Serial Killer, Part 2",['serial-killer-crime']
Jack the Ripper,"['serial-killer-crime', 'whodunnit-mystery']"
What's the Matter with Helen?,['serial-killer-crime']
Green River Killer,"['serial-killer-crime', 'true-crime']"
Hangover Square,['serial-killer-crime']
Mrs. Serial Killer,['serial-killer-crime']
Tales of the Grim Sleeper,"['serial-killer-crime', 'true-crime']"
B.T.K. Killer,['serial-killer-crime']
Son of Sam,"['serial-killer-crime', 'true-crime']"
The Lady of Silence: The Mataviejitas Murders,"['serial-killer-crime', 'true-crime']"
Dedo Tamaran,"['serial-killer-crime', 'slasher-horror', 'whodunnit-mystery']"
Smile 2,"['showbiz-drama', 'supernatural-horror', 'tragedy-drama']"
A Serbian Film,"['showbiz-drama', 'splatter-horror', 'suspense-mystery']"
Showgirls,"['showbiz-drama', 'tragedy-drama']"
Begin Again,['showbiz-drama']
All About Eve,['showbiz-drama']
Selena,['showbiz-drama']
Shadow of the Vampire,"['showbiz-drama', 'vampire-horror']"
Magic Mike's Last Dance,['showbiz-drama']
Being the Ricardos,['showbiz-drama']
The Majestic,['showbiz-drama']
Trumbo,['showbiz-drama']
Hitchcock,['showbiz-drama']
Hollywoodland,"['showbiz-drama', 'true-crime']"
Gods and Monsters,['showbiz-drama']
Day for Night,['showbiz-drama']
The Last Tycoon,['showbiz-drama']
White Hunter Black Heart,['showbiz-drama']
The Other Side of the Wind,['showbiz-drama']
The Life and Death of Peter Sellers,['showbiz-drama']
Their Finest,['showbiz-drama']
In a World...,['showbiz-drama']
The Odyssey,['showbiz-drama']
Love Me or Leave Me,['showbiz-drama']
Lady Sings the Blues,['showbiz-drama']
The Oscar,"['showbiz-drama', 'tragedy-drama']"
Fedora,['showbiz-drama']
The Idolmaker,['showbiz-drama']
Beauty,['showbiz-drama']
What Price Hollywood?,['showbiz-drama']
The Ice Follies of 1939,['showbiz-drama']
Tonight and Every Night,['showbiz-drama']
The Great Gabbo,['showbiz-drama']
Milius,['showbiz-drama']
Lady by Choice,['showbiz-drama']
From Gold to Glory,['showbiz-drama']
Close to You,['showbiz-drama']
Og så er der bal bagefter,['showbiz-drama']
The Day the Earth Blew Up: A Looney Tunes Movie,['slapstick-comedy']
Grown Ups,['slapstick-comedy']
Big Trouble in Little China,"['slapstick-comedy', 'urban-adventure']"
The Cat in the Hat,['slapstick-comedy']
National Lampoon's Animal House,['slapstick-comedy']
Richie Rich,['slapstick-comedy']
Super Troopers,['slapstick-comedy']
3 Ninjas,['slapstick-comedy']
Revenge of the Nerds,"['slapstick-comedy', 'teen-comedy']"
Peter Rabbit,['slapstick-comedy']
The Search for One-eye Jimmy,['slapstick-comedy']
You Don't Mess with the Zohan,['slapstick-comedy']
Bad Moms,['slapstick-comedy']
Scouts Guide to the Zombie Apocalypse,"['slapstick-comedy', 'zombie-horror']"
Meatballs,"['slapstick-comedy', 'teen-comedy']"
Daddy Day Care,['slapstick-comedy']
Zoolander 2,['slapstick-comedy']
Dennis the Menace,['slapstick-comedy']
Beethoven,['slapstick-comedy']
Scooby-Doo 2: Monsters Unleashed,"['slapstick-comedy', 'supernatural-horror']"
National Lampoon's European Vacation,['slapstick-comedy']
McLintock!,['slapstick-comedy']
Thunderbirds,"['slapstick-comedy', 'teen-adventure']"
Little Man,['slapstick-comedy']
Hot Rod,['slapstick-comedy']
Encino Man,['slapstick-comedy']
Playtime,['slapstick-comedy']
Son of the Mask,['slapstick-comedy']
The Jerk,['slapstick-comedy']
Hudson Hawk,['slapstick-comedy']
The Three Stooges,['slapstick-comedy']
Without a Paddle,['slapstick-comedy']
Vegas Vacation,['slapstick-comedy']
Half Baked,"['slapstick-comedy', 'stoner-comedy']"
"Alexander and the Terrible, Horrible, No Good, Very Bad Day",['slapstick-comedy']
Wild Mountain Thyme,['slapstick-comedy']
Baby's Day Out,['slapstick-comedy']
The Flintstones in Viva Rock Vegas,['slapstick-comedy']
The Money Pit,['slapstick-comedy']
Can You Keep It Up for a Week?,['slapstick-comedy']
Cheaper by the Dozen 2,['slapstick-comedy']
Big Fat Liar,['slapstick-comedy']
Ernest Goes to Camp,['slapstick-comedy']
Jungle 2 Jungle,['slapstick-comedy']
"Honey, I Blew Up the Kid",['slapstick-comedy']
Johnny English Reborn,['slapstick-comedy']
Police Academy 2: Their First Assignment,['slapstick-comedy']
The Incredible Burt Wonderstone,['slapstick-comedy']
Lucky Lady,['slapstick-comedy']
The Love Guru,['slapstick-comedy']
The Master of Disguise,['slapstick-comedy']
An Extremely Goofy Movie,['slapstick-comedy']
102 Dalmatians,['slapstick-comedy']
Guyver,"['slapstick-comedy', 'superhero-action']"
Teenage Mutant Ninja Turtles III,"['slapstick-comedy', 'superhero-action', 'teen-adventure', 'time-travel-sci-fi']"
Bill & Ted's Bogus Journey,"['slapstick-comedy', 'teen-adventure']"
3 Ninjas Kick Back,['slapstick-comedy']
Kicking & Screaming,"['slapstick-comedy', 'soccer-sport']"
RocketMan,['slapstick-comedy']
Jackass Forever,['slapstick-comedy']
Playing with Fire,['slapstick-comedy']
The Spy Next Door,['slapstick-comedy']
Shaun the Sheep Movie,['slapstick-comedy']
Armed and Dangerous,['slapstick-comedy']
Big Momma's House 2,['slapstick-comedy']
Police Academy 5: Assignment: Miami Beach,['slapstick-comedy']
Club Paradise,['slapstick-comedy']
Be Kind Rewind,['slapstick-comedy']
Moving,['slapstick-comedy']
My Boss's Daughter,['slapstick-comedy']
Suburban Commando,"['slapstick-comedy', 'superhero-action']"
Pom Poko,['slapstick-comedy']
Strike!,['slapstick-comedy']
Dunston Checks In,['slapstick-comedy']
The Frisco Kid,['slapstick-comedy']
House Arrest,['slapstick-comedy']
My Favorite Martian,['slapstick-comedy']
Woody Woodpecker,['slapstick-comedy']
The Apple Dumpling Gang,['slapstick-comedy']
Are We Done Yet?,['slapstick-comedy']
Daddy Day Camp,['slapstick-comedy']
Toc Toc,['slapstick-comedy']
The Ghost and Mr. Chicken,['slapstick-comedy']
The First Turn-On!!,"['slapstick-comedy', 'teen-comedy']"
See Spot Run,['slapstick-comedy']
King Ralph,['slapstick-comedy']
Shout at the Devil,['slapstick-comedy']
Monsieur Hulot's Holiday,['slapstick-comedy']
Don't Look Now... We're Being Shot At!,['slapstick-comedy']
The Circus,['slapstick-comedy']
Caddyshack II,['slapstick-comedy']
The Hallelujah Trail,['slapstick-comedy']
Bebe's Kids,['slapstick-comedy']
Mother's Love,['slapstick-comedy']
There Was a Crooked Man...,['slapstick-comedy']
Leatherheads,['slapstick-comedy']
The Shaggy D.A.,['slapstick-comedy']
Cabin Boy,['slapstick-comedy']
Dudley Do-Right,['slapstick-comedy']
Blackbeard's Ghost,['slapstick-comedy']
Mr. Magoo,['slapstick-comedy']
Screwed,['slapstick-comedy']
Scaramouche,"['slapstick-comedy', 'swashbuckler-adventure']"
Blankman,"['slapstick-comedy', 'superhero-action']"
The Mad Adventures of Rabbi Jacob,['slapstick-comedy']
Guest House Paradiso,['slapstick-comedy']
Disorderlies,['slapstick-comedy']
Stuck on You!,['slapstick-comedy']
Jack and the Beanstalk,['slapstick-comedy']
Kickin' It Old Skool,['slapstick-comedy']
The Absent Minded Professor,['slapstick-comedy']
The Pirate,"['slapstick-comedy', 'swashbuckler-adventure']"
Bushwhacked,['slapstick-comedy']
Swashbuckler,"['slapstick-comedy', 'swashbuckler-adventure']"
Brain Donors,['slapstick-comedy']
Alvin Purple,['slapstick-comedy']
Piglet's Big Movie,['slapstick-comedy']
Candleshoe,['slapstick-comedy']
"Botas Duras, Medias De Seda",['slapstick-comedy']
The Tigger Movie,['slapstick-comedy']
Mr. Vampire,"['slapstick-comedy', 'supernatural-horror', 'vampire-horror']"
The Strongest Man in the World,['slapstick-comedy']
The Cameraman,['slapstick-comedy']
Meatballs Part II,"['slapstick-comedy', 'teen-comedy']"
The Big Mouth,['slapstick-comedy']
Slappy and the Stinkers,['slapstick-comedy']
All I Wish,['slapstick-comedy']
Pack Up Your Troubles,['slapstick-comedy']
Johnny Stecchino,['slapstick-comedy']
Neptune's Daughter,['slapstick-comedy']
The Bellboy,['slapstick-comedy']
They Call Me Renegade,['slapstick-comedy']
Du Barry Was a Lady,['slapstick-comedy']
The Big Day,['slapstick-comedy']
Dancing Lady,['slapstick-comedy']
The Navigator,['slapstick-comedy']
The Disorderly Orderly,['slapstick-comedy']
The Knock Out Cop,['slapstick-comedy']
Pufnstuf,['slapstick-comedy']
"No Deposit, No Return",['slapstick-comedy']
Who's Minding the Store?,['slapstick-comedy']
Brenda Starr,['slapstick-comedy']
Modern Love,['slapstick-comedy']
"Please, Not Now!",['slapstick-comedy']
The Waterdance,['slapstick-comedy']
Too Much Sun,['slapstick-comedy']
The Three Stooges Meet Hercules,['slapstick-comedy']
On Our Merry Way,"['slapstick-comedy', 'workplace-drama']"
TwentyFourSeven,['slapstick-comedy']
The Big Store,['slapstick-comedy']
Hardly Working,['slapstick-comedy']
The Honeymooners,['slapstick-comedy']
Three on a Couch,['slapstick-comedy']
Baby Love,['slapstick-comedy']
Popcorn und Himbeereis,"['slapstick-comedy', 'teen-romance']"
The Geisha Boy,['slapstick-comedy']
The Chastity Belt,['slapstick-comedy']
Bikini Beach,['slapstick-comedy']
Utopia,['slapstick-comedy']
Gorp,['slapstick-comedy']
Has Anybody Seen My Gal,['slapstick-comedy']
Gen-X Cops,['slapstick-comedy']
Two Way Stretch,['slapstick-comedy']
Cougar Hunting,['slapstick-comedy']
The Caddy,['slapstick-comedy']
It Can Be Done Amigo,['slapstick-comedy']
Even Angels Eat Beans,['slapstick-comedy']
Thousands Cheer,['slapstick-comedy']
Luv,['slapstick-comedy']
George Takes the Air,['slapstick-comedy']
Volcano High,['slapstick-comedy']
Alice Goodbody,['slapstick-comedy']
The Princess and the Pirate,['slapstick-comedy']
Snow White and the Three Stooges,"['slapstick-comedy', 'swashbuckler-adventure']"
The Swan Princess: The Mystery of the Enchanted Treasure,['slapstick-comedy']
Million Dollar Legs,['slapstick-comedy']
Cracking Up,['slapstick-comedy']
Smother,['slapstick-comedy']
Urusei Yatsura 2: Beautiful Dreamer,['slapstick-comedy']
The Apple War,['slapstick-comedy']
"Dance with Me, Henry",['slapstick-comedy']
The Naughty Nineties,['slapstick-comedy']
Have Rocket -- Will Travel,['slapstick-comedy']
Which Way to the Front?,['slapstick-comedy']
In Society,['slapstick-comedy']
Tillie's Punctured Romance,['slapstick-comedy']
The Long Gray Line,['slapstick-comedy']
The Big Broadcast of 1936,['slapstick-comedy']
Mr. Bug Goes to Town,['slapstick-comedy']
A Ticket to Tomahawk,['slapstick-comedy']
Oddballs,['slapstick-comedy']
The Dancing Masters,['slapstick-comedy']
Visit to a Small Planet,['slapstick-comedy']
Hit the Ice,['slapstick-comedy']
Fantastica,"['slapstick-comedy', 'sword-and-sorcery-fantasy']"
Operation 'Y' & Other Shurik's Adventures,['slapstick-comedy']
The Stooge,['slapstick-comedy']
Advance to the Rear,['slapstick-comedy']
Fantasy Mission Force,['slapstick-comedy']
Mr. Bones,['slapstick-comedy']
Clipped Wings,['slapstick-comedy']
Bait Shop,['slapstick-comedy']
Wild Guitar,['slapstick-comedy']
My Friend Irma,['slapstick-comedy']
Seven Days' Leave,['slapstick-comedy']
Buck Privates Come Home,['slapstick-comedy']
Les anges gardiens,['slapstick-comedy']
Abbott and Costello Meet the Keystone Kops,['slapstick-comedy']
This Girl Is Bad-Ass!!,['slapstick-comedy']
The Over-the-Hill Gang,['slapstick-comedy']
The Dude Goes West,['slapstick-comedy']
The Wistful Widow of Wagon Gap,['slapstick-comedy']
Eve and the Handyman,['slapstick-comedy']
Zombies on Broadway,"['slapstick-comedy', 'zombie-horror']"
Honeymoon Hotel,['slapstick-comedy']
Zenobia,['slapstick-comedy']
Charley's Aunt,['slapstick-comedy']
An American in Rome,['slapstick-comedy']
Love Bites,['slapstick-comedy']
Soup to Nuts,['slapstick-comedy']
My Grandmother,['slapstick-comedy']
Off Limits,['slapstick-comedy']
Crazy House,['slapstick-comedy']
Sh! The Octopus,['slapstick-comedy']
The Magnificent Two,['slapstick-comedy']
Critic's Choice,['slapstick-comedy']
College Humor,['slapstick-comedy']
The Intelligence Men,['slapstick-comedy']
Operation Midnight Climax,['slapstick-comedy']
Sailor Beware,['slapstick-comedy']
"Thou-Vou Bald Agent, Operation Havoc",['slapstick-comedy']
Whistling in Brooklyn,['slapstick-comedy']
Ratataplan,['slapstick-comedy']
Air Raid Wardens,['slapstick-comedy']
Road Show,['slapstick-comedy']
Ma and Pa Kettle at the Fair,['slapstick-comedy']
What-No Beer?,['slapstick-comedy']
The Sad Sack,['slapstick-comedy']
Awful Nice,['slapstick-comedy']
A Southern Yankee,['slapstick-comedy']
Hot Water,['slapstick-comedy']
Tell It to the Judge,['slapstick-comedy']
Looking for Jackie,['slapstick-comedy']
Bangkok Adrenaline,['slapstick-comedy']
No culpes al karma de lo que te pasa por gilipollas,['slapstick-comedy']
Swing Parade of 1946,['slapstick-comedy']
Hold That Blonde!,['slapstick-comedy']
Prince of the Sun,['slapstick-comedy']
The Good Humor Man,['slapstick-comedy']
The Loves and Times of Scaramouche,['slapstick-comedy']
Cellmates,['slapstick-comedy']
Merton of the Movies,['slapstick-comedy']
Always Leave Them Laughing,['slapstick-comedy']
Meet the Baron,['slapstick-comedy']
Has Anybody Seen My Pants?,['slapstick-comedy']
My Favorite Spy,['slapstick-comedy']
Kid Boots,['slapstick-comedy']
Convoy Buddies,['slapstick-comedy']
They Still Call Me Bruce,['slapstick-comedy']
Diplomaniacs,['slapstick-comedy']
Seven Years Bad Luck,['slapstick-comedy']
Doctor Zi-Vengos,['slapstick-comedy']
The Nitwits,['slapstick-comedy']
A Yank at Eton,"['slapstick-comedy', 'teen-comedy']"
Hard Boiled Mahoney,['slapstick-comedy']
Little Rascals Varieties,['slapstick-comedy']
Next Time I Marry,['slapstick-comedy']
Let's Go Native,['slapstick-comedy']
Broadminded,['slapstick-comedy']
9 1/2 Ninjas!,['slapstick-comedy']
The Bare Hunt,['slapstick-comedy']
La feldmarescialla,['slapstick-comedy']
The Bachelor Father,['slapstick-comedy']
Odd Couple,['slapstick-comedy']
Watch the Birdie,['slapstick-comedy']
Yankee Doodle in Berlin,['slapstick-comedy']
One Good Turn,"['slapstick-comedy', 'slapstick-comedy']"
Gildersleeve's Ghost,['slapstick-comedy']
Pickleball Pandemonium,['slapstick-comedy']
Beware of Blondie,['slapstick-comedy']
Once Upon a Horse...,['slapstick-comedy']
"Tramp, Tramp, Tramp",['slapstick-comedy']
The Lady Wants Mink,['slapstick-comedy']
Loose in London,['slapstick-comedy']
Show Business,['slapstick-comedy']
Stoogemania,['slapstick-comedy']
Life Begins in College,['slapstick-comedy']
Murder in Greenwich Village,['slapstick-comedy']
Down Memory Lane,['slapstick-comedy']
Quickie Express,['slapstick-comedy']
Tropic Holiday,['slapstick-comedy']
Don't Panic Chaps,['slapstick-comedy']
Misbehaving Husbands,['slapstick-comedy']
I due marescialli,['slapstick-comedy']
6 Day Bike Rider,['slapstick-comedy']
Stop! Look! and Laugh!,['slapstick-comedy']
The Skipper Surprised His Wife,['slapstick-comedy']
Myrt and Marge,['slapstick-comedy']
The Golden Age of Comedy,['slapstick-comedy']
Bowery Blitzkrieg,['slapstick-comedy']
We're Rich Again,['slapstick-comedy']
Seven Days Ashore,['slapstick-comedy']
Father Jack-Leg,['slapstick-comedy']
Tanks a Million,['slapstick-comedy']
Mexican Spitfire,['slapstick-comedy']
Many Happy Returns,['slapstick-comedy']
Undercover Maisie,['slapstick-comedy']
The Treasure Hunters,['slapstick-comedy']
Gildersleeve on Broadway,['slapstick-comedy']
The American Beauty,['slapstick-comedy']
Beautiful But Broke,['slapstick-comedy']
Be My Wife,['slapstick-comedy']
Millionaire Playboy,['slapstick-comedy']
The Gambling Ghost,['slapstick-comedy']
Dust Up,['slapstick-comedy']
Blues Busters,['slapstick-comedy']
Bringing Up Father,['slapstick-comedy']
Eadie Was a Lady,['slapstick-comedy']
Prairie Chickens,['slapstick-comedy']
The World of Abbott and Costello,['slapstick-comedy']
Three Resurrected Drunkards,['slapstick-comedy']
Slumber Party,['slapstick-comedy']
Everything's on Ice,['slapstick-comedy']
The 'Imp'probable Mr. Wee Gee,['slapstick-comedy']
The Gladiator,['slapstick-comedy']
Argentine Nights,['slapstick-comedy']
Demobbed,['slapstick-comedy']
Blondie Goes Latin,['slapstick-comedy']
The Talk of Hollywood,['slapstick-comedy']
Tom Thumb and Little Red Riding Hood,['slapstick-comedy']
Gamos ala... ellinika,['slapstick-comedy']
Kentucky Moonshine,['slapstick-comedy']
4 Clowns,['slapstick-comedy']
El mago,['slapstick-comedy']
True to the Army,['slapstick-comedy']
House of the Frights,['slapstick-comedy']
Follow the Leader,['slapstick-comedy']
The Yanks Are Coming,['slapstick-comedy']
Yanks Ahoy,['slapstick-comedy']
When Comedy Was King,['slapstick-comedy']
Sharpshooters,['slapstick-comedy']
Six Lessons from Madame La Zonga,['slapstick-comedy']
Blondie's Lucky Day,['slapstick-comedy']
Havana Rose,['slapstick-comedy']
I oraia tou kourea,['slapstick-comedy']
You're Telling Me,['slapstick-comedy']
Autopsia de un fantasma,['slapstick-comedy']
Kung Fu of 8 Drunkards,['slapstick-comedy']
Drillinge an Bord,['slapstick-comedy']
"Figaro qua, Figaro là",['slapstick-comedy']
So This Is Africa,['slapstick-comedy']
Flush,['slapstick-comedy']
Louisiana Hayride,['slapstick-comedy']
Tillie the Toiler,['slapstick-comedy']
Beastly and Me,['slapstick-comedy']
Carolina Cannonball,['slapstick-comedy']
A Bomb Was Stolen,['slapstick-comedy']
A Bird in the Bush,['slapstick-comedy']
Public Pigeon No. 1,['slapstick-comedy']
The Deputy Drummer,['slapstick-comedy']
"Good Girl, Bad Girl",['slapstick-comedy']
Slávnost v botanickej záhrade,['slapstick-comedy']
Harem Girl,['slapstick-comedy']
The Deserter,['slapstick-comedy']
Here Come the Marines,['slapstick-comedy']
Secrets of the Night,['slapstick-comedy']
Baby,['slapstick-comedy']
Two Latins from Manhattan,['slapstick-comedy']
Jamboree,['slapstick-comedy']
Dobrý voják Svejk,['slapstick-comedy']
Upal,['slapstick-comedy']
Otto ist auf Frauen scharf,['slapstick-comedy']
Country Gentlemen,['slapstick-comedy']
Moonlight in Hawaii,['slapstick-comedy']
Getting Gertie's Garter,['slapstick-comedy']
Zoufalé zeny delají zoufalé veci,['slapstick-comedy']
Dreizehn Mann und eine Kanone,['slapstick-comedy']
Jiggs and Maggie in Court,['slapstick-comedy']
Cuban Fireball,['slapstick-comedy']
Bowery Champs,['slapstick-comedy']
The Mexican Spitfire's Baby,['slapstick-comedy']
A Dangerous Game,['slapstick-comedy']
Blonde from Brooklyn,['slapstick-comedy']
Skirts,['slapstick-comedy']
Susanna tutta panna,['slapstick-comedy']
The Cupboard Was Bare,['slapstick-comedy']
Rhythm Round-Up,['slapstick-comedy']
Solstik,['slapstick-comedy']
Atta Boy,['slapstick-comedy']
Laugh Your Blues Away,['slapstick-comedy']
Take It Big,['slapstick-comedy']
Nearly Naked,['slapstick-comedy']
Odd Jobs,['slapstick-comedy']
Novia a la medida,['slapstick-comedy']
Video Spotlight,['slapstick-comedy']
Sing and Be Happy,['slapstick-comedy']
Pardon My Stripes,['slapstick-comedy']
Five and Ten Cent Annie,['slapstick-comedy']
"Oh, Johnny, How You Can Love!",['slapstick-comedy']
Gang of Women,['slapstick-comedy']
Doctor Epaminondas,['slapstick-comedy']
Merry Mirthquakes,['slapstick-comedy']
"Good Morning, Judge",['slapstick-comedy']
Rose of Santa Rosa,['slapstick-comedy']
Father Makes Good,['slapstick-comedy']
The Traveling Saleswoman,['slapstick-comedy']
Tante Jutta aus Kalkutta,['slapstick-comedy']
AI is coming,['slapstick-comedy']
Ma fung gwai kuen,['slapstick-comedy']
Enoken's Sun Wukong,['slapstick-comedy']
The Perfect Clown,['slapstick-comedy']
"Workers, Let's Go",['slapstick-comedy']
Hi'Ya Chum,['slapstick-comedy']
Jiggs and Maggie in Jackpot Jitters,['slapstick-comedy']
The Broadway Hoofer,['slapstick-comedy']
The Nervous Wreck,['slapstick-comedy']
Swingin' on a Rainbow,['slapstick-comedy']
Sest cerných dívek aneb Proc zmizel Zajíc?,['slapstick-comedy']
A Kiss in a Taxi,['slapstick-comedy']
Everybody's Doing It,['slapstick-comedy']
Wedding Bill$,['slapstick-comedy']
Slug Street Scrappers: Rise of Ryuken,['slapstick-comedy']
Two-Minute Heist,['slapstick-comedy']
Radio Stars on Parade,['slapstick-comedy']
Steve-O: Gross Misconduct Uncensored,['slapstick-comedy']
Walet pikowy,['slapstick-comedy']
Monerías,['slapstick-comedy']
The Kung Fu Mummy,['slapstick-comedy']
He's My Guy,['slapstick-comedy']
We're in the Navy Now,['slapstick-comedy']
Swing the Western Way,['slapstick-comedy']
Adolf Armstarke,['slapstick-comedy']
Slightly Terrific,['slapstick-comedy']
Sleepless Nights,['slapstick-comedy']
Únos bankére Fuxe,['slapstick-comedy']
For the Love o' Lil,['slapstick-comedy']
A Tenderfoot Goes West,['slapstick-comedy']
O Pseftothodoros,['slapstick-comedy']
Barney,['slapstick-comedy']
Der Reserveheld,['slapstick-comedy']
"Mit mir nicht, Madam!",['slapstick-comedy']
American Tourister: Gorilla,['slapstick-comedy']
"Annie, Leave the Room!",['slapstick-comedy']
Cocktails,['slapstick-comedy']
Kustens glada kavaljerer,['slapstick-comedy']
Kazdá koruna dobrá,['slapstick-comedy']
Variety Stars,['slapstick-comedy']
Die Wonderwêreld van Kammie Kamfer,['slapstick-comedy']
The Knight Jerks Trilogy,['slapstick-comedy']
Slechetný cowboy Sandy aneb Prohraná nevesta,['slapstick-comedy']
Dumber by the Minute,['slapstick-comedy']
Here Comes Charlie Callas,['slapstick-comedy']
X,"['slasher-horror', 'suspense-mystery']"
Final Destination,"['slasher-horror', 'splatter-horror', 'supernatural-horror', 'teen-horror']"
Scream VI,"['slasher-horror', 'suspense-mystery', 'teen-horror', 'whodunnit-mystery']"
Terrifier,"['slasher-horror', 'splatter-horror', 'teen-horror']"
Fear Street: Prom Queen,"['slasher-horror', 'supernatural-horror', 'teen-horror']"
House of Wax,"['slasher-horror', 'teen-horror']"
Thanksgiving,"['slasher-horror', 'teen-horror', 'whodunnit-mystery']"
Wrong Turn,"['slasher-horror', 'slasher-horror', 'splatter-horror', 'teen-horror']"
Orphan,"['slasher-horror', 'suspense-mystery']"
I Know What You Did Last Summer,"['slasher-horror', 'teen-horror', 'whodunnit-mystery']"
Hostel,"['slasher-horror', 'splatter-horror']"
Time Cut,"['slasher-horror', 'teen-horror', 'time-travel-sci-fi']"
Totally Killer,"['slasher-horror', 'teen-horror', 'time-travel-sci-fi']"
Scream 3,"['slasher-horror', 'suspense-mystery', 'teen-horror', 'whodunnit-mystery']"
The Strangers: Chapter 1,['slasher-horror']
Tarot,"['slasher-horror', 'supernatural-horror', 'teen-horror']"
The Texas Chainsaw Massacre,['slasher-horror']
Clown in a Cornfield,['slasher-horror']
Urban Legend,"['slasher-horror', 'teen-horror']"
High Tension,['slasher-horror']
Fear Street: Part One - 1994,"['slasher-horror', 'suspense-mystery', 'teen-horror']"
Texas Chainsaw,['slasher-horror']
Suspiria,"['slasher-horror', 'supernatural-horror', 'teen-horror', 'witch-horror', 'witch-horror']"
Hell of a Summer,['slasher-horror']
You're Next,"['slasher-horror', 'whodunnit-mystery']"
My Bloody Valentine,"['slasher-horror', 'slasher-horror', 'suspense-mystery', 'suspense-mystery']"
Wolf Creek,"['slasher-horror', 'splatter-horror']"
Curtains,['slasher-horror']
Fear Street: Part Two - 1978,"['slasher-horror', 'supernatural-horror', 'suspense-mystery', 'teen-horror']"
The Fog,"['slasher-horror', 'supernatural-horror', 'supernatural-horror']"
Wrong Turn 2: Dead End,"['slasher-horror', 'splatter-horror', 'teen-horror']"
Truth or Dare,"['slasher-horror', 'teen-horror']"
The Texas Chainsaw Massacre: The Beginning,['slasher-horror']
The Midnight Meat Train,"['slasher-horror', 'supernatural-horror']"
Lowlifes,['slasher-horror']
Halloween Kills,['slasher-horror']
Deep Red,['slasher-horror']
The Blackening,['slasher-horror']
Inferno,"['slasher-horror', 'witch-horror']"
Friday the 13th: Part 3,"['slasher-horror', 'splatter-horror', 'survival-adventure', 'teen-horror']"
May,"['slasher-horror', 'tragedy-drama']"
Haunt,"['slasher-horror', 'teen-horror', 'teen-romance']"
I Still Know What You Did Last Summer,"['slasher-horror', 'teen-horror', 'whodunnit-mystery']"
Nurse,['slasher-horror']
The Jester,"['slasher-horror', 'supernatural-horror']"
Halloween II,"['slasher-horror', 'slasher-horror', 'teen-horror']"
Friday the 13th: A New Beginning,"['slasher-horror', 'suspense-mystery', 'teen-horror', 'whodunnit-mystery']"
Child's Play 2,"['slasher-horror', 'supernatural-horror']"
Stay Alive,"['slasher-horror', 'supernatural-horror', 'teen-horror']"
Tenebrae,"['slasher-horror', 'whodunnit-mystery']"
Prom Night,"['slasher-horror', 'slasher-horror', 'suspense-mystery', 'teen-horror', 'teen-horror', 'whodunnit-mystery']"
Wrong Turn 5: Bloodlines,"['slasher-horror', 'splatter-horror']"
Peeping Tom,['slasher-horror']
Fear Street: Part Three - 1666,"['slasher-horror', 'supernatural-horror', 'teen-horror', 'witch-horror']"
Happy Death Day 2U,"['slasher-horror', 'teen-horror']"
Vacancy,['slasher-horror']
The Strangers: Prey at Night,['slasher-horror']
Ouija,"['slasher-horror', 'supernatural-horror', 'teen-horror']"
The Funhouse,"['slasher-horror', 'teen-horror']"
Tourist Trap,['slasher-horror']
Sick,"['slasher-horror', 'teen-horror']"
Magic,['slasher-horror']
Halloween 4: The Return of Michael Myers,['slasher-horror']
Intruder,['slasher-horror']
See No Evil,['slasher-horror']
No One Lives,"['slasher-horror', 'splatter-horror']"
Halloween H20: 20 Years Later,"['slasher-horror', 'teen-horror']"
Turistas,"['slasher-horror', 'splatter-horror']"
Deadly Blessing,['slasher-horror']
Curse of Chucky,"['slasher-horror', 'supernatural-horror']"
There's Someone Inside Your House,"['slasher-horror', 'suspense-mystery', 'teen-horror']"
Delirium,['slasher-horror']
Friday the 13th: The New Blood,"['slasher-horror', 'supernatural-horror', 'teen-horror']"
The Collection,['slasher-horror']
All the Boys Love Mandy Lane,"['slasher-horror', 'teen-horror']"
The House on Sorority Row,['slasher-horror']
Raising Cain,['slasher-horror']
Halloween: Resurrection,"['slasher-horror', 'teen-horror']"
Leatherface: Texas Chainsaw Massacre III,['slasher-horror']
Halloween: The Curse of Michael Myers,"['slasher-horror', 'supernatural-horror']"
Tamara,"['slasher-horror', 'teen-horror']"
A Classic Horror Story,['slasher-horror']
Play Dead,['slasher-horror']
Dr. Terror's House of Horrors,"['slasher-horror', 'supernatural-horror', 'vampire-horror']"
Candy Land,['slasher-horror']
Cult of Chucky,"['slasher-horror', 'supernatural-horror']"
"Butcher, Baker, Nightmare Maker",['slasher-horror']
Iced,['slasher-horror']
Child's Play 3,"['slasher-horror', 'supernatural-horror', 'teen-horror']"
The Toolbox Murders,['slasher-horror']
Slaughter High,['slasher-horror']
The Bird with the Crystal Plumage,['slasher-horror']
Giallo,['slasher-horror']
Hellraiser: Hellworld,"['slasher-horror', 'teen-horror']"
Squealer,['slasher-horror']
Slotherhouse,['slasher-horror']
Hello Mary Lou: Prom Night II,"['slasher-horror', 'supernatural-horror', 'teen-horror']"
The Lazarus Effect,"['slasher-horror', 'supernatural-horror', 'suspense-mystery', 'teen-horror']"
Wrong Turn 4: Bloody Beginnings,"['slasher-horror', 'splatter-horror', 'teen-horror']"
Halloween 5: The Revenge of Michael Myers,['slasher-horror']
Wrong Turn 6: Last Resort,"['slasher-horror', 'splatter-horror', 'teen-horror']"
Murder-Rock: Dancing Death,['slasher-horror']
April Fool's Day,['slasher-horror']
Shocker,"['slasher-horror', 'supernatural-horror']"
We Summon the Darkness,['slasher-horror']
Psycho III,['slasher-horror']
Graduation Day,"['slasher-horror', 'whodunnit-mystery']"
Mortuary,['slasher-horror']
Hell Night,['slasher-horror']
The Dark Half,['slasher-horror']
Wolves at the Door,['slasher-horror']
Keep My Grave Open,['slasher-horror']
He's Out There,['slasher-horror']
Nobody Sleeps in the Woods Tonight,['slasher-horror']
Nothing Underneath,['slasher-horror']
Return to Horror High,['slasher-horror']
See No Evil 2,['slasher-horror']
The Town That Dreaded Sundown,"['slasher-horror', 'slasher-horror', 'teen-horror', 'true-crime']"
Hell Fest,"['slasher-horror', 'teen-horror']"
They're Coming to Get You!,"['slasher-horror', 'supernatural-horror']"
Hatchet II,['slasher-horror']
X-Ray,['slasher-horror']
Fade to Black,['slasher-horror']
Witchboard,['slasher-horror']
Just Before Dawn,['slasher-horror']
The Hills Run Red,['slasher-horror']
Bloodline,['slasher-horror']
Thanksgiving 2,['slasher-horror']
The Strange Vice of Mrs. Wardh,['slasher-horror']
Terror Train,"['slasher-horror', 'slasher-horror', 'whodunnit-mystery']"
Doom Asylum,['slasher-horror']
Trauma,"['slasher-horror', 'slasher-horror']"
Death Valley,['slasher-horror']
Candyman: Farewell to the Flesh,['slasher-horror']
The Children,['slasher-horror']
My Soul to Take,"['slasher-horror', 'teen-horror']"
Hatchet III,['slasher-horror']
Silent Madness,['slasher-horror']
Borderland,"['slasher-horror', 'true-crime']"
Death Spa,"['slasher-horror', 'supernatural-horror']"
Eyes of a Stranger,['slasher-horror']
Train,['slasher-horror']
The Row,['slasher-horror']
Popcorn,['slasher-horror']
The Boogey Man,['slasher-horror']
Superstition,"['slasher-horror', 'supernatural-horror']"
Funeral Home,['slasher-horror']
Humongous,['slasher-horror']
He Knows You're Alone,['slasher-horror']
Dementia 13,['slasher-horror']
Nightmare Beach,"['slasher-horror', 'teen-horror']"
I'll Always Know What You Did Last Summer,"['slasher-horror', 'supernatural-horror']"
StageFright,['slasher-horror']
Sorority House Massacre,['slasher-horror']
Evil Dead Trap,['slasher-horror']
Taboo,"['slasher-horror', 'teen-horror']"
American Gothic,['slasher-horror']
The House That Screamed,['slasher-horror']
The Majorettes,['slasher-horror']
The Initiation,['slasher-horror']
Slumber Party Massacre III,['slasher-horror']
Founders Day,['slasher-horror']
ATM,['slasher-horror']
Laid to Rest,['slasher-horror']
Bring It On: Cheer or Die,['slasher-horror']
The Centerfold Girls,['slasher-horror']
The Girl in the Photographs,['slasher-horror']
Stepfather II: Make Room for Daddy,['slasher-horror']
Timber Falls,['slasher-horror']
Night School,"['slasher-horror', 'teen-horror']"
Urban Legends: Bloody Mary,"['slasher-horror', 'supernatural-horror', 'teen-horror']"
Jack-O,"['slasher-horror', 'supernatural-horror']"
Girl at the Window,['slasher-horror']
Toolbox Murders,"['slasher-horror', 'supernatural-horror']"
A Blade in the Dark,['slasher-horror']
Hatchet for the Honeymoon,['slasher-horror']
Wilderness,['slasher-horror']
The Pool,"['slasher-horror', 'teen-horror']"
Reeker,"['slasher-horror', 'supernatural-horror', 'teen-horror']"
Schizo,['slasher-horror']
Knife + Heart,['slasher-horror']
Girls Nite Out,['slasher-horror']
Dust Devil,['slasher-horror']
Boogeyman 2,"['slasher-horror', 'teen-horror']"
The Fan,['slasher-horror']
Killer Workout,['slasher-horror']
Maniac Cop 3: Badge of Silence,"['slasher-horror', 'supernatural-horror']"
The Prey,['slasher-horror']
Slumber Party Massacre,['slasher-horror']
The Silent Scream,['slasher-horror']
Visiting Hours,['slasher-horror']
From Beyond the Grave,"['slasher-horror', 'supernatural-fantasy']"
Body Count,['slasher-horror']
Blood Tracks,['slasher-horror']
"I, Madman",['slasher-horror']
Anatomy,['slasher-horror']
Sorority House Massacre II,['slasher-horror']
House III: The Horror Show,"['slasher-horror', 'supernatural-horror']"
Seance,"['slasher-horror', 'teen-horror']"
"Fear, Inc.","['slasher-horror', 'teen-horror']"
Death Screams,['slasher-horror']
The Carpenter,['slasher-horror']
Peopletoys,['slasher-horror']
Tales of Halloween,['slasher-horror']
Malevolence,['slasher-horror']
Uncle Sam,['slasher-horror']
Dante's Hotel,['slasher-horror']
My Name Is Bruce,"['slasher-horror', 'splatter-horror']"
Phantom of the Mall: Eric's Revenge,['slasher-horror']
Schizoid,['slasher-horror']
Don't Go in the Woods,['slasher-horror']
The Slayer,['slasher-horror']
All Hallows' Eve 2,['slasher-horror']
Smiley,"['slasher-horror', 'supernatural-horror']"
Freddy's Fridays,['slasher-horror']
Killer Body Count,"['slasher-horror', 'teen-horror']"
Chain Letter,"['slasher-horror', 'splatter-horror', 'teen-horror']"
The Incubus,['slasher-horror']
Too Scared to Scream,['slasher-horror']
Killer Book Club,"['slasher-horror', 'teen-horror']"
Strange Behavior,"['slasher-horror', 'teen-horror']"
What the Waters Left Behind,['slasher-horror']
Eyeball,['slasher-horror']
Chromeskull: Laid to Rest 2,['slasher-horror']
The Dorm That Dripped Blood,['slasher-horror']
Tower of Evil,['slasher-horror']
Cut,['slasher-horror']
Buried Alive,"['slasher-horror', 'slasher-horror', 'supernatural-horror']"
Terror,['slasher-horror']
Homicidal,['slasher-horror']
Berserker,"['slasher-horror', 'supernatural-horror']"
Edge of Sanity,['slasher-horror']
Grotesque,['slasher-horror']
Grandmother's House,"['slasher-horror', 'teen-horror']"
I Saw What You Did,['slasher-horror']
Hard to Die,['slasher-horror']
Sorority Party Massacre,['slasher-horror']
The Gallows Act II,"['slasher-horror', 'teen-horror']"
Ripper,"['slasher-horror', 'supernatural-horror', 'teen-horror']"
A Cat in the Brain,['slasher-horror']
Hollywood Horror House,['slasher-horror']
Triggered,['slasher-horror']
Demented,['slasher-horror']
Destroyer,['slasher-horror']
Appointment with Fear,['slasher-horror']
The Comeback,"['slasher-horror', 'supernatural-horror']"
Bad Dreams,['slasher-horror']
White of the Eye,['slasher-horror']
Skinner,['slasher-horror']
Blood and Lace,['slasher-horror']
Deathouse,['slasher-horror']
Hide and Go Shriek,"['slasher-horror', 'teen-horror']"
Deadly Games,['slasher-horror']
The Single Girls,['slasher-horror']
Director's Cut,['slasher-horror']
Steel Trap,['slasher-horror']
Killer Movie,"['slasher-horror', 'teen-horror']"
Rush Week,['slasher-horror']
Sweet Kill,['slasher-horror']
Ghost Keeper,['slasher-horror']
Meatcleaver Massacre,['slasher-horror']
The Corruption of Chris Miller,['slasher-horror']
New Year's Evil,['slasher-horror']
Final Examination,['slasher-horror']
Fever Lake,"['slasher-horror', 'supernatural-horror']"
Killjoy,['slasher-horror']
Killer Party,['slasher-horror']
Splatter University,['slasher-horror']
Hell High,"['slasher-horror', 'teen-horror']"
The Flesh and Blood Show,['slasher-horror']
Savage Weekend,['slasher-horror']
Silent Scream,"['slasher-horror', 'supernatural-horror']"
Open House,"['slasher-horror', 'slasher-horror']"
Midnight Movie,['slasher-horror']
The Clown at Midnight,"['slasher-horror', 'teen-horror']"
Criminally Insane,['slasher-horror']
Drive in Massacre,['slasher-horror']
"Mary, Mary, Bloody Mary",['slasher-horror']
Dangerous Game: The Legacy Murders,"['slasher-horror', 'suspense-mystery']"
Lake Alice,['slasher-horror']
Axe,['slasher-horror']
Blade,"['slasher-horror', 'superhero-action', 'superhero-action', 'supernatural-horror', 'vampire-horror', 'vampire-horror']"
Death Do Us Part,['slasher-horror']
Cruel World,['slasher-horror']
Watch Me When I Kill,['slasher-horror']
Horror High,['slasher-horror']
To All a Goodnight,['slasher-horror']
All-American Murder,['slasher-horror']
Three on a Meathook,['slasher-horror']
Wishcraft,"['slasher-horror', 'teen-horror']"
Milo,['slasher-horror']
Nightlight,"['slasher-horror', 'teen-horror']"
Anatomy 2,['slasher-horror']
Grim,['slasher-horror']
The House on Tombstone Hill,['slasher-horror']
A Stranger Is Watching,['slasher-horror']
Phantom of Death,['slasher-horror']
Blue Eyes of the Broken Doll,['slasher-horror']
Cemetery of Terror,"['slasher-horror', 'teen-horror']"
Psycho Killer,['slasher-horror']
Horror House,['slasher-horror']
American Nightmare,['slasher-horror']
Slaughterhouse,"['slasher-horror', 'teen-horror']"
Suzzanna: Kliwon Friday Night,"['slasher-horror', 'splatter-horror', 'supernatural-horror']"
Pledge Night,['slasher-horror']
The Hike,['slasher-horror']
"Wicked, Wicked",['slasher-horror']
Will to Die,['slasher-horror']
York Witches Society,"['slasher-horror', 'supernatural-horror', 'teen-horror', 'witch-horror']"
The Final Rose,"['slasher-horror', 'whodunnit-mystery']"
Mid-Century,['slasher-horror']
Needle,['slasher-horror']
Sleepstalker,['slasher-horror']
Halloween Night,['slasher-horror']
Boogeyman 3,"['slasher-horror', 'teen-horror']"
Double Exposure,['slasher-horror']
Delusion,"['slasher-horror', 'splatter-horror']"
The Devil's Ground,['slasher-horror']
Bleed,['slasher-horror']
Girls School Screamers,['slasher-horror']
Mountaintop Motel Massacre,['slasher-horror']
Scar,['slasher-horror']
Island of Blood,['slasher-horror']
The Hollywood Strangler Meets the Skid Row Slasher,['slasher-horror']
Nightmare Man,['slasher-horror']
Twisted Nightmare,"['slasher-horror', 'teen-horror']"
Bloodlust Beauty,['slasher-horror']
Carnival of Blood,['slasher-horror']
Bloodthirsty Butchers,['slasher-horror']
Final Stab,['slasher-horror']
The Redeemer: Son of Satan!,['slasher-horror']
Blood Night: The Legend of Mary Hatchet,"['slasher-horror', 'supernatural-horror']"
Bloody Murder 2: Closing Camp,"['slasher-horror', 'teen-horror']"
Siksa Neraka,"['slasher-horror', 'teen-horror']"
Kolobos,['slasher-horror']
Effects,['slasher-horror']
Lighthouse,['slasher-horror']
The Killer Is on the Phone,['slasher-horror']
Bloody Murder,"['slasher-horror', 'teen-horror']"
Blood Beat,['slasher-horror']
Horror House on Highway Five,['slasher-horror']
Blood Sisters,['slasher-horror']
Scarecrows,"['slasher-horror', 'supernatural-horror']"
The Psychopath,['slasher-horror']
Color Me Blood Red,['slasher-horror']
The Demon,['slasher-horror']
The Severed Arm,['slasher-horror']
Killer Legends,['slasher-horror']
Frayed,['slasher-horror']
Scalps,"['slasher-horror', 'supernatural-horror']"
The Ripper,['slasher-horror']
Cannibal Campout,['slasher-horror']
Do You Wanna Know a Secret?,['slasher-horror']
The Surgeon,['slasher-horror']
Little Corey Gorey,['slasher-horror']
Reykjavik Whale Watching Massacre,['slasher-horror']
The Gruesome Twosome,['slasher-horror']
The Sleeping Car,['slasher-horror']
The Ghost Dance,['slasher-horror']
In 3 Tagen bist du tot,['slasher-horror']
Adam & Evil,['slasher-horror']
All Through the House,['slasher-horror']
The Wisher,"['slasher-horror', 'supernatural-horror', 'teen-horror']"
Hatchetman,['slasher-horror']
Offerings,['slasher-horror']
Disconnected,['slasher-horror']
Deadly Dreams,['slasher-horror']
Hellbent,['slasher-horror']
Somebody Help Me,"['slasher-horror', 'supernatural-horror']"
Rocktober Blood,['slasher-horror']
Screamtime,"['slasher-horror', 'supernatural-horror']"
Ditch Day Massacre,['slasher-horror']
Curse of the Forty-Niner,"['slasher-horror', 'supernatural-horror']"
Terror Train 2,"['slasher-horror', 'whodunnit-mystery']"
The Slashtronaut,"['slasher-horror', 'splatter-horror', 'teen-horror']"
Suicide Girls Must Die!,['slasher-horror']
The Landlady,['slasher-horror']
Hell House,['slasher-horror']
Bloody Crayons,['slasher-horror']
Lila,['slasher-horror']
All Light Will End,['slasher-horror']
The Erotic Circus,['slasher-horror']
Sometimes Aunt Martha Does Dreadful Things,['slasher-horror']
Wicked Games,['slasher-horror']
Screaming Dead,['slasher-horror']
Fatal Exam,"['slasher-horror', 'supernatural-horror']"
Ancient Evil: Scream of the Mummy,['slasher-horror']
Moon in Scorpio,['slasher-horror']
Slaughter Studios,['slasher-horror']
Alpha Delta Zatan,['slasher-horror']
Stripped,['slasher-horror']
Dead Above Ground,['slasher-horror']
The Backlot Murders,['slasher-horror']
Tuno negro,['slasher-horror']
Nurse Sherri,"['slasher-horror', 'supernatural-horror']"
A Crack in the Floor,['slasher-horror']
"Goremet, Zombie Chef from Hell",['slasher-horror']
Camp Twilight,['slasher-horror']
Slash,['slasher-horror']
The Graveyard,['slasher-horror']
Pay to Die,['slasher-horror']
XII,['slasher-horror']
BreadCrumbs,['slasher-horror']
Requiem for a Scream,"['slasher-horror', 'teen-horror']"
The Murder Clinic,['slasher-horror']
Scarred,['slasher-horror']
Blood Link,['slasher-horror']
Shreck,['slasher-horror']
Terrified,['slasher-horror']
Night of Bloody Horror,['slasher-horror']
The Greenskeeper,['slasher-horror']
A Knife for the Ladies,"['slasher-horror', 'spaghetti-western']"
Innocent Prey,['slasher-horror']
The Freeway Maniac,['slasher-horror']
Tow,['slasher-horror']
Death by Dialogue,['slasher-horror']
Room 13,['slasher-horror']
When a Killer Calls,"['slasher-horror', 'supernatural-horror']"
Blood Trails,['slasher-horror']
Bloodbath in Psycho Town,['slasher-horror']
Don't Hang Up,['slasher-horror']
The Curse of El Charro,['slasher-horror']
Nutbag,['slasher-horror']
Deadly Intruder,['slasher-horror']
Putevoy obkhodchik,['slasher-horror']
Fallen Angels,['slasher-horror']
Ripper 2: Letter from Within,['slasher-horror']
El arte de morir,['slasher-horror']
The Frightening,['slasher-horror']
Getting Schooled,['slasher-horror']
The Slaughterhouse Massacre,['slasher-horror']
Murder Elite,['slasher-horror']
Naked Fear,['slasher-horror']
Cutthroat Alley,['slasher-horror']
Un extraño en la casa,['slasher-horror']
Devil May Call,['slasher-horror']
Cardiac Arrest,['slasher-horror']
Lucifer,['slasher-horror']
The Couch,['slasher-horror']
The Victorville Massacre,['slasher-horror']
La muñeca perversa,['slasher-horror']
Freak,['slasher-horror']
Satan Claus,['slasher-horror']
Murderjuana,"['slasher-horror', 'teen-horror']"
Motor Home Massacre,['slasher-horror']
Dead Hunt,['slasher-horror']
The Bloody Monks,['slasher-horror']
Blood Voyage,['slasher-horror']
Hantu Pamburu,['slasher-horror']
Beauty Queen Butcher,['slasher-horror']
Bonfire Night,['slasher-horror']
Fraudulent Conversion,['slasher-horror']
L'Ordre Pourpre,"['slasher-horror', 'whodunnit-mystery']"
Sleepover Nightmare,['slasher-horror']
Cutman,['slasher-horror']
Spirit Board: Doorway to Death,"['slasher-horror', 'splatter-horror', 'supernatural-horror']"
Sorority Girl Massacre: Black Static at the Moment of Death,['slasher-horror']
Hack/Slash,['slasher-horror']
The Slasher of Idaho,['slasher-horror']
MurderCo,['slasher-horror']
The Plague Doctor,['slasher-horror']
Be Safe!,['slasher-horror']
Wakeham Butcher,['slasher-horror']
Scream: The Fan Film,['slasher-horror']
I'm Oscar and I Love You,['slasher-horror']
Dark Days,"['slasher-horror', 'zombie-horror']"
Just Another Horror Movie,"['slasher-horror', 'teen-horror']"
Deadline,['slasher-horror']
The Big Green,['soccer-sport']
Ladybugs,['soccer-sport']
Goal! The Dream Begins,['soccer-sport']
Victory,['soccer-sport']
Early Man,['soccer-sport']
Playing for Keeps,['soccer-sport']
The Game of Their Lives,['soccer-sport']
Blue Lock: Episode Nagi,['soccer-sport']
Goal II: Living the Dream,['soccer-sport']
Diego Maradona,['soccer-sport']
The Champion,['soccer-sport']
Goal! III,['soccer-sport']
Ronaldo,['soccer-sport']
Soccer Mom,['soccer-sport']
All the Freckles in the World,['soccer-sport']
Believe,['soccer-sport']
Offside,['soccer-sport']
Baggio: The Divine Ponytail,['soccer-sport']
Her Best Move,['soccer-sport']
The Final: Attack on Wembley,['soccer-sport']
Just for Kicks,['soccer-sport']
Alex & Me,['soccer-sport']
Pelé,['soccer-sport']
The Queenstown Kings,['soccer-sport']
Guys and Balls,['soccer-sport']
Hotshot,['soccer-sport']
It's All Over: The Kiss That Changed Spanish Football,['soccer-sport']
Soccer Dog: The Movie,['soccer-sport']
Cup Fever,['soccer-sport']
Soccer Dog: European Cup,['soccer-sport']
The Arsenal Stadium Mystery,['soccer-sport']
Ronaldo vs. Messi,['soccer-sport']
Once in a Lifetime: The Extraordinary Story of the New York Cosmos,['soccer-sport']
Anelka: Misunderstood,['soccer-sport']
A Minor Miracle,['soccer-sport']
Becoming Zlatan ...,['soccer-sport']
Ghost Soccer: Bola Mati,"['soccer-sport', 'supernatural-horror']"
Big Brother Trouble,['soccer-sport']
Vini Jr.,['soccer-sport']
Ultimate Goal,['soccer-sport']
London Town,['soccer-sport']
Avengers: Endgame,"['space-sci-fi', 'superhero-action', 'time-travel-sci-fi', 'tragedy-drama']"
Avengers: Infinity War,"['space-sci-fi', 'superhero-action']"
Guardians of the Galaxy Vol. 3,"['space-sci-fi', 'superhero-action']"
Star Trek,"['space-sci-fi', 'time-travel-sci-fi']"
Ash,['space-sci-fi']
The Martian,"['space-sci-fi', 'survival-adventure']"
Event Horizon,"['space-sci-fi', 'supernatural-horror']"
Passengers,['space-sci-fi']
Guardians of the Galaxy Vol. 2,"['space-sci-fi', 'superhero-action']"
Spaceman,['space-sci-fi']
Slingshot,['space-sci-fi']
Valerian and the City of a Thousand Planets,"['space-sci-fi', 'teen-adventure']"
Distant,['space-sci-fi']
Star Trek Beyond,['space-sci-fi']
The Hitchhiker's Guide to the Galaxy,['space-sci-fi']
Serenity,['space-sci-fi']
Treasure Planet,"['space-sci-fi', 'steampunk-sci-fi', 'swashbuckler-adventure']"
Star Trek Into Darkness,['space-sci-fi']
The Adventures of Buckaroo Banzai Across the 8th Dimension,['space-sci-fi']
Galaxy of Terror,['space-sci-fi']
Forbidden Planet,['space-sci-fi']
Star Trek II: The Wrath of Khan,['space-sci-fi']
The Black Hole,['space-sci-fi']
Moonraker,"['space-sci-fi', 'spy-thriller']"
The Last Starfighter,"['space-sci-fi', 'teen-adventure']"
Marooned,"['space-sci-fi', 'survival-adventure']"
Star Trek III: The Search for Spock,['space-sci-fi']
The Colony,['space-sci-fi']
Forbidden World,['space-sci-fi']
Saturn 3,['space-sci-fi']
Star Trek: Generations,['space-sci-fi']
On the Silver Globe,['space-sci-fi']
Mac and Me,['space-sci-fi']
Europa Report,['space-sci-fi']
Star Trek: Insurrection,['space-sci-fi']
Star Trek V: The Final Frontier,['space-sci-fi']
Species II,['space-sci-fi']
SpaceCamp,['space-sci-fi']
Rendezvous with Rama,['space-sci-fi']
Lilo & Stitch 2: Stitch Has a Glitch,['space-sci-fi']
The Adventures of Pluto Nash,['space-sci-fi']
Battlestar Galactica,['space-sci-fi']
Wing Commander,['space-sci-fi']
The Quatermass Xperiment,['space-sci-fi']
When Worlds Collide,['space-sci-fi']
The Astronaut's Wife,['space-sci-fi']
Thunderpants,['space-sci-fi']
Halo Legends,['space-sci-fi']
Planet of the Vampires,"['space-sci-fi', 'vampire-horror']"
Gundam I: The Live-Action Movie,['space-sci-fi']
Project 'Gemini',['space-sci-fi']
Space Battleship Yamato,"['space-sci-fi', 'space-sci-fi']"
Magnetic Rose,['space-sci-fi']
Unbelievable!!!!!,['space-sci-fi']
Mission Stardust,['space-sci-fi']
The Astronaut Farmer,['space-sci-fi']
3022,['space-sci-fi']
Wings of Honneamise,['space-sci-fi']
Play-Mate of the Apes,['space-sci-fi']
First Spaceship on Venus,['space-sci-fi']
400 Days,['space-sci-fi']
Destination Moon,['space-sci-fi']
Jetsons: The Movie,['space-sci-fi']
Queen of Outer Space,['space-sci-fi']
Moon Zero Two,['space-sci-fi']
Star Wars: Rogue Squadron,['space-sci-fi']
Moontrap,['space-sci-fi']
Monster a Go-Go,['space-sci-fi']
Beyond the Stars,['space-sci-fi']
The Phantom Planet,['space-sci-fi']
Journey to the Far Side of the Sun,['space-sci-fi']
Dracula 3000,"['space-sci-fi', 'supernatural-horror', 'vampire-horror']"
Space Raiders,['space-sci-fi']
Cat-Women of the Moon,['space-sci-fi']
Night of the Blood Beast,['space-sci-fi']
The Crawling Hand,['space-sci-fi']
Robinson Crusoe on Mars,['space-sci-fi']
Rocketship X-M,['space-sci-fi']
Dr. Who and the Daleks,"['space-sci-fi', 'time-travel-sci-fi']"
Unidentified Flying Oddball,"['space-sci-fi', 'time-travel-sci-fi']"
The Reluctant Astronaut,['space-sci-fi']
Capture the Flag,['space-sci-fi']
Way... Way Out,['space-sci-fi']
Galaxy Express 999,['space-sci-fi']
Space Chimps 2: Zartog Strikes Back,['space-sci-fi']
Mutiny in Outer Space,['space-sci-fi']
Approaching the Unknown,['space-sci-fi']
Flight to Mars,['space-sci-fi']
Mission Mars,['space-sci-fi']
Stranded,"['space-sci-fi', 'tragedy-drama', 'workplace-drama']"
Assignment: Outer Space,['space-sci-fi']
Space Warriors,['space-sci-fi']
Conquest of Space,['space-sci-fi']
Moon Pilot,['space-sci-fi']
Fire Maidens of Outer Space,['space-sci-fi']
Simon,['space-sci-fi']
Adieu Galaxy Express 999,['space-sci-fi']
Mutant Aliens,['space-sci-fi']
Battle of the Stars,['space-sci-fi']
Body of the Prey,['space-sci-fi']
Legend of the Galactic Heroes: My Conquest is the Sea of Stars,['space-sci-fi']
Gunbuster the Movie,['space-sci-fi']
Aurora,['space-sci-fi']
Space Fury,['space-sci-fi']
A Trip to Mars,['space-sci-fi']
Operazione Goldman,['space-sci-fi']
Legend of the Galactic Heroes: Overture to a New War,['space-sci-fi']
Martian Successor Nadesico - The Motion Picture: Prince of Darkness,['space-sci-fi']
Ares,['space-sci-fi']
Ypotron - Final Countdown,['space-sci-fi']
The Something,['space-sci-fi']
Helios,['space-sci-fi']
Uru in Blue,['space-sci-fi']
Buck Rogers,['space-sci-fi']
Doroga k zvezdam,['space-sci-fi']
Space Battleship Yamato 50th Anniversary Project,['space-sci-fi']
Legend of the Galactic Heroes Gaiden: Golden Wings,['space-sci-fi']
The Eagle Obsession,['space-sci-fi']
Herrliche Zeiten im Spessart,['space-sci-fi']
Chand Par Chadayee,['space-sci-fi']
The Final Six,['space-sci-fi']
Centauri,['space-sci-fi']
The Jetsetters,"['space-sci-fi', 'superhero-action']"
Aliens Reaction,['space-sci-fi']
Singularium,['space-sci-fi']
Black Hole,['space-sci-fi']
Higher Space,['space-sci-fi']
Spørre,['space-sci-fi']
Small Steps,['space-sci-fi']
G.E.N.E.S.I.S,['space-sci-fi']
Fermi,['space-sci-fi']
Potosi,['space-sci-fi']
Silhouettes,['space-sci-fi']
The Planet Thieves,['space-sci-fi']
Stealing the Moon,['space-sci-fi']
Pelangi Di Mars,['space-sci-fi']
A Primer for '2001: A Space Odyssey',['space-sci-fi']
"Into Fire, Into Ice",['space-sci-fi']
Orbit,['space-sci-fi']
Astronaut Academy,['space-sci-fi']
Qualia,['space-sci-fi']
Red Star,['space-sci-fi']
Uploading Alien Possession,['space-sci-fi']
Alien Possession,"['space-sci-fi', 'space-sci-fi']"
Again,['space-sci-fi']
Planet Serpo,['space-sci-fi']
Proxima B,['space-sci-fi']
The Limits of Space and Time,['space-sci-fi']
Beyond the Pale,['space-sci-fi']
Inai Nagarvu,['space-sci-fi']
...And Miles to Go Before I Sleep.,['space-sci-fi']
Budhayaan,['space-sci-fi']
Horizon,['space-sci-fi']
Uploading Alien Control,['space-sci-fi']
Looking Down,['space-sci-fi']
The Astronaut,['space-sci-fi']
A Fistful of Dollars,['spaghetti-western']
Zorro,"['spaghetti-western', 'superhero-action', 'swashbuckler-adventure']"
The Man Called Noon,['spaghetti-western']
The Mercenary,['spaghetti-western']
"China 9, Liberty 37",['spaghetti-western']
Sabata,['spaghetti-western']
The Big Gundown,['spaghetti-western']
Day of Anger,['spaghetti-western']
Chino,['spaghetti-western']
A Bullet for the General,['spaghetti-western']
"A Reason to Live, a Reason to Die",['spaghetti-western']
Keoma,['spaghetti-western']
Boot Hill,['spaghetti-western']
Lucky Luke,['spaghetti-western']
Catlow,['spaghetti-western']
Compañeros,['spaghetti-western']
The Deadly Trackers,['spaghetti-western']
Charley-One-Eye,['spaghetti-western']
Captain Apache,['spaghetti-western']
Cannon for Cordoba,['spaghetti-western']
If You Meet Sartana Pray for Your Death,['spaghetti-western']
Jessi's Girls,['spaghetti-western']
Blindman,['spaghetti-western']
Take a Hard Ride,['spaghetti-western']
The Stranger and the Gunfighter,['spaghetti-western']
Old Shatterhand,['spaghetti-western']
The Animals,['spaghetti-western']
Comin' at Ya!,['spaghetti-western']
A Man Called Sledge,['spaghetti-western']
Inn of the Damned,['spaghetti-western']
Pancho Villa,['spaghetti-western']
Four Rode Out,['spaghetti-western']
"Peg Leg, Musket & Sabre",['spaghetti-western']
"Another Man, Another Chance",['spaghetti-western']
Trinità & Bambino... e adesso tocca a noi!,['spaghetti-western']
Guns for San Sebastian,['spaghetti-western']
The Soul of Nigger Charley,['spaghetti-western']
"A Minute to Pray, a Second to Die",['spaghetti-western']
Find a Place to Die,['spaghetti-western']
A Town Called Hell,['spaghetti-western']
"Cry Blood, Apache",['spaghetti-western']
The Shadow of Chikara,['spaghetti-western']
Yellow Hair and the Fortress of Gold,['spaghetti-western']
I Want Him Dead,['spaghetti-western']
Hate for Hate,['spaghetti-western']
Santee,['spaghetti-western']
"Cry, Onion",['spaghetti-western']
The Desperados,['spaghetti-western']
Those Dirty Dogs,['spaghetti-western']
Land Raiders,['spaghetti-western']
Get Mean,['spaghetti-western']
The Valley of Death,['spaghetti-western']
No Room to Die,['spaghetti-western']
Long Days of Hate,['spaghetti-western']
The Price of Power,['spaghetti-western']
The Tramplers,['spaghetti-western']
The Master Gunfighter,['spaghetti-western']
A Bullet for Sandoval,['spaghetti-western']
Madron,['spaghetti-western']
Fort Yuma Gold,['spaghetti-western']
Taste of Killing,['spaghetti-western']
"The Red, White, and Black",['spaghetti-western']
Savage Gringo,['spaghetti-western']
"Crepa padrone, crepa tranquillo",['spaghetti-western']
Cain's Cutthroats,['spaghetti-western']
Up the MacGregors,['spaghetti-western']
The Silent Stranger,['spaghetti-western']
The Savage Guns,['spaghetti-western']
The Ballad of a Gunfighter,['spaghetti-western']
Return of Django,['spaghetti-western']
Murieta!,['spaghetti-western']
Finger on the Trigger,['spaghetti-western']
Gunfighters of Casa Grande,['spaghetti-western']
Bang Bang Kid,['spaghetti-western']
The Arizona Kid,['spaghetti-western']
Son of a Gunfighter,['spaghetti-western']
South of Hell Mountain,['spaghetti-western']
The Legend of Alfred Packer,['spaghetti-western']
Machismo: 40 Graves for 40 Guns,['spaghetti-western']
Three Bullets... for a Long Gun,['spaghetti-western']
The Great Gundown,['spaghetti-western']
Django the Honorable Killer,['spaghetti-western']
The Drifting Avenger,['spaghetti-western']
The Avenging,['spaghetti-western']
La sfida dei MacKenna,['spaghetti-western']
Strangers at Sunrise,['spaghetti-western']
Buck and the Magic Bracelet,['spaghetti-western']
La tumba del pistolero,['spaghetti-western']
The Clean Hills,['spaghetti-western']
Martyrs,"['splatter-horror', 'tragedy-drama']"
I Spit on Your Grave,"['splatter-horror', 'splatter-horror']"
Saw,['splatter-horror']
Final Destination 2,"['splatter-horror', 'supernatural-horror']"
The Final Destination,['splatter-horror']
House of 1000 Corpses,['splatter-horror']
The Sadness,"['splatter-horror', 'zombie-horror']"
Audition,['splatter-horror']
Evil Dead,"['splatter-horror', 'supernatural-horror', 'teen-horror', 'zombie-horror']"
Green Room,['splatter-horror']
Hostel: Part II,['splatter-horror']
The Devil's Rejects,['splatter-horror']
Saw II,['splatter-horror']
The Loved Ones,"['splatter-horror', 'teen-horror']"
Frontier(s),['splatter-horror']
The Woman,['splatter-horror']
Pumpkinhead,"['splatter-horror', 'teen-horror']"
Saw III,['splatter-horror']
Saw IV,['splatter-horror']
No Reason,['splatter-horror']
Saw VI,['splatter-horror']
Hostel: Part III,['splatter-horror']
Saw V,['splatter-horror']
Traces of Death,['splatter-horror']
Offspring,['splatter-horror']
The Collected,['splatter-horror']
Vile,['splatter-horror']
Murder-Set-Pieces,['splatter-horror']
All My Friends Are Dead,['splatter-horror']
Dead & Breakfast,"['splatter-horror', 'supernatural-horror']"
Faces of Death IV,['splatter-horror']
Naked Blood,['splatter-horror']
Faces of Death VI,['splatter-horror']
Traces of Death II,['splatter-horror']
Redneck Zombies,['splatter-horror']
Sutures,['splatter-horror']
The Worst of Faces of Death,['splatter-horror']
Traces of Death III,['splatter-horror']
Traces of Death IV: Resurrected,['splatter-horror']
Facez of Death 2000,['splatter-horror']
Chain Reaction,['splatter-horror']
Garden of Love,['splatter-horror']
What to Do When You Stab Yourself with Scissors,['splatter-horror']
Black Bag,['spy-thriller']
Back in Action,['spy-thriller']
North by Northwest,['spy-thriller']
Argylle,['spy-thriller']
Charlie's Angels,['spy-thriller']
Mission: Impossible,"['spy-thriller', 'urban-adventure']"
GoldenEye,['spy-thriller']
Die Another Day,['spy-thriller']
Tinker Tailor Soldier Spy,['spy-thriller']
Live and Let Die,['spy-thriller']
The World Is Not Enough,['spy-thriller']
Operation Fortune: Ruse de Guerre,['spy-thriller']
Quantum of Solace,['spy-thriller']
Charlie's Angels: Full Throttle,['spy-thriller']
Dr. No,['spy-thriller']
Canary Black,['spy-thriller']
Spy Kids,"['spy-thriller', 'teen-adventure', 'urban-adventure']"
Diamonds Are Forever,['spy-thriller']
Goldfinger,['spy-thriller']
Licence to Kill,['spy-thriller']
The Bourne Ultimatum,['spy-thriller']
Thunderball,['spy-thriller']
Tomorrow Never Dies,['spy-thriller']
A View to a Kill,['spy-thriller']
From Russia with Love,['spy-thriller']
On Her Majesty's Secret Service,"['spy-thriller', 'tragedy-drama']"
Mile 22,['spy-thriller']
The Spy Who Loved Me,['spy-thriller']
For Your Eyes Only,['spy-thriller']
The Man with the Golden Gun,['spy-thriller']
La Femme Nikita,['spy-thriller']
You Only Live Twice,['spy-thriller']
Spy Game,['spy-thriller']
A Most Wanted Man,"['spy-thriller', 'true-crime']"
The International,['spy-thriller']
The Recruit,['spy-thriller']
Point of No Return,['spy-thriller']
The November Man,['spy-thriller']
The Debt,['spy-thriller']
The Train,['spy-thriller']
All the Old Knives,"['spy-thriller', 'suspense-mystery']"
The Spy Who Came in from the Cold,['spy-thriller']
Stormbreaker,['spy-thriller']
Scorpio,['spy-thriller']
The Tailor of Panama,['spy-thriller']
Spy x Family Code: White,['spy-thriller']
Torn Curtain,['spy-thriller']
Bad Company,['spy-thriller']
Topaz,['spy-thriller']
Foreign Correspondent,['spy-thriller']
Red Joan,['spy-thriller']
Saboteur,['spy-thriller']
Heart of the Hunter,['spy-thriller']
Good Guys Wear Black,['spy-thriller']
Khufiya,"['spy-thriller', 'true-crime']"
Arabesque,['spy-thriller']
The Sea Wolves,['spy-thriller']
The Two-Headed Spy,['spy-thriller']
Secret Agent,['spy-thriller']
The Jigsaw Man,['spy-thriller']
Blackbird,['spy-thriller']
Enigma,['spy-thriller']
Blood on the Sun,['spy-thriller']
The Looking Glass War,['spy-thriller']
The Berlin File,['spy-thriller']
U-Boat 29,['spy-thriller']
Spies,['spy-thriller']
Sleeping Car to Trieste,['spy-thriller']
The Order of the Black Eagle,['spy-thriller']
The Liquidator,['spy-thriller']
Betrayed,['spy-thriller']
OSS 117 Murder for Sale,['spy-thriller']
Where the Spies Are,"['spy-thriller', 'survival-adventure']"
Triple Cross,['spy-thriller']
Springfield Rifle,['spy-thriller']
Code Name: Emerald,['spy-thriller']
The Angry Hills,['spy-thriller']
OSS 117 se déchaîne,['spy-thriller']
Cuba Crossing,['spy-thriller']
OSS 117: Mission for a Killer,['spy-thriller']
Il grande colpo dei 7 uomini d'oro,['spy-thriller']
Shoot First,['spy-thriller']
Shadow of Evil,['spy-thriller']
I Escaped from the Gestapo,['spy-thriller']
Women in the Night,['spy-thriller']
Bandido,['spy-thriller']
Segretissimo,['spy-thriller']
Atout coeur à Tokyo pour OSS 117,['spy-thriller']
The Man from Cairo,['spy-thriller']
Restitution,['spy-thriller']
The Whip Hand,['spy-thriller']
Dropa,['spy-thriller']
Assignment in Brittany,['spy-thriller']
Seven Miles from Alcatraz,['spy-thriller']
Noches de Casablanca,['spy-thriller']
Istanbul Express,['spy-thriller']
Failsafe,['spy-thriller']
Red Shirt,['spy-thriller']
The Scorpio Letters,['spy-thriller']
O.S.S. 117 n'est pas mort,['spy-thriller']
Three Faces East,['spy-thriller']
Espionage in Lisbon,['spy-thriller']
Agent of Solitude,['spy-thriller']
Navy Secrets,['spy-thriller']
Becoming Houdini,['spy-thriller']
Playing a Hard Game Up North,['spy-thriller']
Korkein voitto,['spy-thriller']
In the Company of Lies,['spy-thriller']
Hiipivä vaara,['spy-thriller']
Showdown in Durango,['spy-thriller']
A Noble Profession,['spy-thriller']
King of the Little People,['spy-thriller']
Salainen ase,['spy-thriller']
Khashoggi,['spy-thriller']
The League of Extraordinary Gentlemen,"['steampunk-sci-fi', 'superhero-action', 'superhero-action']"
The Rocketeer,"['steampunk-sci-fi', 'superhero-action']"
Hellboy II: The Golden Army,"['steampunk-sci-fi', 'superhero-action']"
Victor Frankenstein,['steampunk-sci-fi']
Time After Time,"['steampunk-sci-fi', 'time-travel-sci-fi']"
Mutant Chronicles,['steampunk-sci-fi']
Gor,"['steampunk-sci-fi', 'sword-and-sorcery-fantasy']"
At the Earth's Core,['steampunk-sci-fi']
Where Time Began,['steampunk-sci-fi']
Biggles: Adventures in Time,"['steampunk-sci-fi', 'time-travel-sci-fi']"
Perfect Creature,['steampunk-sci-fi']
Master of the World,['steampunk-sci-fi']
Love,['steamy-romance']
365 Days,['steamy-romance']
The Dreamers,['steamy-romance']
The Reader,['steamy-romance']
After,"['steamy-romance', 'supernatural-fantasy', 'teen-drama', 'teen-romance']"
Closer,['steamy-romance']
Last Tango in Paris,"['steamy-romance', 'tragedy-drama']"
Fifty Shades Freed,['steamy-romance']
Vicky Cristina Barcelona,['steamy-romance']
After We Collided,"['steamy-romance', 'tragic-romance']"
Adore,['steamy-romance']
Fifty Shades Darker,['steamy-romance']
The Next 365 Days,['steamy-romance']
9½ Weeks,['steamy-romance']
365 Days: This Day,['steamy-romance']
Belle de Jour,['steamy-romance']
Stealing Beauty,['steamy-romance']
Two Moon Junction,['steamy-romance']
Rust and Bone,"['steamy-romance', 'tragedy-drama']"
Perfect Sense,['steamy-romance']
Like Crazy,['steamy-romance']
Wild Orchid,['steamy-romance']
Capriccio,['steamy-romance']
Talk to Her,['steamy-romance']
Emmanuelle,['steamy-romance']
American Gigolo,"['steamy-romance', 'whodunnit-mystery']"
Newness,['steamy-romance']
"Paris, 13th District",['steamy-romance']
Another 9½ Weeks,['steamy-romance']
The End of the Affair,['steamy-romance']
Betty Blue,"['steamy-romance', 'tragic-romance']"
London,['steamy-romance']
Art of Love,['steamy-romance']
Nuovo Olimpo,['steamy-romance']
By the Sea,['steamy-romance']
The Libertine,['steamy-romance']
Emmanuelle IV,['steamy-romance']
Mo' Better Blues,"['steamy-romance', 'workplace-drama']"
Miranda,['steamy-romance']
Emmanuelle II,['steamy-romance']
Femalien 2,['steamy-romance']
"Eleven Days, Eleven Nights",['steamy-romance']
Emmanuelle 3,['steamy-romance']
Wild Orchid II: Two Shades of Blue,['steamy-romance']
Femalien,['steamy-romance']
Eros,['steamy-romance']
Play Time,['steamy-romance']
Sinful Temptations,['steamy-romance']
Secret Pleasures,['steamy-romance']
Trapeze,"['steamy-romance', 'workplace-drama']"
Carnal Sins,['steamy-romance']
Red-Headed Woman,['steamy-romance']
Husbands and Lovers,['steamy-romance']
Passion's Peak,['steamy-romance']
Veronica 2030,['steamy-romance']
The Key to Sex,['steamy-romance']
Corporate Fantasy,['steamy-romance']
The Pamela Principle 2,['steamy-romance']
Hotel Exotica,['steamy-romance']
Perfumed Garden: Tales of the Kama Sutra,['steamy-romance']
Vivid,['steamy-romance']
The Model Solution,['steamy-romance']
Sexual Roulette,['steamy-romance']
Tropical Heat,['steamy-romance']
The Pamela Principle,['steamy-romance']
Life of a Gigolo,['steamy-romance']
Sexual Intentions,['steamy-romance']
Inside Club Wild Side,['steamy-romance']
My Forbidden Past,"['steamy-romance', 'tragedy-drama']"
Insatiable Wives,['steamy-romance']
L.A. Goddess,['steamy-romance']
Blind Husbands,['steamy-romance']
A Rock and a Hard Place,['steamy-romance']
Secret Girlfriend Club,['steamy-romance']
French film,['steamy-romance']
Monsoon,['steamy-romance']
Troubled Waters,['steamy-romance']
The Common Law,['steamy-romance']
Isle of Fury,['steamy-romance']
Once Again,['steamy-romance']
Grandma's Boy,['stoner-comedy']
Pineapple Express,['stoner-comedy']
Next Friday,['stoner-comedy']
Good Mourning,['stoner-comedy']
The Beach Bum,['stoner-comedy']
Smiley Face,['stoner-comedy']
Strange Wilderness,['stoner-comedy']
Dude,['stoner-comedy']
Cheech and Chong's Next Movie,['stoner-comedy']
Leaves of Grass,['stoner-comedy']
Remember the Daze,['stoner-comedy']
Anuvahood,['stoner-comedy']
Bongwater,['stoner-comedy']
Lommbock,['stoner-comedy']
Still Smokin,['stoner-comedy']
Things Are Tough All Over,['stoner-comedy']
"Puff, Puff, Pass",['stoner-comedy']
Paulette,['stoner-comedy']
Evil Bong 3: The Wrath of Bong,['stoner-comedy']
Cheech & Chong's Animated Movie,['stoner-comedy']
London Kills Me,['stoner-comedy']
High Times Potluck,['stoner-comedy']
Hey Watch This,['stoner-comedy']
A Dim Valley,['stoner-comedy']
Stoner Girls,['stoner-comedy']
Zombie Hippies,['stoner-comedy']
Christmas Licc,['stoner-comedy']
The Blunt Truth,['stoner-comedy']
Spider-Man: No Way Home,"['superhero-action', 'supernatural-fantasy', 'urban-adventure']"
Spider-Man,"['superhero-action', 'urban-adventure']"
Eternals,['superhero-action']
Black Panther,['superhero-action']
Captain America: Civil War,['superhero-action']
Power Rangers,"['superhero-action', 'teen-adventure']"
Thor: Love and Thunder,['superhero-action']
X-Men,['superhero-action']
Spider-Man: Homecoming,"['superhero-action', 'urban-adventure']"
Thor: Ragnarok,['superhero-action']
Thor,"['superhero-action', 'supernatural-fantasy']"
Fantastic Four,"['superhero-action', 'superhero-action']"
Iron Man 3,"['superhero-action', 'urban-adventure']"
Black Panther: Wakanda Forever,['superhero-action']
Constantine 2,['superhero-action']
Spider-Man 2,"['superhero-action', 'urban-adventure']"
Spider-Man 3,"['superhero-action', 'urban-adventure']"
Morbius,"['superhero-action', 'vampire-horror']"
The Amazing Spider-Man,['superhero-action']
The Flash,"['superhero-action', 'supernatural-fantasy', 'time-travel-sci-fi']"
Batman v Superman: Dawn of Justice,['superhero-action']
X-Men: First Class,['superhero-action']
Wonder Woman,"['superhero-action', 'superhero-action']"
X-Men: Apocalypse,['superhero-action']
The Marvels,['superhero-action']
Doctor Strange,"['superhero-action', 'superhero-action']"
Ant-Man and the Wasp: Quantumania,['superhero-action']
Black Adam,['superhero-action']
Batman & Robin,['superhero-action']
Blue Beetle,['superhero-action']
Van Helsing,"['superhero-action', 'supernatural-fantasy']"
Spider-Man: Far from Home,"['superhero-action', 'supernatural-fantasy', 'teen-comedy', 'urban-adventure']"
X-Men: Days of Future Past,"['superhero-action', 'time-travel-sci-fi']"
The Amazing Spider-Man 2,"['superhero-action', 'urban-adventure']"
Justice League,['superhero-action']
Ant-Man,['superhero-action']
Batman Forever,"['superhero-action', 'urban-adventure']"
X-Men Origins: Wolverine,['superhero-action']
The New Mutants,"['superhero-action', 'teen-horror']"
Fantastic Four: Rise of the Silver Surfer,['superhero-action']
X2: X-Men United,['superhero-action']
Green Lantern,['superhero-action']
Watchmen: Chapter I,['superhero-action']
Shazam! Fury of the Gods,['superhero-action']
X-Men: The Last Stand,['superhero-action']
Hancock,['superhero-action']
Shazam!,['superhero-action']
Teenage Mutant Ninja Turtles: Out of the Shadows,['superhero-action']
Superman Returns,"['superhero-action', 'urban-adventure']"
The Mask of Zorro,"['superhero-action', 'swashbuckler-adventure']"
The Wraith,['superhero-action']
Blade: Trinity,"['superhero-action', 'vampire-horror']"
Catwoman,['superhero-action']
X-Men: Dark Phoenix,['superhero-action']
Ant-Man and the Wasp,['superhero-action']
Spawn,['superhero-action']
Kick-Ass 2,"['superhero-action', 'teen-comedy']"
Mighty Morphin Power Rangers,"['superhero-action', 'teen-adventure']"
Samaritan,['superhero-action']
Punisher: War Zone,['superhero-action']
Batgirl,['superhero-action']
The Adventures of Sharkboy and Lavagirl 3-D,"['superhero-action', 'teen-fantasy']"
Dragonball Evolution,['superhero-action']
Descendants 5,['superhero-action']
Supergirl,['superhero-action']
Solomon Kane,"['superhero-action', 'sword-and-sorcery-fantasy']"
Teenage Mutant Ninja Turtles II: The Secret of the Ooze,"['superhero-action', 'teen-adventure']"
BRZRKR,['superhero-action']
The Legend of Zorro,"['superhero-action', 'swashbuckler-adventure']"
Code 8,['superhero-action']
Push,['superhero-action']
Barb Wire,['superhero-action']
Timecop,"['superhero-action', 'time-travel-sci-fi']"
Ghost Rider: Spirit of Vengeance,"['superhero-action', 'supernatural-fantasy']"
My Hero Academia: You're Next,['superhero-action']
The Darkest Minds,['superhero-action']
Bloodshot,['superhero-action']
The Spirit,['superhero-action']
Red Sonja,"['superhero-action', 'sword-and-sandal-action', 'sword-and-sorcery-fantasy']"
The Scribbler,['superhero-action']
The Shadow,"['superhero-action', 'superhero-action']"
Captain America,"['superhero-action', 'superhero-action']"
The Green Hornet,"['superhero-action', 'superhero-action']"
Justice League: Crisis on Infinite Earths - Part One,['superhero-action']
The Fantastic Four,['superhero-action']
Dragon Ball Super: Broly,['superhero-action']
Jonah Hex,['superhero-action']
Underdog,['superhero-action']
Turbo: A Power Rangers Movie,['superhero-action']
Moonwalker,"['superhero-action', 'supernatural-fantasy']"
Zoom,['superhero-action']
The Brave and the Bold,['superhero-action']
Batman: Mask of the Phantasm,['superhero-action']
Batman: Under the Red Hood,['superhero-action']
Justice League Dark: Apokolips War,['superhero-action']
Armor Wars,['superhero-action']
Steel,['superhero-action']
Untitled Shang-Chi Sequel,['superhero-action']
Max Steel,['superhero-action']
"Batman: The Dark Knight Returns, Part 2",['superhero-action']
Legend of the White Dragon,['superhero-action']
Hancock 2,['superhero-action']
Justice League: The Flashpoint Paradox,['superhero-action']
Injustice,['superhero-action']
Secret Headquarters,['superhero-action']
Batman: Hush,['superhero-action']
Justice League: Warworld,['superhero-action']
My Hero Academia: World Heroes' Mission,['superhero-action']
Justice League: Crisis on Infinite Earths - Part Two,['superhero-action']
Batman: Gotham Knight,['superhero-action']
The Return of Swamp Thing,['superhero-action']
King Spawn,['superhero-action']
Justice League vs. Teen Titans,['superhero-action']
Spider-Man Noir,['superhero-action']
Warriors of Virtue,"['superhero-action', 'sword-and-sorcery-fantasy']"
Planet Hulk,['superhero-action']
Sgt. Rock,['superhero-action']
Suicide Squad: Hell to Pay,['superhero-action']
The Death of Superman,['superhero-action']
Justice League: Doom,['superhero-action']
BloodRayne: The Third Reich,['superhero-action']
Batman vs Teenage Mutant Ninja Turtles,['superhero-action']
Justice League: Crisis on Two Earths,['superhero-action']
Teen Titans: The Judas Contract,['superhero-action']
Hulk Vs.,['superhero-action']
The Powerpuff Girls Movie,['superhero-action']
Man-Thing,['superhero-action']
The Legend of the Lone Ranger,['superhero-action']
Son of Batman,['superhero-action']
Constantine: City of Demons - The Movie,['superhero-action']
Batman: Gotham by Gaslight,['superhero-action']
Danger: Diabolik,['superhero-action']
Batman: Year One,['superhero-action']
Lazer Team,['superhero-action']
Superman/Batman: Apocalypse,['superhero-action']
My Hero Academia: Heroes Rising,['superhero-action']
Dragon Ball Z: Fusion Reborn,['superhero-action']
Batman and Harley Quinn,['superhero-action']
Batman: Bad Blood,['superhero-action']
Ultimate Avengers: The Movie,['superhero-action']
Batman: Death in the Family,['superhero-action']
My Hero Academia: Two Heroes,['superhero-action']
Lazarus,['superhero-action']
Justice League: Gods and Monsters,['superhero-action']
Electra,"['superhero-action', 'tragedy-drama']"
Batman vs. Robin,['superhero-action']
Justice League: The New Frontier,['superhero-action']
BloodRayne II: Deliverance,['superhero-action']
Justice League: Throne of Atlantis,['superhero-action']
Avengers Confidential: Black Widow & Punisher,['superhero-action']
Darkman II: The Return of Durant,['superhero-action']
Legion of Super-Heroes,"['superhero-action', 'time-travel-sci-fi']"
"Batman: The Long Halloween, Part Two",['superhero-action']
Superman: Red Son,['superhero-action']
The Heroic Trio,['superhero-action']
Batman: The Long Halloween,['superhero-action']
Superman/Shazam!: The Return of Black Adam,['superhero-action']
Wonder Woman: Bloodlines,['superhero-action']
Reign of the Supermen,['superhero-action']
iBoy,['superhero-action']
Adventures of Captain Marvel,['superhero-action']
Guyver: Dark Hero,['superhero-action']
Batman: Return of the Caped Crusaders,['superhero-action']
Spider-Man 4: Fan Film,['superhero-action']
Batman and Robin,['superhero-action']
Superman/Batman: Public Enemies,['superhero-action']
The Hyperions,['superhero-action']
Superman: Man of Tomorrow,['superhero-action']
Ultimate Avengers II,['superhero-action']
All-Star Superman,['superhero-action']
Justice Society: World War II,['superhero-action']
Superman: Unbound,['superhero-action']
Justice League vs the Fatal Five,['superhero-action']
The Powerpuff Girls: World,['superhero-action']
Freaks: You're One of Us,['superhero-action']
Batman: Soul of the Dragon,['superhero-action']
Batman and Superman: Battle of the Super Sons,['superhero-action']
Green Lantern: Emerald Knights,['superhero-action']
Supergirl: Titans,['superhero-action']
Catwoman: Hunted,['superhero-action']
How I Became a Super Hero,['superhero-action']
He-Man and She-Ra: The Secret of the Sword,"['superhero-action', 'sword-and-sorcery-fantasy']"
Green Lantern: First Flight,['superhero-action']
El Chicano,['superhero-action']
Minnal Murali,['superhero-action']
Vampirella,['superhero-action']
Next Avengers: Heroes of Tomorrow,['superhero-action']
Twice Upon a Time,['superhero-action']
Batman vs. Two-Face,['superhero-action']
Psychokinesis,['superhero-action']
Silver Hawk,['superhero-action']
Timecop: The Berlin Decision,['superhero-action']
Darkman III: Die Darkman Die,['superhero-action']
Heroic Trio 2: Executioners,['superhero-action']
Aztec Batman: Clash of Empires,['superhero-action']
Superman and the Mole-Men,['superhero-action']
Los canallas,['superhero-action']
Iceman,['superhero-action']
Satria Dewa: Gatotkaca,['superhero-action']
Radar Men from the Moon,['superhero-action']
Bloody Mallory,['superhero-action']
Unknown Origins,['superhero-action']
Iron Man: Rise of Technovore,['superhero-action']
Sailor Moon Cosmos,['superhero-action']
Avengelyne,['superhero-action']
Atom Man vs. Superman,['superhero-action']
Commando Cody: Sky Marshal of the Universe,['superhero-action']
Sri Asih,['superhero-action']
King of the Rocket Men,['superhero-action']
DC Showcase: Jonah Hex,['superhero-action']
The Demolitionist,['superhero-action']
Forest Warrior,['superhero-action']
Super Stooges vs the Wonder Women,['superhero-action']
BraveStarr: The Legend,['superhero-action']
Argoman the Fantastic Superman,['superhero-action']
Major Grom: Plague Doctor,['superhero-action']
Sailor Moon SuperS: The Movie: Black Dream Hole,['superhero-action']
Todd McFarlane's Spawn 2,['superhero-action']
Black Mask 2: City of Masks,['superhero-action']
Santo in the Treasure of Dracula,['superhero-action']
Iron Man and Captain America: Heroes United,['superhero-action']
Sailor Moon S: The Movie - Hearts in Ice,['superhero-action']
Santo vs. the Martian Invasion,['superhero-action']
The Chosen One: Legend of the Raven,['superhero-action']
Wanted 2,['superhero-action']
Chandu the Magician,['superhero-action']
Batman Unlimited: Monster Mayhem,['superhero-action']
Phantom Boy,['superhero-action']
Santo vs. the Vampire Women,['superhero-action']
The Invincible Iron Man,['superhero-action']
Sting of the Black Scorpion,['superhero-action']
Infra-Man,['superhero-action']
Amon: Apocalypse of Devilman,['superhero-action']
Guyver: Out of Control,['superhero-action']
Prince of Space,['superhero-action']
Robot Ninja,['superhero-action']
Mysterious Doctor Satan,['superhero-action']
Cyber-C.H.I.C.,['superhero-action']
Abar,['superhero-action']
All Superheroes Must Die,['superhero-action']
The Golden Bat,['superhero-action']
DC Showcase Original Shorts Collection,['superhero-action']
Spy Smasher,['superhero-action']
Bling,['superhero-action']
The Authority,['superhero-action']
Ball and Chain,['superhero-action']
Surge of Power: Revenge of the Sequel,['superhero-action']
Three Giant Men,['superhero-action']
The Spider's Web,['superhero-action']
Iron Man & Hulk: Heroes United,['superhero-action']
The Double-D Avenger,['superhero-action']
Mighty Ducks the Movie: The First Face-Off,['superhero-action']
My Hero Academia,['superhero-action']
Zorro's Fighting Legion,['superhero-action']
Mandroid,['superhero-action']
Sailor Moon Eternal,['superhero-action']
Under the Hood,['superhero-action']
Kikoriki: Team Invincible,['superhero-action']
The Green Hornet Strikes Again!,['superhero-action']
Vampire Cop,['superhero-action']
Ultraman,['superhero-action']
Invasion of the Neptune Men,['superhero-action']
The Secret Code,['superhero-action']
Hulk: Where Monsters Dwell,['superhero-action']
The Return of the Rocketeer,['superhero-action']
Sailor Moon R: The Movie: The Promise of the Rose,['superhero-action']
Santo and Blue Demon vs. the Monsters,['superhero-action']
Milarepa,['superhero-action']
Ashiap Man,['superhero-action']
Zokkomon,['superhero-action']
Marvel Super Hero Adventures: Frost Fight!,['superhero-action']
Karas: The Prophecy,['superhero-action']
Flashman,['superhero-action']
Eternal Warrior,['superhero-action']
Invisible: The Chronicles of Benjamin Knight,['superhero-action']
Survivor Series,['superhero-action']
Santo and Blue Demon vs. Dracula and the Wolf Man,['superhero-action']
The Masked Marvel,['superhero-action']
God of Thunder,['superhero-action']
Lost Planet Airmen,['superhero-action']
"Vulcan, Son of Jupiter",['superhero-action']
The Spider Returns,['superhero-action']
Santo vs. Frankenstein's Daughter,['superhero-action']
The Adventures of Superboy,['superhero-action']
Hellboy Animated: Iron Shoes,['superhero-action']
Superdragon vs. Superman,['superhero-action']
Past Midnight,['superhero-action']
Godam & Tira,['superhero-action']
Ghost Cat,['superhero-action']
The Green Archer,"['superhero-action', 'superhero-action']"
Neutron Traps the Invisible Killers,['superhero-action']
"Mandrake, the Magician",['superhero-action']
Santo in the Wax Museum,['superhero-action']
Zorro and the Three Musketeers,"['superhero-action', 'swashbuckler-adventure']"
Evil Brain from Outer Space,['superhero-action']
The Three Fantastic Supermen,['superhero-action']
The Vigilante: Fighting Hero of the West,['superhero-action']
Santo vs. the Zombies,['superhero-action']
Mercury Man,['superhero-action']
Young Justice: Future Shock,['superhero-action']
Santo contra Blue Demon en la Atlántida,['superhero-action']
Caped Crusader: The Dark Hours,['superhero-action']
Adventures of Captain Africa: Mighty Jungle Avenger!,['superhero-action']
Il marchio di Kriminal,['superhero-action']
Mighty Morphin Power Rangers: Live,['superhero-action']
Los autómatas de la muerte,['superhero-action']
Atomic Rulers,['superhero-action']
Shades of Zorro,['superhero-action']
The World of the Dead,['superhero-action']
Samson and the Slave Queen,['superhero-action']
James Batman,['superhero-action']
The Black Pearl,['superhero-action']
Santo vs. the Evil Brain,['superhero-action']
Kilink Uçan Adama Karsi,['superhero-action']
Super-Normal,['superhero-action']
Santo vs. the She-Wolves,['superhero-action']
Falconman,['superhero-action']
Irredeemable,['superhero-action']
Return of Mr. Superman,['superhero-action']
Baron Brakola,['superhero-action']
Superman in Exile,['superhero-action']
Tiger & Bunny the Movie: The Beginning,['superhero-action']
Sansone contro il corsaro nero,['superhero-action']
El hijo del diablo,['superhero-action']
Shadowman,['superhero-action']
ROM: Spaceknight,['superhero-action']
Gatchaman,['superhero-action']
Monkey Master,['superhero-action']
Catman in Boxer's Blow,['superhero-action']
Catman in Lethal Track,['superhero-action']
How to Kill 400 Duponts,['superhero-action']
Darna at ang Babaing Tuod,['superhero-action']
Astro City,['superhero-action']
Sûpâ jaiantsu,['superhero-action']
Unbreakaboy,['superhero-action']
Avenger X,['superhero-action']
La mano que aprieta,['superhero-action']
Teen Titans: Alpha,['superhero-action']
Hellish Spiders,['superhero-action']
Ang babaeng Isputnik,['superhero-action']
Metal Men,['superhero-action']
Justice League Extinction,['superhero-action']
Fighting Angels: Exodus,['superhero-action']
Wonder Woman: Molded from Clay,['superhero-action']
Superman and Scotland Yard,['superhero-action']
Empress,['superhero-action']
Mil máscaras,['superhero-action']
Rocambole contra las mujeres arpías,['superhero-action']
Si Darna at ang Planetman,['superhero-action']
"Neutrón, el enmascarado negro",['superhero-action']
Prince of Space: Spaceship of Fear,['superhero-action']
Champion Road: Arena,['superhero-action']
What Doesn't Kill Us,['superhero-action']
Kidlat... ngayon!,['superhero-action']
Darna,['superhero-action']
Casus Kiran: Yedi Canli Adam,['superhero-action']
Rebel's Run,['superhero-action']
Superman's Peril,['superhero-action']
The Beast Girls,['superhero-action']
Superman Flies Again,['superhero-action']
Guang ying zhi zhan,['superhero-action']
Down Squad,['superhero-action']
Superman and the Jungle Devil,['superhero-action']
Neutron vs. the Maniac,['superhero-action']
Batman: Legend of Arkham City,['superhero-action']
Neutrón contra el Dr. Caronte,['superhero-action']
Epiphany,['superhero-action']
Aventuras de las hermanas X,['superhero-action']
Ghost of Zorro,['superhero-action']
Superior,['superhero-action']
Panji Tengkorak,['superhero-action']
Mighty Mouse,['superhero-action']
Lastik Man,['superhero-action']
Captain Barbell... Boom!,['superhero-action']
The Avenger of Blood: Redemption,['superhero-action']
Babaing kidlat,['superhero-action']
Sûpâ jaiantsu - Kaiseijin no majô,['superhero-action']
The Seven Sins: Dawn of the Tyrant Knight,['superhero-action']
Daughter of a Superhero,['superhero-action']
Sûpâ jaiantsu - Uchû kaijin shutsugen,['superhero-action']
Ramir,['superhero-action']
Harbinger,['superhero-action']
Freakshow,['superhero-action']
Justice League: Apokolips,['superhero-action']
Captain Barbell kontra Captain Bakal,['superhero-action']
Captain Planet and the Planeteers,['superhero-action']
Age of the Monkey King,['superhero-action']
Keluang Man 2,['superhero-action']
Power-Man and Big Chin: Superstars,['superhero-action']
Darna at ang babaeng lawin,['superhero-action']
Hit-Girl,['superhero-action']
El Zorro vengador,['superhero-action']
Spy Smasher Returns,['superhero-action']
Anak ng kidlat,['superhero-action']
Apat na agimat,['superhero-action']
Captain Early 1,['superhero-action']
Huck,['superhero-action']
The Man in the Moonlight Mask,['superhero-action']
Kamagong: Bayani ng Mahirap,['superhero-action']
Indomitable Joe,['superhero-action']
Bakas ng gagamba,['superhero-action']
The Leather Man,['superhero-action']
Tiger & Bunny,['superhero-action']
Yara,['superhero-action']
Zoku Sûpâ jaiantsu - Dokuga ôkoku,['superhero-action']
Insane Jane,['superhero-action']
The Orphan: A New Kind of Hero,['superhero-action']
Talonman,['superhero-action']
Power and Glory,['superhero-action']
LeSeurdmin,['superhero-action']
Zoku sûpâ jaiantsu - Akuma no keshin,['superhero-action']
Capeshooters,['superhero-action']
Zoku sûpâ jaiantsu,['superhero-action']
Tinker and Snatch,['superhero-action']
The Magnificent Zorro,['superhero-action']
Sharkey the Bounty Hunter,['superhero-action']
Dark-Justice: No Justice No Peace,['superhero-action']
Jake Stevens: The Last Protector,['superhero-action']
Baytekin - fezada çarpisanlar,['superhero-action']
Gekko kamen - Satan no tsume,['superhero-action']
Kataha,['superhero-action']
Seven Color Mask: King Rose: Devil's Rose,['superhero-action']
Champions of Honor,['superhero-action']
Gekko kamen - kaiju Kongu,['superhero-action']
Volume,['superhero-action']
Eternal,['superhero-action']
Battleworld Rebirth,['superhero-action']
Painkiller,['superhero-action']
Officer Jack Andrews [rise of the solider],['superhero-action']
The Sensational Spider-Man,['superhero-action']
Superhuman,['superhero-action']
The Rise of a Supergod,['superhero-action']
The Quadfather,['superhero-action']
Batman Beyond Arkham Fan Film,['superhero-action']
The Macos Adventure,['superhero-action']
Prodigy,['superhero-action']
The American Way: Those Above and Those Below,['superhero-action']
Armor Hero,['superhero-action']
New Yoke City,['superhero-action']
The Hero of the 21st Century,['superhero-action']
Archer & Armstrong,['superhero-action']
Superpants,['superhero-action']
Godhammer,['superhero-action']
Not so Super,['superhero-action']
Mavi Kuvvet and the three pashas,['superhero-action']
The Challenging Ghost,['superhero-action']
Who Killed Joe Nobody?,['superhero-action']
Cobraman Movie,['superhero-action']
Super Zero,['superhero-action']
Tilkkutäkki,['superhero-action']
Hero a Dull Knight,['superhero-action']
Resurgence,['superhero-action']
Badb-The Black Morrigana,['superhero-action']
JLA/United,['superhero-action']
Patch,['superhero-action']
Amaze Your Friends,['superhero-action']
The Blue Torch,['superhero-action']
Demon City,['supernatural-fantasy']
Wonka,['supernatural-fantasy']
Ghostbusters: Frozen Empire,['supernatural-fantasy']
Practical Magic,['supernatural-fantasy']
Fantastic Beasts and Where to Find Them,"['supernatural-fantasy', 'sword-and-sorcery-fantasy']"
Night at the Museum,['supernatural-fantasy']
Ghostbusters: Afterlife,['supernatural-fantasy']
Ghostbusters II,['supernatural-fantasy']
The Craft,"['supernatural-fantasy', 'teen-drama', 'teen-fantasy', 'teen-horror', 'witch-horror']"
The Twilight Saga: Eclipse,"['supernatural-fantasy', 'teen-fantasy', 'teen-romance']"
Little Nicky,['supernatural-fantasy']
The Twilight Saga: New Moon,"['supernatural-fantasy', 'teen-adventure', 'teen-drama', 'teen-fantasy', 'teen-romance']"
Casper,"['supernatural-fantasy', 'teen-fantasy']"
The School for Good and Evil,['supernatural-fantasy']
Mary Poppins Returns,['supernatural-fantasy']
Nanny McPhee,['supernatural-fantasy']
Teen Wolf,"['supernatural-fantasy', 'teen-comedy']"
Haunted Mansion,"['supernatural-fantasy', 'supernatural-horror']"
The Craft: Legacy,"['supernatural-fantasy', 'teen-drama', 'teen-fantasy', 'witch-horror']"
Season of the Witch,"['supernatural-fantasy', 'sword-and-sandal-action', 'sword-and-sorcery-fantasy', 'witch-horror']"
The Indian in the Cupboard,['supernatural-fantasy']
Hocus Pocus 2,['supernatural-fantasy']
The Haunted Mansion,['supernatural-fantasy']
Carousel,['supernatural-fantasy']
Peter Rabbit 2: The Runaway,['supernatural-fantasy']
Thomas and the Magic Railroad,['supernatural-fantasy']
Cat People,['supernatural-fantasy']
The Lost Girls,['supernatural-fantasy']
A Guy Named Joe,['supernatural-fantasy']
Havoc in Heaven,['supernatural-fantasy']
Green Ghost and the Masters of the Stone,['supernatural-fantasy']
Outcast,"['supernatural-fantasy', 'supernatural-horror']"
Beyond Tomorrow,['supernatural-fantasy']
"Ghosts, Italian Style",['supernatural-fantasy']
Lu Over the Wall,['supernatural-fantasy']
Dracula Blows His Cool,"['supernatural-fantasy', 'supernatural-horror']"
Outward Bound,['supernatural-fantasy']
Respati,"['supernatural-fantasy', 'supernatural-horror', 'teen-horror']"
Rumic World: Fire Tripper,['supernatural-fantasy']
Untitled Ghostbusters Animated Project,['supernatural-fantasy']
Kickstarter,['supernatural-fantasy']
Hungry Ghost Diner,"['supernatural-fantasy', 'supernatural-horror']"
Like Ashes in Your Coffee,['supernatural-fantasy']
The Divine Protector: Master Salt Begins,['supernatural-fantasy']
Witch Mafia,"['supernatural-fantasy', 'teen-fantasy']"
Fate/Kaleid Liner Prisma Illya (Zokuhen),['supernatural-fantasy']
Pandora's Voodoo,['supernatural-fantasy']
League of Kismets: The Forbidden Mask,['supernatural-fantasy']
The Watchers,"['supernatural-horror', 'suspense-mystery']"
Oddity,['supernatural-horror']
The Black Phone,['supernatural-horror']
Five Nights at Freddy's,"['supernatural-horror', 'suspense-mystery']"
The Conjuring,"['supernatural-horror', 'suspense-mystery']"
Possession,['supernatural-horror']
Talk to Me,"['supernatural-horror', 'teen-horror']"
The Lost Boys,"['supernatural-horror', 'teen-horror', 'vampire-horror']"
Sinister,"['supernatural-horror', 'tragedy-drama']"
It Follows,['supernatural-horror']
The First Omen,['supernatural-horror']
Final Destination 3,"['supernatural-horror', 'teen-horror']"
Last Night in Soho,"['supernatural-horror', 'teen-horror']"
Nosferatu the Vampyre,"['supernatural-horror', 'vampire-horror']"
Insidious,"['supernatural-horror', 'suspense-mystery']"
Salem's Lot,"['supernatural-horror', 'vampire-horror']"
You Should Have Left,['supernatural-horror']
Bird Box,['supernatural-horror']
Final Destination 5,"['supernatural-horror', 'teen-horror']"
The Pope's Exorcist,['supernatural-horror']
The Conjuring 2,['supernatural-horror']
Poltergeist,"['supernatural-horror', 'supernatural-horror']"
The Nun,['supernatural-horror']
Legion,['supernatural-horror']
The Empty Man,['supernatural-horror']
Ghost Ship,['supernatural-horror']
The Boogeyman,['supernatural-horror']
Thir13en Ghosts,['supernatural-horror']
1408,['supernatural-horror']
Sumala,['supernatural-horror']
Christine,"['supernatural-horror', 'teen-horror']"
The Nun II,['supernatural-horror']
The Night House,"['supernatural-horror', 'suspense-mystery']"
Oculus,['supernatural-horror']
In the Mouth of Madness,['supernatural-horror']
The Exorcism of Emily Rose,['supernatural-horror']
Lights Out,['supernatural-horror']
The Hunger,"['supernatural-horror', 'vampire-horror']"
The Amityville Horror,['supernatural-horror']
Mama,['supernatural-horror']
Annabelle: Creation,['supernatural-horror']
Drag Me to Hell,"['supernatural-horror', 'witch-horror']"
Thirteen Women,['supernatural-horror']
The Skeleton Key,"['supernatural-horror', 'witch-horror']"
The Grudge,"['supernatural-horror', 'supernatural-horror']"
The Boy,['supernatural-horror']
Fright Night,"['supernatural-horror', 'teen-horror', 'teen-horror', 'vampire-horror', 'vampire-horror']"
Resident Evil: The Final Chapter,"['supernatural-horror', 'zombie-horror']"
Fantasy Island,"['supernatural-horror', 'suspense-mystery']"
Night Swim,['supernatural-horror']
The Orphanage,"['supernatural-horror', 'tragedy-drama']"
House on Haunted Hill,['supernatural-horror']
Annabelle Comes Home,['supernatural-horror']
Insidious: The Red Door,"['supernatural-horror', 'suspense-mystery']"
The Exorcism,['supernatural-horror']
Things Heard & Seen,"['supernatural-horror', 'suspense-mystery']"
Stigmata,['supernatural-horror']
Devil,['supernatural-horror']
Insidious: Chapter 2,['supernatural-horror']
Slender Man,"['supernatural-horror', 'teen-horror']"
The Haunting,"['supernatural-horror', 'supernatural-horror']"
Stir of Echoes,['supernatural-horror']
Case 39,['supernatural-horror']
Insidious: Chapter 3,['supernatural-horror']
Dark Water,['supernatural-horror']
Mirrors,['supernatural-horror']
Leprechaun 4: In Space,['supernatural-horror']
Dark Match,['supernatural-horror']
Cursed,"['supernatural-horror', 'werewolf-horror']"
The Mothman Prophecies,['supernatural-horror']
Troll 2,['supernatural-horror']
The Possession,['supernatural-horror']
The Possession of Hannah Grace,['supernatural-horror']
Blood Red Sky,['supernatural-horror']
Night Teeth,['supernatural-horror']
Insidious: The Last Key,['supernatural-horror']
Last Shift,['supernatural-horror']
The Devil Conspiracy,['supernatural-horror']
Ghosts of War,['supernatural-horror']
Mr. Harrigan's Phone,"['supernatural-horror', 'teen-horror']"
Phantasm,['supernatural-horror']
The Gate,"['supernatural-horror', 'teen-horror']"
His House,['supernatural-horror']
The Ring Two,['supernatural-horror']
The Crucifixion,['supernatural-horror']
The Unholy,"['supernatural-horror', 'suspense-mystery', 'witch-horror']"
Shutter,['supernatural-horror']
Before I Wake,['supernatural-horror']
You Won't Be Alone,['supernatural-horror']
Ju-on: The Grudge,['supernatural-horror']
The Unborn,['supernatural-horror']
The Awakening,['supernatural-horror']
White Zombie,"['supernatural-horror', 'zombie-horror']"
The Haunting in Connecticut,['supernatural-horror']
Leprechaun: Origins,['supernatural-horror']
We Have a Ghost,['supernatural-horror']
Rings,['supernatural-horror']
Winchester,['supernatural-horror']
Veronica,['supernatural-horror']
The Innocents,['supernatural-horror']
Troll,['supernatural-horror']
Velvet Buzzsaw,['supernatural-horror']
Don't Be Afraid of the Dark,['supernatural-horror']
To the Devil a Daughter,['supernatural-horror']
Mr. Crocket,['supernatural-horror']
Sister Death,['supernatural-horror']
Burnt Offerings,['supernatural-horror']
House of Darkness,['supernatural-horror']
Warlock,"['supernatural-horror', 'witch-horror']"
Campfire Tales,"['supernatural-horror', 'teen-horror']"
Book of Shadows: Blair Witch 2,['supernatural-horror']
Something in the Dirt,['supernatural-horror']
The Rite,['supernatural-horror']
Wendell & Wild,['supernatural-horror']
Exorcist II: The Heretic,['supernatural-horror']
Boo! A Madea Halloween,"['supernatural-horror', 'zombie-horror']"
The Grudge 2,['supernatural-horror']
6 Souls,['supernatural-horror']
[REC] 4: Apocalypse,"['supernatural-horror', 'zombie-horror']"
The Innkeepers,"['supernatural-horror', 'suspense-mystery']"
Demon Wind,['supernatural-horror']
One Missed Call,['supernatural-horror']
Nomads,['supernatural-horror']
Bed Rest,['supernatural-horror']
Amityville: The Awakening,['supernatural-horror']
The Messengers,['supernatural-horror']
The Offering,['supernatural-horror']
It Lives Inside,"['supernatural-horror', 'teen-horror']"
In the Earth,['supernatural-horror']
Baba Yaga,['supernatural-horror']
The Masque of the Red Death,['supernatural-horror']
An American Haunting,"['supernatural-horror', 'witch-horror']"
The Guardian,"['supernatural-horror', 'witch-horror']"
Jessabelle,['supernatural-horror']
Titanic 666,['supernatural-horror']
Soul Survivors,"['supernatural-horror', 'teen-horror']"
The Exorcism of God,['supernatural-horror']
Prison,"['supernatural-horror', 'tragedy-drama']"
Nanny,['supernatural-horror']
Venus,['supernatural-horror']
Boogeyman,['supernatural-horror']
Amityville 3-D,['supernatural-horror']
Demonic,['supernatural-horror']
Dead of Night,['supernatural-horror']
The Ghoul,['supernatural-horror']
Pumpkinhead II: Blood Wings,"['supernatural-horror', 'teen-horror']"
Dead Birds,['supernatural-horror']
The Haunting in Connecticut 2: Ghosts of Georgia,['supernatural-horror']
Mother of Tears,"['supernatural-horror', 'witch-horror']"
The Terror,['supernatural-horror']
The Mephisto Waltz,['supernatural-horror']
The Darkness,['supernatural-horror']
Spell,['supernatural-horror']
Bless the Child,['supernatural-horror']
Nightmare Cinema,['supernatural-horror']
Forget Me Not,['supernatural-horror']
The Manitou,['supernatural-horror']
Mine Games,['supernatural-horror']
Intruders,['supernatural-horror']
Blood from the Mummy's Tomb,['supernatural-horror']
Matriarch,['supernatural-horror']
Devil's Workshop,['supernatural-horror']
Darkness,['supernatural-horror']
Mary,['supernatural-horror']
Spirit Halloween,"['supernatural-horror', 'teen-fantasy']"
House of Dark Shadows,['supernatural-horror']
The Eye,['supernatural-horror']
The Vatican Tapes,['supernatural-horror']
"Kill, Baby... Kill!",['supernatural-horror']
London After Midnight,"['supernatural-horror', 'vampire-horror']"
The Hazing,"['supernatural-horror', 'teen-horror']"
Trapped Ashes,['supernatural-horror']
The Atticus Institute,['supernatural-horror']
I Walked with a Zombie,"['supernatural-horror', 'zombie-horror']"
The Last Exorcism Part II,['supernatural-horror']
The Sect,['supernatural-horror']
Incarnate,['supernatural-horror']
The Vigil,['supernatural-horror']
Population 436,['supernatural-horror']
Spellbinder,"['supernatural-horror', 'witch-horror']"
Deer Camp '86,['supernatural-horror']
The City of the Dead,"['supernatural-horror', 'witch-horror']"
The Legend of La Llorona,['supernatural-horror']
Gate 2: The Trespassers,['supernatural-horror']
The Skull,['supernatural-horror']
Dream Demon,['supernatural-horror']
Lost Souls,['supernatural-horror']
She Beast,['supernatural-horror']
They,['supernatural-horror']
Night of the Eagle,['supernatural-horror']
Solstice,['supernatural-horror']
The Haunted Apartment,['supernatural-horror']
Row 19,['supernatural-horror']
The Outing,['supernatural-horror']
Manhattan Baby,['supernatural-horror']
Night of the Animated Dead,"['supernatural-horror', 'zombie-horror']"
Raaz 3,['supernatural-horror']
Dreamkatcher,['supernatural-horror']
Serpent's Lair,['supernatural-horror']
Witchtrap,['supernatural-horror']
The Return,['supernatural-horror']
The Ghost Galleon,['supernatural-horror']
Cradle of Fear,['supernatural-horror']
It!,['supernatural-horror']
Children of the Corn 666: Isaac's Return,['supernatural-horror']
From a Whisper to a Scream,['supernatural-horror']
Children of the Damned,['supernatural-horror']
Jack Frost 2: Revenge of the Mutant Killer Snowman,['supernatural-horror']
Lovely Molly,['supernatural-horror']
The House That Would Not Die,['supernatural-horror']
The Ghost of Yotsuya,['supernatural-horror']
Headless Horseman,['supernatural-horror']
The Invisible Man Returns,"['supernatural-horror', 'whodunnit-mystery']"
Baron Blood,['supernatural-horror']
Stephanie,['supernatural-horror']
Bedeviled,"['supernatural-horror', 'teen-horror']"
Amulet,"['supernatural-horror', 'teen-adventure']"
Don't Go Near the Park,['supernatural-horror']
Kid Paranormal,"['supernatural-horror', 'teen-horror']"
Curse of the Faceless Man,['supernatural-horror']
Romasanta,"['supernatural-horror', 'werewolf-horror']"
In a Dark Place,['supernatural-horror']
Abattoir,['supernatural-horror']
The Vampire Doll,"['supernatural-horror', 'vampire-horror']"
The Invisible Man's Revenge,['supernatural-horror']
Long Time Dead,['supernatural-horror']
Summoning Sylvia,['supernatural-horror']
Island of the Dead,['supernatural-horror']
The Haunted Hotel,['supernatural-horror']
Nothing Left to Fear,['supernatural-horror']
Sublime,['supernatural-horror']
Inkubus,['supernatural-horror']
Devil's Prey,['supernatural-horror']
KM 31: Kilómetro 31,['supernatural-horror']
The Harbinger,['supernatural-horror']
Apartment 1303 3D,['supernatural-horror']
The Roost,['supernatural-horror']
The Influence,['supernatural-horror']
A Resurrection,['supernatural-horror']
Nature Unleashed: Volcano,['supernatural-horror']
Left for Dead,['supernatural-horror']
Wintertide,['supernatural-horror']
Mayday,['supernatural-horror']
Devil's Partner,['supernatural-horror']
Clown Motel: Spirits Arise,['supernatural-horror']
Kafir: A Deal with the Devil,"['supernatural-horror', 'suspense-mystery']"
Halloween Party,['supernatural-horror']
White: The Melody of the Curse,['supernatural-horror']
Supernatural,['supernatural-horror']
At Midnight I'll Take Your Soul,['supernatural-horror']
Zombie Nation,['supernatural-horror']
Isabelle,['supernatural-horror']
The Locals,['supernatural-horror']
Knucklebones,['supernatural-horror']
Killer Pad,"['supernatural-horror', 'teen-comedy']"
Darker Than Night,['supernatural-horror']
Psyched by the 4D Witch,['supernatural-horror']
Fading of the Cries,['supernatural-horror']
Fear(s) of the Dark,['supernatural-horror']
Black Wood,['supernatural-horror']
Asylum of Fear,['supernatural-horror']
Hellborn,['supernatural-horror']
Spirit Trap,['supernatural-horror']
A Dead Calling,['supernatural-horror']
Hell's Highway,['supernatural-horror']
The Ferryman,['supernatural-horror']
The Curse of La Patasola,['supernatural-horror']
Realms,['supernatural-horror']
The Seamstress,['supernatural-horror']
Death Ph.D,['supernatural-horror']
Revolt of the Zombies,"['supernatural-horror', 'zombie-horror']"
Ragdoll,['supernatural-horror']
Cassadaga,['supernatural-horror']
Neron,['supernatural-horror']
The Black-Eyed Children 2,['supernatural-horror']
The Inhabitants,['supernatural-horror']
Cursed Waters,"['supernatural-horror', 'sword-and-sandal-action']"
Autopsy Room Four,['supernatural-horror']
Armageddon Road,['supernatural-horror']
Witches of the Caribbean,['supernatural-horror']
Exorcism,['supernatural-horror']
El hombre y el monstruo,['supernatural-horror']
The Speak,['supernatural-horror']
Insight of Evil,['supernatural-horror']
The Rabbit Hole,['supernatural-horror']
6 Songs,['supernatural-horror']
"A crash leaves a man dead, and his wife badly injured. Soon, he returns as a ghost to try to take her with him. 2. A caretaker wins the lottery thanks to the saucer spirit. Things begin to go wrong when he breaks his promise to it.",['supernatural-horror']
Conjuring the Plastic Surgeon 2,['supernatural-horror']
Blood of the Chupacabras,['supernatural-horror']
NFT,['supernatural-horror']
The Curse of Doctor Wolffenstein,['supernatural-horror']
The Rows,['supernatural-horror']
Wake the Witch,['supernatural-horror']
Marah from Eilat,['supernatural-horror']
Dark Stories: Tales from Beyond the Grave,['supernatural-horror']
Freda: Evils' Origin,['supernatural-horror']
The Dismembered,['supernatural-horror']
Vladenie 18,['supernatural-horror']
Legado,['supernatural-horror']
The Whitlow House,['supernatural-horror']
Ariad,['supernatural-horror']
Svatební kosile,['supernatural-horror']
It Hunts,['supernatural-horror']
Dead Innocent,['supernatural-horror']
Blood Count,['supernatural-horror']
Whispers on the Lake,['supernatural-horror']
48 Hours Alone,['supernatural-horror']
Risu-ukko,['supernatural-horror']
Class Picture: The Movie,['supernatural-horror']
Am I Demon?,['supernatural-horror']
To the Grounds We Go,['supernatural-horror']
My Stranger,['supernatural-horror']
H.P. Lovecraft's Charles Dexter Ward,['supernatural-horror']
Nico,['supernatural-horror']
"Something Evil, Something Dangerous... Is Out There!",['supernatural-horror']
Pharism: The Prequel/Sequel to Vergo,['supernatural-horror']
Brighter Side of Darkness,['supernatural-horror']
The Hairy Ones,['supernatural-horror']
Curse of the Ghost Writer,['supernatural-horror']
Frank's First Day,['supernatural-horror']
Untitled Justin Burquist Project,['supernatural-horror']
Pandæmonia,"['supernatural-horror', 'teen-horror']"
"Cursed, Invisible Boy",['supernatural-horror']
Ariad II: The Ascension,['supernatural-horror']
Triangle,['survival-adventure']
Fall,['survival-adventure']
Cast Away,['survival-adventure']
Apollo 13,['survival-adventure']
Lord of the Flies,"['survival-adventure', 'survival-adventure']"
47 Meters Down,['survival-adventure']
The Birds,['survival-adventure']
The Edge,['survival-adventure']
The Grey,['survival-adventure']
Something in the Water,['survival-adventure']
Arctic,['survival-adventure']
The Mountain Between Us,['survival-adventure']
Silent Zone,"['survival-adventure', 'zombie-horror']"
Eight Below,['survival-adventure']
The Adventures of Milo and Otis,['survival-adventure']
Swiss Family Robinson,"['survival-adventure', 'survival-adventure']"
Land,['survival-adventure']
Backcountry,['survival-adventure']
The Flight of the Phoenix,['survival-adventure']
Lifeboat,['survival-adventure']
Voyage to the Bottom of the Sea,['survival-adventure']
Out of Control,['survival-adventure']
Shipwrecked,['survival-adventure']
Far from Home: The Adventures of Yellow Dog,['survival-adventure']
Hell in the Pacific,['survival-adventure']
The War Lover,['survival-adventure']
Man in the Wilderness,['survival-adventure']
The Last Flight of Noah's Ark,['survival-adventure']
Figures in a Landscape,['survival-adventure']
Letter Never Sent,['survival-adventure']
Paradise Lagoon,['survival-adventure']
Hex,['survival-adventure']
Crusoe,['survival-adventure']
On an Island with You,['survival-adventure']
The Island of Giant Insects,['survival-adventure']
Susannah of the Mounties,['survival-adventure']
Gantz,['survival-adventure']
Era del Silencio,['survival-adventure']
Dead Man's Island,['survival-adventure']
Mississippi Burning,"['suspense-mystery', 'tragedy-drama']"
Incendies,['suspense-mystery']
Vivarium,['suspense-mystery']
The Killing of a Sacred Deer,['suspense-mystery']
The Maze Runner,['suspense-mystery']
Bad Times at the El Royale,['suspense-mystery']
"Four strangers check in at the El Royale Hotel. The hotel is deserted, staffed by a single desk clerk. Some of the new guests' reasons for being there are less than innocent and some are not who they appear to be.",['suspense-mystery']
In the Heat of the Night,['suspense-mystery']
The Conjuring: The Devil Made Me Do It,['suspense-mystery']
Murder on the Orient Express,"['suspense-mystery', 'whodunnit-mystery', 'whodunnit-mystery']"
The Blackcoat's Daughter,"['suspense-mystery', 'tragedy-drama']"
1922,"['suspense-mystery', 'tragedy-drama']"
A Tale of Two Sisters,"['suspense-mystery', 'tragedy-drama']"
Frantic,['suspense-mystery']
The Mirror Crack'd,"['suspense-mystery', 'whodunnit-mystery']"
Gone in the Night,['suspense-mystery']
Eyes of Laura Mars,['suspense-mystery']
Twixt,"['suspense-mystery', 'vampire-horror']"
Hunter Hunter,['suspense-mystery']
And Soon the Darkness,['suspense-mystery']
The Lost Leonardo,['suspense-mystery']
The Caller,['suspense-mystery']
Twisted Neighbor,['suspense-mystery']
The Witches of the Sands,['suspense-mystery']
Cold Heaven,['suspense-mystery']
Mr. Six,['suspense-mystery']
Ordinary Days,['suspense-mystery']
Twenty Plus Two,['suspense-mystery']
Maui,['suspense-mystery']
Dark Delusion,"['suspense-mystery', 'workplace-drama']"
Aurali,['suspense-mystery']
Shitto,['suspense-mystery']
Black Curtain,['suspense-mystery']
Akutoku,['suspense-mystery']
Daitokai no gozen 3-ji,['suspense-mystery']
Z no senritsu,['suspense-mystery']
Nijûichi no shimon,['suspense-mystery']
Asakusa no oni,['suspense-mystery']
Conceptus,['suspense-mystery']
Sokonuke sanpei: kiken dai kangei,['suspense-mystery']
Nanatsu no kao,['suspense-mystery']
Untitled Max Bessmertny Project,['suspense-mystery']
Casino Angel,['suspense-mystery']
Robin Hood: Prince of Thieves,['swashbuckler-adventure']
The Three Musketeers,"['swashbuckler-adventure', 'swashbuckler-adventure', 'swashbuckler-adventure', 'swashbuckler-adventure', 'swashbuckler-adventure', 'swashbuckler-adventure', 'swashbuckler-adventure', 'swashbuckler-adventure', 'swashbuckler-adventure', 'swashbuckler-adventure']"
The Golden Voyage of Sinbad,"['swashbuckler-adventure', 'sword-and-sorcery-fantasy']"
The Adventures of Robin Hood,['swashbuckler-adventure']
The Wicked Lady,['swashbuckler-adventure']
The Pirate Movie,['swashbuckler-adventure']
Sinbad and the Eye of the Tiger,['swashbuckler-adventure']
Ivanhoe,['swashbuckler-adventure']
The Musketeer,['swashbuckler-adventure']
The 7th Voyage of Sinbad,['swashbuckler-adventure']
"Mickey, Donald, Goofy: The Three Musketeers",['swashbuckler-adventure']
The Vikings,['swashbuckler-adventure']
Sword of the Valiant,"['swashbuckler-adventure', 'sword-and-sorcery-fantasy']"
Against All Flags,['swashbuckler-adventure']
The Black Swan,['swashbuckler-adventure']
The Mark of Zorro,"['swashbuckler-adventure', 'swashbuckler-adventure']"
The Crimson Pirate,['swashbuckler-adventure']
The Scarlet Pimpernel,['swashbuckler-adventure']
The Bluff,['swashbuckler-adventure']
The Return of the Musketeers,['swashbuckler-adventure']
Nate and Hayes,['swashbuckler-adventure']
Prince of Foxes,['swashbuckler-adventure']
Pippi in the South Seas,['swashbuckler-adventure']
The Fifth Musketeer,['swashbuckler-adventure']
The Prince and the Pauper,['swashbuckler-adventure']
The Prince Who Was a Thief,['swashbuckler-adventure']
The Golden Blade,['swashbuckler-adventure']
The Sword and the Rose,['swashbuckler-adventure']
God Loves Caviar,['swashbuckler-adventure']
The Sign of Zorro,['swashbuckler-adventure']
The Black Knight,['swashbuckler-adventure']
The Pirates Who Don't Do Anything,['swashbuckler-adventure']
The Iron Mask,['swashbuckler-adventure']
Knights of the Round Table,['swashbuckler-adventure']
Sword of Sherwood Forest,['swashbuckler-adventure']
The Fighting Pimpernel,['swashbuckler-adventure']
The Master of Ballantrae,['swashbuckler-adventure']
Le Bossu,['swashbuckler-adventure']
Le capitaine Fracasse,['swashbuckler-adventure']
Cartouche,"['swashbuckler-adventure', 'swashbuckler-adventure']"
The Story of the Count of Monte Cristo,['swashbuckler-adventure']
At Sword's Point,['swashbuckler-adventure']
Revenge of the Musketeers,['swashbuckler-adventure']
The Three Musketeers: Part I - The Queen's Diamonds,['swashbuckler-adventure']
The Exile,['swashbuckler-adventure']
Journey of Honor,['swashbuckler-adventure']
The Crimson Blade,['swashbuckler-adventure']
Pirates of Treasure Island,['swashbuckler-adventure']
Wilhelm Tell,['swashbuckler-adventure']
Don Q Son of Zorro,['swashbuckler-adventure']
Quentin Durward,['swashbuckler-adventure']
Long Live Robin Hood,['swashbuckler-adventure']
The Black Pirate,['swashbuckler-adventure']
Yankee Pasha,['swashbuckler-adventure']
The King's Thief,['swashbuckler-adventure']
The Moonraker,['swashbuckler-adventure']
Siege of the Saxons,['swashbuckler-adventure']
The Sword of Monte Cristo,['swashbuckler-adventure']
Yankee Buccaneer,['swashbuckler-adventure']
Morgan the Pirate,['swashbuckler-adventure']
Pathala Bhairavi,['swashbuckler-adventure']
Pororo 5: Treasure Island Adventure,['swashbuckler-adventure']
Malkoçoglu Cem Sultan,['swashbuckler-adventure']
The Brigand,['swashbuckler-adventure']
Pirates of the Plain,['swashbuckler-adventure']
Treasure Island. Captain Flint's Map,['swashbuckler-adventure']
Captain Pirate,['swashbuckler-adventure']
Vengeance of the Three Musketeers,['swashbuckler-adventure']
Ayirathil Oruvan,['swashbuckler-adventure']
Labou,['swashbuckler-adventure']
The Prince of Thieves,['swashbuckler-adventure']
The Son of Captain Blood,['swashbuckler-adventure']
Fortunes of Captain Blood,['swashbuckler-adventure']
The Highwayman,['swashbuckler-adventure']
The King's Pirate,['swashbuckler-adventure']
California Conquest,['swashbuckler-adventure']
The Lost Treasure of Sawtooth Island,['swashbuckler-adventure']
Siren of Bagdad,['swashbuckler-adventure']
Lady in the Iron Mask,['swashbuckler-adventure']
The Fighting O'Flynn,['swashbuckler-adventure']
Cyrano et d'Artagnan,['swashbuckler-adventure']
The Men of Sherwood Forest,['swashbuckler-adventure']
Swordsman of Siena,['swashbuckler-adventure']
Nadodi Mannan,['swashbuckler-adventure']
The Return of Monte Cristo,['swashbuckler-adventure']
Haiducii,['swashbuckler-adventure']
The Swordsman,['swashbuckler-adventure']
The Great Adventures of Captain Kidd,['swashbuckler-adventure']
A koppányi aga testamentuma,['swashbuckler-adventure']
The Count of Monte Cristo - Part 2: Retribution,['swashbuckler-adventure']
The Secret of Monte Cristo,['swashbuckler-adventure']
"Zorro, the Avenger",['swashbuckler-adventure']
The Lady and the Bandit,['swashbuckler-adventure']
Bandits of Corsica,['swashbuckler-adventure']
Le bossu,"['swashbuckler-adventure', 'swashbuckler-adventure']"
Family Classics: The Three Musketeers,['swashbuckler-adventure']
Three Musketeers,['swashbuckler-adventure']
Zorro in the Court of Spain,['swashbuckler-adventure']
Zorro in the Court of England,['swashbuckler-adventure']
Sword of Zorro,['swashbuckler-adventure']
Sword of Venus,['swashbuckler-adventure']
The Gallant Blade,['swashbuckler-adventure']
"French people are relieved: the Thirty Years War is over and they will be able to live in peace. This feeling is shared by General Cadeau, the hero of the war, and his loyal aide, Lieutenant David Picard. But not at all by Marshall of France Mordore, who plans to plunder Spain. Cadeau decides to try to dissuade Mordore from implementing his plan but before meeting him he presents David with his sword dubbed ""the gallant blade"". This wonderful arm as well as David's talent as a swordsman will come handy as Mordore not only will not hear of peace but will prove treacherous as well.",['swashbuckler-adventure']
Mannathi Mannan,['swashbuckler-adventure']
DragonHeart,['sword-and-sandal-action']
Outlander,['sword-and-sandal-action']
Wrath of the Titans,['sword-and-sandal-action']
Quo Vadis,['sword-and-sandal-action']
Centurion,['sword-and-sandal-action']
The Legend of Hercules,['sword-and-sandal-action']
Boudica: Queen of War,['sword-and-sandal-action']
The Eagle,['sword-and-sandal-action']
The Barbarians,['sword-and-sandal-action']
The Conqueror,['sword-and-sandal-action']
Ulysses,['sword-and-sandal-action']
The Colossus of Rhodes,['sword-and-sandal-action']
Duel of the Titans,['sword-and-sandal-action']
The Adventures of Hajji Baba,['sword-and-sandal-action']
La spada e la croce,['sword-and-sandal-action']
Harry Potter and the Goblet of Fire,"['sword-and-sorcery-fantasy', 'teen-adventure', 'teen-fantasy']"
Harry Potter and the Prisoner of Azkaban,"['sword-and-sorcery-fantasy', 'teen-adventure', 'teen-fantasy']"
Harry Potter and the Chamber of Secrets,"['sword-and-sorcery-fantasy', 'teen-adventure', 'teen-fantasy']"
Fantastic Beasts: The Crimes of Grindelwald,['sword-and-sorcery-fantasy']
The Secret of Moonacre,['sword-and-sorcery-fantasy']
The Beastmaster,['sword-and-sorcery-fantasy']
Deathstalker II: Duel of the Titans,['sword-and-sorcery-fantasy']
The Perils of Gwendoline in the Land of the Yik Yak,['sword-and-sorcery-fantasy']
Kull the Conqueror,['sword-and-sorcery-fantasy']
Sword of Lancelot,['sword-and-sorcery-fantasy']
Overlord: The Sacred Kingdom,['sword-and-sorcery-fantasy']
Hawk the Slayer,['sword-and-sorcery-fantasy']
Erik the Viking,['sword-and-sorcery-fantasy']
The Dungeonmaster,['sword-and-sorcery-fantasy']
The Warrior and the Sorceress,['sword-and-sorcery-fantasy']
The Scorpion King 4: Quest for Power,['sword-and-sorcery-fantasy']
The Adventures of Hercules,['sword-and-sorcery-fantasy']
Jack the Giant Killer,['sword-and-sorcery-fantasy']
Yor: The Hunter from the Future,['sword-and-sorcery-fantasy']
Deathstalker IV: Match of Titans,['sword-and-sorcery-fantasy']
The Seven Magnificent Gladiators,['sword-and-sorcery-fantasy']
Deathstalker and the Warriors from Hell,['sword-and-sorcery-fantasy']
Ator: The Fighting Eagle,['sword-and-sorcery-fantasy']
Hercules Unchained,['sword-and-sorcery-fantasy']
The Blade Master,['sword-and-sorcery-fantasy']
Iron Warrior,['sword-and-sorcery-fantasy']
Quest for the Mighty Sword,['sword-and-sorcery-fantasy']
Hercules in the Haunted World,['sword-and-sorcery-fantasy']
The Seven Deadly Sins: Cursed by Light,['sword-and-sorcery-fantasy']
Kage no Jitsuryokusha ni Naritakute!: Zankyou-hen,['sword-and-sorcery-fantasy']
Harry Potter and the Order of the Phoenix,"['teen-adventure', 'teen-fantasy']"
The Mortal Instruments: City of Bones,['teen-adventure']
Percy Jackson: Sea of Monsters,"['teen-adventure', 'teen-fantasy']"
Young Sherlock Holmes,['teen-adventure']
Jem and the Holograms,['teen-adventure']
Lovewrecked,['teen-adventure']
See You Yesterday,['teen-adventure']
Ghoster,['teen-adventure']
The Night We Should've Left Behind,"['teen-adventure', 'teen-fantasy']"
Ice Princess,['teen-comedy']
Pitch Perfect,"['teen-comedy', 'teen-romance']"
Fast Times at Ridgemont High,['teen-comedy']
Bring It On,['teen-comedy']
The Mighty Ducks,"['teen-comedy', 'teen-drama']"
Project X,['teen-comedy']
Just One of the Guys,['teen-comedy']
Aquamarine,"['teen-comedy', 'teen-fantasy']"
The Kissing Booth,"['teen-comedy', 'teen-romance']"
Real Genius,['teen-comedy']
Mystic Pizza,"['teen-comedy', 'teen-drama', 'teen-romance']"
American Pie Presents: Girls' Rules,['teen-comedy']
The Lizzie McGuire Movie,"['teen-comedy', 'urban-adventure']"
The House Bunny,['teen-comedy']
The DUFF,"['teen-comedy', 'teen-romance']"
Detroit Rock City,['teen-comedy']
Submarine,['teen-comedy']
Accepted,['teen-comedy']
The Sure Thing,['teen-comedy']
Snow Day,['teen-comedy']
Pitch Perfect 3,['teen-comedy']
The 4:30 Movie,['teen-comedy']
License to Drive,['teen-comedy']
Orange County,['teen-comedy']
Confessions of a Teenage Drama Queen,['teen-comedy']
Pump Up the Volume,['teen-comedy']
ATL,"['teen-comedy', 'teen-romance']"
Crush,"['teen-comedy', 'teen-romance']"
Bratz,['teen-comedy']
Soul Man,['teen-comedy']
The Perfect Score,['teen-comedy']
To All the Boys: Always and Forever,"['teen-comedy', 'teen-drama', 'teen-romance']"
The Kissing Booth 3,"['teen-comedy', 'teen-romance']"
National Lampoon's Senior Trip,['teen-comedy']
Honor Society,['teen-comedy']
The Last Summer,['teen-comedy']
Drillbit Taylor,['teen-comedy']
Slaughterhouse Rulez,['teen-comedy']
Prom Pact,['teen-comedy']
Sorority Boys,['teen-comedy']
Love Don't Cost a Thing,['teen-comedy']
School Spirit,['teen-comedy']
The Flamingo Kid,['teen-comedy']
Angus,['teen-comedy']
My Best Friend Is a Vampire,"['teen-comedy', 'vampire-horror']"
Under the Riccione Sun,['teen-comedy']
Dear Lemon Lima,['teen-comedy']
Venial Sin,['teen-comedy']
Virtual Sexuality,['teen-comedy']
Costa Rican Summer,['teen-comedy']
Fraternity House,['teen-comedy']
Book of Love,"['teen-comedy', 'teen-romance']"
Spanks,['teen-comedy']
Better Nate Than Ever,"['teen-comedy', 'teen-drama']"
1UP,['teen-comedy']
Mystery Date,['teen-comedy']
The Family Tree,['teen-comedy']
After School,['teen-comedy']
Adventures in Public School,['teen-comedy']
Summer Night Fever,['teen-comedy']
Skid Marks,['teen-comedy']
Sadie's Last Days on Earth,['teen-comedy']
Tim Timmerman: Hope of America,['teen-comedy']
Rumspringa,['teen-comedy']
Die Wilden Kerle 3,['teen-comedy']
The Zoo Gang,"['teen-comedy', 'teen-drama']"
Seoul Searching,"['teen-comedy', 'teen-drama']"
We Are the Freaks,['teen-comedy']
Raising Genius,['teen-comedy']
Twice Blessed,"['teen-comedy', 'teen-drama']"
A Slice of Terror,['teen-comedy']
Lupe Q and the Galactic Earworms,['teen-comedy']
Chick Magnets,"['teen-comedy', 'teen-romance']"
Kicking the Dog,['teen-comedy']
Multiplexing,['teen-comedy']
Embrujo de rock,['teen-comedy']
Broski,['teen-comedy']
Neobycejná trída,['teen-comedy']
Operation Mom,['teen-comedy']
Unprotected,['teen-comedy']
The Unbreakable Boy,['teen-drama']
The Twilight Saga: Breaking Dawn - Part 2,"['teen-drama', 'teen-fantasy']"
A Walk to Remember,"['teen-drama', 'teen-romance', 'tragedy-drama', 'tragic-romance']"
Bully,"['teen-drama', 'true-crime']"
Close,['teen-drama']
That Thing You Do!,['teen-drama']
The Tearsmith,"['teen-drama', 'teen-romance']"
Palmer,['teen-drama']
Some Kind of Wonderful,"['teen-drama', 'teen-romance']"
After We Fell,"['teen-drama', 'teen-romance']"
Endless Love,"['teen-drama', 'tragedy-drama']"
Cruel Intentions 2,['teen-drama']
B.O.Y.: Bruises of Yesterday,['teen-drama']
Cuties,['teen-drama']
Cruel Intentions 3,['teen-drama']
Along for the Ride,"['teen-drama', 'teen-romance']"
"Grandview, U.S.A.",['teen-drama']
Heartstone,['teen-drama']
Masculine Feminine,['teen-drama']
Royalteen,"['teen-drama', 'teen-romance']"
Teenage Kicks,['teen-drama']
Don't Make Me Go,['teen-drama']
At First Light,['teen-drama']
Kahar: Kapla High Council,['teen-drama']
On the Come Up,['teen-drama']
Fanfic,['teen-drama']
Sticks & Stones,['teen-drama']
The Stranger by the Beach,"['teen-drama', 'teen-romance']"
Pretty Young Thing,['teen-drama']
Walking the Halls,['teen-drama']
Royalteen: Princess Margrethe,"['teen-drama', 'teen-romance']"
Girl Followed,['teen-drama']
The Boy She Met Online,['teen-drama']
Remember the Goal,['teen-drama']
Hunted,"['teen-drama', 'vampire-horror']"
Dead Kids,['teen-drama']
Rainbow,['teen-drama']
On the Ice,"['teen-drama', 'tragedy-drama']"
Cynthia,"['teen-drama', 'teen-romance']"
Wild Seed,"['teen-drama', 'teen-romance']"
Tak Ingin Usai di Sini,"['teen-drama', 'teen-romance']"
First Friday,['teen-drama']
21st Century Cleo,['teen-drama']
The Book of Leah,['teen-drama']
The Gang,['teen-drama']
Nina ja Erik,['teen-drama']
Last Rodeo,['teen-drama']
Eclipse,['teen-drama']
Drawn In,['teen-drama']
My Name Is Big Enough,['teen-drama']
Kami (Bukan) Sarjana Kertas,['teen-drama']
The Legend of Ochi,['teen-fantasy']
Chupa,['teen-fantasy']
Teen Wolf Too,['teen-fantasy']
Anastasia,['teen-fantasy']
The Lost Medallion: The Adventures of Billy Stone,['teen-fantasy']
Return to Nim's Island,['teen-fantasy']
The Amazing Mr. Blunden,['teen-fantasy']
And You Thought Your Parents Were Weird,['teen-fantasy']
Cuckoo,['teen-horror']
MadS,"['teen-horror', 'zombie-horror']"
Disturbing Behavior,['teen-horror']
Look Away,['teen-horror']
Scary Stories to Tell in the Dark,['teen-horror']
47 Meters Down: Uncaged,['teen-horror']
Thesis,['teen-horror']
The Rage: Carrie 2,['teen-horror']
Deadly Friend,['teen-horror']
Gutterballs,['teen-horror']
Wind Chill,['teen-horror']
My Best Friend's Exorcism,['teen-horror']
Decoys,['teen-horror']
Unhuman,['teen-horror']
Evils of the Night,['teen-horror']
Exeter,['teen-horror']
Decoys 2: Alien Seduction,['teen-horror']
The Howling: Reborn,"['teen-horror', 'werewolf-horror']"
The Exorcism of Molly Hartley,['teen-horror']
Recovery,['teen-horror']
Close Calls,['teen-horror']
The Source,['teen-horror']
Murder in the Woods,['teen-horror']
The Mine,['teen-horror']
Axed,['teen-horror']
Lost Things,['teen-horror']
Meadowoods,['teen-horror']
Bloody Homecoming,['teen-horror']
Holla II,['teen-horror']
Silent Bloodnight,['teen-horror']
Head Cheerleader Dead Cheerleader,['teen-horror']
Haunted House,"['teen-horror', 'whodunnit-mystery']"
No Boys Allowed,['teen-horror']
Vieques,['teen-horror']
The Scrying,['teen-horror']
The Last Diary of Nikita Rose,['teen-horror']
In the Dark,['teen-horror']
Filmed,['teen-horror']
Apollo Thorne,['teen-horror']
Am I Alone?,['teen-horror']
The Best of Me,"['teen-romance', 'tragedy-drama', 'tragic-romance']"
LOL,['teen-romance']
Weathering with You,['teen-romance']
Lost and Delirious,['teen-romance']
Maladolescenza,['teen-romance']
High School Musical 3: Senior Year,['teen-romance']
My Girl 2,['teen-romance']
Heaven Help Us,['teen-romance']
"Everything, Everything",['teen-romance']
Keith,['teen-romance']
Shag,['teen-romance']
Splendor in the Grass,['teen-romance']
Flirting,['teen-romance']
Very Good Girls,['teen-romance']
A Love Story,['teen-romance']
The Moon-Spinners,['teen-romance']
Hiding Out,['teen-romance']
Meatballs III: Summer Job,['teen-romance']
Jeremy,['teen-romance']
Liar's Moon,['teen-romance']
Lemon Popsicle,['teen-romance']
Normal Adolescent Behavior,['teen-romance']
She Gets What She Wants,['teen-romance']
Girl Picture,['teen-romance']
1 Night,['teen-romance']
Aaron Loves Angela,['teen-romance']
Zebrahead,['teen-romance']
16-Love,['teen-romance']
Crazy Moon,['teen-romance']
Their Town,['teen-romance']
Colossal Youth,['teen-romance']
Starci na chmelu,['teen-romance']
The French Way,['teen-romance']
Anderson's Cross,['teen-romance']
Poets Never Die,['teen-romance']
Run Chrissie Run!,['teen-romance']
The Kiss,['teen-romance']
Young Aphrodites,['teen-romance']
Lovers,['teen-romance']
Cierna minúta,['teen-romance']
Mysteries of Route 66,['teen-romance']
Graduating Eros,['teen-romance']
The Angel Within,['teen-romance']
Caddo Lake,['time-travel-sci-fi']
Tenet,['time-travel-sci-fi']
The Butterfly Effect,"['time-travel-sci-fi', 'tragedy-drama']"
Predestination,['time-travel-sci-fi']
Hot Tub Time Machine,['time-travel-sci-fi']
Source Code,"['time-travel-sci-fi', 'whodunnit-mystery']"
Next,['time-travel-sci-fi']
The Adam Project,['time-travel-sci-fi']
Primer,['time-travel-sci-fi']
Deja Vu,['time-travel-sci-fi']
Star Trek: First Contact,['time-travel-sci-fi']
Synchronic,['time-travel-sci-fi']
The Time Traveler's Wife,"['time-travel-sci-fi', 'tragedy-drama']"
Forever Young,['time-travel-sci-fi']
Timecrimes,['time-travel-sci-fi']
Timeline,['time-travel-sci-fi']
Project Almanac,['time-travel-sci-fi']
The Philadelphia Experiment,['time-travel-sci-fi']
Trancers,['time-travel-sci-fi']
Clockstoppers,['time-travel-sci-fi']
Aporia,['time-travel-sci-fi']
World Without End,['time-travel-sci-fi']
Enter Nowhere,['time-travel-sci-fi']
Beastmaster 2: Through the Portal of Time,['time-travel-sci-fi']
Time Changer,['time-travel-sci-fi']
Timerider: The Adventure of Lyle Swann,['time-travel-sci-fi']
The Time Travelers,['time-travel-sci-fi']
Crusade in Jeans,['time-travel-sci-fi']
Maanaadu,['time-travel-sci-fi']
Hyperion,['time-travel-sci-fi']
Future War,['time-travel-sci-fi']
Idaho Transfer,['time-travel-sci-fi']
Back to the Future... The Ride,['time-travel-sci-fi']
The Inspector Chronicles,['time-travel-sci-fi']
Zombie Traveler,"['time-travel-sci-fi', 'zombie-horror']"
Avataran,['time-travel-sci-fi']
I Killed Adolf Hitler,['time-travel-sci-fi']
Off the Loop,['time-travel-sci-fi']
Blood Angel,['time-travel-sci-fi']
The Tragedy of Arden Raney,['time-travel-sci-fi']
The Infinity Principle,['time-travel-sci-fi']
New River,['time-travel-sci-fi']
Circa,['time-travel-sci-fi']
Hometown,['time-travel-sci-fi']
HMS,['time-travel-sci-fi']
Keeping Time,['time-travel-sci-fi']
Return to Gibraltar,['time-travel-sci-fi']
Tempest,['time-travel-sci-fi']
Strings,['time-travel-sci-fi']
VESSEL,['time-travel-sci-fi']
Blackstar: Lost in Time,['time-travel-sci-fi']
Our Golden Years,['time-travel-sci-fi']
Outer Dimension,['time-travel-sci-fi']
The Vortex,['time-travel-sci-fi']
Eternity Smith,['time-travel-sci-fi']
The Link,['time-travel-sci-fi']
Glitchers,['time-travel-sci-fi']
Across Time,['time-travel-sci-fi']
Morocedes,['time-travel-sci-fi']
Untitled Ben Shiffrin/Bad Robot Project,['time-travel-sci-fi']
Crash,['tragedy-drama']
The Lovely Bones,['tragedy-drama']
One Day,"['tragedy-drama', 'tragic-romance']"
Remember Me,['tragedy-drama']
Climax,['tragedy-drama']
The Grifters,['tragedy-drama']
Freedom Writers,"['tragedy-drama', 'true-crime']"
Amores Perros,['tragedy-drama']
Romeo and Juliet,"['tragedy-drama', 'tragedy-drama']"
The Hours,['tragedy-drama']
Coriolanus,['tragedy-drama']
Alpha Dog,"['tragedy-drama', 'true-crime']"
We Need to Talk About Kevin,['tragedy-drama']
Marrowbone,['tragedy-drama']
The Room,['tragedy-drama']
Sophie's Choice,['tragedy-drama']
Jackie,['tragedy-drama']
Sound of Metal,['tragedy-drama']
A Streetcar Named Desire,['tragedy-drama']
What Dreams May Come,['tragedy-drama']
Seven Pounds,['tragedy-drama']
Rabbit Hole,['tragedy-drama']
Bicycle Thieves,['tragedy-drama']
21 Grams,['tragedy-drama']
State of Grace,['tragedy-drama']
The Sand Pebbles,['tragedy-drama']
Elle,"['tragedy-drama', 'workplace-drama']"
In the Realm of the Senses,['tragedy-drama']
Ida,['tragedy-drama']
Another Earth,['tragedy-drama']
Wake in Fright,['tragedy-drama']
In the Bedroom,['tragedy-drama']
The Treasure of the Sierra Madre,['tragedy-drama']
Amour,['tragedy-drama']
Once Were Warriors,['tragedy-drama']
The Sweet Hereafter,['tragedy-drama']
O,['tragedy-drama']
House of Sand and Fog,['tragedy-drama']
Spoiler Alert,['tragedy-drama']
Treasure,['tragedy-drama']
A Place in the Sun,['tragedy-drama']
Nights of Cabiria,['tragedy-drama']
A Mouthful of Air,['tragedy-drama']
The War Zone,['tragedy-drama']
Belladonna of Sadness,['tragedy-drama']
The Virgin Spring,['tragedy-drama']
Infinite Storm,['tragedy-drama']
Julius Caesar,['tragedy-drama']
Our Friend,"['tragedy-drama', 'tragic-romance']"
Pixote,['tragedy-drama']
In a Better World,['tragedy-drama']
The Man from Snowy River,['tragedy-drama']
Mona Lisa,['tragedy-drama']
The Children's Hour,['tragedy-drama']
Lenny,['tragedy-drama']
The Believer,['tragedy-drama']
Autumn Sonata,['tragedy-drama']
The Barefoot Contessa,['tragedy-drama']
The Shadow in My Eye,['tragedy-drama']
Blue Bayou,['tragedy-drama']
The Starling,['tragedy-drama']
Savage Streets,['tragedy-drama']
Gleaming the Cube,['tragedy-drama']
Across 110th Street,['tragedy-drama']
Hoodlum,"['tragedy-drama', 'true-crime']"
The Shipping News,['tragedy-drama']
Days of Wine and Roses,['tragedy-drama']
Loveless,['tragedy-drama']
The Bedford Incident,['tragedy-drama']
7500,"['tragedy-drama', 'workplace-drama']"
Antitrust,['tragedy-drama']
Mikey and Nicky,['tragedy-drama']
BUtterfield 8,['tragedy-drama']
Veronica Guerin,"['tragedy-drama', 'true-crime']"
"Two Days, One Night","['tragedy-drama', 'workplace-drama']"
The Night Flier,['tragedy-drama']
The Shooting,['tragedy-drama']
Pandora's Box,"['tragedy-drama', 'tragic-romance']"
Waterloo Bridge,['tragedy-drama']
Wendy and Lucy,['tragedy-drama']
The Hindenburg,['tragedy-drama']
Funeral Parade of Roses,['tragedy-drama']
The Great White Hope,['tragedy-drama']
Patrick,['tragedy-drama']
Camille,['tragedy-drama']
Bobby Deerfield,"['tragedy-drama', 'tragic-romance']"
On a Wing and a Prayer,['tragedy-drama']
The World of Apu,['tragedy-drama']
F.I.S.T.,['tragedy-drama']
Ju Dou,['tragedy-drama']
Umberto D.,['tragedy-drama']
Wake of Death,"['tragedy-drama', 'urban-adventure']"
Mad City,['tragedy-drama']
The Iceman Cometh,['tragedy-drama']
The Bad Sleep Well,['tragedy-drama']
Kaabil,['tragedy-drama']
A Quiet Passion,['tragedy-drama']
The Last Time I Saw Paris,"['tragedy-drama', 'tragic-romance']"
The Border,['tragedy-drama']
Edward II,['tragedy-drama']
Sansho the Bailiff,['tragedy-drama']
Personal Effects,['tragedy-drama']
Racer and the Jailbird,['tragedy-drama']
The Honeymoon Killers,"['tragedy-drama', 'true-crime']"
Broken Blossoms,"['tragedy-drama', 'tragic-romance']"
The Victors,['tragedy-drama']
Letter from an Unknown Woman,['tragedy-drama']
The Butcher,['tragedy-drama']
Skins,['tragedy-drama']
The Heart of Me,"['tragedy-drama', 'tragic-romance']"
Delia's Gone,['tragedy-drama']
The Happy Ending,['tragedy-drama']
Bataan,['tragedy-drama']
Futuro Beach,['tragedy-drama']
Carve Her Name with Pride,['tragedy-drama']
The Swap,['tragedy-drama']
Grievous Bodily Harm,['tragedy-drama']
King Lear,['tragedy-drama']
The Velocity of Gary,['tragedy-drama']
Saturn in Opposition,['tragedy-drama']
Donovan's Echo,['tragedy-drama']
Scott Joplin,['tragedy-drama']
Dangerous Game,['tragedy-drama']
The Tarnished Angels,"['tragedy-drama', 'tragic-romance']"
Kamouraska,['tragedy-drama']
Applause,['tragedy-drama']
Success at Any Price,"['tragedy-drama', 'workplace-drama']"
Jupiter's Moon,['tragedy-drama']
The Toll of the Sea,"['tragedy-drama', 'tragic-romance']"
A Walk in the Spring Rain,['tragedy-drama']
Jackal of Nahueltoro,['tragedy-drama']
Invitation,"['tragedy-drama', 'tragic-romance']"
The Lost Squadron,['tragedy-drama']
The Boys of Paul Street,['tragedy-drama']
Millie,"['tragedy-drama', 'tragic-romance']"
Devadasu,['tragedy-drama']
A Dream of Kings,['tragedy-drama']
Kiss Her Goodbye,['tragedy-drama']
The Woodmans,['tragedy-drama']
Tornado,"['tragedy-drama', 'workplace-drama']"
Elokuu,['tragedy-drama']
Tocaia no Asfalto,['tragedy-drama']
For the people,['tragedy-drama']
Phedre,['tragedy-drama']
Vicenta,['tragedy-drama']
Phoenix Rising,['tragedy-drama']
Ja alla oli tulinen järvi,['tragedy-drama']
Menneisyyden varjo,['tragedy-drama']
The Duchess of Malfi,['tragedy-drama']
SMB-plush:The Movie,['tragedy-drama']
Baby Face,"['tragic-romance', 'workplace-drama']"
City of Angels,['tragic-romance']
Queen & Slim,['tragic-romance']
The Gypsy Moths,['tragic-romance']
Brief Encounter,['tragic-romance']
The Sleeping Dictionary,['tragic-romance']
All My Life,['tragic-romance']
Grand Hotel,['tragic-romance']
The Pride and the Passion,['tragic-romance']
Julieta,['tragic-romance']
We Don't Live Here Anymore,['tragic-romance']
The Last Manhunt,['tragic-romance']
Bounce,['tragic-romance']
Forever Lulu,['tragic-romance']
Miles Ahead,['tragic-romance']
The Woman Next Door,['tragic-romance']
The Passionate Friends,['tragic-romance']
Flesh and the Devil,['tragic-romance']
The Valley of Decision,['tragic-romance']
Until They Sail,['tragic-romance']
Coming Home,['tragic-romance']
"Man, Pride & Vengeance",['tragic-romance']
Street Scene,['tragic-romance']
White Shadows in the South Seas,['tragic-romance']
Amphibian Man,['tragic-romance']
China Doll,['tragic-romance']
The Eddy Duchin Story,['tragic-romance']
The Manxman,['tragic-romance']
Guide,['tragic-romance']
D-Day the Sixth of June,['tragic-romance']
The Story of the Last Chrysanthemum,['tragic-romance']
Battle of the Brave,['tragic-romance']
Arch of Triumph,['tragic-romance']
Seven Days... Seven Nights,['tragic-romance']
Rockabye,['tragic-romance']
After the Rain,['tragic-romance']
Sombrero,['tragic-romance']
The Red Danube,['tragic-romance']
Life Begins,['tragic-romance']
No One Sleeps,['tragic-romance']
Midnight Alibi,['tragic-romance']
You Can't Buy Everything,['tragic-romance']
Husbands or Lovers,['tragic-romance']
Shirin Farhad,['tragic-romance']
Forget the Rest,['tragic-romance']
Ratavartijan kaunis Inkeri,['tragic-romance']
Vain sinulle,['tragic-romance']
Lament,['tragic-romance']
The Alto Knights,['true-crime']
Chicago,['true-crime']
Lord of War,['true-crime']
Badlands,['true-crime']
Skin,['true-crime']
Kill the Irishman,['true-crime']
21,['true-crime']
Lawless,['true-crime']
The Good Nurse,['true-crime']
Lilya 4-Ever,['true-crime']
In Cold Blood,['true-crime']
Child 44,['true-crime']
Compliance,"['true-crime', 'workplace-drama']"
Snowden,['true-crime']
Midnight in the Garden of Good and Evil,['true-crime']
Two for the Money,['true-crime']
Bandit,['true-crime']
Walking Tall,"['true-crime', 'true-crime']"
Big Eyes,['true-crime']
Where the Truth Lies,"['true-crime', 'whodunnit-mystery']"
Deliver Us from Evil,['true-crime']
Fruitvale Station,['true-crime']
Get Rich or Die Tryin',['true-crime']
Paid in Full,['true-crime']
Lizzie,['true-crime']
Killer Elite,['true-crime']
Capone,"['true-crime', 'true-crime']"
All Good Things,['true-crime']
Wonderland,"['true-crime', 'whodunnit-mystery']"
Find Me Guilty,['true-crime']
In the Valley of Elah,['true-crime']
Abducted in Plain Sight,['true-crime']
Dance with a Stranger,['true-crime']
Rise of the Footsoldier,['true-crime']
American Pastoral,['true-crime']
What Jennifer Did,['true-crime']
True History of the Kelly Gang,['true-crime']
Lost Girls,"['true-crime', 'whodunnit-mystery']"
True Story,['true-crime']
I Love You Phillip Morris,['true-crime']
"Argentina, 1985",['true-crime']
The Onion Field,['true-crime']
Charlie Says,['true-crime']
The Whistleblower,['true-crime']
The Fifth Estate,['true-crime']
Gotti,['true-crime']
Girl in the Picture,['true-crime']
Mad Dog Coll,['true-crime']
Empire State,['true-crime']
Machine Gun Preacher,['true-crime']
Kill the Messenger,['true-crime']
American Animals,['true-crime']
Bad Genius,['true-crime']
Regression,['true-crime']
The Falcon and the Snowman,['true-crime']
The Baader Meinhof Complex,['true-crime']
Conviction,['true-crime']
Lover Stalker Killer,['true-crime']
Sardar Udham,['true-crime']
The Tinder Swindler,['true-crime']
Normal Life,['true-crime']
Primeval,['true-crime']
Ned Kelly,"['true-crime', 'true-crime']"
A Call to Spy,['true-crime']
The Cat's Meow,['true-crime']
Pierrepoint: The Last Hangman,['true-crime']
Gangubai Kathiawadi,['true-crime']
Auto Focus,['true-crime']
Owning Mahowny,['true-crime']
Middle Men,['true-crime']
Diddy: Monster's Fall,['true-crime']
Army of One,['true-crime']
Bad Country,['true-crime']
Wasp Network,['true-crime']
The Weight of Water,['true-crime']
In Her Skin,['true-crime']
Eden,['true-crime']
The Krays,['true-crime']
Biggest Heist Ever,['true-crime']
Bad Ass,['true-crime']
The Traitor,['true-crime']
Gacy,['true-crime']
Better Luck Tomorrow,['true-crime']
The Alphabet Killer,['true-crime']
Compulsion,['true-crime']
Lonely Hearts,['true-crime']
Captive,['true-crime']
The Connection,['true-crime']
City by the Sea,['true-crime']
10th & Wolf,['true-crime']
I Am All Girls,['true-crime']
Ted K,['true-crime']
Crazy Joe,['true-crime']
Flag Day,['true-crime']
The Zodiac,['true-crime']
Essex Boys,['true-crime']
The Valachi Papers,['true-crime']
Operation Odessa,['true-crime']
Kings,['true-crime']
Rob the Mob,['true-crime']
Kidnapping Mr. Heineken,['true-crime']
In Too Deep,['true-crime']
Redacted,['true-crime']
The Clinic,['true-crime']
American Murderer,['true-crime']
Murder on the Cape,"['true-crime', 'whodunnit-mystery']"
The Manson Family,['true-crime']
The Devil on Trial,['true-crime']
Stone of Destiny,['true-crime']
Fifty Dead Men Walking,['true-crime']
The Clan,['true-crime']
Ed Gein: The Butcher of Plainfield,['true-crime']
"Murder, Inc.",['true-crime']
Missing: The Lucie Blackman Case,['true-crime']
Our Father,['true-crime']
Crime Story,['true-crime']
Les Lyonnais,['true-crime']
Orgasm Inc: The Story of OneTaste,['true-crime']
The Council,['true-crime']
The Boys,['true-crime']
Beware the Slenderman,['true-crime']
Stuck,['true-crime']
Hell Camp: Teen Nightmare,['true-crime']
The Murder of Nicole Brown Simpson,['true-crime']
In the Wink of an Eye,['true-crime']
Bomb City,['true-crime']
Neruda,['true-crime']
Al Capone,['true-crime']
Aileen: Life and Death of a Serial Killer,['true-crime']
The Hillside Strangler,['true-crime']
The Assassination of Richard Nixon,['true-crime']
The Rise and Fall of Legs Diamond,['true-crime']
This Place Rules,['true-crime']
The Preppie Connection,['true-crime']
The Hatton Garden Job,['true-crime']
Greenfingers,['true-crime']
Victim/Suspect,['true-crime']
Stander,['true-crime']
Holy Rollers,['true-crime']
Burnt Money,['true-crime']
Gosnell: The Trial of America's Biggest Serial Killer,['true-crime']
Unconditional,['true-crime']
Wrong Place Wrong Time,['true-crime']
Heavens Fall,['true-crime']
Kidnap Syndicate,['true-crime']
Boston Strangler: The Untold Story,['true-crime']
Lucky Luciano,['true-crime']
"Colette, a woman of so-called loose morals, is wrongly accused of murder by misogynist policemen. Anne-Marie, a young examining magistrate, is given the case. Will she manage to stand up to her chauvinistic superiors? Inspired by real life, the film recounts the combat of two women of opposing temperaments.",['true-crime']
Capturing the Killer Nurse,['true-crime']
Victor,['true-crime']
Blue Caprice,['true-crime']
Killer: A Journal of Murder,['true-crime']
Nightstalker,['true-crime']
A Twelve-Year Night,['true-crime']
"Uruguay is governed by a military dictatorship. One autumn night, three Tupamaro prisoners are taken from their jail cells in a secret military operation. The order is precise: ""As we can't kill them, let's drive them mad.""",['true-crime']
Angel of Evil,['true-crime']
Dead On,['true-crime']
Bonnie & Clyde: Justified,['true-crime']
Última Parada 174,['true-crime']
Secuestro express,['true-crime']
Shepherds and Butchers,['true-crime']
Four Hours at the Capitol,['true-crime']
"Ice Cold: Murder, Coffee and Jessica Wongso",['true-crime']
Kemper,['true-crime']
The Todd Killings,['true-crime']
The Story of the Kelly Gang,['true-crime']
Cyber Hell: Exposing an Internet Horror,['true-crime']
For the Love of Money,['true-crime']
Dillinger and Capone,['true-crime']
The Glass Shield,['true-crime']
In the Name of My Daughter,['true-crime']
Skandal! Bringing Down Wirecard,['true-crime']
Swoon,['true-crime']
Rampage: The Hillside Strangler Murders,['true-crime']
The Pardon,['true-crime']
King of the Roaring 20's: The Story of Arnold Rothstein,['true-crime']
Crimson Gold,['true-crime']
House of Manson,['true-crime']
Meiji · Taishô · Shôwa: Ryôki onna hanzai-shi,['true-crime']
Killing for Love,['true-crime']
Britney vs Spears,['true-crime']
Manila Kingpin: The Asiong Salonga Story,['true-crime']
Dr. Crippen,['true-crime']
Winter of Frozen Dreams,['true-crime']
Bank Robbers: The Last Great Heist,['true-crime']
Aileen Wuornos: The Selling of a Serial Killer,['true-crime']
Beauty and the Dogs,['true-crime']
Chicago Massacre: Richard Speck,['true-crime']
The Last Contract,['true-crime']
Hatton Garden: The Heist,['true-crime']
When the Sky Falls,['true-crime']
Shergar,['true-crime']
Chronicle of an Escape,['true-crime']
Black Dahlia,['true-crime']
April Showers,['true-crime']
The Other Side of Madness,['true-crime']
The Anthrax Attacks,['true-crime']
The Secret Killer,['true-crime']
Difret,['true-crime']
The Trapped Soul,['true-crime']
A Widow's Game,['true-crime']
The Black Dahlia Haunting,['true-crime']
Fruit of the Poisonous Tree,['true-crime']
Littekens,['true-crime']
Murder by the Coast,['true-crime']
Shoot on Sight,['true-crime']
To Kill a Man,['true-crime']
Gang Busters,['true-crime']
Portrait of a Mobster,['true-crime']
The Darkness within La Luz del Mundo,['true-crime']
D.C. Sniper,['true-crime']
Angelos,['true-crime']
Nail Bomber: Manhunt,['true-crime']
Ulli Lommel's Zodiac Killer,['true-crime']
Murder One,['true-crime']
The Scheme,['true-crime']
I Accuse,['true-crime']
January 6th,['true-crime']
Cookster: No Going Back,['true-crime']
Wasp the Port Arthur massacre,['true-crime']
Amicus,['true-crime']
Street Boss,['true-crime']
To mistenkelige personer,['true-crime']
Inside the Mafia,['true-crime']
Maricris Sioson: Japayuki,['true-crime']
Baseline Killer,['true-crime']
Razvyazka,['true-crime']
Diary of a Cannibal,['true-crime']
Down Time,['true-crime']
Face to Face with ETA: Conversations with a Terrorist,['true-crime']
Redeem Her Honor,['true-crime']
Los Reyes: La verdadera historia de Buster y El Camaleón,['true-crime']
Tunnel of Bones,['true-crime']
Kanun Namina,['true-crime']
Wheels of Steel,['true-crime']
The Devil's Banker,['true-crime']
I Would Only Rob Banks for My Family,['true-crime']
On top,['true-crime']
Gangster Ka: African,['true-crime']
S-Town,['true-crime']
5 Dark Souls,['true-crime']
Chores,['true-crime']
"In the last days of the war a little boy, Hans, escapes from his death fleeing from an euthanasia institution of the Nazis. Years later, Hans meets the doctor, who is responsible for his destroyed life.",['true-crime']
One Man's War,['true-crime']
Mob Cops,['true-crime']
Murder in a Small Town,['true-crime']
Drive by,['true-crime']
7,['true-crime']
Operation Auschwitz,['true-crime']
Mummy Maniac,['true-crime']
Poacher,['true-crime']
Wanderer's Feast,['true-crime']
Dokufu Takahashi Oden,['true-crime']
Ice Man: Confessions of a Mafia Contract Killer,['true-crime']
Trustor,['true-crime']
The Knife,['true-crime']
The Outlaw Ocean,['true-crime']
Last Pint,['true-crime']
J6,['true-crime']
Unto the Son,['true-crime']
Powder Burns,['true-crime']
The Swedish Scarf,['true-crime']
Hotel Cecil,['true-crime']
Untitled Johnny Rosselli Project,['true-crime']
The Nye Incidents,['true-crime']
The Subcontractors,['true-crime']
"Saigon, CA",['true-crime']
At the End of the Tunnel,['true-crime']
Die drei Codonas,['true-crime']
On Consignment,['true-crime']
Hitmanforhire.net,['true-crime']
Eight Gentlemen Thieves,['true-crime']
Fate,['true-crime']
Q Sent Me: The QShaman and the Untold Story of January 6th,['true-crime']
The Hate Factory,['true-crime']
A Bolt from the Blue,['true-crime']
Alti olu var/Ipsala cinayeti,['true-crime']
Who Put Bella in the Wych Elm?,['true-crime']
Diamond Life,['true-crime']
The Coiners,['true-crime']
The Counterfeiter,['true-crime']
Der Fall Harry Domela,['true-crime']
Death at Newtownstewart,"['true-crime', 'true-crime']"
Money Time,['true-crime']
The Executioners,['true-crime']
The Colombian Necktie,['true-crime']
Tehlikeli Adam,['true-crime']
"Guns, Hookers & a Pound of Coke",['true-crime']
Manson Rising,['true-crime']
Surrender,['true-crime']
Boston College Point Shaving Case,['true-crime']
Manduka,['true-crime']
The Hammer Maniacs,['true-crime']
The Trial of Madeleine Smith,['true-crime']
"Maria Marten or, the Murder at the Red Barn",['true-crime']
The Tailor,['true-crime']
Meanest Man in the World,['true-crime']
Double Fault,['true-crime']
The Blonde Dahlia,['true-crime']
Fatally Racial,['true-crime']
The Devil's Furnace,['true-crime']
Pastorius,['true-crime']
The Abduction of Jean Key,['true-crime']
75 Minutes,['true-crime']
Brooklyn Terror Squad,['true-crime']
Drug Cartel Project Untitled,['true-crime']
The Killing of Yousef Makki,['true-crime']
Fumbles,['true-crime']
Lude Behavior,['true-crime']
The Landlord's Game,['true-crime']
Cold Blood: Cold Case,['true-crime']
Hearst,['true-crime']
A Year in Sugarland,['true-crime']
Ubatz,['true-crime']
The Gentlemen Thieves,['true-crime']
Power of Legal Predators,['true-crime']
It's Just Paper,['true-crime']
Untitled Coco Berthmann Story,['true-crime']
Rathole,['true-crime']
Natasha's Tears,['true-crime']
One of Us,['true-crime']
Eleven,['true-crime']
Caught in Fire,['true-crime']
Kriminaali,['true-crime']
Secrets & Lies,['true-crime']
101 Dalmatians,['urban-adventure']
An American Tail,['urban-adventure']
The Golden Child,['urban-adventure']
Homeward Bound II: Lost in San Francisco,['urban-adventure']
A Troll in Central Park,['urban-adventure']
Flora & Ulysses,['urban-adventure']
The Adventures of Paula Peril,['urban-adventure']
Sk8 Dawg,['urban-adventure']
Priest,['vampire-horror']
30 Days of Night,['vampire-horror']
Vampires,['vampire-horror']
Queen of the Damned,['vampire-horror']
The Monster Squad,['vampire-horror']
Daybreakers,['vampire-horror']
Vamps,['vampire-horror']
The Vampire Lovers,['vampire-horror']
Embrace of the Vampire,['vampire-horror']
Fright Night Part 2,['vampire-horror']
Dracula: Prince of Darkness,['vampire-horror']
Horror of Dracula,['vampire-horror']
Stake Land,['vampire-horror']
Twins of Evil,['vampire-horror']
Subspecies,['vampire-horror']
Count Dracula,['vampire-horror']
30 Days of Night: Dark Days,['vampire-horror']
From Dusk Till Dawn 3: The Hangman's Daughter,['vampire-horror']
Rise: Blood Hunter,['vampire-horror']
The Velvet Vampire,['vampire-horror']
Lost Boys: The Tribe,['vampire-horror']
Scars of Dracula,['vampire-horror']
The Satanic Rites of Dracula,['vampire-horror']
Lust for a Vampire,['vampire-horror']
Vampires vs. the Bronx,['vampire-horror']
The Stakelander,['vampire-horror']
Kiss of the Damned,['vampire-horror']
The Brides of Dracula,['vampire-horror']
Vampire Circus,['vampire-horror']
Dracula A.D. 1972,['vampire-horror']
Fright Night 2,['vampire-horror']
Blood: The Last Vampire,['vampire-horror']
Dracula II: Ascension,['vampire-horror']
Bit,['vampire-horror']
Fangs of the Living Dead,['vampire-horror']
Rockula,['vampire-horror']
Embrace the Darkness,['vampire-horror']
Grave of the Vampire,['vampire-horror']
The Breed,['vampire-horror']
The Return of the Vampire,['vampire-horror']
Vampires: The Turning,['vampire-horror']
The Return of Dracula,['vampire-horror']
"Count Yorga, Vampire",['vampire-horror']
The Monster of the Opera,['vampire-horror']
The Brotherhood,['vampire-horror']
The Brides Wore Blood,['vampire-horror']
Thralls,['vampire-horror']
Batman Fights Dracula,['vampire-horror']
Club Vampire,['vampire-horror']
People Pleaser,['vampire-horror']
Eerie Town,['vampire-horror']
Werewolves,"['werewolf-horror', 'zombie-horror']"
Silver Bullet,['werewolf-horror']
Dog Soldiers,['werewolf-horror']
The Howling,['werewolf-horror']
Bad Moon,['werewolf-horror']
The Curse of the Werewolf,['werewolf-horror']
Skinwalkers,['werewolf-horror']
Ginger Snaps Back: The Beginning,['werewolf-horror']
Howling II: ... Your Sister Is a Werewolf,['werewolf-horror']
Ginger Snaps 2: Unleashed,['werewolf-horror']
Blood and Chocolate,['werewolf-horror']
Werewolves on Wheels,['werewolf-horror']
Wolfcop,['werewolf-horror']
Big Bad Wolf,['werewolf-horror']
Howling III,['werewolf-horror']
Werewolf: The Beast Among Us,['werewolf-horror']
The Beast Must Die,['werewolf-horror']
Howling V: The Rebirth,['werewolf-horror']
The Legend of the Wolf Woman,['werewolf-horror']
Wolf Girl,['werewolf-horror']
Werewolf,['werewolf-horror']
I Was a Teenage Werewolf,['werewolf-horror']
Howling IV: The Original Nightmare,['werewolf-horror']
Night Wolf,['werewolf-horror']
Night of the Howling Beast,['werewolf-horror']
Slice,['werewolf-horror']
Howling VI: The Freaks,['werewolf-horror']
Werewolves in Heat,['werewolf-horror']
Frankenstein's Bloody Terror,['werewolf-horror']
My Mom's a Werewolf,['werewolf-horror']
Howling: New Moon Rising,['werewolf-horror']
Fury of the Wolfman,['werewolf-horror']
Project: Metalbeast,['werewolf-horror']
Tomb of the Werewolf,['werewolf-horror']
Huntress: Spirit of the Night,['werewolf-horror']
Curse of the Devil,['werewolf-horror']
When Animals Dream,['werewolf-horror']
The Mad Monster,['werewolf-horror']
Dark Moon Rising,['werewolf-horror']
Wolfman,['werewolf-horror']
Wolves of Wall Street,['werewolf-horror']
The Boy Who Cried Werewolf,['werewolf-horror']
Werewolf Rising,['werewolf-horror']
Autumn Moon,['werewolf-horror']
Bad Blood: The Movie,['werewolf-horror']
Blood,['werewolf-horror']
The Last Moon,['werewolf-horror']
An American Werewolf in Rome,['werewolf-horror']
Blue Demon: El Demonio Azul,['werewolf-horror']
Kibakichi: Bakko-yokaiden,['werewolf-horror']
WILD THING,['werewolf-horror']
Let It Kill You,['werewolf-horror']
Death Hunter,['werewolf-horror']
Miss Clark,['werewolf-horror']
The Mysterious Death of Lord Harrington,['werewolf-horror']
Grunge Chords,['werewolf-horror']
Kibakichi: Bakko-yokaiden 2,['werewolf-horror']
Lake Villa Vamps,['werewolf-horror']
The Haunted and the Hunted,['werewolf-horror']
Lycanthrope,['werewolf-horror']
LoveBites: A Werewolf Romance,['werewolf-horror']
Creature of the Night,['werewolf-horror']
Wolf Night,['werewolf-horror']
Snarl,['werewolf-horror']
The Wolf's Hour,['werewolf-horror']
Werewolf at the Drive-In,['werewolf-horror']
Dead of Night (A Killing Moon),['werewolf-horror']
Lunar Loons,['werewolf-horror']
Hair of the Dog Diner,['werewolf-horror']
She Cried Wolf,['werewolf-horror']
The Savage Beast,['werewolf-horror']
Dark Jungle,['werewolf-horror']
Jackie Conan: A Werewolf Story,['werewolf-horror']
Omar Kane,['werewolf-horror']
Runners,['werewolf-horror']
F*** Marry Kill,['whodunnit-mystery']
The Accountant 2,['whodunnit-mystery']
Drop,['whodunnit-mystery']
Sherlock Holmes,['whodunnit-mystery']
Invitation to a Murder,['whodunnit-mystery']
"Miranda Green and five other strangers, are invited to the remote island mansion of billionaire Lewis Findley. As the weekend progresses the clues about why they have been invited begin to unfold along with a sinister mystery.",['whodunnit-mystery']
Don't Let Go,['whodunnit-mystery']
Sherlock Holmes: A Game of Shadows,['whodunnit-mystery']
The Lie,['whodunnit-mystery']
To Catch a Thief,['whodunnit-mystery']
Four Brothers,['whodunnit-mystery']
Exposed,['whodunnit-mystery']
Dark Crimes,['whodunnit-mystery']
Dark Places,['whodunnit-mystery']
Dead Again,['whodunnit-mystery']
I Know Who Killed Me,['whodunnit-mystery']
Crescent City,['whodunnit-mystery']
Edge of Eternity,['whodunnit-mystery']
Vicki,['whodunnit-mystery']
The Hound of the Baskervilles,['whodunnit-mystery']
The Psychic,['whodunnit-mystery']
White Orchid,['whodunnit-mystery']
The Calling,['whodunnit-mystery']
The Black Camel,['whodunnit-mystery']
Snow Falling on Cedars,['whodunnit-mystery']
Small Town Crime,['whodunnit-mystery']
The Million Dollar Hotel,['whodunnit-mystery']
Zero Effect,['whodunnit-mystery']
The Spiral Staircase,['whodunnit-mystery']
Sapphire,['whodunnit-mystery']
Grey Lady,['whodunnit-mystery']
Murder Mubarak,['whodunnit-mystery']
A Canterbury Tale,['whodunnit-mystery']
The Lodger,['whodunnit-mystery']
Who Killed Santa? A Murderville Murder Mystery,['whodunnit-mystery']
A Christmas Mystery,['whodunnit-mystery']
Berserk,['whodunnit-mystery']
Sherlock Holmes Faces Death,['whodunnit-mystery']
The Canary Murder Case,['whodunnit-mystery']
The Walls Came Tumbling Down,['whodunnit-mystery']
Murder at the Embassy,['whodunnit-mystery']
"A private detective, Miranda Green investigates a murder perpetrated in the British Embassy in Cairo, where a top secret document was stolen, risking to jeopardize both Buckingham Palace and the peace of the world.",['whodunnit-mystery']
Purity Falls,['whodunnit-mystery']
The Kennel Murder Case,['whodunnit-mystery']
The Pyx,['whodunnit-mystery']
Sherlock Holmes in Washington,['whodunnit-mystery']
The River Murders,['whodunnit-mystery']
The Man on the Eiffel Tower,['whodunnit-mystery']
The Night Visitor,['whodunnit-mystery']
The Grim Reaper,['whodunnit-mystery']
Postmark for Danger,['whodunnit-mystery']
The Bat Whispers,['whodunnit-mystery']
The Unholy Night,['whodunnit-mystery']
The Greene Murder Case,['whodunnit-mystery']
Night Monster,['whodunnit-mystery']
The Death Kiss,['whodunnit-mystery']
Five Angles on Murder,['whodunnit-mystery']
The Lone Wolf Meets a Lady,['whodunnit-mystery']
Murders in the Rue Morgue,['whodunnit-mystery']
The Sleeping Car Murder,['whodunnit-mystery']
Airborne,['whodunnit-mystery']
Charlie Chan in the Chinese Cat,['whodunnit-mystery']
The Black Raven,['whodunnit-mystery']
The Sniper's Daughter,['whodunnit-mystery']
Fast and Furious,['whodunnit-mystery']
The 9th Guest,['whodunnit-mystery']
The Dark Hour,['whodunnit-mystery']
I Love a Mystery,['whodunnit-mystery']
City in Darkness,['whodunnit-mystery']
Grand Exit,['whodunnit-mystery']
The Smiling Ghost,['whodunnit-mystery']
Smart Blonde,['whodunnit-mystery']
The Casino Murder Case,['whodunnit-mystery']
The Jade Mask,['whodunnit-mystery']
Danger on the Air,['whodunnit-mystery']
The Preview Murder Mystery,['whodunnit-mystery']
Inspector Palmu's Error,['whodunnit-mystery']
Falsely Accused,['whodunnit-mystery']
No Hands on the Clock,['whodunnit-mystery']
The Spanish Cape Mystery,['whodunnit-mystery']
"Kaasua, komisario Palmu!",['whodunnit-mystery']
The Moonstone,['whodunnit-mystery']
Web of Evidence,['whodunnit-mystery']
Tangled Destinies,['whodunnit-mystery']
Ellery Queen's Penthouse Mystery,['whodunnit-mystery']
Honeymoon with a Stranger,['whodunnit-mystery']
Death at a Broadcast,['whodunnit-mystery']
The Devil Plays,['whodunnit-mystery']
The Garden Murder Case,['whodunnit-mystery']
The Criminal Within,['whodunnit-mystery']
Murder on the Campus,['whodunnit-mystery']
Phantom Killer,['whodunnit-mystery']
Ellery Queen and the Murder Ring,['whodunnit-mystery']
The Accursed,['whodunnit-mystery']
The Panther's Claw,['whodunnit-mystery']
The King Murder,['whodunnit-mystery']
Mordets melodi,['whodunnit-mystery']
It Couldn't Have Happened (But It Did),['whodunnit-mystery']
The Goose Woman,['whodunnit-mystery']
Cross-Examination,['whodunnit-mystery']
Today I Hang,['whodunnit-mystery']
An Imperfect Murder,['whodunnit-mystery']
A... For Assassin,['whodunnit-mystery']
The Autopsy of Jane Doe,['witch-horror']
The Lords of Salem,['witch-horror']
Don't Knock Twice,['witch-horror']
Virgin Witch,['witch-horror']
The Snow Woman,['witch-horror']
Witchcraft,['witch-horror']
The Last Showgirl,['workplace-drama']
The Devil Wears Prada,['workplace-drama']
The Pursuit of Happyness,['workplace-drama']
The Intern,['workplace-drama']
Norma Rae,['workplace-drama']
Boiling Point,['workplace-drama']
Up in the Air,['workplace-drama']
Hustlers,['workplace-drama']
The Great Santini,['workplace-drama']
Hunger,['workplace-drama']
Mr. Holland's Opus,['workplace-drama']
Five Star Final,['workplace-drama']
Baby Boom,['workplace-drama']
Barbershop,['workplace-drama']
The Assistant,['workplace-drama']
Unplanned,['workplace-drama']
Barbershop 2: Back in Business,['workplace-drama']
Outsourced,['workplace-drama']
The Crowd,['workplace-drama']
The Work Wife,['workplace-drama']
Next Stop Wonderland,['workplace-drama']
Edge of the City,['workplace-drama']
The Organizer,['workplace-drama']
Manpower,['workplace-drama']
Middle of the Night,['workplace-drama']
The Wagons Roll at Night,['workplace-drama']
After Office Hours,['workplace-drama']
The Navigators,['workplace-drama']
Two Tickets to Broadway,['workplace-drama']
Bombers B-52,['workplace-drama']
A Life of Her Own,['workplace-drama']
Any Number Can Play,['workplace-drama']
Wall of Noise,['workplace-drama']
Looking Forward,['workplace-drama']
Beauty for the Asking,['workplace-drama']
Red Soil,['workplace-drama']
The Office Wife,['workplace-drama']
The Great Man,['workplace-drama']
Blessed Event,['workplace-drama']
Side Streets,['workplace-drama']
Racing Lady,['workplace-drama']
"Marti, mudir aam",['workplace-drama']
The Jelly End Strike,['workplace-drama']
Curse of the Golden Flower,['wuxia-action']
Ashes of Time,['wuxia-action']
Detective Dee: The Mystery of the Phantom Flame,['wuxia-action']
Journey to the West: Conquering the Demons,['wuxia-action']
A Chinese Ghost Story,['wuxia-action']
Flying Swords of Dragon Gate,['wuxia-action']
Reign of Assassins,['wuxia-action']
Encounter of the Spooky Kind,['wuxia-action']
One-Armed Swordsman,['wuxia-action']
Swordsman II,['wuxia-action']
Zu: Warriors from the Magic Mountain,['wuxia-action']
Tai Chi Master,['wuxia-action']
14 Blades,['wuxia-action']
Duel to the Death,['wuxia-action']
Dragon,['wuxia-action']
The Heroic Ones,['wuxia-action']
The Warrior,['wuxia-action']
"Nine Koryo warriors, envoys exiled by Imperial China, battle to protect a Chinese Ming Princess from Mongolian troops.",['wuxia-action']
Killer Clans,['wuxia-action']
Shadowless Sword,['wuxia-action']
The Promise,['wuxia-action']
Zu Warriors,['wuxia-action']
Resident Evil,['zombie-horror']
28 Weeks Later,['zombie-horror']
Maggie,['zombie-horror']
Die Alone,['zombie-horror']
Resident Evil: Retribution,['zombie-horror']
Resident Evil: Apocalypse,['zombie-horror']
Cargo,['zombie-horror']
Resident Evil: Afterlife,['zombie-horror']
Resident Evil: Extinction,['zombie-horror']
Zombie,['zombie-horror']
Flesh for Frankenstein,['zombie-horror']
#Alive,['zombie-horror']
The Night Eats the World,['zombie-horror']
Zombie Strippers!,['zombie-horror']
Tales from the Crypt: Demon Knight,['zombie-horror']
House of the Dead,['zombie-horror']
Return of the Living Dead II,['zombie-horror']
Baiohazâdo: Desuairando,['zombie-horror']
Day of the Dead,['zombie-horror']
Little Monsters,['zombie-horror']
Quarantine 2: Terminal,['zombie-horror']
Mickey vs Winnie,['zombie-horror']
The Cured,['zombie-horror']
Resident Evil: Vendetta,['zombie-horror']
Day of the Dead: Bloodline,['zombie-horror']
Zombie Holocaust,['zombie-horror']
Shock Waves,['zombie-horror']
The Last Train to New York,['zombie-horror']
Survival of the Dead,['zombie-horror']
Valley of the Dead,['zombie-horror']
Zombie Town,"['zombie-horror', 'zombie-horror']"
Zombie 3,['zombie-horror']
Dug Up,['zombie-horror']
Dance of the Dead,['zombie-horror']
The Video Dead,['zombie-horror']
Sugar Hill,['zombie-horror']
Return of the Living Dead: Necropolis,['zombie-horror']
Dead Before Dawn 3D,['zombie-horror']
Return of the Living Dead: Rave to the Grave,['zombie-horror']
C.H.U.D. II: Bud the Chud,['zombie-horror']
Deadheads,['zombie-horror']
Paradise Z,['zombie-horror']
Inmate Zero,['zombie-horror']
Zombie Diaries,['zombie-horror']
Mutants,['zombie-horror']
Zoombies,['zombie-horror']
Block Z,['zombie-horror']
Night of the Living Dead 3D,['zombie-horror']
Zoombies 2,['zombie-horror']
Severed,['zombie-horror']
I Am a Hero,['zombie-horror']
Re-Kill,['zombie-horror']
Isle of the Dead,['zombie-horror']
"Daddy, I'm a Zombie",['zombie-horror']
The Demented,['zombie-horror']
The Biker Warrior Babe vs. The Zombie Babies from Hell,['zombie-horror']
The Elixir,['zombie-horror']
Kiss Daddy Goodbye,['zombie-horror']
Hide and Creep,['zombie-horror']
Junk,['zombie-horror']
Chrysalis,['zombie-horror']
Zombiethon,['zombie-horror']
Descendents,['zombie-horror']
Zomvideo,['zombie-horror']
Mutant Vampire Zombies from the 'Hood!,['zombie-horror']
Shock-O-Rama,['zombie-horror']
The Dead One,['zombie-horror']
Zombiology: Enjoy Yourself Tonight,['zombie-horror']
Mulva: Zombie Ass Kicker!,['zombie-horror']
Virus Undead,['zombie-horror']
New York Will Eat You Alive,['zombie-horror']
ApoKalypse,['zombie-horror']
Together Till the End,['zombie-horror']
Gen Z,['zombie-horror']
Click Like to Die,['zombie-horror']
Zombies Ate My Neighbors,['zombie-horror']
The Dead Can't Dance,['zombie-horror']
Last,['zombie-horror']
School of the Dead,['zombie-horror']
XXXombies,['zombie-horror']
ZMDs: Zombies of Mass Destruction,['zombie-horror']
ReGhost,['zombie-horror']
Anabel and the Last Zombie,['zombie-horror']
The Dead of Winter,['zombie-horror']
Zombie Broadway,['zombie-horror']
Arachnora,['zombie-horror']
Confederacy of the Dead,['zombie-horror']
Surviving the Zombie Plague,['zombie-horror']
Brains,['zombie-horror']
Z-Men,['zombie-horror']
Onslaught of the Dead,['zombie-horror']
Delete the Dead,['zombie-horror']
The Loving Dead: A Romantic Zomedy,['zombie-horror']
Deathguard,['zombie-horror']
The Last House on Earth,['zombie-horror']
Cannibal Zombies of Voodoo Island (A Love Story),['zombie-horror']
Damned Oasis,['zombie-horror']
Girls vs. Boyz,['zombie-horror']
A Long Night,['zombie-horror']
Operation Outbreak,['zombie-horror']
Frogs vs. Zombies,['zombie-horror']
Zombie Party Massacre,['zombie-horror']
Leyenda,['zombie-horror']
Zombie Elves,['zombie-horror']
"Zombie Schoolgirls, Attack!!",['zombie-horror']
Punks vs Zombies,['zombie-horror']
Skate of the Dead,['zombie-horror']
